hour,temperature_c,humidity_pct,wind_kmh,cloud_cover_pct,is_weekend,is_holiday,solar_kw,morning_peak,evening_peak,energy_mwh
0,2.29,47.17,13.39,32.80,0,1,0.00,0.000000,0.000000,52.13
1,1.39,60.10,5.13,84.91,0,1,0.00,0.000005,0.000000,62.41
2,4.70,61.99,14.56,83.92,0,1,0.00,0.000123,0.000000,58.01
3,1.65,49.05,20.10,88.96,0,1,0.00,0.001930,0.000000,62.62
4,3.49,50.50,12.90,35.72,0,1,0.00,0.018316,0.000000,58.09
5,4.57,49.59,17.93,52.35,0,1,0.00,0.105399,0.000000,52.99
6,1.37,63.34,17.94,82.63,0,1,0.00,0.367879,0.000000,73.31
7,2.81,65.08,15.54,71.91,0,1,5.20,0.778801,0.000000,84.48
8,5.25,60.19,4.76,30.33,0,1,17.25,1.000000,0.000000,81.56
9,1.79,71.68,13.69,79.37,0,1,12.39,0.778801,0.000000,82.79
10,2.15,53.79,3.34,37.24,0,1,27.81,0.367879,0.000000,62.05
11,4.82,78.41,6.47,84.70,0,1,15.15,0.105399,0.000000,61.64
12,2.63,55.32,5.33,93.40,0,1,12.67,0.018316,0.000005,52.81
13,4.97,73.01,10.79,71.80,0,1,19.46,0.001930,0.000123,54.74
14,1.76,62.33,5.11,34.48,0,1,28.63,0.000123,0.001930,55.04
15,4.08,61.66,6.77,33.18,0,1,23.70,0.000005,0.018316,55.28
16,4.81,73.41,15.55,82.16,0,1,8.28,0.000000,0.105399,62.23
17,1.90,48.55,12.72,67.13,0,1,5.63,0.000000,0.367879,77.11
18,2.99,70.89,10.74,18.64,0,1,0.00,0.000000,0.778801,85.70
19,4.59,79.23,17.39,28.49,0,1,0.00,0.000000,1.000000,100.59
20,2.42,61.64,18.14,88.10,0,1,0.00,0.000000,0.778801,91.51
21,2.55,63.08,7.75,47.31,0,1,0.00,0.000000,0.367879,66.96
22,3.88,57.20,11.54,35.39,0,1,0.00,0.000000,0.105399,59.17
23,4.09,63.90,13.86,33.55,0,1,0.00,0.000000,0.018316,54.22
0,3.00,77.70,7.24,88.67,0,0,0.00,0.000000,0.000000,73.90
1,3.61,77.29,3.46,35.42,0,0,0.00,0.000005,0.000000,65.45
2,3.34,78.28,20.64,71.61,0,0,0.00,0.000123,0.000000,73.80
3,2.56,64.31,15.34,18.98,0,0,0.00,0.001930,0.000000,63.56
4,3.17,71.59,20.50,18.06,0,0,0.00,0.018316,0.000000,67.90
5,2.54,67.22,15.02,52.42,0,0,0.00,0.105399,0.000000,68.30
6,4.21,62.22,3.62,82.56,0,0,0.00,0.367879,0.000000,79.08
7,4.95,70.59,12.66,94.72,0,0,3.16,0.778801,0.000000,97.29
8,3.81,72.25,3.98,58.49,0,0,12.38,1.000000,0.000000,97.58
9,2.33,70.90,3.43,90.24,0,0,9.73,0.778801,0.000000,91.76
10,2.74,64.71,13.27,17.45,0,0,33.74,0.367879,0.000000,74.38
11,3.69,46.50,5.53,23.63,0,0,35.56,0.105399,0.000000,60.46
12,2.46,64.18,10.74,92.98,0,0,12.81,0.018316,0.000005,70.77
13,3.72,57.01,15.61,37.38,0,0,30.97,0.001930,0.000123,68.03
14,4.86,63.98,14.80,74.88,0,0,16.52,0.000123,0.001930,67.37
15,2.44,49.30,7.20,23.26,0,0,26.13,0.000005,0.018316,60.61
16,3.09,72.02,14.59,81.18,0,0,8.45,0.000000,0.105399,71.91
17,4.10,59.35,9.38,73.45,0,0,5.07,0.000000,0.367879,82.22
18,4.34,68.64,7.92,79.22,0,0,0.00,0.000000,0.778801,106.40
19,4.51,75.71,5.92,62.06,0,0,0.00,0.000000,1.000000,111.40
20,4.12,44.31,10.87,19.20,0,0,0.00,0.000000,0.778801,98.75
21,2.24,57.92,20.53,68.65,0,0,0.00,0.000000,0.367879,85.96
22,1.80,61.99,13.29,89.31,0,0,0.00,0.000000,0.105399,70.36
23,1.94,73.39,20.42,76.37,0,0,0.00,0.000000,0.018316,68.18
0,2.27,72.29,18.65,84.89,0,0,0.00,0.000000,0.000000,74.55
1,1.74,68.47,19.75,64.74,0,0,0.00,0.000005,0.000000,70.57
2,4.94,71.43,16.62,50.63,0,0,0.00,0.000123,0.000000,69.41
3,2.33,61.99,13.72,34.25,0,0,0.00,0.001930,0.000000,62.19
4,3.07,49.00,17.28,69.81,0,0,0.00,0.018316,0.000000,63.85
5,2.30,47.29,17.67,93.42,0,0,0.00,0.105399,0.000000,70.06
6,3.11,48.44,4.89,82.28,0,0,0.00,0.367879,0.000000,73.41
7,3.17,65.34,9.56,72.64,0,0,5.14,0.778801,0.000000,89.00
8,2.30,78.59,16.74,18.99,0,0,19.21,1.000000,0.000000,101.79
9,2.11,55.06,8.92,88.70,0,0,10.11,0.778801,0.000000,94.14
10,3.23,45.78,17.12,49.94,0,0,24.00,0.367879,0.000000,79.09
11,1.54,68.96,4.65,73.86,0,0,18.77,0.105399,0.000000,68.51
12,2.41,74.96,15.54,19.88,0,0,38.12,0.018316,0.000005,69.81
13,2.10,52.58,16.27,29.18,0,0,33.71,0.001930,0.000123,62.85
14,5.30,71.34,10.97,56.11,0,0,22.15,0.000123,0.001930,67.42
15,2.16,46.23,12.17,67.89,0,0,15.20,0.000005,0.018316,70.68
16,2.31,57.83,18.81,61.73,0,0,11.82,0.000000,0.105399,69.79
17,5.09,78.22,14.92,66.84,0,0,5.66,0.000000,0.367879,89.52
18,2.76,51.43,16.83,58.87,0,0,0.00,0.000000,0.778801,96.78
19,1.69,69.51,18.68,66.53,0,0,0.00,0.000000,1.000000,117.60
20,3.18,71.27,5.29,26.54,0,0,0.00,0.000000,0.778801,98.11
21,3.42,53.81,6.96,18.23,0,0,0.00,0.000000,0.367879,73.41
22,4.43,56.79,11.49,50.41,0,0,0.00,0.000000,0.105399,71.99
23,2.95,63.59,18.73,35.87,0,0,0.00,0.000000,0.018316,68.17
0,2.06,62.68,6.68,52.94,0,0,0.00,0.000000,0.000000,63.37
1,5.40,58.95,16.90,94.62,0,0,0.00,0.000005,0.000000,67.81
2,4.73,54.12,10.04,86.52,0,0,0.00,0.000123,0.000000,66.14
3,2.33,63.68,8.54,93.11,0,0,0.00,0.001930,0.000000,66.91
4,1.93,69.45,17.35,94.20,0,0,0.00,0.018316,0.000000,72.28
5,4.09,50.31,17.57,47.18,0,0,0.00,0.105399,0.000000,66.03
6,4.98,74.57,15.28,38.47,0,0,0.00,0.367879,0.000000,78.53
7,2.04,49.39,3.90,74.12,0,0,5.01,0.778801,0.000000,85.65
8,4.62,61.19,14.64,71.63,0,0,10.10,1.000000,0.000000,93.27
9,1.62,64.02,16.12,83.47,0,0,11.39,0.778801,0.000000,92.00
10,2.96,79.75,8.14,78.25,0,0,15.51,0.367879,0.000000,77.47
11,5.13,54.83,8.73,37.98,0,0,30.77,0.105399,0.000000,68.33
12,4.57,54.70,14.86,44.65,0,0,29.54,0.018316,0.000005,59.48
13,1.60,75.69,12.42,51.55,0,0,26.23,0.001930,0.000123,72.38
14,3.00,74.94,5.34,48.70,0,0,24.37,0.000123,0.001930,65.78
15,2.19,76.36,8.41,94.70,0,0,8.64,0.000005,0.018316,69.39
16,3.82,47.69,4.18,78.69,0,0,8.88,0.000000,0.105399,64.32
17,4.97,70.06,14.64,47.85,0,0,7.36,0.000000,0.367879,79.67
18,1.65,55.86,17.01,49.61,0,0,0.00,0.000000,0.778801,98.43
19,1.71,64.08,13.27,42.35,0,0,0.00,0.000000,1.000000,107.32
20,4.89,46.38,20.57,72.27,0,0,0.00,0.000000,0.778801,104.01
21,4.53,53.05,13.30,25.23,0,0,0.00,0.000000,0.367879,79.28
22,3.96,68.76,11.27,31.03,0,0,0.00,0.000000,0.105399,70.60
23,3.77,76.53,19.55,39.98,0,0,0.00,0.000000,0.018316,64.68
0,3.40,74.92,18.88,64.50,0,0,0.00,0.000000,0.000000,70.36
1,2.82,71.92,17.57,77.25,0,0,0.00,0.000005,0.000000,72.39
2,2.85,60.31,15.58,45.23,0,0,0.00,0.000123,0.000000,64.47
3,2.20,74.91,11.95,42.46,0,0,0.00,0.001930,0.000000,66.71
4,2.88,63.82,20.30,44.14,0,0,0.00,0.018316,0.000000,67.92
5,2.66,66.50,10.08,55.09,0,0,0.00,0.105399,0.000000,66.29
6,2.38,66.77,20.90,28.27,0,0,0.00,0.367879,0.000000,80.44
7,5.04,65.99,10.30,63.46,0,0,5.96,0.778801,0.000000,88.41
8,4.49,63.39,7.35,61.63,0,0,11.83,1.000000,0.000000,99.65
9,1.51,67.24,5.03,73.25,0,0,13.89,0.778801,0.000000,87.79
10,4.26,77.21,7.44,82.74,0,0,14.17,0.367879,0.000000,76.61
11,5.11,52.17,5.33,72.96,0,0,19.07,0.105399,0.000000,65.55
12,3.29,49.26,20.46,25.21,0,0,36.27,0.018316,0.000005,61.94
13,4.44,76.83,20.93,40.41,0,0,29.96,0.001930,0.000123,71.00
14,3.68,66.14,18.99,92.59,0,0,11.22,0.000123,0.001930,68.71
15,3.65,47.96,11.13,35.48,0,0,23.14,0.000005,0.018316,66.02
16,1.74,72.05,16.42,22.47,0,0,18.61,0.000000,0.105399,72.97
17,4.83,61.35,17.65,51.51,0,0,7.03,0.000000,0.367879,82.18
18,3.66,52.17,19.64,81.66,0,0,0.00,0.000000,0.778801,100.51
19,4.95,71.15,16.28,55.13,0,0,0.00,0.000000,1.000000,111.64
20,2.93,72.19,7.75,28.50,0,0,0.00,0.000000,0.778801,105.11
21,2.10,53.55,14.16,57.51,0,0,0.00,0.000000,0.367879,82.93
22,4.85,48.35,9.01,26.85,0,0,0.00,0.000000,0.105399,64.93
23,3.75,62.05,16.28,54.06,0,0,0.00,0.000000,0.018316,67.34
0,3.33,58.14,16.29,41.92,1,0,0.00,0.000000,0.000000,75.58
1,3.32,56.34,13.72,48.86,1,0,0.00,0.000005,0.000000,76.87
2,5.24,66.66,12.54,17.33,1,0,0.00,0.000123,0.000000,67.67
3,4.49,53.05,8.16,30.17,1,0,0.00,0.001930,0.000000,67.79
4,1.77,58.79,8.94,30.17,1,0,0.00,0.018316,0.000000,76.82
5,3.56,55.04,15.71,89.21,1,0,0.00,0.105399,0.000000,79.66
6,4.78,60.21,18.16,71.07,1,0,0.00,0.367879,0.000000,90.72
7,4.09,55.84,12.88,40.67,1,0,8.00,0.778801,0.000000,95.87
8,3.08,62.35,5.97,45.00,1,0,14.71,1.000000,0.000000,105.50
9,2.82,60.42,20.02,35.28,1,0,23.18,0.778801,0.000000,99.19
10,4.00,55.79,6.88,59.80,1,0,21.04,0.367879,0.000000,86.93
11,4.42,78.63,15.65,37.50,1,0,30.93,0.105399,0.000000,78.32
12,2.20,54.70,16.81,89.76,1,0,13.93,0.018316,0.000005,78.47
13,3.58,77.12,6.21,79.42,1,0,16.91,0.001930,0.000123,71.30
14,4.89,54.22,13.44,53.81,1,0,22.84,0.000123,0.001930,73.64
15,3.10,46.63,6.49,21.00,1,0,26.68,0.000005,0.018316,67.83
16,5.42,63.19,20.71,59.51,1,0,12.20,0.000000,0.105399,75.49
17,4.71,45.52,18.19,70.95,1,0,5.29,0.000000,0.367879,85.73
18,5.09,77.20,13.87,57.72,1,0,0.00,0.000000,0.778801,109.71
19,2.68,56.12,20.22,38.01,1,0,0.00,0.000000,1.000000,116.05
20,5.12,49.07,16.19,15.29,1,0,0.00,0.000000,0.778801,107.52
21,2.67,65.67,3.76,72.61,1,0,0.00,0.000000,0.367879,86.11
22,4.52,64.10,16.81,48.56,1,0,0.00,0.000000,0.105399,80.98
23,1.97,69.48,7.39,50.72,1,0,0.00,0.000000,0.018316,71.98
0,2.08,76.60,5.66,33.75,1,0,0.00,0.000000,0.000000,76.97
1,4.97,69.15,16.78,68.29,1,0,0.00,0.000005,0.000000,72.85
2,4.74,51.29,20.52,47.28,1,0,0.00,0.000123,0.000000,68.52
3,2.54,75.39,20.12,42.39,1,0,0.00,0.001930,0.000000,76.01
4,1.73,79.76,20.15,93.46,1,0,0.00,0.018316,0.000000,80.74
5,4.77,57.71,8.23,38.39,1,0,0.00,0.105399,0.000000,72.60
6,2.05,67.63,5.58,55.17,1,0,0.00,0.367879,0.000000,86.74
7,4.31,55.55,13.46,26.33,1,0,9.29,0.778801,0.000000,95.57
8,5.01,68.87,5.56,79.09,1,0,8.81,1.000000,0.000000,100.25
9,4.43,56.48,20.91,38.97,1,0,22.28,0.778801,0.000000,92.72
10,5.54,52.62,12.00,26.10,1,0,31.15,0.367879,0.000000,84.46
11,1.93,44.35,7.17,44.35,1,0,28.64,0.105399,0.000000,74.66
12,1.61,79.90,8.28,84.76,1,0,15.66,0.018316,0.000005,79.60
13,2.08,54.54,5.23,21.02,1,0,36.44,0.001930,0.000123,74.12
14,2.23,76.74,11.84,66.25,1,0,19.11,0.000123,0.001930,73.02
15,5.09,72.56,7.68,20.86,1,0,26.71,0.000005,0.018316,73.99
16,4.08,78.78,4.66,17.69,1,0,19.44,0.000000,0.105399,78.91
17,2.83,70.71,7.56,25.97,1,0,9.32,0.000000,0.367879,88.18
18,2.43,72.66,13.14,32.14,1,0,0.00,0.000000,0.778801,109.91
19,4.53,47.64,12.00,78.95,1,0,0.00,0.000000,1.000000,113.93
20,5.51,77.60,19.15,83.65,1,0,0.00,0.000000,0.778801,113.12
21,3.80,59.29,11.76,53.93,1,0,0.00,0.000000,0.367879,90.53
22,2.38,58.78,7.04,38.58,1,0,0.00,0.000000,0.105399,79.28
23,5.45,63.66,6.27,24.70,1,0,0.00,0.000000,0.018316,73.94
0,4.49,44.92,10.65,75.13,0,0,0.00,0.000000,0.000000,61.98
1,3.59,63.68,14.46,40.59,0,0,0.00,0.000005,0.000000,70.05
2,2.47,45.70,5.12,47.58,0,0,0.00,0.000123,0.000000,60.17
3,3.67,59.52,20.00,85.88,0,0,0.00,0.001930,0.000000,72.66
4,1.94,65.00,18.81,43.74,0,0,0.00,0.018316,0.000000,67.28
5,3.48,62.59,19.38,79.30,0,0,0.00,0.105399,0.000000,69.51
6,4.19,49.15,3.71,89.51,0,0,0.00,0.367879,0.000000,75.87
7,4.07,56.40,13.40,51.39,0,0,7.04,0.778801,0.000000,87.85
8,4.48,58.39,4.82,78.05,0,0,8.99,1.000000,0.000000,97.65
9,1.80,78.70,18.64,84.47,0,0,11.14,0.778801,0.000000,95.39
10,2.77,66.05,5.21,47.78,0,0,24.65,0.367879,0.000000,76.61
11,3.34,55.04,9.93,57.68,0,0,24.18,0.105399,0.000000,67.01
12,3.94,76.50,13.52,47.91,0,0,28.42,0.018316,0.000005,70.65
13,1.69,48.57,15.09,32.52,0,0,32.59,0.001930,0.000123,64.78
14,3.86,59.08,14.27,38.35,0,0,27.47,0.000123,0.001930,65.09
15,1.92,50.05,8.63,48.34,0,0,19.99,0.000005,0.018316,68.89
16,1.76,68.64,10.27,36.85,0,0,16.12,0.000000,0.105399,74.47
17,4.05,77.64,18.62,16.66,0,0,10.15,0.000000,0.367879,83.71
18,3.31,76.50,3.68,35.14,0,0,0.00,0.000000,0.778801,95.79
19,5.06,51.48,7.09,73.12,0,0,0.00,0.000000,1.000000,108.19
20,2.68,44.27,10.50,43.46,0,0,0.00,0.000000,0.778801,96.28
21,4.42,57.09,7.76,91.78,0,0,0.00,0.000000,0.367879,83.09
22,5.03,66.70,11.02,52.82,0,0,0.00,0.000000,0.105399,65.61
23,4.74,49.17,20.87,92.70,0,0,0.00,0.000000,0.018316,67.09
0,3.70,50.65,8.29,33.30,0,0,0.00,0.000000,0.000000,62.35
1,2.96,76.35,14.13,65.63,0,0,0.00,0.000005,0.000000,70.48
2,5.44,72.00,9.80,58.03,0,0,0.00,0.000123,0.000000,69.53
3,3.53,79.96,7.10,55.39,0,0,0.00,0.001930,0.000000,67.22
4,4.73,79.02,6.92,82.31,0,0,0.00,0.018316,0.000000,64.14
5,4.25,50.21,6.28,52.58,0,0,0.00,0.105399,0.000000,68.34
6,5.32,55.38,13.19,80.41,0,0,0.00,0.367879,0.000000,79.93
7,2.26,63.32,19.03,72.05,0,0,5.19,0.778801,0.000000,96.32
8,5.71,57.24,8.83,53.24,0,0,13.28,1.000000,0.000000,90.14
9,2.89,48.16,9.56,66.27,0,0,15.60,0.778801,0.000000,84.38
10,4.52,62.61,9.00,54.67,0,0,22.58,0.367879,0.000000,73.30
11,3.35,51.41,4.40,55.43,0,0,24.93,0.105399,0.000000,68.72
12,5.65,60.02,6.86,26.13,0,0,35.96,0.018316,0.000005,65.88
13,4.71,50.91,3.27,67.24,0,0,20.98,0.001930,0.000123,63.61
14,5.24,63.31,13.16,64.82,0,0,19.54,0.000123,0.001930,65.45
15,4.62,73.19,15.27,50.26,0,0,19.52,0.000005,0.018316,64.34
16,2.52,48.78,5.14,84.21,0,0,7.93,0.000000,0.105399,71.04
17,5.55,63.82,5.01,61.98,0,0,6.09,0.000000,0.367879,83.16
18,5.56,47.69,11.15,82.07,0,0,0.00,0.000000,0.778801,100.56
19,5.72,56.69,17.28,20.21,0,0,0.00,0.000000,1.000000,112.00
20,4.28,46.30,12.59,76.47,0,0,0.00,0.000000,0.778801,94.42
21,4.47,50.10,18.38,29.48,0,0,0.00,0.000000,0.367879,79.12
22,3.81,64.28,11.81,67.35,0,0,0.00,0.000000,0.105399,70.87
23,4.65,70.82,20.87,38.20,0,0,0.00,0.000000,0.018316,69.58
0,3.06,76.02,10.48,78.08,0,0,0.00,0.000000,0.000000,67.19
1,2.26,55.56,10.91,31.67,0,0,0.00,0.000005,0.000000,62.74
2,4.40,73.37,9.92,49.93,0,0,0.00,0.000123,0.000000,66.83
3,3.76,57.04,19.58,86.00,0,0,0.00,0.001930,0.000000,67.23
4,4.84,69.24,7.79,49.97,0,0,0.00,0.018316,0.000000,62.56
5,4.28,77.78,3.34,83.91,0,0,0.00,0.105399,0.000000,66.57
6,3.96,75.77,18.93,53.29,0,0,0.00,0.367879,0.000000,82.62
7,4.80,66.18,16.75,49.60,0,0,7.20,0.778801,0.000000,89.49
8,5.61,60.24,14.99,18.78,0,0,19.25,1.000000,0.000000,97.23
9,5.40,69.43,14.33,21.79,0,0,26.49,0.778801,0.000000,90.10
10,3.16,49.21,15.33,79.51,0,0,15.14,0.367879,0.000000,80.83
11,3.03,44.72,12.99,36.62,0,0,31.22,0.105399,0.000000,63.71
12,3.17,62.27,5.00,38.49,0,0,31.68,0.018316,0.000005,60.51
13,5.01,78.60,4.49,20.56,0,0,36.59,0.001930,0.000123,63.89
14,4.09,62.28,18.87,63.38,0,0,19.97,0.000123,0.001930,65.18
15,5.31,59.91,10.58,41.76,0,0,21.60,0.000005,0.018316,59.06
16,1.81,70.64,6.71,94.89,0,0,6.08,0.000000,0.105399,76.38
17,3.83,69.96,4.89,43.35,0,0,7.76,0.000000,0.367879,81.57
18,4.59,44.16,15.38,47.59,0,0,0.00,0.000000,0.778801,98.31
19,3.96,61.92,6.05,86.81,0,0,0.00,0.000000,1.000000,107.08
20,1.86,71.87,13.18,54.25,0,0,0.00,0.000000,0.778801,100.29
21,5.67,59.52,7.04,34.46,0,0,0.00,0.000000,0.367879,81.09
22,4.49,65.91,9.17,50.14,0,0,0.00,0.000000,0.105399,66.19
23,2.30,54.44,18.53,61.36,0,0,0.00,0.000000,0.018316,64.92
0,4.34,54.96,20.64,17.31,0,0,0.00,0.000000,0.000000,63.71
1,4.79,52.92,6.30,54.00,0,0,0.00,0.000005,0.000000,67.07
2,4.01,53.77,10.83,75.32,0,0,0.00,0.000123,0.000000,65.21
3,4.93,77.97,7.64,30.42,0,0,0.00,0.001930,0.000000,66.74
4,5.02,65.89,15.40,20.00,0,0,0.00,0.018316,0.000000,66.42
5,4.02,77.81,18.91,50.10,0,0,0.00,0.105399,0.000000,69.37
6,3.47,60.14,4.46,19.36,0,0,0.00,0.367879,0.000000,72.21
7,2.39,67.19,7.70,35.26,0,0,8.49,0.778801,0.000000,91.48
8,2.73,67.38,18.02,41.95,0,0,15.24,1.000000,0.000000,102.53
9,3.24,70.50,5.49,24.99,0,0,25.70,0.778801,0.000000,90.42
10,3.50,66.62,15.09,42.19,0,0,26.32,0.367879,0.000000,73.19
11,2.49,48.67,17.21,33.72,0,0,32.19,0.105399,0.000000,70.10
12,5.33,59.00,10.61,24.21,0,0,36.62,0.018316,0.000005,65.86
13,4.44,69.29,16.19,91.03,0,0,13.03,0.001930,0.000123,69.85
14,3.67,66.93,5.37,76.43,0,0,16.06,0.000123,0.001930,68.89
15,2.65,74.19,15.06,86.23,0,0,10.71,0.000005,0.018316,74.79
16,4.23,57.63,9.68,17.35,0,0,19.50,0.000000,0.105399,67.57
17,2.88,60.65,13.42,93.26,0,0,3.29,0.000000,0.367879,80.21
18,5.03,70.00,19.23,44.88,0,0,0.00,0.000000,0.778801,97.97
19,5.66,50.06,11.61,33.72,0,0,0.00,0.000000,1.000000,110.74
20,3.89,51.46,11.55,41.17,0,0,0.00,0.000000,0.778801,93.85
21,5.62,56.79,20.26,94.34,0,0,0.00,0.000000,0.367879,80.81
22,5.27,69.04,4.63,57.80,0,0,0.00,0.000000,0.105399,72.96
23,4.39,63.78,11.10,93.80,0,0,0.00,0.000000,0.018316,73.03
0,2.14,49.39,9.52,57.34,0,0,0.00,0.000000,0.000000,64.83
1,3.96,56.64,5.50,78.45,0,0,0.00,0.000005,0.000000,65.41
2,5.14,66.90,12.13,41.19,0,0,0.00,0.000123,0.000000,66.66
3,2.61,54.23,18.49,61.39,0,0,0.00,0.001930,0.000000,71.28
4,5.79,69.14,16.88,76.16,0,0,0.00,0.018316,0.000000,65.48
5,3.02,54.87,18.50,50.21,0,0,0.00,0.105399,0.000000,72.79
6,4.82,77.58,12.29,27.35,0,0,0.00,0.367879,0.000000,78.90
7,3.61,56.75,12.11,19.99,0,0,9.86,0.778801,0.000000,85.09
8,4.44,59.91,16.13,38.71,0,0,15.80,1.000000,0.000000,93.14
9,2.19,56.94,11.61,44.94,0,0,20.82,0.778801,0.000000,87.03
10,3.85,68.16,19.76,38.95,0,0,27.30,0.367879,0.000000,73.28
11,4.77,67.56,6.40,49.98,0,0,26.75,0.105399,0.000000,70.53
12,3.80,52.79,11.26,15.64,0,0,39.59,0.018316,0.000005,65.97
13,2.36,66.81,16.62,66.46,0,0,21.24,0.001930,0.000123,67.42
14,4.28,66.88,10.03,37.83,0,0,27.63,0.000123,0.001930,67.75
15,2.64,56.55,9.02,40.09,0,0,22.01,0.000005,0.018316,64.85
16,3.39,48.92,4.53,83.86,0,0,7.99,0.000000,0.105399,71.23
17,3.70,59.32,13.74,68.84,0,0,5.48,0.000000,0.367879,82.57
18,4.58,59.94,19.58,29.91,0,0,0.00,0.000000,0.778801,102.25
19,4.74,55.09,5.49,88.31,0,0,0.00,0.000000,1.000000,105.89
20,3.11,64.51,11.71,62.37,0,0,0.00,0.000000,0.778801,103.84
21,5.19,65.85,6.67,38.05,0,0,0.00,0.000000,0.367879,83.57
22,3.07,64.48,14.63,37.24,0,0,0.00,0.000000,0.105399,70.13
23,3.70,73.85,18.92,78.49,0,0,0.00,0.000000,0.018316,75.34
0,4.57,76.72,18.05,28.47,1,0,0.00,0.000000,0.000000,72.02
1,2.43,79.23,11.32,90.09,1,0,0.00,0.000005,0.000000,78.65
2,3.53,54.40,18.02,68.68,1,0,0.00,0.000123,0.000000,75.44
3,2.87,47.21,8.78,78.99,1,0,0.00,0.001930,0.000000,68.27
4,5.52,55.53,16.03,75.60,1,0,0.00,0.018316,0.000000,69.15
5,4.99,68.64,12.62,41.62,1,0,0.00,0.105399,0.000000,78.52
6,3.57,72.52,16.53,80.25,1,0,0.00,0.367879,0.000000,87.46
7,3.11,45.36,7.22,29.40,1,0,9.01,0.778801,0.000000,95.24
8,4.35,59.59,18.27,34.11,1,0,16.60,1.000000,0.000000,102.84
9,4.93,44.33,20.10,89.43,1,0,9.93,0.778801,0.000000,99.66
10,5.43,79.67,3.16,16.58,1,0,34.00,0.367879,0.000000,85.32
11,2.97,68.57,14.14,81.79,1,0,16.12,0.105399,0.000000,79.71
12,5.99,59.22,15.34,56.17,1,0,25.56,0.018316,0.000005,68.40
13,2.51,48.96,15.57,15.03,1,0,38.44,0.001930,0.000123,71.64
14,2.96,72.29,9.59,44.58,1,0,25.61,0.000123,0.001930,70.77
15,2.64,78.83,4.33,22.67,1,0,26.27,0.000005,0.018316,75.84
16,4.11,58.44,15.18,25.98,1,0,18.00,0.000000,0.105399,78.31
17,2.93,69.40,4.68,30.48,1,0,8.92,0.000000,0.367879,84.44
18,2.10,73.03,6.50,70.61,1,0,0.00,0.000000,0.778801,110.57
19,2.10,69.22,8.85,61.85,1,0,0.00,0.000000,1.000000,116.48
20,2.03,53.34,16.74,16.74,1,0,0.00,0.000000,0.778801,110.24
21,5.01,51.74,10.61,81.89,1,0,0.00,0.000000,0.367879,87.96
22,3.95,76.03,3.85,52.46,1,0,0.00,0.000000,0.105399,80.47
23,2.89,52.34,3.12,94.56,1,0,0.00,0.000000,0.018316,73.05
0,4.20,56.64,9.41,35.45,1,0,0.00,0.000000,0.000000,75.54
1,4.65,67.43,14.70,46.72,1,0,0.00,0.000005,0.000000,73.67
2,4.67,73.33,3.83,77.31,1,0,0.00,0.000123,0.000000,70.94
3,4.82,74.06,4.79,82.99,1,0,0.00,0.001930,0.000000,76.22
4,2.75,67.57,4.14,36.88,1,0,0.00,0.018316,0.000000,73.81
5,4.17,75.25,15.30,81.10,1,0,0.00,0.105399,0.000000,78.00
6,3.14,46.03,3.55,76.99,1,0,0.00,0.367879,0.000000,87.72
7,5.17,79.89,14.88,63.54,1,0,5.95,0.778801,0.000000,97.07
8,5.97,55.21,16.57,87.85,1,0,7.30,1.000000,0.000000,102.42
9,5.17,64.97,20.60,73.57,1,0,13.81,0.778801,0.000000,94.85
10,5.99,64.74,15.27,31.69,1,0,29.47,0.367879,0.000000,87.32
11,2.68,46.47,16.25,66.00,1,0,21.40,0.105399,0.000000,78.27
12,6.03,68.22,17.17,23.27,1,0,36.95,0.018316,0.000005,71.25
13,5.09,45.58,11.75,61.35,1,0,22.95,0.001930,0.000123,70.24
14,5.49,76.93,4.17,93.54,1,0,10.93,0.000123,0.001930,79.08
15,2.66,79.13,13.94,91.02,1,0,9.54,0.000005,0.018316,75.73
16,2.90,53.16,11.75,35.00,1,0,16.44,0.000000,0.105399,78.86
17,4.90,69.72,7.03,45.40,1,0,7.58,0.000000,0.367879,92.75
18,6.04,47.65,8.42,81.11,1,0,0.00,0.000000,0.778801,107.22
19,3.74,78.25,16.36,71.89,1,0,0.00,0.000000,1.000000,125.18
20,4.79,52.30,6.24,54.84,1,0,0.00,0.000000,0.778801,102.86
21,3.41,63.37,20.36,60.67,1,0,0.00,0.000000,0.367879,92.46
22,5.91,49.29,8.67,56.22,1,0,0.00,0.000000,0.105399,72.64
23,5.51,61.40,4.94,87.19,1,0,0.00,0.000000,0.018316,75.60
0,3.20,57.15,10.16,52.96,0,0,0.00,0.000000,0.000000,65.08
1,2.53,66.39,17.91,17.54,0,0,0.00,0.000005,0.000000,64.02
2,2.85,48.88,18.61,34.23,0,0,0.00,0.000123,0.000000,66.06
3,2.60,77.78,16.19,70.21,0,0,0.00,0.001930,0.000000,70.72
4,4.69,62.70,3.71,32.92,0,0,0.00,0.018316,0.000000,63.28
5,4.86,58.81,17.15,50.97,0,0,0.00,0.105399,0.000000,70.69
6,4.27,50.44,8.78,19.19,0,0,0.00,0.367879,0.000000,76.07
7,2.49,64.09,14.75,41.76,0,0,7.91,0.778801,0.000000,87.03
8,4.67,48.36,13.83,44.63,0,0,14.78,1.000000,0.000000,92.36
9,3.21,68.80,9.05,53.37,0,0,18.76,0.778801,0.000000,86.69
10,5.64,71.13,18.29,54.88,0,0,22.52,0.367879,0.000000,76.89
11,3.61,72.41,14.43,72.29,0,0,19.29,0.105399,0.000000,72.98
12,6.13,52.79,17.19,76.41,0,0,18.55,0.018316,0.000005,61.07
13,4.07,78.83,18.75,47.58,0,0,27.56,0.001930,0.000123,68.54
14,2.69,50.51,3.51,83.17,0,0,14.04,0.000123,0.001930,61.98
15,3.87,49.09,8.87,79.78,0,0,12.29,0.000005,0.018316,62.71
16,2.54,50.62,4.49,27.45,0,0,17.75,0.000000,0.105399,62.01
17,2.77,48.24,12.48,36.26,0,0,8.40,0.000000,0.367879,78.83
18,3.01,53.67,3.58,60.96,0,0,0.00,0.000000,0.778801,95.74
19,6.17,45.17,15.67,69.57,0,0,0.00,0.000000,1.000000,108.42
20,3.17,68.11,4.96,61.93,0,0,0.00,0.000000,0.778801,105.51
21,3.42,54.60,10.99,63.73,0,0,0.00,0.000000,0.367879,84.94
22,5.85,57.76,18.68,86.76,0,0,0.00,0.000000,0.105399,75.28
23,2.29,55.62,20.68,82.38,0,0,0.00,0.000000,0.018316,71.44
0,4.81,47.81,18.55,66.01,0,0,0.00,0.000000,0.000000,61.41
1,2.39,62.06,18.32,46.72,0,0,0.00,0.000005,0.000000,66.27
2,4.60,60.30,9.89,68.39,0,0,0.00,0.000123,0.000000,61.82
3,2.47,61.63,9.40,16.83,0,0,0.00,0.001930,0.000000,66.71
4,6.11,61.39,5.54,68.97,0,0,0.00,0.018316,0.000000,67.35
5,2.32,57.24,9.12,70.15,0,0,0.00,0.105399,0.000000,68.13
6,2.77,69.17,19.67,82.89,0,0,0.00,0.367879,0.000000,83.62
7,6.18,67.30,7.09,72.57,0,0,5.15,0.778801,0.000000,91.55
8,3.87,74.47,16.23,69.74,0,0,10.43,1.000000,0.000000,97.27
9,2.56,78.54,6.35,24.31,0,0,25.87,0.778801,0.000000,93.89
10,5.00,46.51,20.70,39.98,0,0,26.99,0.367879,0.000000,77.91
11,4.50,75.11,17.53,20.50,0,0,36.61,0.105399,0.000000,71.06
12,4.09,60.83,7.34,50.06,0,0,27.67,0.018316,0.000005,64.72
13,5.82,69.81,15.65,39.54,0,0,30.25,0.001930,0.000123,60.56
14,2.82,68.26,5.22,80.23,0,0,14.92,0.000123,0.001930,69.38
15,2.35,61.37,7.00,86.03,0,0,10.76,0.000005,0.018316,68.68
16,5.10,47.71,12.78,15.55,0,0,19.81,0.000000,0.105399,60.91
17,5.01,73.95,19.13,74.76,0,0,4.95,0.000000,0.367879,81.65
18,2.65,69.96,3.45,39.33,0,0,0.00,0.000000,0.778801,97.40
19,5.04,58.05,12.60,91.95,0,0,0.00,0.000000,1.000000,110.76
20,4.93,79.59,8.48,85.90,0,0,0.00,0.000000,0.778801,103.92
21,5.15,67.53,19.86,76.13,0,0,0.00,0.000000,0.367879,82.51
22,2.82,70.14,12.40,89.56,0,0,0.00,0.000000,0.105399,78.21
23,4.63,60.28,8.25,86.88,0,0,0.00,0.000000,0.018316,61.96
0,2.98,60.29,3.86,35.49,0,0,0.00,0.000000,0.000000,67.71
1,5.20,77.96,6.84,61.96,0,0,0.00,0.000005,0.000000,63.06
2,4.28,44.16,18.56,49.78,0,0,0.00,0.000123,0.000000,58.90
3,3.24,63.74,12.61,25.75,0,0,0.00,0.001930,0.000000,65.82
4,6.29,54.55,14.71,25.57,0,0,0.00,0.018316,0.000000,59.17
5,4.82,46.27,20.84,70.24,0,0,0.00,0.105399,0.000000,64.87
6,3.52,69.82,14.71,75.22,0,0,0.00,0.367879,0.000000,75.43
7,3.05,77.46,9.27,88.46,0,0,3.72,0.778801,0.000000,95.82
8,5.41,55.09,9.01,49.43,0,0,13.95,1.000000,0.000000,95.22
9,3.94,59.18,19.64,85.00,0,0,11.02,0.778801,0.000000,95.20
10,3.56,79.42,5.57,18.27,0,0,33.49,0.367879,0.000000,71.87
11,3.24,74.14,10.42,42.96,0,0,29.10,0.105399,0.000000,70.17
12,3.15,66.32,11.47,31.62,0,0,34.05,0.018316,0.000005,66.82
13,4.91,71.25,20.26,77.74,0,0,17.47,0.001930,0.000123,70.70
14,4.42,73.82,19.25,51.50,0,0,23.53,0.000123,0.001930,68.48
15,6.15,65.38,5.33,79.11,0,0,12.46,0.000005,0.018316,67.27
16,3.09,68.65,17.29,62.65,0,0,11.66,0.000000,0.105399,71.85
17,3.15,47.07,9.71,80.20,0,0,4.46,0.000000,0.367879,83.03
18,2.76,79.04,20.42,44.26,0,0,0.00,0.000000,0.778801,101.22
19,3.09,66.15,7.86,39.41,0,0,0.00,0.000000,1.000000,113.01
20,4.32,48.50,18.04,30.26,0,0,0.00,0.000000,0.778801,96.79
21,3.39,58.06,20.70,64.66,0,0,0.00,0.000000,0.367879,81.22
22,5.53,70.97,3.08,84.01,0,0,0.00,0.000000,0.105399,73.22
23,5.41,45.81,7.42,72.97,0,0,0.00,0.000000,0.018316,67.46
0,6.36,72.12,14.98,88.60,0,0,0.00,0.000000,0.000000,69.11
1,4.04,57.99,16.95,68.14,0,0,0.00,0.000005,0.000000,65.50
2,3.94,66.76,5.84,73.66,0,0,0.00,0.000123,0.000000,68.69
3,3.89,79.94,10.42,78.97,0,0,0.00,0.001930,0.000000,65.94
4,4.41,66.19,7.87,66.54,0,0,0.00,0.018316,0.000000,68.94
5,4.99,77.81,11.61,56.65,0,0,0.00,0.105399,0.000000,70.17
6,2.73,50.47,12.67,36.16,0,0,0.00,0.367879,0.000000,74.19
7,4.14,62.36,3.77,45.74,0,0,7.55,0.778801,0.000000,88.07
8,6.31,57.36,5.48,16.43,0,0,19.66,1.000000,0.000000,85.62
9,4.52,77.61,18.24,85.71,0,0,10.84,0.778801,0.000000,96.15
10,6.30,57.47,12.87,57.69,0,0,21.68,0.367879,0.000000,73.22
11,4.33,73.64,18.51,51.87,0,0,26.12,0.105399,0.000000,69.99
12,4.00,47.73,18.98,44.44,0,0,29.62,0.018316,0.000005,59.98
13,5.20,70.70,14.95,53.56,0,0,25.56,0.001930,0.000123,70.40
14,5.20,67.24,12.46,20.50,0,0,32.83,0.000123,0.001930,60.78
15,3.55,63.31,7.94,75.47,0,0,13.35,0.000005,0.018316,63.16
16,4.86,44.33,3.28,63.77,0,0,11.46,0.000000,0.105399,68.65
17,4.69,63.44,16.31,43.10,0,0,7.79,0.000000,0.367879,86.45
18,2.68,47.10,9.50,16.85,0,0,0.00,0.000000,0.778801,98.73
19,5.22,68.28,15.48,17.93,0,0,0.00,0.000000,1.000000,104.23
20,2.95,49.73,4.54,52.10,0,0,0.00,0.000000,0.778801,95.51
21,6.39,47.68,10.35,28.96,0,0,0.00,0.000000,0.367879,77.83
22,4.06,66.44,4.63,35.16,0,0,0.00,0.000000,0.105399,64.37
23,2.99,74.59,13.61,48.34,0,0,0.00,0.000000,0.018316,67.88
0,4.41,45.73,20.07,54.30,0,0,0.00,0.000000,0.000000,62.18
1,2.78,75.73,8.37,65.88,0,0,0.00,0.000005,0.000000,63.30
2,5.43,49.90,14.44,89.75,0,0,0.00,0.000123,0.000000,66.61
3,6.50,78.92,6.12,34.88,0,0,0.00,0.001930,0.000000,60.06
4,5.08,47.32,17.53,71.92,0,0,0.00,0.018316,0.000000,66.97
5,4.38,60.46,10.01,94.67,0,0,0.00,0.105399,0.000000,73.77
6,6.37,79.34,5.84,65.24,0,0,0.00,0.367879,0.000000,80.80
7,4.47,51.12,17.95,49.43,0,0,7.22,0.778801,0.000000,86.16
8,5.62,60.86,6.98,80.43,0,0,8.58,1.000000,0.000000,99.12
9,6.31,68.58,14.17,41.99,0,0,21.54,0.778801,0.000000,85.78
10,6.54,74.81,16.02,87.08,0,0,12.87,0.367879,0.000000,80.92
11,5.44,48.09,15.90,31.61,0,0,32.90,0.105399,0.000000,59.64
12,3.13,77.65,9.51,35.75,0,0,32.63,0.018316,0.000005,64.59
13,6.20,47.72,13.15,30.26,0,0,33.35,0.001930,0.000123,62.90
14,3.38,70.38,7.27,89.23,0,0,12.22,0.000123,0.001930,72.89
15,2.60,54.32,5.60,78.53,0,0,12.60,0.000005,0.018316,63.28
16,6.33,62.79,4.97,70.99,0,0,10.21,0.000000,0.105399,67.11
17,3.32,61.25,19.85,53.81,0,0,6.83,0.000000,0.367879,80.57
18,4.87,77.19,18.20,70.48,0,0,0.00,0.000000,0.778801,100.05
19,4.96,69.42,14.76,46.49,0,0,0.00,0.000000,1.000000,115.35
20,4.77,52.65,17.62,65.03,0,0,0.00,0.000000,0.778801,101.20
21,4.00,61.58,20.12,17.65,0,0,0.00,0.000000,0.367879,84.60
22,5.88,47.45,7.65,70.42,0,0,0.00,0.000000,0.105399,70.54
23,4.49,71.90,19.34,50.89,0,0,0.00,0.000000,0.018316,69.20
0,3.88,50.71,17.27,23.83,1,0,0.00,0.000000,0.000000,68.88
1,4.07,77.78,17.33,15.14,1,0,0.00,0.000005,0.000000,70.96
2,2.80,65.77,15.75,36.48,1,0,0.00,0.000123,0.000000,75.42
3,6.39,73.59,17.55,30.61,1,0,0.00,0.001930,0.000000,68.36
4,6.12,69.07,19.56,15.96,1,0,0.00,0.018316,0.000000,73.86
5,3.32,46.35,16.11,20.58,1,0,0.00,0.105399,0.000000,76.82
6,4.99,75.54,11.51,93.27,1,0,0.00,0.367879,0.000000,84.00
7,6.10,55.93,11.31,83.03,1,0,4.21,0.778801,0.000000,92.46
8,5.68,59.58,18.04,23.51,1,0,18.43,1.000000,0.000000,98.74
9,5.93,70.87,13.34,33.28,1,0,23.67,0.778801,0.000000,94.74
10,5.07,76.84,6.45,65.35,1,0,19.38,0.367879,0.000000,84.74
11,3.39,56.49,19.12,16.09,1,0,38.09,0.105399,0.000000,76.06
12,5.32,63.67,14.80,89.63,1,0,13.97,0.018316,0.000005,73.23
13,6.63,69.50,14.48,49.15,1,0,27.03,0.001930,0.000123,76.03
14,3.12,49.47,10.46,84.86,1,0,13.53,0.000123,0.001930,69.63
15,5.84,71.07,14.91,23.49,1,0,26.07,0.000005,0.018316,71.41
16,4.88,54.99,7.08,43.96,1,0,14.89,0.000000,0.105399,70.20
17,6.41,45.93,8.09,56.06,1,0,6.62,0.000000,0.367879,84.27
18,4.81,51.66,4.56,55.08,1,0,0.00,0.000000,0.778801,101.94
19,6.08,57.59,15.97,89.36,1,0,0.00,0.000000,1.000000,115.13
20,5.45,73.81,7.86,27.21,1,0,0.00,0.000000,0.778801,104.77
21,4.97,68.86,15.79,29.38,1,0,0.00,0.000000,0.367879,88.19
22,4.08,54.01,19.69,81.29,1,0,0.00,0.000000,0.105399,80.74
23,4.32,49.17,7.30,68.64,1,0,0.00,0.000000,0.018316,71.41
0,3.45,73.35,20.69,16.12,1,0,0.00,0.000000,0.000000,79.41
1,6.54,61.48,15.54,83.81,1,0,0.00,0.000005,0.000000,76.08
2,2.88,49.23,19.27,80.20,1,0,0.00,0.000123,0.000000,71.30
3,5.49,68.68,6.62,89.42,1,0,0.00,0.001930,0.000000,75.17
4,4.64,59.12,19.78,90.08,1,0,0.00,0.018316,0.000000,80.11
5,4.01,52.14,8.34,77.73,1,0,0.00,0.105399,0.000000,75.63
6,4.66,51.22,7.53,79.05,1,0,0.00,0.367879,0.000000,80.44
7,4.36,50.04,20.50,63.44,1,0,5.96,0.778801,0.000000,97.01
8,3.46,67.19,8.69,80.61,1,0,8.55,1.000000,0.000000,105.62
9,5.57,69.72,17.33,66.47,1,0,15.55,0.778801,0.000000,103.41
10,5.53,74.15,16.42,15.77,1,0,34.24,0.367879,0.000000,78.37
11,3.25,52.70,6.51,71.13,1,0,19.69,0.105399,0.000000,74.70
12,6.53,76.59,19.61,65.01,1,0,22.50,0.018316,0.000005,76.31
13,5.27,64.63,10.42,60.61,1,0,23.20,0.001930,0.000123,72.37
14,4.26,46.96,6.17,31.46,1,0,29.54,0.000123,0.001930,64.04
15,4.40,56.45,15.19,47.23,1,0,20.26,0.000005,0.018316,77.78
16,3.55,67.86,9.49,65.37,1,0,11.19,0.000000,0.105399,76.82
17,3.69,65.37,12.31,45.58,1,0,7.56,0.000000,0.367879,94.73
18,5.09,59.90,7.20,26.25,1,0,0.00,0.000000,0.778801,106.96
19,3.49,72.97,5.58,93.50,1,0,0.00,0.000000,1.000000,124.28
20,3.85,52.78,10.13,54.27,1,0,0.00,0.000000,0.778801,102.80
21,3.58,69.17,10.15,38.93,1,0,0.00,0.000000,0.367879,87.39
22,5.86,52.76,7.48,70.08,1,0,0.00,0.000000,0.105399,78.87
23,5.94,59.48,3.07,44.52,1,0,0.00,0.000000,0.018316,72.72
0,6.70,53.39,11.38,28.32,0,0,0.00,0.000000,0.000000,64.53
1,3.27,74.84,17.68,61.31,0,0,0.00,0.000005,0.000000,71.69
2,6.19,79.20,12.08,79.38,0,0,0.00,0.000123,0.000000,62.90
3,5.02,64.59,12.46,52.98,0,0,0.00,0.001930,0.000000,64.64
4,5.34,53.34,15.63,90.86,0,0,0.00,0.018316,0.000000,67.43
5,6.85,62.40,18.97,77.64,0,0,0.00,0.105399,0.000000,64.79
6,6.22,58.87,3.97,71.08,0,0,0.00,0.367879,0.000000,78.72
7,5.41,74.02,3.84,60.74,0,0,6.20,0.778801,0.000000,92.98
8,4.33,61.62,3.82,25.04,0,0,18.17,1.000000,0.000000,93.63
9,5.14,57.49,3.80,64.51,0,0,16.03,0.778801,0.000000,83.00
10,5.99,61.79,7.83,85.13,0,0,13.45,0.367879,0.000000,74.16
11,6.76,76.07,5.29,41.72,0,0,29.52,0.105399,0.000000,62.54
12,2.88,77.76,7.86,18.59,0,0,38.56,0.018316,0.000005,61.46
13,3.04,67.21,4.71,60.24,0,0,23.33,0.001930,0.000123,65.89
14,4.38,54.60,12.89,86.71,0,0,12.98,0.000123,0.001930,61.51
15,3.19,48.57,16.88,43.09,0,0,21.27,0.000005,0.018316,67.30
16,5.46,44.56,3.02,61.40,0,0,11.87,0.000000,0.105399,68.60
17,5.25,79.30,14.61,73.71,0,0,5.04,0.000000,0.367879,81.87
18,5.82,63.28,19.65,19.58,0,0,0.00,0.000000,0.778801,100.31
19,3.42,45.27,5.15,30.85,0,0,0.00,0.000000,1.000000,110.50
20,3.92,63.38,4.04,37.30,0,0,0.00,0.000000,0.778801,97.03
21,3.42,73.49,10.31,68.32,0,0,0.00,0.000000,0.367879,84.00
22,5.28,59.84,11.40,41.61,0,0,0.00,0.000000,0.105399,68.19
23,2.91,65.28,7.44,46.21,0,0,0.00,0.000000,0.018316,68.29
0,5.27,76.08,15.47,71.22,0,0,0.00,0.000000,0.000000,68.03
1,5.48,74.70,5.60,17.20,0,0,0.00,0.000005,0.000000,65.88
2,3.99,77.46,16.45,33.85,0,0,0.00,0.000123,0.000000,68.54
3,5.39,45.58,20.15,78.79,0,0,0.00,0.001930,0.000000,63.54
4,3.06,62.68,13.07,72.96,0,0,0.00,0.018316,0.000000,65.55
5,4.00,71.09,8.22,46.09,0,0,0.00,0.105399,0.000000,73.44
6,4.80,59.94,16.94,54.33,0,0,0.00,0.367879,0.000000,78.37
7,3.00,74.23,15.57,43.09,0,0,7.79,0.778801,0.000000,91.26
8,5.93,48.76,11.74,78.92,0,0,8.84,1.000000,0.000000,93.96
9,3.82,60.64,11.57,60.00,0,0,17.13,0.778801,0.000000,90.77
10,6.86,75.63,5.24,67.96,0,0,18.60,0.367879,0.000000,74.85
11,3.97,66.30,4.11,24.48,0,0,35.28,0.105399,0.000000,61.36
12,6.01,53.73,9.82,52.88,0,0,26.70,0.018316,0.000005,62.98
13,6.34,67.07,12.32,29.93,0,0,33.46,0.001930,0.000123,58.79
14,4.94,59.75,6.67,23.63,0,0,31.89,0.000123,0.001930,61.65
15,5.51,62.00,9.62,20.74,0,0,26.74,0.000005,0.018316,62.53
16,6.50,47.99,18.29,67.22,0,0,10.87,0.000000,0.105399,63.35
17,4.68,47.01,13.82,55.96,0,0,6.63,0.000000,0.367879,75.45
18,3.20,57.39,18.65,89.81,0,0,0.00,0.000000,0.778801,104.66
19,6.76,47.33,9.84,25.72,0,0,0.00,0.000000,1.000000,109.14
20,6.67,68.00,9.56,45.81,0,0,0.00,0.000000,0.778801,101.72
21,6.50,51.14,15.51,62.89,0,0,0.00,0.000000,0.367879,83.94
22,4.23,76.96,18.04,79.97,0,0,0.00,0.000000,0.105399,73.95
23,3.12,78.41,6.33,41.05,0,0,0.00,0.000000,0.018316,65.27
0,4.29,71.42,3.51,29.73,0,0,0.00,0.000000,0.000000,63.61
1,3.51,75.17,11.12,44.72,0,0,0.00,0.000005,0.000000,62.78
2,3.73,76.52,13.59,79.00,0,0,0.00,0.000123,0.000000,72.46
3,5.32,60.06,15.15,22.42,0,0,0.00,0.001930,0.000000,62.13
4,3.59,59.32,8.50,27.15,0,0,0.00,0.018316,0.000000,59.91
5,6.26,53.42,4.99,34.23,0,0,0.00,0.105399,0.000000,59.60
6,5.52,74.62,16.52,61.87,0,0,0.00,0.367879,0.000000,78.66
7,6.49,49.60,7.63,26.52,0,0,9.27,0.778801,0.000000,78.51
8,4.36,65.54,7.80,48.65,0,0,14.08,1.000000,0.000000,98.53
9,6.69,60.86,6.23,33.80,0,0,23.55,0.778801,0.000000,87.38
10,6.99,62.20,4.98,75.81,0,0,16.24,0.367879,0.000000,73.40
11,4.14,58.56,15.37,44.89,0,0,28.46,0.105399,0.000000,68.83
12,4.57,54.20,6.46,69.07,0,0,21.09,0.018316,0.000005,68.83
13,3.64,78.39,19.05,83.96,0,0,15.39,0.001930,0.000123,67.39
14,5.85,49.03,16.43,17.31,0,0,33.78,0.000123,0.001930,60.14
15,4.75,61.29,5.98,71.06,0,0,14.43,0.000005,0.018316,64.17
16,6.25,63.59,13.81,77.41,0,0,9.10,0.000000,0.105399,67.16
17,3.60,53.25,16.04,25.61,0,0,9.35,0.000000,0.367879,81.59
18,4.40,47.46,20.70,55.06,0,0,0.00,0.000000,0.778801,95.47
19,3.77,64.99,4.55,87.09,0,0,0.00,0.000000,1.000000,106.64
20,4.53,79.27,3.72,75.70,0,0,0.00,0.000000,0.778801,100.62
21,3.62,59.16,11.59,52.40,0,0,0.00,0.000000,0.367879,82.56
22,5.73,56.76,4.87,50.19,0,0,0.00,0.000000,0.105399,68.75
23,4.36,68.35,4.41,75.80,0,0,0.00,0.000000,0.018316,66.15
0,6.05,64.68,6.83,68.36,0,0,0.00,0.000000,0.000000,67.54
1,5.03,46.33,15.40,49.45,0,0,0.00,0.000005,0.000000,59.28
2,6.60,48.88,3.55,25.04,0,0,0.00,0.000123,0.000000,62.99
3,4.27,69.23,7.27,24.97,0,0,0.00,0.001930,0.000000,67.33
4,6.73,46.09,7.86,23.22,0,0,0.00,0.018316,0.000000,59.49
5,7.13,47.87,10.18,54.63,0,0,0.00,0.105399,0.000000,63.71
6,3.52,72.99,10.83,71.67,0,0,0.00,0.367879,0.000000,80.49
7,4.11,74.56,15.13,69.80,0,0,5.39,0.778801,0.000000,92.71
8,6.62,50.17,9.22,45.36,0,0,14.65,1.000000,0.000000,95.14
9,4.74,62.51,12.47,38.61,0,0,22.37,0.778801,0.000000,85.00
10,4.01,65.52,20.44,31.39,0,0,29.56,0.367879,0.000000,73.75
11,5.88,74.85,17.11,59.71,0,0,23.50,0.105399,0.000000,69.66
12,4.10,61.11,14.90,65.11,0,0,22.46,0.018316,0.000005,66.04
13,3.28,66.50,9.78,20.10,0,0,36.75,0.001930,0.000123,63.05
14,4.21,77.08,13.39,16.61,0,0,33.99,0.000123,0.001930,68.93
15,3.46,62.67,18.76,15.92,0,0,27.92,0.000005,0.018316,68.21
16,5.16,65.34,17.11,41.49,0,0,15.32,0.000000,0.105399,65.37
17,5.36,76.43,3.82,32.33,0,0,8.75,0.000000,0.367879,80.14
18,6.70,53.10,4.64,66.06,0,0,0.00,0.000000,0.778801,93.51
19,3.94,75.23,3.69,85.99,0,0,0.00,0.000000,1.000000,111.50
20,5.88,45.00,18.42,22.22,0,0,0.00,0.000000,0.778801,97.71
21,5.88,49.80,16.15,37.13,0,0,0.00,0.000000,0.367879,73.74
22,3.33,77.39,13.05,44.98,0,0,0.00,0.000000,0.105399,72.15
23,5.05,70.67,10.27,61.53,0,0,0.00,0.000000,0.018316,63.22
0,3.94,78.20,19.05,61.69,0,0,0.00,0.000000,0.000000,73.77
1,6.50,67.13,7.03,62.87,0,0,0.00,0.000005,0.000000,67.29
2,5.43,53.50,3.19,41.15,0,0,0.00,0.000123,0.000000,59.04
3,4.07,67.99,6.34,65.33,0,0,0.00,0.001930,0.000000,61.74
4,3.58,65.07,10.88,18.00,0,0,0.00,0.018316,0.000000,65.57
5,4.14,60.52,4.73,62.43,0,0,0.00,0.105399,0.000000,71.85
6,4.18,75.32,14.19,88.27,0,0,0.00,0.367879,0.000000,80.21
7,5.53,54.34,5.42,34.31,0,0,8.57,0.778801,0.000000,88.92
8,5.31,47.70,6.93,70.43,0,0,10.31,1.000000,0.000000,93.68
9,4.07,54.32,9.02,47.55,0,0,20.18,0.778801,0.000000,88.77
10,7.01,47.40,11.37,67.85,0,0,18.63,0.367879,0.000000,71.16
11,6.57,71.64,8.49,44.30,0,0,28.66,0.105399,0.000000,61.48
12,5.03,49.08,13.02,18.57,0,0,38.57,0.018316,0.000005,64.88
13,4.63,56.89,11.30,35.67,0,0,31.54,0.001930,0.000123,58.82
14,5.24,76.70,8.64,20.86,0,0,32.72,0.000123,0.001930,59.43
15,3.60,76.05,7.93,23.07,0,0,26.17,0.000005,0.018316,66.06
16,4.00,57.05,14.97,84.32,0,0,7.91,0.000000,0.105399,73.28
17,5.96,47.07,9.94,85.74,0,0,3.97,0.000000,0.367879,79.33
18,4.84,70.26,6.43,80.36,0,0,0.00,0.000000,0.778801,97.49
19,5.16,72.53,6.54,57.84,0,0,0.00,0.000000,1.000000,113.00
20,5.85,68.27,5.47,37.98,0,0,0.00,0.000000,0.778801,99.35
21,5.62,76.37,12.21,78.96,0,0,0.00,0.000000,0.367879,79.73
22,6.95,78.30,14.39,56.47,0,0,0.00,0.000000,0.105399,70.53
23,6.30,63.79,9.23,43.46,0,0,0.00,0.000000,0.018316,61.67
0,6.64,44.41,6.78,49.83,1,0,0.00,0.000000,0.000000,72.20
1,5.86,48.57,18.69,40.94,1,0,0.00,0.000005,0.000000,71.31
2,6.82,51.48,18.28,84.76,1,0,0.00,0.000123,0.000000,70.05
3,5.81,45.98,3.45,77.55,1,0,0.00,0.001930,0.000000,72.78
4,4.08,73.54,14.35,48.28,1,0,0.00,0.018316,0.000000,78.80
5,5.45,79.58,8.18,61.41,1,0,0.00,0.105399,0.000000,80.52
6,3.61,65.66,7.46,89.53,1,0,0.00,0.367879,0.000000,82.27
7,3.58,76.43,20.80,68.83,1,0,5.48,0.778801,0.000000,106.75
8,3.49,66.73,6.65,65.91,1,0,11.09,1.000000,0.000000,109.34
9,4.34,45.32,18.13,87.77,1,0,10.34,0.778801,0.000000,96.71
10,5.32,60.89,3.43,72.96,1,0,17.10,0.367879,0.000000,87.10
11,7.00,51.70,16.94,84.95,1,0,15.06,0.105399,0.000000,72.70
12,7.01,57.04,9.15,74.71,1,0,19.14,0.018316,0.000005,74.48
13,6.35,66.57,5.80,48.68,1,0,27.19,0.001930,0.000123,67.88
14,5.59,58.17,16.79,61.63,1,0,20.50,0.000123,0.001930,72.72
15,4.07,67.31,13.23,25.95,1,0,25.47,0.000005,0.018316,72.47
16,5.50,52.88,6.90,71.64,1,0,10.10,0.000000,0.105399,76.12
17,6.30,52.41,7.82,64.03,1,0,5.91,0.000000,0.367879,89.94
18,6.63,62.42,7.99,81.54,1,0,0.00,0.000000,0.778801,109.22
19,6.09,79.46,12.30,29.75,1,0,0.00,0.000000,1.000000,113.77
20,7.41,62.86,8.58,75.86,1,0,0.00,0.000000,0.778801,110.18
21,6.38,69.27,4.63,37.47,1,0,0.00,0.000000,0.367879,82.16
22,4.81,57.40,4.37,72.87,1,0,0.00,0.000000,0.105399,79.07
23,5.17,46.00,13.82,75.81,1,0,0.00,0.000000,0.018316,71.31
0,4.55,54.09,11.36,38.89,1,0,0.00,0.000000,0.000000,67.06
1,4.52,71.17,16.43,27.72,1,0,0.00,0.000005,0.000000,78.02
2,5.45,75.03,7.82,75.75,1,0,0.00,0.000123,0.000000,72.72
3,6.03,77.02,11.83,73.19,1,0,0.00,0.001930,0.000000,79.35
4,6.87,47.11,16.67,88.83,1,0,0.00,0.018316,0.000000,74.24
5,5.70,56.22,7.93,15.07,1,0,0.00,0.105399,0.000000,76.29
6,5.43,78.66,16.44,78.33,1,0,0.00,0.367879,0.000000,88.91
7,7.30,62.34,20.83,59.42,1,0,6.32,0.778801,0.000000,100.10
8,5.96,55.50,17.00,30.02,1,0,17.30,1.000000,0.000000,96.18
9,6.50,66.98,11.80,19.06,1,0,27.15,0.778801,0.000000,91.65
10,5.73,56.95,19.79,58.33,1,0,21.48,0.367879,0.000000,86.27
11,7.24,52.25,20.91,76.24,1,0,17.98,0.105399,0.000000,75.87
12,7.46,55.10,4.93,79.36,1,0,17.53,0.018316,0.000005,66.37
13,4.01,73.58,20.97,23.90,1,0,35.48,0.001930,0.000123,76.88
14,4.79,49.81,11.82,49.41,1,0,24.16,0.000123,0.001930,74.04
15,5.49,48.73,4.36,28.57,1,0,24.83,0.000005,0.018316,71.02
16,6.31,69.11,5.62,40.47,1,0,15.50,0.000000,0.105399,78.54
17,5.63,75.42,14.60,67.55,1,0,5.60,0.000000,0.367879,96.33
18,4.83,53.08,16.21,83.46,1,0,0.00,0.000000,0.778801,105.65
19,5.84,69.58,4.69,92.94,1,0,0.00,0.000000,1.000000,116.38
20,4.62,67.91,12.66,57.02,1,0,0.00,0.000000,0.778801,112.70
21,6.35,46.29,19.05,71.03,1,0,0.00,0.000000,0.367879,85.32
22,5.67,45.35,15.34,40.28,1,0,0.00,0.000000,0.105399,74.41
23,7.17,60.67,11.86,21.61,1,0,0.00,0.000000,0.018316,72.68
0,6.42,75.88,17.80,26.45,0,0,0.00,0.000000,0.000000,61.30
1,6.56,76.58,19.58,43.96,0,0,0.00,0.000005,0.000000,67.54
2,6.75,65.70,20.31,15.65,0,0,0.00,0.000123,0.000000,67.98
3,4.06,68.67,5.41,28.66,0,0,0.00,0.001930,0.000000,60.75
4,7.31,58.11,5.36,55.33,0,0,0.00,0.018316,0.000000,59.46
5,7.05,67.61,11.07,42.72,0,0,0.00,0.105399,0.000000,63.66
6,5.70,63.72,20.47,79.28,0,0,0.00,0.367879,0.000000,79.67
7,6.22,51.57,18.28,44.25,0,0,7.68,0.778801,0.000000,86.14
8,4.59,69.13,20.79,37.60,0,0,15.99,1.000000,0.000000,100.17
9,5.71,69.68,12.53,77.42,0,0,12.87,0.778801,0.000000,88.40
10,5.77,44.44,4.88,73.67,0,0,16.89,0.367879,0.000000,68.79
11,5.83,45.30,4.31,63.39,0,0,22.27,0.105399,0.000000,63.21
12,6.37,74.78,13.28,56.96,0,0,25.28,0.018316,0.000005,61.18
13,4.94,60.82,18.75,23.94,0,0,35.46,0.001930,0.000123,68.06
14,5.03,67.88,18.99,45.33,0,0,25.38,0.000123,0.001930,64.72
15,6.22,45.75,6.78,15.33,0,0,28.07,0.000005,0.018316,62.61
16,7.18,55.15,20.72,54.64,0,0,13.04,0.000000,0.105399,70.77
17,4.26,59.92,10.77,17.37,0,0,10.09,0.000000,0.367879,82.15
18,5.26,67.44,8.09,79.43,0,0,0.00,0.000000,0.778801,105.54
19,6.86,54.54,14.25,80.00,0,0,0.00,0.000000,1.000000,111.04
20,4.23,69.77,10.12,23.84,0,0,0.00,0.000000,0.778801,97.00
21,6.90,73.19,7.50,62.91,0,0,0.00,0.000000,0.367879,80.61
22,5.38,73.14,13.84,89.30,0,0,0.00,0.000000,0.105399,77.12
23,6.09,61.76,10.13,77.59,0,0,0.00,0.000000,0.018316,64.64
0,6.36,47.10,4.74,92.02,0,0,0.00,0.000000,0.000000,63.83
1,7.19,65.58,19.33,20.69,0,0,0.00,0.000005,0.000000,62.66
2,5.78,65.82,16.33,51.89,0,0,0.00,0.000123,0.000000,68.78
3,4.71,72.16,6.88,17.56,0,0,0.00,0.001930,0.000000,67.05
4,7.75,77.23,17.82,32.35,0,0,0.00,0.018316,0.000000,64.67
5,5.57,50.22,20.88,20.63,0,0,0.00,0.105399,0.000000,60.85
6,6.20,66.22,15.06,80.48,0,0,0.00,0.367879,0.000000,80.56
7,5.85,73.89,4.72,73.46,0,0,5.07,0.778801,0.000000,92.79
8,6.06,52.15,19.47,85.58,0,0,7.69,1.000000,0.000000,96.44
9,5.63,73.38,10.76,23.64,0,0,26.03,0.778801,0.000000,91.23
10,7.36,63.34,10.26,65.97,0,0,19.19,0.367879,0.000000,72.35
11,6.17,74.31,16.44,29.58,0,0,33.58,0.105399,0.000000,72.33
12,5.35,62.31,5.46,33.47,0,0,33.41,0.018316,0.000005,59.83
13,4.29,62.11,14.67,65.39,0,0,21.60,0.001930,0.000123,70.49
14,7.09,79.58,18.91,77.91,0,0,15.62,0.000123,0.001930,72.69
15,5.61,48.00,17.20,25.87,0,0,25.49,0.000005,0.018316,57.48
16,5.37,51.83,7.43,45.21,0,0,14.67,0.000000,0.105399,67.56
17,7.52,50.05,18.48,18.94,0,0,9.95,0.000000,0.367879,74.42
18,7.17,67.40,11.95,16.48,0,0,0.00,0.000000,0.778801,95.30
19,5.08,47.44,6.19,47.31,0,0,0.00,0.000000,1.000000,109.93
20,5.46,51.22,14.34,37.92,0,0,0.00,0.000000,0.778801,102.23
21,6.42,46.48,20.66,52.36,0,0,0.00,0.000000,0.367879,77.84
22,5.54,60.95,6.01,66.86,0,0,0.00,0.000000,0.105399,72.95
23,6.97,51.53,11.69,23.98,0,0,0.00,0.000000,0.018316,59.42
0,4.95,47.72,13.68,72.52,0,0,0.00,0.000000,0.000000,64.75
1,6.47,46.23,19.87,17.79,0,0,0.00,0.000005,0.000000,57.74
2,6.27,79.20,7.13,86.98,0,0,0.00,0.000123,0.000000,63.77
3,4.15,72.42,19.54,28.03,0,0,0.00,0.001930,0.000000,69.52
4,6.15,74.46,5.17,86.33,0,0,0.00,0.018316,0.000000,65.13
5,6.78,75.38,9.92,28.04,0,0,0.00,0.105399,0.000000,64.33
6,3.94,78.23,12.76,80.18,0,0,0.00,0.367879,0.000000,79.36
7,6.51,77.79,7.70,73.98,0,0,5.02,0.778801,0.000000,85.84
8,5.79,64.26,6.56,83.45,0,0,8.06,1.000000,0.000000,98.28
9,5.78,68.53,4.90,16.93,0,0,27.68,0.778801,0.000000,82.27
10,6.70,79.18,12.62,83.72,0,0,13.87,0.367879,0.000000,77.14
11,6.13,51.01,3.68,88.32,0,0,13.94,0.105399,0.000000,70.12
12,4.95,67.36,3.31,84.39,0,0,15.79,0.018316,0.000005,69.49
13,6.37,66.46,13.83,19.86,0,0,36.83,0.001930,0.000123,62.90
14,6.65,67.46,5.70,64.74,0,0,19.56,0.000123,0.001930,62.16
15,6.58,52.49,14.63,74.91,0,0,13.48,0.000005,0.018316,66.12
16,5.35,72.95,14.54,35.99,0,0,16.27,0.000000,0.105399,71.41
17,6.96,79.92,14.45,50.60,0,0,7.11,0.000000,0.367879,80.35
18,7.86,59.73,18.83,34.54,0,0,0.00,0.000000,0.778801,98.01
19,7.29,46.47,7.91,42.33,0,0,0.00,0.000000,1.000000,103.66
20,6.08,51.78,20.26,63.03,0,0,0.00,0.000000,0.778801,96.58
21,7.39,54.50,16.65,70.68,0,0,0.00,0.000000,0.367879,80.23
22,4.58,60.24,9.19,52.82,0,0,0.00,0.000000,0.105399,68.54
23,4.38,58.58,16.87,79.38,0,0,0.00,0.000000,0.018316,65.35
0,4.71,53.68,3.21,22.76,0,0,0.00,0.000000,0.000000,55.62
1,4.23,56.28,4.16,87.64,0,0,0.00,0.000005,0.000000,61.35
2,4.08,69.14,5.37,52.77,0,0,0.00,0.000123,0.000000,63.77
3,7.09,50.54,18.61,25.09,0,0,0.00,0.001930,0.000000,62.84
4,6.86,59.19,3.19,63.52,0,0,0.00,0.018316,0.000000,61.59
5,6.51,51.10,15.77,38.32,0,0,0.00,0.105399,0.000000,69.20
6,4.87,62.23,18.03,78.54,0,0,0.00,0.367879,0.000000,82.92
7,5.30,59.23,9.58,39.39,0,0,8.12,0.778801,0.000000,83.18
8,4.09,49.40,14.41,68.76,0,0,10.60,1.000000,0.000000,97.67
9,6.34,63.30,20.02,93.50,0,0,8.93,0.778801,0.000000,89.06
10,4.35,50.78,11.90,26.14,0,0,31.13,0.367879,0.000000,73.75
11,7.01,76.53,6.76,40.77,0,0,29.84,0.105399,0.000000,70.16
12,4.20,46.88,10.59,47.70,0,0,28.49,0.018316,0.000005,60.51
13,7.24,68.68,15.50,40.11,0,0,30.06,0.001930,0.000123,66.59
14,6.75,50.98,19.35,79.21,0,0,15.22,0.000123,0.001930,66.79
15,5.32,55.14,13.08,77.10,0,0,12.95,0.000005,0.018316,69.62
16,7.72,69.99,9.43,33.93,0,0,16.63,0.000000,0.105399,70.95
17,6.85,65.55,19.52,17.26,0,0,10.10,0.000000,0.367879,82.17
18,7.56,53.55,11.96,90.69,0,0,0.00,0.000000,0.778801,98.20
19,7.85,74.78,8.16,35.96,0,0,0.00,0.000000,1.000000,103.05
20,6.69,59.45,20.11,73.08,0,0,0.00,0.000000,0.778801,95.78
21,4.78,56.69,8.61,22.38,0,0,0.00,0.000000,0.367879,75.87
22,4.92,57.05,15.54,21.82,0,0,0.00,0.000000,0.105399,64.35
23,7.98,64.07,11.80,80.61,0,0,0.00,0.000000,0.018316,66.64
0,7.77,61.37,10.43,20.89,0,0,0.00,0.000000,0.000000,61.80
1,4.34,79.88,4.41,23.65,0,0,0.00,0.000005,0.000000,62.73
2,6.74,57.59,3.99,49.66,0,0,0.00,0.000123,0.000000,64.79
3,7.12,66.33,20.27,17.97,0,0,0.00,0.001930,0.000000,58.32
4,5.64,59.65,16.44,93.00,0,0,0.00,0.018316,0.000000,66.54
5,5.00,74.10,17.39,55.05,0,0,0.00,0.105399,0.000000,67.66
6,5.85,76.27,12.35,94.35,0,0,0.00,0.367879,0.000000,84.71
7,5.38,66.68,15.99,64.76,0,0,5.85,0.778801,0.000000,92.12
8,4.60,47.95,17.88,87.52,0,0,7.35,1.000000,0.000000,98.98
9,6.06,60.93,15.12,90.15,0,0,9.75,0.778801,0.000000,89.04
10,7.60,63.19,13.53,57.41,0,0,21.76,0.367879,0.000000,69.46
11,5.63,62.79,3.59,58.10,0,0,24.04,0.105399,0.000000,63.19
12,6.43,76.28,17.44,21.83,0,0,37.44,0.018316,0.000005,67.23
13,6.56,50.11,14.37,71.11,0,0,19.69,0.001930,0.000123,59.58
14,6.54,65.34,8.07,82.27,0,0,14.31,0.000123,0.001930,68.11
15,4.37,62.48,11.89,16.86,0,0,27.69,0.000005,0.018316,62.39
16,4.38,52.17,10.20,64.69,0,0,11.30,0.000000,0.105399,66.79
17,7.83,59.08,4.82,88.92,0,0,3.68,0.000000,0.367879,80.39
18,6.49,47.04,6.41,88.34,0,0,0.00,0.000000,0.778801,98.87
19,4.52,60.56,5.78,19.90,0,0,0.00,0.000000,1.000000,105.98
20,5.27,57.55,20.20,65.08,0,0,0.00,0.000000,0.778801,100.42
21,7.55,69.17,10.70,91.19,0,0,0.00,0.000000,0.367879,85.13
22,4.51,56.63,19.90,89.87,0,0,0.00,0.000000,0.105399,75.11
23,7.26,56.20,16.66,27.54,0,0,0.00,0.000000,0.018316,64.39
0,7.80,79.45,7.47,38.85,1,0,0.00,0.000000,0.000000,70.84
1,8.15,74.49,7.06,33.90,1,0,0.00,0.000005,0.000000,66.05
2,5.37,73.63,19.23,30.77,1,0,0.00,0.000123,0.000000,74.09
3,6.42,73.19,12.32,52.49,1,0,0.00,0.001930,0.000000,76.83
4,5.03,77.51,11.46,34.58,1,0,0.00,0.018316,0.000000,73.69
5,6.18,64.12,6.08,53.07,1,0,0.00,0.105399,0.000000,69.85
6,4.98,68.29,3.37,46.72,1,0,0.00,0.367879,0.000000,86.42
7,4.54,46.29,3.88,66.48,1,0,5.69,0.778801,0.000000,91.84
8,6.99,60.32,19.33,59.75,1,0,12.16,1.000000,0.000000,101.08
9,5.47,75.48,3.05,92.85,1,0,9.09,0.778801,0.000000,97.10
10,5.14,57.93,20.80,85.85,1,0,13.24,0.367879,0.000000,84.17
11,5.77,58.09,9.85,88.82,1,0,13.77,0.105399,0.000000,78.30
12,7.32,67.84,5.94,48.63,1,0,28.17,0.018316,0.000005,69.50
13,4.65,69.77,16.40,46.19,1,0,28.02,0.001930,0.000123,74.04
14,6.26,61.54,6.95,79.06,1,0,15.27,0.000123,0.001930,73.26
15,4.88,51.70,5.67,43.21,1,0,21.24,0.000005,0.018316,71.92
16,8.00,73.74,20.95,33.02,1,0,16.79,0.000000,0.105399,79.91
17,7.93,73.13,10.57,44.31,1,0,7.68,0.000000,0.367879,90.66
18,6.30,79.42,8.83,31.49,1,0,0.00,0.000000,0.778801,108.43
19,5.64,61.42,10.08,28.96,1,0,0.00,0.000000,1.000000,119.58
20,6.02,46.87,4.97,57.14,1,0,0.00,0.000000,0.778801,100.97
21,5.57,64.54,16.91,71.24,1,0,0.00,0.000000,0.367879,86.94
22,4.58,53.23,3.72,66.17,1,0,0.00,0.000000,0.105399,79.96
23,7.56,68.96,13.44,72.91,1,0,0.00,0.000000,0.018316,74.71
0,8.16,59.83,11.14,37.90,1,0,0.00,0.000000,0.000000,68.73
1,5.17,72.09,16.51,19.71,1,0,0.00,0.000005,0.000000,74.96
2,6.77,59.18,17.71,71.23,1,0,0.00,0.000123,0.000000,73.06
3,6.60,77.26,16.40,48.36,1,0,0.00,0.001930,0.000000,72.54
4,7.84,53.82,19.08,31.83,1,0,0.00,0.018316,0.000000,65.91
5,6.34,48.50,17.13,44.63,1,0,0.00,0.105399,0.000000,76.67
6,7.98,59.70,12.26,61.84,1,0,0.00,0.367879,0.000000,81.67
7,6.91,67.43,19.26,67.13,1,0,5.63,0.778801,0.000000,102.76
8,5.86,65.67,8.58,29.87,1,0,17.33,1.000000,0.000000,104.47
9,7.37,77.75,5.07,50.36,1,0,19.49,0.778801,0.000000,94.58
10,5.84,60.41,19.36,68.19,1,0,18.53,0.367879,0.000000,84.70
11,4.79,53.00,5.04,71.15,1,0,19.68,0.105399,0.000000,78.94
12,5.18,76.30,10.90,21.34,1,0,37.61,0.018316,0.000005,71.51
13,4.86,69.56,15.27,48.07,1,0,27.39,0.001930,0.000123,73.60
14,4.47,51.79,20.55,60.72,1,0,20.77,0.000123,0.001930,75.55
15,6.13,58.85,17.91,89.66,1,0,9.87,0.000005,0.018316,73.17
16,7.63,52.48,4.22,48.27,1,0,14.15,0.000000,0.105399,69.85
17,4.74,51.55,9.45,19.48,1,0,9.90,0.000000,0.367879,84.32
18,7.67,60.10,5.30,43.92,1,0,0.00,0.000000,0.778801,106.62
19,4.54,77.06,10.88,88.44,1,0,0.00,0.000000,1.000000,125.72
20,6.37,79.10,9.99,71.40,1,0,0.00,0.000000,0.778801,113.95
21,5.61,53.94,12.37,23.07,1,0,0.00,0.000000,0.367879,90.59
22,5.58,65.24,19.09,69.77,1,0,0.00,0.000000,0.105399,82.49
23,5.36,61.14,5.44,37.23,1,0,0.00,0.000000,0.018316,70.30
0,6.40,55.97,13.71,49.02,0,0,0.00,0.000000,0.000000,66.07
1,5.08,66.57,7.36,19.24,0,0,0.00,0.000005,0.000000,63.35
2,5.81,55.97,15.73,22.36,0,0,0.00,0.000123,0.000000,57.92
3,6.90,64.75,11.92,41.55,0,0,0.00,0.001930,0.000000,58.76
4,5.01,62.16,3.96,90.01,0,0,0.00,0.018316,0.000000,66.21
5,7.88,52.95,13.98,30.47,0,0,0.00,0.105399,0.000000,61.60
6,7.04,70.19,17.08,84.64,0,0,0.00,0.367879,0.000000,75.89
7,6.04,64.42,10.48,85.33,0,0,4.00,0.778801,0.000000,86.49
8,7.93,52.00,14.09,82.23,0,0,8.27,1.000000,0.000000,89.92
9,6.53,51.42,19.99,72.82,0,0,14.00,0.778801,0.000000,93.32
10,5.94,76.67,7.87,18.74,0,0,33.35,0.367879,0.000000,74.46
11,7.57,58.45,8.33,70.34,0,0,19.95,0.105399,0.000000,70.16
12,5.54,75.84,19.61,57.57,0,0,25.07,0.018316,0.000005,70.38
13,5.10,77.89,19.55,35.00,0,0,31.76,0.001930,0.000123,69.34
14,7.61,68.02,5.78,51.07,0,0,23.66,0.000123,0.001930,57.94
15,8.27,71.34,14.10,58.99,0,0,17.38,0.000005,0.018316,68.29
16,6.69,67.46,16.45,94.87,0,0,6.08,0.000000,0.105399,67.82
17,6.90,58.31,18.71,21.36,0,0,9.73,0.000000,0.367879,76.49
18,8.11,59.23,13.33,93.42,0,0,0.00,0.000000,0.778801,101.38
19,5.15,62.05,8.13,86.46,0,0,0.00,0.000000,1.000000,115.16
20,6.31,49.46,16.24,22.03,0,0,0.00,0.000000,0.778801,98.59
21,4.79,63.35,17.36,94.79,0,0,0.00,0.000000,0.367879,87.48
22,7.50,55.47,12.94,51.32,0,0,0.00,0.000000,0.105399,61.83
23,6.83,67.54,10.31,48.57,0,0,0.00,0.000000,0.018316,65.55
0,4.87,68.39,4.84,78.43,0,0,0.00,0.000000,0.000000,63.64
1,6.89,47.42,17.33,56.10,0,0,0.00,0.000005,0.000000,63.19
2,6.00,61.75,8.59,70.90,0,0,0.00,0.000123,0.000000,64.76
3,5.57,57.58,9.53,31.65,0,0,0.00,0.001930,0.000000,60.71
4,5.60,45.00,5.09,39.07,0,0,0.00,0.018316,0.000000,62.66
5,6.46,66.62,3.15,75.89,0,0,0.00,0.105399,0.000000,63.73
6,7.72,71.86,14.40,75.57,0,0,0.00,0.367879,0.000000,73.63
7,7.13,66.53,9.19,30.51,0,0,8.91,0.778801,0.000000,87.58
8,7.49,57.35,11.24,81.56,0,0,8.38,1.000000,0.000000,96.71
9,8.65,51.50,8.01,55.31,0,0,18.28,0.778801,0.000000,81.63
10,8.39,55.34,20.69,43.64,0,0,25.89,0.367879,0.000000,76.49
11,7.59,60.13,15.87,21.01,0,0,36.44,0.105399,0.000000,68.26
12,7.95,72.15,16.86,57.26,0,0,25.18,0.018316,0.000005,61.28
13,6.74,55.48,4.34,91.83,0,0,12.76,0.001930,0.000123,68.03
14,7.66,77.77,8.78,18.30,0,0,33.48,0.000123,0.001930,62.22
15,6.42,48.68,18.65,93.14,0,0,9.02,0.000005,0.018316,70.72
16,7.14,56.11,20.70,87.77,0,0,7.31,0.000000,0.105399,75.31
17,6.79,72.70,10.81,46.40,0,0,7.49,0.000000,0.367879,80.47
18,8.19,51.33,18.01,61.02,0,0,0.00,0.000000,0.778801,93.78
19,6.96,67.03,11.16,51.28,0,0,0.00,0.000000,1.000000,105.02
20,7.97,76.58,7.42,68.17,0,0,0.00,0.000000,0.778801,95.41
21,5.07,76.12,19.87,68.14,0,0,0.00,0.000000,0.367879,85.97
22,6.29,60.78,3.35,59.75,0,0,0.00,0.000000,0.105399,64.45
23,5.53,46.50,4.80,67.45,0,0,0.00,0.000000,0.018316,60.13
0,7.67,45.45,12.54,78.02,0,0,0.00,0.000000,0.000000,62.26
1,5.46,71.70,20.85,32.89,0,0,0.00,0.000005,0.000000,68.02
2,8.42,59.71,18.11,43.20,0,0,0.00,0.000123,0.000000,57.59
3,8.50,45.24,4.29,74.16,0,0,0.00,0.001930,0.000000,57.09
4,5.17,65.38,7.58,41.59,0,0,0.00,0.018316,0.000000,68.69
5,7.31,45.41,19.66,31.86,0,0,0.00,0.105399,0.000000,64.24
6,8.24,44.56,18.94,72.27,0,0,0.00,0.367879,0.000000,74.67
7,8.56,52.20,10.95,82.87,0,0,4.22,0.778801,0.000000,85.31
8,8.05,78.37,11.73,38.43,0,0,15.85,1.000000,0.000000,97.87
9,6.54,49.04,15.08,66.50,0,0,15.54,0.778801,0.000000,88.22
10,6.47,58.82,16.79,80.09,0,0,14.96,0.367879,0.000000,77.95
11,7.39,65.06,15.85,34.50,0,0,31.93,0.105399,0.000000,65.67
12,6.99,45.89,13.04,45.63,0,0,29.20,0.018316,0.000005,64.10
13,8.67,67.36,3.73,86.10,0,0,14.68,0.001930,0.000123,65.24
14,8.16,73.23,6.03,51.76,0,0,23.45,0.000123,0.001930,63.48
15,7.87,71.50,3.27,48.05,0,0,20.06,0.000005,0.018316,66.47
16,7.89,62.43,6.40,72.92,0,0,9.88,0.000000,0.105399,69.99
17,6.50,74.74,18.69,84.12,0,0,4.11,0.000000,0.367879,86.54
18,5.81,48.30,8.24,75.18,0,0,0.00,0.000000,0.778801,100.31
19,5.10,75.99,7.58,33.70,0,0,0.00,0.000000,1.000000,112.09
20,5.36,65.68,10.42,71.92,0,0,0.00,0.000000,0.778801,96.15
21,5.12,49.82,12.90,69.58,0,0,0.00,0.000000,0.367879,84.32
22,6.63,62.88,14.00,54.05,0,0,0.00,0.000000,0.105399,68.03
23,7.50,71.60,19.01,56.65,0,0,0.00,0.000000,0.018316,61.51
0,7.85,75.38,19.40,60.85,0,0,0.00,0.000000,0.000000,70.12
1,7.15,50.14,15.18,69.88,0,0,0.00,0.000005,0.000000,60.10
2,8.80,77.27,6.26,94.50,0,0,0.00,0.000123,0.000000,66.38
3,5.14,44.92,6.40,57.88,0,0,0.00,0.001930,0.000000,57.75
4,8.29,65.81,13.46,45.75,0,0,0.00,0.018316,0.000000,66.53
5,6.79,61.52,19.18,21.11,0,0,0.00,0.105399,0.000000,61.82
6,6.99,60.42,19.41,36.35,0,0,0.00,0.367879,0.000000,76.47
7,6.71,75.55,5.38,38.12,0,0,8.23,0.778801,0.000000,90.37
8,6.28,62.08,10.11,59.71,0,0,12.17,1.000000,0.000000,98.97
9,5.63,66.01,5.98,62.19,0,0,16.60,0.778801,0.000000,91.24
10,7.63,67.81,12.73,60.51,0,0,20.83,0.367879,0.000000,79.66
11,6.21,60.53,9.13,71.25,0,0,19.64,0.105399,0.000000,65.23
12,7.65,51.30,19.29,21.19,0,0,37.66,0.018316,0.000005,56.90
13,6.60,61.23,19.68,89.17,0,0,13.65,0.001930,0.000123,62.74
14,6.49,45.62,7.48,83.60,0,0,13.91,0.000123,0.001930,58.95
15,8.63,78.74,15.08,93.46,0,0,8.94,0.000005,0.018316,72.44
16,5.48,64.58,20.22,92.74,0,0,6.45,0.000000,0.105399,71.49
17,5.03,60.88,3.73,85.74,0,0,3.97,0.000000,0.367879,78.35
18,6.86,45.61,5.07,71.02,0,0,0.00,0.000000,0.778801,92.27
19,5.78,79.99,9.80,74.32,0,0,0.00,0.000000,1.000000,107.67
20,8.48,74.98,10.90,81.32,0,0,0.00,0.000000,0.778801,98.82
21,5.43,79.27,10.26,46.42,0,0,0.00,0.000000,0.367879,81.99
22,6.92,68.47,18.68,59.92,0,0,0.00,0.000000,0.105399,69.34
23,7.50,75.70,20.41,76.05,0,0,0.00,0.000000,0.018316,66.65
0,8.82,49.55,5.82,41.61,0,0,0.00,0.000000,0.000000,60.16
1,6.82,75.66,13.24,88.53,0,0,0.00,0.000005,0.000000,71.55
2,6.88,57.97,14.89,63.07,0,0,0.00,0.000123,0.000000,61.60
3,7.66,73.83,5.62,47.25,0,0,0.00,0.001930,0.000000,64.86
4,5.34,70.39,5.64,23.33,0,0,0.00,0.018316,0.000000,58.22
5,7.30,59.24,18.73,89.24,0,0,0.00,0.105399,0.000000,67.58
6,6.22,73.72,16.43,45.02,0,0,0.00,0.367879,0.000000,73.97
7,7.92,53.13,12.01,17.37,0,0,10.09,0.778801,0.000000,82.38
8,6.21,52.88,3.39,44.06,0,0,14.87,1.000000,0.000000,90.14
9,6.67,60.51,17.98,43.95,0,0,21.06,0.778801,0.000000,91.97
10,5.68,66.93,9.80,21.84,0,0,32.43,0.367879,0.000000,71.17
11,6.85,65.13,17.46,18.07,0,0,37.43,0.105399,0.000000,66.90
12,6.81,74.12,5.93,28.67,0,0,35.07,0.018316,0.000005,66.84
13,5.71,79.99,17.70,42.25,0,0,29.34,0.001930,0.000123,65.78
14,8.31,60.73,7.90,35.54,0,0,28.32,0.000123,0.001930,59.81
15,5.22,57.21,4.29,37.82,0,0,22.56,0.000005,0.018316,64.81
16,9.02,65.60,18.17,36.59,0,0,16.17,0.000000,0.105399,66.56
17,6.77,61.90,8.25,57.75,0,0,6.47,0.000000,0.367879,76.86
18,8.09,69.77,10.25,94.58,0,0,0.00,0.000000,0.778801,99.76
19,8.92,62.93,17.16,15.98,0,0,0.00,0.000000,1.000000,106.75
20,5.60,45.27,14.04,78.28,0,0,0.00,0.000000,0.778801,94.52
21,6.61,57.83,5.05,87.87,0,0,0.00,0.000000,0.367879,79.02
22,8.55,74.49,4.03,31.55,0,0,0.00,0.000000,0.105399,63.18
23,8.56,47.13,19.36,62.51,0,0,0.00,0.000000,0.018316,65.82
0,8.04,56.96,12.40,42.07,1,0,0.00,0.000000,0.000000,65.12
1,6.04,69.99,14.98,80.11,1,0,0.00,0.000005,0.000000,77.56
2,8.06,50.70,9.60,49.50,1,0,0.00,0.000123,0.000000,65.43
3,9.29,69.89,13.26,69.67,1,0,0.00,0.001930,0.000000,68.13
4,7.59,74.24,3.04,32.64,1,0,0.00,0.018316,0.000000,69.64
5,9.28,45.04,18.05,60.79,1,0,0.00,0.105399,0.000000,68.52
6,8.07,64.01,16.57,27.88,1,0,0.00,0.367879,0.000000,85.72
7,7.79,74.87,13.73,61.99,1,0,6.09,0.778801,0.000000,100.58
8,7.61,62.86,11.91,82.41,1,0,8.24,1.000000,0.000000,103.93
9,5.67,66.21,5.13,22.66,1,0,26.27,0.778801,0.000000,92.84
10,9.06,51.75,3.23,79.67,1,0,15.09,0.367879,0.000000,77.98
11,5.85,56.19,7.45,90.55,1,0,13.19,0.105399,0.000000,79.40
12,9.11,44.71,5.83,57.02,1,0,25.26,0.018316,0.000005,64.98
13,6.44,44.56,9.04,27.58,1,0,34.25,0.001930,0.000123,63.99
14,6.33,75.81,20.29,70.58,1,0,17.81,0.000123,0.001930,80.04
15,5.68,71.25,17.53,18.09,1,0,27.39,0.000005,0.018316,73.97
16,5.38,51.47,6.67,36.25,1,0,16.23,0.000000,0.105399,68.69
17,7.20,55.15,16.71,40.51,1,0,8.02,0.000000,0.367879,84.93
18,8.22,75.04,18.82,71.95,1,0,0.00,0.000000,0.778801,110.82
19,6.07,79.74,19.68,41.03,1,0,0.00,0.000000,1.000000,124.51
20,7.82,44.92,16.32,31.57,1,0,0.00,0.000000,0.778801,102.71
21,8.98,61.00,14.81,71.15,1,0,0.00,0.000000,0.367879,89.76
22,5.35,62.81,6.32,58.28,1,0,0.00,0.000000,0.105399,71.89
23,8.71,66.22,18.36,94.67,1,0,0.00,0.000000,0.018316,72.12
0,6.94,70.08,5.54,81.57,1,0,0.00,0.000000,0.000000,74.36
1,8.52,44.61,11.48,19.29,1,0,0.00,0.000005,0.000000,69.24
2,9.22,68.18,3.75,60.87,1,0,0.00,0.000123,0.000000,72.67
3,6.06,48.54,19.83,67.87,1,0,0.00,0.001930,0.000000,71.71
4,8.48,52.15,8.75,26.52,1,0,0.00,0.018316,0.000000,63.90
5,8.59,63.84,7.58,80.35,1,0,0.00,0.105399,0.000000,77.28
6,6.79,64.37,18.59,88.64,1,0,0.00,0.367879,0.000000,90.90
7,5.72,51.39,3.86,53.41,1,0,6.86,0.778801,0.000000,95.50
8,8.74,61.29,11.16,43.38,1,0,14.99,1.000000,0.000000,97.81
9,7.11,45.99,3.18,27.16,1,0,25.17,0.778801,0.000000,89.87
10,5.55,64.97,19.61,27.55,1,0,30.71,0.367879,0.000000,78.33
11,6.90,61.37,17.99,40.37,1,0,29.97,0.105399,0.000000,73.67
12,8.95,78.50,3.08,82.33,1,0,16.50,0.018316,0.000005,73.14
13,7.59,78.92,3.56,24.42,1,0,35.30,0.001930,0.000123,71.68
14,7.28,73.60,11.46,69.71,1,0,18.07,0.000123,0.001930,77.89
15,7.83,60.81,18.80,74.59,1,0,13.56,0.000005,0.018316,68.84
16,6.61,68.36,4.90,46.35,1,0,14.48,0.000000,0.105399,78.59
17,7.86,58.89,11.51,51.87,1,0,7.00,0.000000,0.367879,82.97
18,7.30,49.37,5.85,83.59,1,0,0.00,0.000000,0.778801,104.43
19,5.54,66.70,7.46,93.71,1,0,0.00,0.000000,1.000000,118.51
20,7.89,57.93,14.56,94.80,1,0,0.00,0.000000,0.778801,103.56
21,9.45,48.16,15.21,72.61,1,0,0.00,0.000000,0.367879,82.13
22,9.34,59.96,14.36,36.39,1,0,0.00,0.000000,0.105399,73.11
23,7.06,74.04,20.82,22.85,1,0,0.00,0.000000,0.018316,70.74
0,7.11,73.82,14.00,72.49,0,0,0.00,0.000000,0.000000,63.05
1,8.88,75.93,3.57,62.75,0,0,0.00,0.000005,0.000000,66.04
2,8.90,46.66,12.56,80.01,0,0,0.00,0.000123,0.000000,56.42
3,9.60,63.88,12.29,17.22,0,0,0.00,0.001930,0.000000,60.52
4,7.19,50.42,13.42,45.30,0,0,0.00,0.018316,0.000000,63.45
5,7.12,69.57,9.07,78.63,0,0,0.00,0.105399,0.000000,64.27
6,9.28,75.06,9.68,51.78,0,0,0.00,0.367879,0.000000,78.44
7,6.65,65.42,20.85,38.01,0,0,8.24,0.778801,0.000000,91.14
8,7.22,47.41,8.81,23.79,0,0,18.38,1.000000,0.000000,88.13
9,6.42,71.90,3.14,77.81,0,0,12.77,0.778801,0.000000,92.77
10,7.06,45.91,20.34,81.13,0,0,14.65,0.367879,0.000000,71.90
11,9.44,54.49,5.44,47.65,0,0,27.53,0.105399,0.000000,57.95
12,6.83,79.59,20.65,15.86,0,0,39.51,0.018316,0.000005,64.73
13,6.68,45.40,13.23,30.24,0,0,33.35,0.001930,0.000123,57.96
14,7.19,45.72,9.68,93.63,0,0,10.90,0.000123,0.001930,61.00
15,8.81,55.61,4.06,50.84,0,0,19.38,0.000005,0.018316,61.50
16,7.60,59.16,8.14,49.88,0,0,13.87,0.000000,0.105399,61.27
17,8.53,49.05,7.35,75.69,0,0,4.87,0.000000,0.367879,79.69
18,6.33,77.66,13.34,23.47,0,0,0.00,0.000000,0.778801,101.01
19,8.80,68.08,3.68,27.47,0,0,0.00,0.000000,1.000000,101.13
20,9.21,71.38,15.93,69.38,0,0,0.00,0.000000,0.778801,96.82
21,7.54,70.70,14.43,23.77,0,0,0.00,0.000000,0.367879,76.37
22,8.76,46.31,8.62,85.73,0,0,0.00,0.000000,0.105399,65.66
23,9.01,57.37,9.56,63.81,0,0,0.00,0.000000,0.018316,59.60
0,8.71,61.81,14.74,20.70,0,0,0.00,0.000000,0.000000,59.99
1,6.52,66.76,17.17,72.76,0,0,0.00,0.000005,0.000000,62.62
2,9.61,50.88,17.39,79.68,0,0,0.00,0.000123,0.000000,62.62
3,7.37,46.03,14.93,48.12,0,0,0.00,0.001930,0.000000,58.95
4,6.45,74.09,17.69,74.74,0,0,0.00,0.018316,0.000000,70.58
5,8.57,50.00,4.79,83.60,0,0,0.00,0.105399,0.000000,59.51
6,7.74,78.34,7.92,74.31,0,0,0.00,0.367879,0.000000,76.52
7,6.12,59.61,8.58,76.92,0,0,4.76,0.778801,0.000000,83.31
8,7.22,62.42,14.94,64.13,0,0,11.40,1.000000,0.000000,91.00
9,9.69,75.33,19.40,45.09,0,0,20.78,0.778801,0.000000,89.47
10,6.79,69.16,13.29,47.43,0,0,24.75,0.367879,0.000000,78.40
11,8.61,51.73,18.40,18.32,0,0,37.34,0.105399,0.000000,64.07
12,7.89,75.65,11.28,36.99,0,0,32.20,0.018316,0.000005,66.40
13,9.47,54.29,16.17,66.77,0,0,21.14,0.001930,0.000123,65.28
14,6.86,77.20,6.53,69.46,0,0,18.15,0.000123,0.001930,69.95
15,5.86,49.70,13.40,58.43,0,0,17.52,0.000005,0.018316,66.82
16,6.04,71.26,6.36,88.65,0,0,7.16,0.000000,0.105399,65.92
17,8.73,58.13,10.35,15.54,0,0,10.25,0.000000,0.367879,79.25
18,7.14,74.16,13.18,83.32,0,0,0.00,0.000000,0.778801,106.29
19,6.13,51.01,13.25,77.34,0,0,0.00,0.000000,1.000000,113.38
20,9.23,66.08,13.24,52.48,0,0,0.00,0.000000,0.778801,99.50
21,8.75,50.26,16.10,52.46,0,0,0.00,0.000000,0.367879,79.74
22,6.24,74.35,10.36,31.52,0,0,0.00,0.000000,0.105399,64.89
23,6.84,73.95,20.84,40.69,0,0,0.00,0.000000,0.018316,69.01
0,7.18,79.95,17.80,51.05,0,0,0.00,0.000000,0.000000,64.22
1,8.93,49.91,7.14,65.76,0,0,0.00,0.000005,0.000000,57.63
2,8.48,76.27,12.08,61.80,0,0,0.00,0.000123,0.000000,63.34
3,6.02,54.77,9.92,93.29,0,0,0.00,0.001930,0.000000,67.36
4,8.59,57.30,19.81,49.04,0,0,0.00,0.018316,0.000000,58.78
5,7.57,45.77,7.41,16.53,0,0,0.00,0.105399,0.000000,61.96
6,8.76,46.52,6.88,82.51,0,0,0.00,0.367879,0.000000,74.38
7,6.51,48.47,6.37,20.89,0,0,9.78,0.778801,0.000000,82.34
8,8.92,68.82,13.21,88.99,0,0,7.10,1.000000,0.000000,97.12
9,6.63,67.45,10.56,33.20,0,0,23.69,0.778801,0.000000,89.90
10,8.62,72.62,12.51,39.04,0,0,27.27,0.367879,0.000000,69.49
11,6.38,47.92,18.05,86.40,0,0,14.58,0.105399,0.000000,68.24
12,6.71,60.11,19.38,31.14,0,0,34.22,0.018316,0.000005,64.77
13,8.88,75.58,7.47,71.07,0,0,19.70,0.001930,0.000123,64.73
14,7.57,64.38,12.80,62.49,0,0,20.24,0.000123,0.001930,61.33
15,8.30,76.16,4.88,66.84,0,0,15.46,0.000005,0.018316,68.72
16,8.58,79.57,3.81,38.75,0,0,15.79,0.000000,0.105399,71.30
17,6.43,60.35,9.67,93.20,0,0,3.30,0.000000,0.367879,76.99
18,8.50,48.22,14.30,61.87,0,0,0.00,0.000000,0.778801,96.60
19,7.53,64.56,13.07,57.26,0,0,0.00,0.000000,1.000000,111.32
20,8.90,54.45,15.23,30.00,0,0,0.00,0.000000,0.778801,94.13
21,9.16,63.31,14.97,68.90,0,0,0.00,0.000000,0.367879,78.95
22,9.38,56.27,14.96,31.04,0,0,0.00,0.000000,0.105399,63.58
23,7.43,46.00,8.09,67.78,0,0,0.00,0.000000,0.018316,62.70
0,8.15,65.15,8.33,17.81,0,0,0.00,0.000000,0.000000,57.18
1,8.08,62.20,9.90,65.98,0,0,0.00,0.000005,0.000000,65.35
2,8.10,60.44,5.44,41.69,0,0,0.00,0.000123,0.000000,56.69
3,10.01,49.35,7.39,20.18,0,0,0.00,0.001930,0.000000,52.52
4,9.81,60.92,4.31,78.80,0,0,0.00,0.018316,0.000000,58.49
5,8.01,63.70,18.47,93.13,0,0,0.00,0.105399,0.000000,64.88
6,6.50,51.36,20.22,33.58,0,0,0.00,0.367879,0.000000,77.30
7,8.59,62.64,20.48,90.13,0,0,3.57,0.778801,0.000000,88.11
8,8.16,56.87,5.36,72.58,0,0,9.94,1.000000,0.000000,96.28
9,8.76,73.87,12.87,88.65,0,0,10.12,0.778801,0.000000,93.65
10,8.64,46.65,8.13,93.33,0,0,10.99,0.367879,0.000000,70.79
11,9.93,45.20,10.20,81.41,0,0,16.25,0.105399,0.000000,60.83
12,6.38,61.52,20.18,52.81,0,0,26.72,0.018316,0.000005,69.19
13,9.01,57.05,10.46,71.67,0,0,19.50,0.001930,0.000123,57.71
14,7.14,73.91,16.57,92.87,0,0,11.13,0.000123,0.001930,65.28
15,8.87,50.11,3.98,58.29,0,0,17.55,0.000005,0.018316,58.81
16,7.28,72.80,3.85,90.99,0,0,6.75,0.000000,0.105399,74.75
17,9.95,75.15,19.81,92.31,0,0,3.38,0.000000,0.367879,79.18
18,6.46,75.27,17.91,59.02,0,0,0.00,0.000000,0.778801,98.20
19,8.84,59.18,19.91,82.42,0,0,0.00,0.000000,1.000000,105.80
20,8.56,57.67,6.03,94.55,0,0,0.00,0.000000,0.778801,100.49
21,9.24,51.97,7.08,36.79,0,0,0.00,0.000000,0.367879,70.62
22,9.44,48.85,7.36,25.31,0,0,0.00,0.000000,0.105399,57.66
23,7.30,77.92,17.22,40.40,0,0,0.00,0.000000,0.018316,63.80
0,8.61,55.40,15.74,60.19,0,0,0.00,0.000000,0.000000,65.76
1,10.16,56.58,4.55,84.01,0,0,0.00,0.000005,0.000000,63.55
2,7.68,67.84,15.92,57.25,0,0,0.00,0.000123,0.000000,65.40
3,7.60,74.69,13.25,88.24,0,0,0.00,0.001930,0.000000,70.32
4,8.80,49.48,3.89,23.95,0,0,0.00,0.018316,0.000000,53.45
5,6.62,64.35,19.47,69.60,0,0,0.00,0.105399,0.000000,65.65
6,8.22,78.61,10.58,42.45,0,0,0.00,0.367879,0.000000,75.60
7,6.28,77.35,9.37,19.16,0,0,9.93,0.778801,0.000000,90.62
8,6.39,54.40,20.66,29.17,0,0,17.45,1.000000,0.000000,89.39
9,8.89,71.59,18.22,33.84,0,0,23.54,0.778801,0.000000,88.35
10,9.13,72.56,18.34,56.70,0,0,21.98,0.367879,0.000000,73.12
11,9.33,65.86,20.92,40.68,0,0,29.87,0.105399,0.000000,68.18
12,7.80,44.21,11.91,53.51,0,0,26.48,0.018316,0.000005,63.64
13,6.50,44.58,12.77,89.65,0,0,13.49,0.001930,0.000123,58.96
14,8.13,47.19,5.37,57.32,0,0,21.79,0.000123,0.001930,61.98
15,10.22,63.94,6.68,27.56,0,0,25.07,0.000005,0.018316,63.48
16,6.26,78.95,12.82,16.45,0,0,19.65,0.000000,0.105399,69.64
17,7.27,56.78,11.53,86.92,0,0,3.86,0.000000,0.367879,77.73
18,7.03,44.95,18.84,75.11,0,0,0.00,0.000000,0.778801,100.13
19,9.19,50.24,19.92,16.62,0,0,0.00,0.000000,1.000000,101.32
20,9.93,58.09,13.80,88.42,0,0,0.00,0.000000,0.778801,100.22
21,8.95,77.04,14.66,49.40,0,0,0.00,0.000000,0.367879,84.81
22,8.30,63.48,5.58,15.88,0,0,0.00,0.000000,0.105399,66.84
23,6.91,74.31,7.58,89.72,0,0,0.00,0.000000,0.018316,67.47
0,8.38,50.97,3.99,22.74,1,0,0.00,0.000000,0.000000,66.53
1,6.55,68.61,4.66,60.43,1,0,0.00,0.000005,0.000000,66.56
2,10.36,71.78,4.30,43.24,1,0,0.00,0.000123,0.000000,65.13
3,7.88,71.67,20.52,51.33,1,0,0.00,0.001930,0.000000,77.11
4,9.49,75.29,18.36,91.79,1,0,0.00,0.018316,0.000000,75.58
5,9.82,59.81,13.64,53.77,1,0,0.00,0.105399,0.000000,69.90
6,7.99,51.84,8.47,53.41,1,0,0.00,0.367879,0.000000,82.52
7,8.65,69.22,18.49,46.62,1,0,7.47,0.778801,0.000000,94.42
8,6.83,75.81,18.62,68.54,1,0,10.64,1.000000,0.000000,108.19
9,9.83,72.16,10.83,65.69,1,0,15.74,0.778801,0.000000,97.40
10,8.58,66.31,7.51,53.74,1,0,22.86,0.367879,0.000000,80.28
11,6.41,77.49,5.78,86.70,1,0,14.48,0.105399,0.000000,76.03
12,9.22,72.19,19.17,74.72,1,0,19.13,0.018316,0.000005,75.07
13,9.13,52.68,6.86,84.71,1,0,15.14,0.001930,0.000123,69.52
14,10.31,73.87,16.53,75.90,1,0,16.22,0.000123,0.001930,68.56
15,6.65,54.82,14.12,66.90,1,0,15.44,0.000005,0.018316,67.72
16,6.66,58.13,9.07,16.87,1,0,19.58,0.000000,0.105399,69.25
17,8.39,74.32,19.40,15.13,1,0,10.29,0.000000,0.367879,83.74
18,6.98,50.67,17.11,35.08,1,0,0.00,0.000000,0.778801,103.05
19,7.58,49.93,11.78,44.58,1,0,0.00,0.000000,1.000000,108.98
20,8.45,70.87,18.40,31.53,1,0,0.00,0.000000,0.778801,104.81
21,8.06,69.31,17.57,50.66,1,0,0.00,0.000000,0.367879,85.70
22,9.80,49.56,6.48,46.50,1,0,0.00,0.000000,0.105399,65.78
23,8.14,62.20,20.53,82.65,1,0,0.00,0.000000,0.018316,73.41
0,7.74,67.01,14.98,60.87,1,0,0.00,0.000000,0.000000,68.81
1,10.01,61.08,20.74,94.36,1,0,0.00,0.000005,0.000000,74.61
2,6.90,53.62,14.59,50.42,1,0,0.00,0.000123,0.000000,72.55
3,9.27,67.79,6.40,25.00,1,0,0.00,0.001930,0.000000,67.45
4,10.14,77.89,6.71,59.88,1,0,0.00,0.018316,0.000000,71.72
5,7.79,69.79,10.25,81.16,1,0,0.00,0.105399,0.000000,74.40
6,8.70,65.55,7.32,16.88,1,0,0.00,0.367879,0.000000,78.41
7,9.26,57.20,14.74,70.17,1,0,5.36,0.778801,0.000000,98.45
8,8.91,46.37,8.74,36.50,1,0,16.18,1.000000,0.000000,101.01
9,10.35,63.14,18.55,39.19,1,0,22.23,0.778801,0.000000,88.16
10,8.11,55.47,12.45,21.54,1,0,32.51,0.367879,0.000000,76.41
11,6.93,46.32,16.79,69.48,1,0,20.23,0.105399,0.000000,75.51
12,8.07,52.30,7.34,25.90,1,0,36.03,0.018316,0.000005,63.15
13,7.63,45.31,9.31,26.29,1,0,34.68,0.001930,0.000123,65.56
14,7.47,46.73,17.55,63.67,1,0,19.89,0.000123,0.001930,65.32
15,9.20,68.42,19.00,55.80,1,0,18.16,0.000005,0.018316,75.95
16,9.79,58.56,3.13,40.14,1,0,15.55,0.000000,0.105399,69.47
17,9.13,61.80,11.98,17.66,1,0,10.06,0.000000,0.367879,83.69
18,7.00,52.25,3.46,77.76,1,0,0.00,0.000000,0.778801,105.54
19,6.83,55.41,19.44,49.33,1,0,0.00,0.000000,1.000000,113.19
20,7.85,46.87,4.24,54.42,1,0,0.00,0.000000,0.778801,106.31
21,7.76,51.13,7.44,81.30,1,0,0.00,0.000000,0.367879,83.91
22,7.14,51.02,13.48,49.84,1,0,0.00,0.000000,0.105399,69.57
23,7.09,65.54,11.62,86.61,1,0,0.00,0.000000,0.018316,74.34
0,7.38,53.28,7.06,31.32,0,0,0.00,0.000000,0.000000,57.35
1,8.14,59.01,19.21,77.08,0,0,0.00,0.000005,0.000000,60.52
2,7.46,59.21,19.03,89.82,0,0,0.00,0.000123,0.000000,70.56
3,7.10,64.03,6.84,78.89,0,0,0.00,0.001930,0.000000,59.45
4,10.60,54.62,6.39,84.06,0,0,0.00,0.018316,0.000000,65.40
5,9.83,79.88,5.61,56.06,0,0,0.00,0.105399,0.000000,63.79
6,8.29,71.52,12.72,91.12,0,0,0.00,0.367879,0.000000,75.15
7,10.61,55.82,14.55,86.29,0,0,3.92,0.778801,0.000000,87.31
8,8.95,61.71,9.39,20.30,0,0,18.99,1.000000,0.000000,94.71
9,8.38,59.75,16.79,76.03,0,0,13.21,0.778801,0.000000,88.11
10,10.08,53.45,8.78,68.80,0,0,18.35,0.367879,0.000000,72.79
11,7.96,46.83,14.83,93.86,0,0,12.08,0.105399,0.000000,65.64
12,8.99,64.60,14.24,87.42,0,0,14.74,0.018316,0.000005,66.33
13,8.79,62.93,4.63,89.65,0,0,13.49,0.001930,0.000123,64.55
14,8.35,65.74,12.73,47.43,0,0,24.75,0.000123,0.001930,62.34
15,9.88,74.93,15.44,75.86,0,0,13.25,0.000005,0.018316,64.07
16,10.59,59.84,8.97,40.79,0,0,15.44,0.000000,0.105399,66.01
17,8.03,74.64,10.56,21.45,0,0,9.73,0.000000,0.367879,82.46
18,9.05,71.92,9.15,70.02,0,0,0.00,0.000000,0.778801,93.79
19,8.72,57.11,20.52,34.52,0,0,0.00,0.000000,1.000000,105.04
20,8.90,74.82,14.25,76.20,0,0,0.00,0.000000,0.778801,100.63
21,9.48,72.20,20.39,89.86,0,0,0.00,0.000000,0.367879,85.90
22,10.67,68.22,20.56,39.22,0,0,0.00,0.000000,0.105399,65.03
23,10.11,71.96,12.45,39.45,0,0,0.00,0.000000,0.018316,62.97
0,10.60,77.19,18.72,67.58,0,0,0.00,0.000000,0.000000,65.55
1,10.11,70.76,4.11,90.61,0,0,0.00,0.000005,0.000000,62.32
2,9.80,68.60,7.18,81.96,0,0,0.00,0.000123,0.000000,62.83
3,8.56,49.96,16.87,74.06,0,0,0.00,0.001930,0.000000,64.45
4,9.94,62.60,19.56,51.43,0,0,0.00,0.018316,0.000000,58.05
5,8.89,74.12,14.71,57.70,0,0,0.00,0.105399,0.000000,71.37
6,10.27,62.36,11.65,68.95,0,0,0.00,0.367879,0.000000,73.05
7,7.96,48.72,19.56,75.13,0,0,4.92,0.778801,0.000000,83.13
8,7.09,46.62,7.89,39.16,0,0,15.72,1.000000,0.000000,92.24
9,9.51,50.79,9.03,18.17,0,0,27.37,0.778801,0.000000,82.50
10,8.95,70.93,3.40,60.14,0,0,20.94,0.367879,0.000000,69.34
11,8.55,67.67,11.87,91.87,0,0,12.75,0.105399,0.000000,70.84
12,10.16,56.02,12.80,58.52,0,0,24.74,0.018316,0.000005,60.68
13,9.78,63.82,11.80,16.99,0,0,37.79,0.001930,0.000123,62.20
14,9.91,79.43,15.81,27.45,0,0,30.74,0.000123,0.001930,59.26
15,9.19,57.28,14.65,30.66,0,0,24.32,0.000005,0.018316,62.95
16,9.29,79.49,16.41,65.45,0,0,11.17,0.000000,0.105399,70.56
17,8.57,44.33,6.64,88.23,0,0,3.74,0.000000,0.367879,80.59
18,9.97,59.51,3.84,26.05,0,0,0.00,0.000000,0.778801,95.23
19,8.36,67.40,6.35,71.76,0,0,0.00,0.000000,1.000000,112.26
20,8.53,54.71,6.99,27.54,0,0,0.00,0.000000,0.778801,92.40
21,6.98,75.63,4.38,28.85,0,0,0.00,0.000000,0.367879,78.78
22,7.86,56.99,6.28,85.35,0,0,0.00,0.000000,0.105399,68.37
23,9.03,55.75,10.08,64.24,0,0,0.00,0.000000,0.018316,61.33
0,7.71,50.05,9.36,20.41,0,0,0.00,0.000000,0.000000,56.53
1,10.62,47.52,5.41,51.31,0,0,0.00,0.000005,0.000000,60.14
2,7.58,75.06,13.21,71.05,0,0,0.00,0.000123,0.000000,64.87
3,10.81,75.11,4.45,65.31,0,0,0.00,0.001930,0.000000,62.72
4,10.17,51.81,8.64,38.25,0,0,0.00,0.018316,0.000000,53.87
5,7.48,69.84,9.38,51.24,0,0,0.00,0.105399,0.000000,68.02
6,10.43,68.34,5.97,29.45,0,0,0.00,0.367879,0.000000,73.80
7,8.33,54.35,11.95,50.37,0,0,7.13,0.778801,0.000000,84.61
8,8.46,73.07,11.64,39.68,0,0,15.63,1.000000,0.000000,97.88
9,8.62,54.88,14.00,46.44,0,0,20.45,0.778801,0.000000,88.03
10,10.39,48.60,11.14,25.27,0,0,31.40,0.367879,0.000000,69.65
11,7.61,53.70,20.67,40.09,0,0,30.06,0.105399,0.000000,66.93
12,7.81,49.29,8.89,50.35,0,0,27.57,0.018316,0.000005,55.96
13,9.72,55.60,3.30,43.49,0,0,28.93,0.001930,0.000123,54.85
14,10.81,59.46,14.77,24.19,0,0,31.72,0.000123,0.001930,62.95
15,10.92,47.63,12.02,70.56,0,0,14.55,0.000005,0.018316,59.23
16,9.34,74.70,18.65,83.30,0,0,8.08,0.000000,0.105399,67.13
17,10.65,75.40,19.94,88.14,0,0,3.75,0.000000,0.367879,81.68
18,7.39,74.91,19.55,71.52,0,0,0.00,0.000000,0.778801,101.97
19,7.88,61.43,11.54,93.01,0,0,0.00,0.000000,1.000000,106.85
20,9.06,66.43,20.81,58.60,0,0,0.00,0.000000,0.778801,100.09
21,7.68,54.23,7.18,75.83,0,0,0.00,0.000000,0.367879,73.70
22,7.55,64.97,9.98,78.00,0,0,0.00,0.000000,0.105399,65.48
23,7.75,57.10,12.14,69.15,0,0,0.00,0.000000,0.018316,60.77
0,10.73,76.63,7.17,83.29,0,0,0.00,0.000000,0.000000,60.38
1,11.06,60.95,9.88,38.49,0,0,0.00,0.000005,0.000000,59.45
2,11.02,49.20,9.25,64.21,0,0,0.00,0.000123,0.000000,56.48
3,10.39,52.60,19.98,68.53,0,0,0.00,0.001930,0.000000,59.11
4,10.34,69.54,18.84,32.98,0,0,0.00,0.018316,0.000000,59.83
5,8.71,46.65,15.19,43.95,0,0,0.00,0.105399,0.000000,60.89
6,7.86,75.54,19.97,54.71,0,0,0.00,0.367879,0.000000,77.38
7,8.80,67.95,9.43,34.05,0,0,8.60,0.778801,0.000000,83.63
8,10.64,77.47,10.37,36.36,0,0,16.21,1.000000,0.000000,88.86
9,8.94,70.80,13.50,64.14,0,0,16.12,0.778801,0.000000,83.61
10,10.67,71.10,5.49,33.22,0,0,29.01,0.367879,0.000000,65.77
11,9.07,76.43,10.20,21.98,0,0,36.12,0.105399,0.000000,60.78
12,11.10,75.04,14.33,43.84,0,0,29.83,0.018316,0.000005,65.05
13,10.56,49.08,18.89,28.46,0,0,33.95,0.001930,0.000123,54.97
14,9.18,60.42,18.80,70.00,0,0,17.99,0.000123,0.001930,63.89
15,8.16,76.13,14.05,62.60,0,0,16.50,0.000005,0.018316,68.86
16,9.61,71.37,4.90,41.55,0,0,15.31,0.000000,0.105399,69.96
17,7.31,60.54,9.09,58.34,0,0,6.42,0.000000,0.367879,81.62
18,9.77,67.80,14.81,32.85,0,0,0.00,0.000000,0.778801,98.25
19,9.30,46.27,5.30,87.86,0,0,0.00,0.000000,1.000000,104.66
20,9.85,65.66,15.24,92.06,0,0,0.00,0.000000,0.778801,99.52
21,7.26,65.10,19.00,19.50,0,0,0.00,0.000000,0.367879,74.84
22,8.45,73.24,20.10,72.76,0,0,0.00,0.000000,0.105399,67.92
23,7.96,65.59,9.51,72.25,0,0,0.00,0.000000,0.018316,68.23
0,10.30,59.91,6.15,42.89,0,0,0.00,0.000000,0.000000,59.46
1,10.07,51.12,14.66,27.98,0,0,0.00,0.000005,0.000000,55.24
2,7.77,76.53,6.86,55.69,0,0,0.00,0.000123,0.000000,59.43
3,7.87,50.98,5.43,73.06,0,0,0.00,0.001930,0.000000,59.06
4,10.85,79.99,13.89,44.22,0,0,0.00,0.018316,0.000000,61.83
5,8.63,57.80,6.95,46.24,0,0,0.00,0.105399,0.000000,62.03
6,8.15,45.12,10.03,51.52,0,0,0.00,0.367879,0.000000,67.82
7,9.99,59.88,17.75,36.42,0,0,8.38,0.778801,0.000000,84.99
8,9.30,57.22,11.57,77.03,0,0,9.17,1.000000,0.000000,88.95
9,10.19,66.27,4.76,85.63,0,0,10.86,0.778801,0.000000,85.15
10,8.25,70.25,5.50,91.56,0,0,11.52,0.367879,0.000000,75.79
11,10.26,56.59,10.64,55.21,0,0,25.01,0.105399,0.000000,58.48
12,11.08,79.20,20.95,72.74,0,0,19.82,0.018316,0.000005,69.54
13,11.15,50.28,5.95,71.40,0,0,19.59,0.001930,0.000123,59.68
14,8.57,56.97,7.34,65.84,0,0,19.23,0.000123,0.001930,59.74
15,8.57,67.89,16.72,25.26,0,0,25.64,0.000005,0.018316,57.91
16,10.79,52.39,8.22,65.93,0,0,11.09,0.000000,0.105399,62.42
17,10.65,54.05,12.87,46.55,0,0,7.48,0.000000,0.367879,76.32
18,10.86,46.59,18.87,91.38,0,0,0.00,0.000000,0.778801,92.39
19,10.68,78.25,4.29,65.92,0,0,0.00,0.000000,1.000000,109.42
20,9.00,59.07,19.44,81.04,0,0,0.00,0.000000,0.778801,100.51
21,9.48,66.39,9.71,50.78,0,0,0.00,0.000000,0.367879,74.42
22,7.88,47.08,16.58,22.75,0,0,0.00,0.000000,0.105399,61.51
23,10.18,67.93,16.64,51.40,0,0,0.00,0.000000,0.018316,58.47
0,10.87,73.09,8.31,34.52,1,0,0.00,0.000000,0.000000,64.38
1,11.16,44.70,5.44,70.73,1,0,0.00,0.000005,0.000000,62.14
2,7.99,56.07,6.71,76.11,1,0,0.00,0.000123,0.000000,65.63
3,7.75,66.36,5.14,59.05,1,0,0.00,0.001930,0.000000,71.99
4,7.99,47.23,18.92,33.68,1,0,0.00,0.018316,0.000000,70.83
5,9.84,55.71,16.76,77.82,1,0,0.00,0.105399,0.000000,72.16
6,10.93,69.91,18.46,78.10,1,0,0.00,0.367879,0.000000,80.07
7,8.88,65.98,6.93,40.78,1,0,7.99,0.778801,0.000000,92.26
8,10.14,62.43,5.03,33.32,1,0,16.73,1.000000,0.000000,96.78
9,10.06,76.80,13.56,29.92,1,0,24.50,0.778801,0.000000,89.88
10,7.67,61.48,10.72,70.63,1,0,17.80,0.367879,0.000000,82.36
11,9.59,47.00,8.03,84.03,1,0,15.37,0.105399,0.000000,75.61
12,8.09,57.71,11.81,71.57,1,0,20.22,0.018316,0.000005,72.24
13,10.53,54.73,16.49,53.11,1,0,25.71,0.001930,0.000123,64.77
14,8.22,62.17,15.26,63.02,1,0,20.08,0.000123,0.001930,68.42
15,10.89,48.26,7.61,88.39,1,0,10.18,0.000005,0.018316,68.30
16,8.08,73.14,10.32,86.12,1,0,7.59,0.000000,0.105399,76.88
17,11.07,71.54,18.21,79.69,1,0,4.51,0.000000,0.367879,93.42
18,8.23,60.66,16.12,22.65,1,0,0.00,0.000000,0.778801,106.50
19,9.53,48.59,11.18,24.14,1,0,0.00,0.000000,1.000000,112.20
20,11.49,74.64,11.78,92.06,1,0,0.00,0.000000,0.778801,103.27
21,11.27,44.40,16.68,78.91,1,0,0.00,0.000000,0.367879,82.33
22,10.76,52.15,5.45,15.31,1,0,0.00,0.000000,0.105399,69.38
23,10.03,79.98,9.53,39.08,1,0,0.00,0.000000,0.018316,67.78
0,8.14,58.90,12.92,82.64,1,0,0.00,0.000000,0.000000,69.52
1,11.70,51.38,3.24,36.40,1,0,0.00,0.000005,0.000000,62.01
2,9.75,76.39,12.26,26.65,1,0,0.00,0.000123,0.000000,65.07
3,9.62,66.80,4.18,19.74,1,0,0.00,0.001930,0.000000,70.19
4,10.75,65.29,12.35,74.15,1,0,0.00,0.018316,0.000000,74.05
5,8.29,79.78,4.78,58.72,1,0,0.00,0.105399,0.000000,77.40
6,9.59,56.30,13.40,55.83,1,0,0.00,0.367879,0.000000,79.11
7,10.80,46.45,19.09,73.32,1,0,5.08,0.778801,0.000000,94.84
8,11.10,55.01,18.45,16.18,1,0,19.70,1.000000,0.000000,98.14
9,10.94,54.89,13.82,39.28,1,0,22.21,0.778801,0.000000,92.55
10,11.65,49.59,18.38,52.73,1,0,23.16,0.367879,0.000000,76.62
11,9.41,67.73,6.51,56.60,1,0,24.54,0.105399,0.000000,72.21
12,9.24,58.35,9.52,28.58,1,0,35.11,0.018316,0.000005,64.71
13,8.59,44.08,4.69,21.77,1,0,36.19,0.001930,0.000123,68.51
14,9.55,59.01,12.16,89.91,1,0,12.02,0.000123,0.001930,67.28
15,8.78,44.27,9.58,58.01,1,0,17.62,0.000005,0.018316,71.81
16,10.13,64.27,9.69,86.25,1,0,7.57,0.000000,0.105399,76.92
17,9.73,71.84,4.66,17.46,1,0,10.08,0.000000,0.367879,86.15
18,10.20,67.78,20.56,60.56,1,0,0.00,0.000000,0.778801,110.76
19,9.45,65.29,12.73,79.18,1,0,0.00,0.000000,1.000000,120.92
20,11.44,71.37,16.58,53.08,1,0,0.00,0.000000,0.778801,108.83
21,9.08,70.84,13.31,52.57,1,0,0.00,0.000000,0.367879,85.12
22,10.83,75.74,9.50,53.78,1,0,0.00,0.000000,0.105399,78.60
23,9.78,54.97,13.26,62.21,1,0,0.00,0.000000,0.018316,65.48
0,8.74,44.10,6.88,26.30,0,0,0.00,0.000000,0.000000,51.92
1,9.16,70.54,17.80,41.97,0,0,0.00,0.000005,0.000000,64.39
2,8.61,64.79,17.68,18.28,0,0,0.00,0.000123,0.000000,59.43
3,10.53,56.90,6.35,68.87,0,0,0.00,0.001930,0.000000,61.17
4,11.85,67.59,17.05,92.44,0,0,0.00,0.018316,0.000000,67.87
5,9.39,50.44,14.57,65.44,0,0,0.00,0.105399,0.000000,68.68
6,11.28,47.26,8.91,65.95,0,0,0.00,0.367879,0.000000,72.72
7,8.72,52.72,11.90,37.98,0,0,8.24,0.778801,0.000000,79.07
8,10.74,66.91,12.27,56.27,0,0,12.76,1.000000,0.000000,93.71
9,11.86,45.49,5.95,42.80,0,0,21.34,0.778801,0.000000,82.14
10,9.47,71.65,14.60,66.37,0,0,19.07,0.367879,0.000000,71.36
11,10.20,69.40,6.21,87.32,0,0,14.27,0.105399,0.000000,62.42
12,8.25,49.91,17.74,43.72,0,0,29.86,0.018316,0.000005,60.59
13,11.85,56.81,17.20,64.05,0,0,22.05,0.001930,0.000123,63.65
14,10.89,69.32,7.85,83.63,0,0,13.90,0.000123,0.001930,59.92
15,9.73,78.42,4.12,26.14,0,0,25.42,0.000005,0.018316,62.73
16,8.23,77.77,18.69,20.36,0,0,18.98,0.000000,0.105399,70.15
17,8.26,49.18,3.61,90.92,0,0,3.50,0.000000,0.367879,82.56
18,10.92,46.85,16.41,26.62,0,0,0.00,0.000000,0.778801,88.65
19,10.04,63.19,19.58,44.71,0,0,0.00,0.000000,1.000000,107.82
20,8.66,76.16,3.90,46.38,0,0,0.00,0.000000,0.778801,92.25
21,10.46,74.41,8.05,85.93,0,0,0.00,0.000000,0.367879,76.18
22,8.18,57.39,15.08,24.13,0,0,0.00,0.000000,0.105399,66.60
23,9.08,63.96,15.20,87.02,0,0,0.00,0.000000,0.018316,67.11
0,8.12,77.26,10.31,69.58,0,0,0.00,0.000000,0.000000,63.77
1,8.52,64.21,15.67,45.31,0,0,0.00,0.000005,0.000000,66.84
2,11.56,77.75,5.84,15.97,0,0,0.00,0.000123,0.000000,63.15
3,10.67,54.66,9.83,72.99,0,0,0.00,0.001930,0.000000,56.53
4,9.11,51.58,12.52,77.43,0,0,0.00,0.018316,0.000000,58.96
5,9.34,69.46,19.08,72.02,0,0,0.00,0.105399,0.000000,72.83
6,9.12,70.74,15.13,31.28,0,0,0.00,0.367879,0.000000,74.46
7,9.78,54.78,13.64,36.29,0,0,8.40,0.778801,0.000000,82.91
8,10.98,45.63,9.51,89.51,0,0,7.01,1.000000,0.000000,94.50
9,9.69,75.65,19.74,85.01,0,0,11.01,0.778801,0.000000,91.45
10,9.59,53.27,11.77,85.47,0,0,13.35,0.367879,0.000000,73.44
11,11.94,60.86,4.79,64.21,0,0,22.00,0.105399,0.000000,57.31
12,11.51,54.62,17.77,51.63,0,0,27.13,0.018316,0.000005,56.57
13,8.58,45.39,19.94,61.19,0,0,23.01,0.001930,0.000123,61.08
14,10.51,71.81,5.83,86.81,0,0,12.95,0.000123,0.001930,66.90
15,9.45,74.64,4.23,25.70,0,0,25.53,0.000005,0.018316,62.50
16,11.69,76.15,7.85,32.84,0,0,16.82,0.000000,0.105399,66.14
17,11.70,55.64,10.02,46.11,0,0,7.52,0.000000,0.367879,76.13
18,9.77,67.85,16.88,84.15,0,0,0.00,0.000000,0.778801,104.64
19,12.04,46.40,3.62,53.80,0,0,0.00,0.000000,1.000000,97.15
20,11.51,79.94,6.57,26.58,0,0,0.00,0.000000,0.778801,91.97
21,10.86,46.63,14.22,69.78,0,0,0.00,0.000000,0.367879,80.05
22,10.96,56.74,19.07,86.78,0,0,0.00,0.000000,0.105399,71.87
23,11.01,64.66,9.87,48.89,0,0,0.00,0.000000,0.018316,56.13
0,10.78,69.78,15.17,37.15,0,0,0.00,0.000000,0.000000,60.46
1,11.03,76.22,10.87,43.82,0,0,0.00,0.000005,0.000000,60.57
2,11.06,44.66,10.40,67.94,0,0,0.00,0.000123,0.000000,63.12
3,10.22,52.63,6.46,88.81,0,0,0.00,0.001930,0.000000,65.53
4,8.91,62.63,10.22,32.94,0,0,0.00,0.018316,0.000000,63.86
5,9.71,74.50,15.26,56.13,0,0,0.00,0.105399,0.000000,69.85
6,10.76,53.19,16.61,62.97,0,0,0.00,0.367879,0.000000,71.90
7,9.02,76.64,13.90,52.17,0,0,6.97,0.778801,0.000000,91.97
8,9.96,71.01,10.87,87.46,0,0,7.36,1.000000,0.000000,92.03
9,9.65,46.46,5.92,59.48,0,0,17.26,0.778801,0.000000,84.90
10,8.50,54.01,6.05,53.58,0,0,22.91,0.367879,0.000000,73.29
11,10.74,77.02,4.54,61.22,0,0,23.00,0.105399,0.000000,61.68
12,10.35,75.75,20.22,89.55,0,0,14.00,0.018316,0.000005,64.34
13,9.10,59.52,9.64,50.10,0,0,26.71,0.001930,0.000123,58.17
14,9.78,57.42,3.04,69.30,0,0,18.20,0.000123,0.001930,59.72
15,9.30,72.55,7.10,90.28,0,0,9.72,0.000005,0.018316,60.03
16,9.58,57.05,13.25,23.97,0,0,18.35,0.000000,0.105399,66.28
17,8.74,45.79,16.93,92.62,0,0,3.35,0.000000,0.367879,84.16
18,10.94,67.07,7.01,77.52,0,0,0.00,0.000000,0.778801,99.26
19,9.71,62.89,3.05,66.24,0,0,0.00,0.000000,1.000000,105.71
20,9.86,53.10,4.23,83.60,0,0,0.00,0.000000,0.778801,93.03
21,11.77,69.82,16.31,47.62,0,0,0.00,0.000000,0.367879,81.31
22,9.42,54.61,13.87,53.24,0,0,0.00,0.000000,0.105399,61.47
23,11.36,50.35,13.36,47.19,0,0,0.00,0.000000,0.018316,63.26
0,8.67,44.15,15.00,54.63,0,0,0.00,0.000000,0.000000,64.36
1,12.13,65.63,8.14,77.95,0,0,0.00,0.000005,0.000000,56.35
2,11.43,44.79,8.09,79.84,0,0,0.00,0.000123,0.000000,61.11
3,9.58,71.24,4.59,85.54,0,0,0.00,0.001930,0.000000,60.69
4,12.08,45.19,4.06,75.76,0,0,0.00,0.018316,0.000000,56.25
5,9.31,71.92,7.26,70.19,0,0,0.00,0.105399,0.000000,69.96
6,11.04,50.44,14.72,32.17,0,0,0.00,0.367879,0.000000,66.02
7,10.49,64.05,3.92,41.86,0,0,7.90,0.778801,0.000000,87.09
8,9.28,79.28,18.81,92.89,0,0,6.42,1.000000,0.000000,101.01
9,8.96,59.20,12.31,47.40,0,0,20.22,0.778801,0.000000,81.49
10,11.83,74.14,17.00,93.11,0,0,11.06,0.367879,0.000000,75.93
11,10.81,58.98,7.16,35.59,0,0,31.57,0.105399,0.000000,57.89
12,11.63,72.53,9.90,70.39,0,0,20.63,0.018316,0.000005,63.66
13,11.41,71.67,13.89,69.46,0,0,20.24,0.001930,0.000123,60.11
14,8.77,77.89,17.67,94.87,0,0,10.53,0.000123,0.001930,69.68
15,9.15,65.93,6.21,79.06,0,0,12.47,0.000005,0.018316,62.41
16,10.62,44.98,11.10,80.29,0,0,8.60,0.000000,0.105399,60.97
17,9.17,47.66,10.42,57.20,0,0,6.52,0.000000,0.367879,78.87
18,11.32,47.52,4.72,16.37,0,0,0.00,0.000000,0.778801,94.57
19,10.52,55.33,16.96,20.88,0,0,0.00,0.000000,1.000000,107.98
20,10.50,44.12,6.57,50.63,0,0,0.00,0.000000,0.778801,92.61
21,12.04,59.49,4.99,76.71,0,0,0.00,0.000000,0.367879,78.81
22,10.07,71.32,18.68,67.85,0,0,0.00,0.000000,0.105399,69.88
23,11.12,75.16,11.40,65.11,0,0,0.00,0.000000,0.018316,61.81
0,9.90,69.52,17.92,94.14,0,0,0.00,0.000000,0.000000,64.21
1,8.70,66.44,14.91,39.85,0,0,0.00,0.000005,0.000000,63.44
2,11.49,73.46,19.06,93.98,0,0,0.00,0.000123,0.000000,63.81
3,8.67,52.45,3.61,72.26,0,0,0.00,0.001930,0.000000,65.30
4,9.91,65.21,12.00,38.61,0,0,0.00,0.018316,0.000000,61.35
5,9.21,47.84,4.33,37.42,0,0,0.00,0.105399,0.000000,55.61
6,9.05,75.79,8.24,46.79,0,0,0.00,0.367879,0.000000,77.02
7,11.42,60.53,4.52,28.68,0,0,9.08,0.778801,0.000000,77.03
8,11.40,66.26,8.88,80.16,0,0,8.63,1.000000,0.000000,90.76
9,9.85,59.84,14.62,61.17,0,0,16.85,0.778801,0.000000,84.20
10,11.77,70.56,11.29,19.54,0,0,33.11,0.367879,0.000000,65.93
11,11.53,78.40,14.16,90.18,0,0,13.31,0.105399,0.000000,72.24
12,10.56,54.32,17.75,20.59,0,0,37.87,0.018316,0.000005,62.13
13,11.99,56.96,15.88,50.79,0,0,26.49,0.001930,0.000123,57.68
14,9.89,71.63,19.02,32.94,0,0,29.10,0.000123,0.001930,62.78
15,11.30,77.51,9.20,66.58,0,0,15.52,0.000005,0.018316,66.47
16,9.37,58.32,9.33,90.17,0,0,6.89,0.000000,0.105399,67.86
17,10.59,47.91,15.30,22.35,0,0,9.64,0.000000,0.367879,72.01
18,12.62,56.72,5.86,24.80,0,0,0.00,0.000000,0.778801,89.09
19,10.01,56.27,13.61,73.00,0,0,0.00,0.000000,1.000000,104.38
20,10.62,73.47,11.66,57.09,0,0,0.00,0.000000,0.778801,99.92
21,12.45,48.83,8.67,54.24,0,0,0.00,0.000000,0.367879,77.01
22,10.27,62.27,12.71,34.53,0,0,0.00,0.000000,0.105399,66.31
23,12.31,47.55,3.06,94.52,0,0,0.00,0.000000,0.018316,61.97
0,9.62,64.40,6.54,64.72,1,0,0.00,0.000000,0.000000,71.03
1,11.47,61.50,13.81,86.96,1,0,0.00,0.000005,0.000000,73.22
2,11.42,53.53,19.39,33.58,1,0,0.00,0.000123,0.000000,70.86
3,9.67,61.61,10.12,70.22,1,0,0.00,0.001930,0.000000,74.15
4,10.48,75.73,10.72,18.09,1,0,0.00,0.018316,0.000000,64.22
5,11.14,61.42,15.25,72.99,1,0,0.00,0.105399,0.000000,73.81
6,9.33,65.30,20.00,73.18,1,0,0.00,0.367879,0.000000,84.00
7,9.81,79.60,9.70,42.91,1,0,7.80,0.778801,0.000000,91.64
8,11.32,49.98,10.11,40.74,1,0,15.45,1.000000,0.000000,92.61
9,9.72,61.66,13.86,72.99,1,0,13.95,0.778801,0.000000,91.88
10,12.63,74.02,16.61,80.63,1,0,14.80,0.367879,0.000000,84.35
11,9.88,78.10,14.84,20.85,1,0,36.50,0.105399,0.000000,77.01
12,9.67,77.95,13.94,63.16,1,0,23.14,0.018316,0.000005,71.45
13,9.91,75.13,19.79,74.57,1,0,18.53,0.001930,0.000123,68.92
14,9.96,78.77,11.65,15.29,1,0,34.39,0.000123,0.001930,70.90
15,11.86,73.91,7.35,17.64,1,0,27.50,0.000005,0.018316,66.10
16,10.67,51.65,14.40,64.21,1,0,11.39,0.000000,0.105399,69.83
17,10.36,59.22,11.44,49.89,1,0,7.18,0.000000,0.367879,82.66
18,9.72,49.58,11.53,75.61,1,0,0.00,0.000000,0.778801,101.85
19,9.96,79.44,16.32,36.60,1,0,0.00,0.000000,1.000000,117.21
20,9.63,74.76,19.41,26.61,1,0,0.00,0.000000,0.778801,104.20
21,9.54,79.56,13.80,68.34,1,0,0.00,0.000000,0.367879,90.17
22,8.88,58.82,4.68,28.46,1,0,0.00,0.000000,0.105399,71.09
23,8.93,48.06,14.10,25.83,1,0,0.00,0.000000,0.018316,66.34
0,11.25,78.77,7.22,47.83,1,0,0.00,0.000000,0.000000,70.04
1,10.78,74.66,3.87,60.57,1,0,0.00,0.000005,0.000000,71.77
2,11.85,56.13,7.71,31.93,1,0,0.00,0.000123,0.000000,61.07
3,10.85,77.55,5.61,90.21,1,0,0.00,0.001930,0.000000,72.46
4,11.18,53.84,15.50,27.67,1,0,0.00,0.018316,0.000000,65.80
5,9.04,52.44,3.49,50.05,1,0,0.00,0.105399,0.000000,73.80
6,11.39,52.43,7.73,62.90,1,0,0.00,0.367879,0.000000,82.21
7,11.20,69.26,7.80,66.65,1,0,5.68,0.778801,0.000000,90.97
8,10.52,44.36,6.50,53.65,1,0,13.21,1.000000,0.000000,95.72
9,12.68,46.17,4.42,88.48,1,0,10.16,0.778801,0.000000,93.94
10,12.71,47.62,11.66,40.67,1,0,26.78,0.367879,0.000000,71.27
11,10.11,64.95,15.94,68.74,1,0,20.48,0.105399,0.000000,76.77
12,12.22,76.44,18.11,65.62,1,0,22.28,0.018316,0.000005,70.31
13,12.14,66.91,4.74,31.33,1,0,32.99,0.001930,0.000123,63.23
14,12.41,53.53,3.51,37.81,1,0,27.64,0.000123,0.001930,65.73
15,11.21,44.89,4.57,27.11,1,0,25.18,0.000005,0.018316,64.46
16,12.31,49.21,17.20,40.73,1,0,15.45,0.000000,0.105399,71.62
17,10.84,46.05,8.64,29.60,1,0,9.00,0.000000,0.367879,79.22
18,11.30,68.67,11.37,69.52,1,0,0.00,0.000000,0.778801,101.64
19,11.77,67.42,15.00,31.81,1,0,0.00,0.000000,1.000000,110.73
20,11.24,63.13,10.18,39.98,1,0,0.00,0.000000,0.778801,102.61
21,10.74,58.94,7.67,74.26,1,0,0.00,0.000000,0.367879,81.74
22,9.32,50.32,4.35,92.82,1,0,0.00,0.000000,0.105399,77.46
23,9.29,55.28,7.88,22.78,1,0,0.00,0.000000,0.018316,69.57
0,9.86,47.28,16.26,37.81,0,0,0.00,0.000000,0.000000,57.12
1,11.53,49.27,20.26,69.47,0,0,0.00,0.000005,0.000000,65.38
2,9.25,46.57,9.91,66.66,0,0,0.00,0.000123,0.000000,64.66
3,11.75,54.98,9.94,34.91,0,0,0.00,0.001930,0.000000,57.79
4,9.55,76.78,17.14,35.63,0,0,0.00,0.018316,0.000000,68.67
5,9.91,47.10,18.91,90.88,0,0,0.00,0.105399,0.000000,62.53
6,11.43,47.84,18.97,24.38,0,0,0.00,0.367879,0.000000,73.75
7,10.66,76.74,8.37,63.64,0,0,5.95,0.778801,0.000000,86.07
8,13.12,44.31,19.74,20.96,0,0,18.87,1.000000,0.000000,85.88
9,10.17,46.36,10.68,25.26,0,0,25.64,0.778801,0.000000,76.98
10,10.48,62.44,6.26,49.65,0,0,24.09,0.367879,0.000000,70.36
11,12.61,70.96,4.91,77.68,0,0,17.49,0.105399,0.000000,58.62
12,9.69,58.86,12.67,72.99,0,0,19.73,0.018316,0.000005,58.08
13,12.16,48.53,19.40,47.72,0,0,27.51,0.001930,0.000123,61.46
14,11.79,65.76,20.25,67.17,0,0,18.84,0.000123,0.001930,60.88
15,11.77,66.88,16.18,84.81,0,0,11.06,0.000005,0.018316,66.83
16,9.95,73.73,16.06,56.23,0,0,12.77,0.000000,0.105399,70.74
17,9.81,68.48,10.21,52.77,0,0,6.92,0.000000,0.367879,79.88
18,12.71,57.66,13.14,19.38,0,0,0.00,0.000000,0.778801,95.65
19,13.14,75.48,9.24,17.19,0,0,0.00,0.000000,1.000000,99.07
20,11.75,62.92,14.46,43.15,0,0,0.00,0.000000,0.778801,98.77
21,10.65,51.12,17.91,15.37,0,0,0.00,0.000000,0.367879,72.87
22,10.78,75.50,4.21,60.49,0,0,0.00,0.000000,0.105399,66.76
23,9.52,52.12,17.98,22.36,0,0,0.00,0.000000,0.018316,62.88
0,9.92,57.80,17.35,67.32,0,0,0.00,0.000000,0.000000,58.58
1,9.38,52.79,6.77,78.46,0,0,0.00,0.000005,0.000000,59.59
2,11.55,55.61,4.09,18.93,0,0,0.00,0.000123,0.000000,52.54
3,9.58,79.09,6.28,86.20,0,0,0.00,0.001930,0.000000,63.48
4,12.31,49.37,10.13,68.08,0,0,0.00,0.018316,0.000000,61.02
5,11.88,78.07,20.09,62.94,0,0,0.00,0.105399,0.000000,67.73
6,12.34,56.50,14.13,39.69,0,0,0.00,0.367879,0.000000,69.30
7,10.10,73.49,20.58,94.09,0,0,3.22,0.778801,0.000000,92.22
8,12.36,57.94,12.93,28.22,0,0,17.62,1.000000,0.000000,90.86
9,10.97,52.04,12.36,36.51,0,0,22.88,0.778801,0.000000,83.93
10,10.87,70.58,5.58,17.53,0,0,33.72,0.367879,0.000000,68.00
11,10.05,62.69,8.81,16.49,0,0,37.95,0.105399,0.000000,56.42
12,11.59,69.45,19.30,85.71,0,0,15.33,0.018316,0.000005,66.33
13,9.80,56.55,3.23,77.65,0,0,17.50,0.001930,0.000123,60.40
14,10.50,63.83,3.68,92.57,0,0,11.22,0.000123,0.001930,66.12
15,11.06,62.68,19.20,85.30,0,0,10.94,0.000005,0.018316,59.51
16,12.33,50.42,4.95,20.88,0,0,18.89,0.000000,0.105399,60.94
17,12.23,68.45,9.09,30.82,0,0,8.89,0.000000,0.367879,70.46
18,13.08,64.01,10.28,19.39,0,0,0.00,0.000000,0.778801,88.13
19,11.94,79.69,3.13,47.09,0,0,0.00,0.000000,1.000000,109.28
20,10.59,46.55,3.76,20.17,0,0,0.00,0.000000,0.778801,88.61
21,12.66,66.68,4.59,69.34,0,0,0.00,0.000000,0.367879,73.07
22,11.73,55.00,7.31,40.78,0,0,0.00,0.000000,0.105399,57.68
23,10.33,44.30,16.35,39.58,0,0,0.00,0.000000,0.018316,54.83
0,13.15,55.21,18.11,77.86,0,0,0.00,0.000000,0.000000,56.45
1,12.18,51.76,8.80,22.04,0,0,0.00,0.000005,0.000000,58.88
2,10.00,55.85,17.48,77.68,0,0,0.00,0.000123,0.000000,67.24
3,10.86,72.43,15.78,57.57,0,0,0.00,0.001930,0.000000,61.53
4,10.67,54.64,3.77,56.86,0,0,0.00,0.018316,0.000000,58.95
5,11.58,70.80,17.37,80.01,0,0,0.00,0.105399,0.000000,66.93
6,9.95,52.00,5.69,66.23,0,0,0.00,0.367879,0.000000,75.07
7,10.76,52.45,19.32,34.57,0,0,8.55,0.778801,0.000000,79.13
8,11.21,78.13,11.51,49.97,0,0,13.85,1.000000,0.000000,96.40
9,12.43,61.61,10.40,79.64,0,0,12.33,0.778801,0.000000,84.29
10,11.92,67.35,20.56,53.41,0,0,22.96,0.367879,0.000000,69.94
11,10.82,50.82,14.77,26.36,0,0,34.65,0.105399,0.000000,55.52
12,13.55,50.10,14.49,62.69,0,0,23.30,0.018316,0.000005,61.70
13,12.28,58.90,18.33,18.32,0,0,37.34,0.001930,0.000123,57.65
14,11.78,62.68,8.30,42.48,0,0,26.24,0.000123,0.001930,53.18
15,9.96,49.48,16.30,82.78,0,0,11.56,0.000005,0.018316,61.01
16,10.67,46.23,16.69,58.98,0,0,12.29,0.000000,0.105399,59.83
17,11.14,54.18,16.71,78.89,0,0,4.58,0.000000,0.367879,75.75
18,12.69,74.96,13.69,79.32,0,0,0.00,0.000000,0.778801,95.67
19,13.37,57.31,5.60,53.98,0,0,0.00,0.000000,1.000000,100.89
20,11.14,64.67,16.52,71.16,0,0,0.00,0.000000,0.778801,102.08
21,11.79,70.39,18.97,59.19,0,0,0.00,0.000000,0.367879,79.58
22,9.63,49.25,11.13,51.18,0,0,0.00,0.000000,0.105399,59.10
23,13.06,63.07,3.18,77.34,0,0,0.00,0.000000,0.018316,58.75
0,12.76,60.40,15.68,15.19,0,0,0.00,0.000000,0.000000,59.91
1,10.77,48.96,3.08,42.94,0,0,0.00,0.000005,0.000000,59.70
2,11.28,47.52,17.58,48.81,0,0,0.00,0.000123,0.000000,60.90
3,10.31,62.00,15.82,31.37,0,0,0.00,0.001930,0.000000,55.97
4,9.90,67.75,16.58,72.58,0,0,0.00,0.018316,0.000000,69.23
5,12.68,56.04,14.42,88.23,0,0,0.00,0.105399,0.000000,65.27
6,11.52,52.17,9.49,83.45,0,0,0.00,0.367879,0.000000,70.96
7,13.01,73.48,6.87,22.80,0,0,9.60,0.778801,0.000000,80.91
8,13.34,65.29,9.28,40.19,0,0,15.54,1.000000,0.000000,87.99
9,12.87,63.92,17.49,89.80,0,0,9.84,0.778801,0.000000,86.54
10,11.66,66.70,16.35,49.81,0,0,24.04,0.367879,0.000000,72.72
11,13.62,76.05,4.18,73.13,0,0,19.01,0.105399,0.000000,58.58
12,11.59,73.90,8.32,69.19,0,0,21.05,0.018316,0.000005,65.19
13,12.61,48.21,9.90,31.38,0,0,32.97,0.001930,0.000123,51.95
14,12.97,73.15,12.02,46.30,0,0,25.09,0.000123,0.001930,61.11
15,12.20,47.09,15.36,70.89,0,0,14.47,0.000005,0.018316,55.71
16,10.35,52.41,5.41,34.41,0,0,16.55,0.000000,0.105399,65.82
17,9.95,70.83,16.35,64.43,0,0,5.87,0.000000,0.367879,82.03
18,10.57,62.75,3.58,63.75,0,0,0.00,0.000000,0.778801,96.10
19,12.34,51.41,18.46,35.83,0,0,0.00,0.000000,1.000000,102.84
20,11.79,63.57,15.24,75.31,0,0,0.00,0.000000,0.778801,92.23
21,10.75,63.36,16.81,29.37,0,0,0.00,0.000000,0.367879,76.71
22,12.98,77.55,19.71,74.01,0,0,0.00,0.000000,0.105399,66.10
23,10.90,44.22,12.30,41.32,0,0,0.00,0.000000,0.018316,61.41
0,13.84,76.55,17.58,69.85,0,0,0.00,0.000000,0.000000,58.75
1,10.84,78.86,11.91,55.71,0,0,0.00,0.000005,0.000000,64.71
2,13.89,65.37,11.44,49.40,0,0,0.00,0.000123,0.000000,62.42
3,13.03,70.65,7.93,41.25,0,0,0.00,0.001930,0.000000,61.18
4,13.13,77.13,17.73,62.53,0,0,0.00,0.018316,0.000000,67.54
5,11.77,60.72,18.46,57.25,0,0,0.00,0.105399,0.000000,65.97
6,10.46,79.86,6.18,24.58,0,0,0.00,0.367879,0.000000,72.68
7,11.38,77.16,8.29,27.55,0,0,9.18,0.778801,0.000000,79.07
8,12.30,49.37,19.55,87.74,0,0,7.31,1.000000,0.000000,96.40
9,13.35,58.47,9.30,38.53,0,0,22.39,0.778801,0.000000,81.95
10,11.21,69.96,14.97,91.82,0,0,11.44,0.367879,0.000000,79.58
11,13.44,71.20,10.43,84.73,0,0,15.14,0.105399,0.000000,66.86
12,10.66,50.13,16.26,89.84,0,0,13.90,0.018316,0.000005,65.30
13,13.14,65.34,13.40,28.98,0,0,33.78,0.001930,0.000123,59.89
14,11.00,60.61,6.91,81.11,0,0,14.66,0.000123,0.001930,57.51
15,11.20,78.42,14.72,87.59,0,0,10.38,0.000005,0.018316,69.78
16,12.86,66.29,18.03,21.12,0,0,18.84,0.000000,0.105399,59.49
17,13.81,65.44,3.20,80.77,0,0,4.41,0.000000,0.367879,72.29
18,10.41,59.04,17.46,56.25,0,0,0.00,0.000000,0.778801,96.37
19,11.17,75.70,12.00,88.39,0,0,0.00,0.000000,1.000000,109.86
20,11.23,73.81,14.68,58.80,0,0,0.00,0.000000,0.778801,93.00
21,13.29,59.24,10.42,66.89,0,0,0.00,0.000000,0.367879,75.14
22,13.49,74.37,11.82,58.20,0,0,0.00,0.000000,0.105399,62.45
23,11.50,51.33,14.32,59.74,0,0,0.00,0.000000,0.018316,61.95
0,12.06,78.67,9.54,22.58,1,0,0.00,0.000000,0.000000,66.24
1,10.22,61.29,16.10,75.37,1,0,0.00,0.000005,0.000000,74.26
2,12.73,70.95,10.99,26.99,1,0,0.00,0.000123,0.000000,70.76
3,11.85,64.70,19.25,79.43,1,0,0.00,0.001930,0.000000,70.95
4,11.38,72.84,13.63,53.68,1,0,0.00,0.018316,0.000000,69.40
5,13.40,72.94,11.14,56.27,1,0,0.00,0.105399,0.000000,75.86
6,13.37,45.10,20.75,53.35,1,0,0.00,0.367879,0.000000,75.02
7,12.78,78.77,18.26,63.43,1,0,5.96,0.778801,0.000000,97.75
8,10.95,63.14,19.43,76.88,1,0,9.19,1.000000,0.000000,99.50
9,12.61,77.85,16.22,37.34,1,0,22.68,0.778801,0.000000,90.91
10,10.14,63.79,10.05,91.37,1,0,11.58,0.367879,0.000000,77.49
11,10.60,67.58,20.29,93.43,1,0,12.23,0.105399,0.000000,73.77
12,11.52,52.34,14.13,66.63,1,0,21.94,0.018316,0.000005,67.38
13,10.38,45.17,16.21,84.86,1,0,15.09,0.001930,0.000123,73.44
14,12.11,76.74,10.21,43.42,1,0,25.95,0.000123,0.001930,71.50
15,12.02,46.26,11.92,84.96,1,0,11.02,0.000005,0.018316,68.09
16,11.98,76.25,6.95,38.60,1,0,15.82,0.000000,0.105399,71.77
17,10.41,78.11,3.06,85.78,1,0,3.96,0.000000,0.367879,88.11
18,10.62,78.65,14.32,28.60,1,0,0.00,0.000000,0.778801,104.94
19,12.40,75.68,14.30,42.60,1,0,0.00,0.000000,1.000000,115.06
20,12.02,50.14,13.19,67.83,1,0,0.00,0.000000,0.778801,105.95
21,10.81,62.84,19.20,87.40,1,0,0.00,0.000000,0.367879,86.90
22,10.62,54.99,9.22,25.97,1,0,0.00,0.000000,0.105399,66.77
23,10.64,51.21,5.25,88.27,1,0,0.00,0.000000,0.018316,67.02
0,10.62,50.35,14.56,94.80,1,0,0.00,0.000000,0.000000,74.05
1,13.27,53.34,8.53,30.95,1,0,0.00,0.000005,0.000000,65.05
2,12.01,53.99,8.57,23.71,1,0,0.00,0.000123,0.000000,68.92
3,12.03,65.76,19.69,29.08,1,0,0.00,0.001930,0.000000,66.03
4,11.90,46.28,9.68,20.65,1,0,0.00,0.018316,0.000000,58.92
5,10.48,45.27,6.01,55.17,1,0,0.00,0.105399,0.000000,72.75
6,11.22,52.39,14.25,65.69,1,0,0.00,0.367879,0.000000,83.83
7,14.09,58.50,7.78,90.78,1,0,3.51,0.778801,0.000000,94.27
8,11.11,50.74,3.19,52.71,1,0,13.38,1.000000,0.000000,91.27
9,11.25,68.42,13.78,86.28,1,0,10.70,0.778801,0.000000,96.62
10,14.12,47.40,17.68,86.42,1,0,13.07,0.367879,0.000000,78.78
11,11.27,61.61,6.95,63.23,1,0,22.33,0.105399,0.000000,67.76
12,11.70,45.78,20.22,81.80,1,0,16.68,0.018316,0.000005,67.02
13,13.13,60.69,14.05,90.49,1,0,13.21,0.001930,0.000123,67.91
14,13.86,60.67,13.31,85.83,1,0,13.24,0.000123,0.001930,66.61
15,12.69,62.22,18.25,44.09,1,0,21.03,0.000005,0.018316,68.09
16,12.18,58.03,3.83,92.32,1,0,6.52,0.000000,0.105399,68.14
17,11.86,75.45,15.57,65.38,1,0,5.79,0.000000,0.367879,90.82
18,10.75,72.51,18.78,15.08,1,0,0.00,0.000000,0.778801,108.31
19,11.05,54.01,8.09,66.89,1,0,0.00,0.000000,1.000000,117.29
20,10.38,46.63,15.21,26.51,1,0,0.00,0.000000,0.778801,104.58
21,14.14,50.92,16.89,66.28,1,0,0.00,0.000000,0.367879,78.35
22,12.32,58.28,11.14,44.57,1,0,0.00,0.000000,0.105399,72.54
23,13.35,69.73,10.89,79.85,1,0,0.00,0.000000,0.018316,72.74
0,11.36,67.78,9.06,24.11,0,0,0.00,0.000000,0.000000,57.23
1,10.67,71.60,8.31,24.10,0,0,0.00,0.000005,0.000000,57.74
2,14.34,55.19,16.51,65.56,0,0,0.00,0.000123,0.000000,55.28
3,11.11,66.88,6.70,81.66,0,0,0.00,0.001930,0.000000,64.90
4,12.69,73.06,9.07,58.65,0,0,0.00,0.018316,0.000000,59.53
5,13.79,44.38,12.64,90.59,0,0,0.00,0.105399,0.000000,59.11
6,10.89,53.26,19.58,16.46,0,0,0.00,0.367879,0.000000,70.37
7,10.90,51.99,8.26,80.45,0,0,4.44,0.778801,0.000000,80.26
8,13.53,75.40,18.87,91.64,0,0,6.64,1.000000,0.000000,98.91
9,13.25,61.23,7.73,27.57,0,0,25.07,0.778801,0.000000,84.95
10,10.74,53.00,11.44,85.18,0,0,13.44,0.367879,0.000000,75.81
11,11.00,45.69,4.61,42.21,0,0,29.35,0.105399,0.000000,59.26
12,12.87,58.05,16.47,45.89,0,0,29.11,0.018316,0.000005,56.75
13,13.79,65.31,9.92,16.12,0,0,38.08,0.001930,0.000123,57.34
14,11.38,65.25,12.99,18.78,0,0,33.34,0.000123,0.001930,62.08
15,12.70,76.01,6.75,94.90,0,0,8.59,0.000005,0.018316,65.12
16,13.33,54.26,6.44,39.25,0,0,15.71,0.000000,0.105399,62.98
17,13.96,74.21,8.19,82.19,0,0,4.28,0.000000,0.367879,78.18
18,14.09,53.89,5.55,71.57,0,0,0.00,0.000000,0.778801,87.25
19,13.91,72.11,13.28,74.54,0,0,0.00,0.000000,1.000000,104.08
20,12.24,79.07,18.81,59.91,0,0,0.00,0.000000,0.778801,95.86
21,10.68,63.25,19.46,74.73,0,0,0.00,0.000000,0.367879,79.61
22,12.01,46.86,10.84,63.01,0,0,0.00,0.000000,0.105399,58.07
23,14.10,79.74,6.76,79.51,0,0,0.00,0.000000,0.018316,58.30
0,12.29,71.06,20.18,44.71,0,0,0.00,0.000000,0.000000,63.67
1,12.31,60.54,17.54,72.69,0,0,0.00,0.000005,0.000000,59.63
2,14.09,74.13,8.92,76.62,0,0,0.00,0.000123,0.000000,60.22
3,14.12,76.95,5.65,39.26,0,0,0.00,0.001930,0.000000,53.91
4,11.34,47.13,12.74,61.49,0,0,0.00,0.018316,0.000000,57.88
5,10.88,78.75,15.31,77.04,0,0,0.00,0.105399,0.000000,64.65
6,10.91,68.19,17.43,31.18,0,0,0.00,0.367879,0.000000,75.22
7,13.53,45.03,3.41,83.75,0,0,4.14,0.778801,0.000000,83.99
8,12.05,70.52,7.84,76.86,0,0,9.20,1.000000,0.000000,93.99
9,12.64,57.21,7.67,24.17,0,0,25.90,0.778801,0.000000,81.64
10,13.68,51.52,11.48,15.37,0,0,34.36,0.367879,0.000000,67.00
11,13.73,59.31,8.79,79.86,0,0,16.76,0.105399,0.000000,66.79
12,14.38,72.98,14.84,90.67,0,0,13.61,0.018316,0.000005,62.52
13,12.93,69.37,9.70,56.88,0,0,24.45,0.001930,0.000123,58.44
14,11.83,44.73,16.71,17.29,0,0,33.79,0.000123,0.001930,59.00
15,12.80,64.95,9.92,80.98,0,0,12.00,0.000005,0.018316,61.26
16,13.62,49.21,10.74,78.28,0,0,8.95,0.000000,0.105399,63.88
17,12.64,51.27,14.71,49.11,0,0,7.25,0.000000,0.367879,76.12
18,14.49,73.83,9.87,19.89,0,0,0.00,0.000000,0.778801,91.54
19,14.26,56.02,13.04,16.04,0,0,0.00,0.000000,1.000000,101.44
20,11.57,70.65,4.44,81.98,0,0,0.00,0.000000,0.778801,101.44
21,10.70,79.89,7.53,40.87,0,0,0.00,0.000000,0.367879,78.38
22,13.82,52.33,4.25,93.74,0,0,0.00,0.000000,0.105399,66.96
23,12.41,53.34,5.64,84.27,0,0,0.00,0.000000,0.018316,61.97
0,11.16,78.68,8.12,92.92,0,0,0.00,0.000000,0.000000,61.51
1,13.55,79.21,10.77,59.40,0,0,0.00,0.000005,0.000000,65.95
2,11.05,78.50,17.53,58.25,0,0,0.00,0.000123,0.000000,67.22
3,11.89,77.23,3.85,61.93,0,0,0.00,0.001930,0.000000,63.73
4,12.05,74.22,20.52,24.51,0,0,0.00,0.018316,0.000000,64.72
5,14.11,72.78,20.40,62.95,0,0,0.00,0.105399,0.000000,69.00
6,13.42,77.61,20.31,62.72,0,0,0.00,0.367879,0.000000,71.35
7,14.31,68.58,6.67,67.17,0,0,5.63,0.778801,0.000000,81.97
8,14.02,69.90,5.65,18.82,0,0,19.24,1.000000,0.000000,87.68
9,13.45,58.57,15.35,43.39,0,0,21.20,0.778801,0.000000,78.01
10,11.02,67.57,3.79,18.37,0,0,33.46,0.367879,0.000000,72.09
11,13.82,44.44,8.18,69.41,0,0,20.26,0.105399,0.000000,58.32
12,13.04,79.80,16.76,67.11,0,0,21.77,0.018316,0.000005,63.98
13,13.17,66.97,14.43,23.89,0,0,35.48,0.001930,0.000123,53.14
14,13.19,67.48,4.04,72.62,0,0,17.20,0.000123,0.001930,60.85
15,14.00,63.64,7.08,89.45,0,0,9.93,0.000005,0.018316,65.33
16,14.72,70.83,8.03,25.69,0,0,18.05,0.000000,0.105399,58.46
17,13.68,71.76,14.42,27.92,0,0,9.15,0.000000,0.367879,71.75
18,11.58,45.88,14.16,16.93,0,0,0.00,0.000000,0.778801,93.50
19,13.76,54.54,11.65,16.39,0,0,0.00,0.000000,1.000000,96.59
20,10.93,60.81,14.76,88.53,0,0,0.00,0.000000,0.778801,100.59
21,10.95,44.76,7.53,35.83,0,0,0.00,0.000000,0.367879,75.44
22,14.08,61.97,8.84,19.40,0,0,0.00,0.000000,0.105399,62.85
23,11.53,70.36,6.83,67.94,0,0,0.00,0.000000,0.018316,59.88
0,11.49,53.33,19.73,37.62,0,0,0.00,0.000000,0.000000,54.25
1,14.64,58.16,11.03,45.31,0,0,0.00,0.000005,0.000000,56.24
2,12.23,78.55,3.70,53.32,0,0,0.00,0.000123,0.000000,60.58
3,14.79,70.32,16.15,60.06,0,0,0.00,0.001930,0.000000,62.55
4,14.98,48.45,15.29,92.59,0,0,0.00,0.018316,0.000000,63.12
5,14.01,59.10,10.39,51.83,0,0,0.00,0.105399,0.000000,63.64
6,12.43,50.29,4.78,53.07,0,0,0.00,0.367879,0.000000,68.62
7,14.11,62.00,18.28,72.31,0,0,5.17,0.778801,0.000000,85.13
8,15.02,53.29,19.87,40.69,0,0,15.46,1.000000,0.000000,92.32
9,14.98,66.53,9.62,25.47,0,0,25.59,0.778801,0.000000,75.14
10,13.91,71.63,13.60,48.50,0,0,24.43,0.367879,0.000000,70.51
11,13.58,45.09,4.18,75.21,0,0,18.32,0.105399,0.000000,56.21
12,13.20,61.53,9.72,68.34,0,0,21.34,0.018316,0.000005,62.08
13,14.23,73.04,9.12,60.35,0,0,23.29,0.001930,0.000123,58.63
14,11.19,54.19,6.22,29.04,0,0,30.27,0.000123,0.001930,60.37
15,11.83,70.02,15.27,25.78,0,0,25.51,0.000005,0.018316,63.62
16,13.27,52.02,19.18,15.68,0,0,19.79,0.000000,0.105399,61.80
17,11.63,59.53,5.92,92.84,0,0,3.33,0.000000,0.367879,81.21
18,14.03,68.04,6.74,28.91,0,0,0.00,0.000000,0.778801,87.39
19,11.56,49.60,7.82,37.49,0,0,0.00,0.000000,1.000000,97.15
20,12.24,65.40,19.61,35.19,0,0,0.00,0.000000,0.778801,99.07
21,11.47,71.47,7.40,44.86,0,0,0.00,0.000000,0.367879,72.79
22,11.09,78.48,20.49,64.53,0,0,0.00,0.000000,0.105399,70.09
23,12.55,51.12,4.93,90.98,0,0,0.00,0.000000,0.018316,61.45
0,14.67,66.88,19.14,55.69,0,0,0.00,0.000000,0.000000,63.46
1,13.47,62.64,18.49,68.51,0,0,0.00,0.000005,0.000000,56.14
2,14.06,50.83,10.54,55.43,0,0,0.00,0.000123,0.000000,53.71
3,13.57,77.19,12.26,51.68,0,0,0.00,0.001930,0.000000,64.05
4,11.74,68.25,20.35,33.08,0,0,0.00,0.018316,0.000000,64.06
5,13.86,49.09,20.41,28.29,0,0,0.00,0.105399,0.000000,59.27
6,14.33,72.89,15.73,40.00,0,0,0.00,0.367879,0.000000,68.16
7,12.10,44.55,5.99,60.69,0,0,6.21,0.778801,0.000000,76.79
8,11.73,55.14,17.18,28.81,0,0,17.51,1.000000,0.000000,87.10
9,14.18,45.21,17.91,17.16,0,0,27.62,0.778801,0.000000,77.74
10,13.41,45.55,8.80,57.19,0,0,21.83,0.367879,0.000000,66.85
11,11.80,67.26,18.01,25.03,0,0,35.10,0.105399,0.000000,58.44
12,15.07,66.62,18.97,57.65,0,0,25.04,0.018316,0.000005,59.11
13,13.26,54.63,20.22,42.63,0,0,29.21,0.001930,0.000123,56.68
14,14.63,49.11,15.85,45.53,0,0,25.32,0.000123,0.001930,53.43
15,13.94,79.59,5.89,73.65,0,0,13.79,0.000005,0.018316,56.50
16,14.46,63.16,4.10,65.76,0,0,11.12,0.000000,0.105399,61.47
17,14.08,73.84,5.49,79.19,0,0,4.55,0.000000,0.367879,79.04
18,15.22,53.98,14.74,50.59,0,0,0.00,0.000000,0.778801,92.13
19,12.73,74.84,9.72,25.44,0,0,0.00,0.000000,1.000000,104.94
20,13.87,56.12,16.08,20.39,0,0,0.00,0.000000,0.778801,86.68
21,13.73,75.34,12.96,23.39,0,0,0.00,0.000000,0.367879,80.14
22,15.07,65.14,16.61,92.28,0,0,0.00,0.000000,0.105399,66.59
23,11.60,49.43,4.28,15.31,0,0,0.00,0.000000,0.018316,56.46
0,14.46,44.71,7.52,32.56,1,0,0.00,0.000000,0.000000,66.26
1,11.51,54.00,7.77,67.66,1,0,0.00,0.000005,0.000000,68.57
2,12.67,71.10,19.15,23.11,1,0,0.00,0.000123,0.000000,66.53
3,11.53,46.61,11.59,44.85,1,0,0.00,0.001930,0.000000,69.10
4,15.26,71.50,13.89,53.78,1,0,0.00,0.018316,0.000000,65.36
5,13.55,49.71,13.50,29.21,1,0,0.00,0.105399,0.000000,64.86
6,14.61,76.83,10.83,48.79,1,0,0.00,0.367879,0.000000,77.94
7,14.80,55.11,17.38,83.62,1,0,4.16,0.778801,0.000000,92.61
8,13.15,68.66,19.48,68.20,1,0,10.70,1.000000,0.000000,97.36
9,13.44,67.82,4.47,30.37,1,0,24.39,0.778801,0.000000,88.11
10,13.61,77.23,11.64,42.26,1,0,26.30,0.367879,0.000000,82.27
11,11.73,66.97,13.50,47.44,1,0,27.61,0.105399,0.000000,66.18
12,13.21,75.84,16.41,41.45,1,0,30.65,0.018316,0.000005,65.32
13,14.47,44.44,7.79,66.34,1,0,21.29,0.001930,0.000123,63.76
14,12.79,52.72,14.70,42.52,1,0,26.23,0.000123,0.001930,65.68
15,12.76,67.90,6.81,39.82,1,0,22.07,0.000005,0.018316,64.25
16,12.07,51.85,6.22,27.26,1,0,17.78,0.000000,0.105399,65.49
17,15.09,48.25,6.22,16.90,1,0,10.13,0.000000,0.367879,72.28
18,13.12,77.51,3.06,29.49,1,0,0.00,0.000000,0.778801,97.74
19,11.92,66.53,19.62,62.94,1,0,0.00,0.000000,1.000000,118.43
20,13.94,59.12,3.76,53.35,1,0,0.00,0.000000,0.778801,101.30
21,11.88,55.69,10.88,78.16,1,0,0.00,0.000000,0.367879,86.99
22,14.44,64.10,5.28,46.14,1,0,0.00,0.000000,0.105399,65.12
23,12.42,61.77,3.09,24.23,1,0,0.00,0.000000,0.018316,60.59
0,13.60,61.18,18.01,67.60,1,0,0.00,0.000000,0.000000,63.78
1,13.01,49.39,11.81,90.61,1,0,0.00,0.000005,0.000000,71.22
2,14.57,44.60,13.00,79.08,1,0,0.00,0.000123,0.000000,65.58
3,11.91,72.71,3.79,84.95,1,0,0.00,0.001930,0.000000,68.44
4,11.80,57.93,6.55,85.91,1,0,0.00,0.018316,0.000000,70.14
5,14.62,46.53,4.47,19.77,1,0,0.00,0.105399,0.000000,63.15
6,14.84,62.35,3.05,89.01,1,0,0.00,0.367879,0.000000,80.41
7,12.32,76.22,9.79,56.99,1,0,6.54,0.778801,0.000000,94.17
8,14.03,69.06,3.17,62.99,1,0,11.60,1.000000,0.000000,95.50
9,13.50,69.09,7.11,25.69,1,0,25.53,0.778801,0.000000,91.37
10,13.00,52.59,4.44,42.06,1,0,26.36,0.367879,0.000000,75.70
11,12.16,66.71,5.44,94.13,1,0,11.99,0.105399,0.000000,74.88
12,13.42,60.49,10.50,67.19,1,0,21.74,0.018316,0.000005,66.07
13,11.92,76.67,6.16,17.47,1,0,37.63,0.001930,0.000123,61.77
14,15.25,63.48,11.62,53.55,1,0,22.92,0.000123,0.001930,60.23
15,13.62,65.29,12.28,63.91,1,0,16.18,0.000005,0.018316,69.26
16,14.56,61.98,10.13,80.80,1,0,8.52,0.000000,0.105399,73.61
17,13.90,71.81,5.59,49.18,1,0,7.24,0.000000,0.367879,82.35
18,14.38,62.26,17.51,55.11,1,0,0.00,0.000000,0.778801,101.62
19,12.21,58.63,6.16,46.58,1,0,0.00,0.000000,1.000000,106.17
20,11.88,48.93,15.04,47.00,1,0,0.00,0.000000,0.778801,104.54
21,13.42,56.46,18.29,53.30,1,0,0.00,0.000000,0.367879,82.14
22,14.29,55.98,12.57,16.67,1,0,0.00,0.000000,0.105399,64.92
23,14.13,72.87,19.09,27.18,1,0,0.00,0.000000,0.018316,70.21
0,14.79,70.44,3.74,84.61,0,0,0.00,0.000000,0.000000,63.33
1,13.50,67.69,4.50,68.01,0,0,0.00,0.000005,0.000000,54.44
2,15.51,77.45,16.42,94.44,0,0,0.00,0.000123,0.000000,67.14
3,12.55,56.90,18.86,67.06,0,0,0.00,0.001930,0.000000,65.57
4,15.28,70.77,12.17,92.11,0,0,0.00,0.018316,0.000000,59.95
5,14.61,61.09,18.39,54.58,0,0,0.00,0.105399,0.000000,66.70
6,11.96,63.86,15.40,16.15,0,0,0.00,0.367879,0.000000,74.00
7,13.89,50.25,9.93,21.18,0,0,9.75,0.778801,0.000000,73.39
8,14.53,48.07,15.56,61.92,0,0,11.78,1.000000,0.000000,92.55
9,15.67,67.97,18.64,21.03,0,0,26.67,0.778801,0.000000,77.18
10,14.07,60.80,7.43,74.76,0,0,16.56,0.367879,0.000000,65.04
11,13.91,75.98,11.65,47.28,0,0,27.66,0.105399,0.000000,61.67
12,15.73,51.70,11.36,46.40,0,0,28.94,0.018316,0.000005,57.62
13,13.64,53.06,9.33,68.45,0,0,20.58,0.001930,0.000123,61.07
14,15.80,77.01,18.63,42.06,0,0,26.36,0.000123,0.001930,58.48
15,13.97,71.87,6.33,53.29,0,0,18.78,0.000005,0.018316,57.80
16,13.56,67.98,16.42,16.74,0,0,19.60,0.000000,0.105399,64.84
17,14.90,60.50,11.80,76.06,0,0,4.83,0.000000,0.367879,79.03
18,14.69,76.69,14.04,93.13,0,0,0.00,0.000000,0.778801,95.02
19,15.30,74.20,8.21,89.21,0,0,0.00,0.000000,1.000000,105.12
20,12.18,69.56,20.60,35.97,0,0,0.00,0.000000,0.778801,96.35
21,12.97,56.96,20.99,41.39,0,0,0.00,0.000000,0.367879,76.86
22,15.13,64.71,7.97,93.18,0,0,0.00,0.000000,0.105399,67.92
23,14.23,49.39,12.86,29.63,0,0,0.00,0.000000,0.018316,58.72
0,13.85,44.44,14.96,67.33,0,0,0.00,0.000000,0.000000,61.15
1,13.46,77.68,13.75,31.85,0,0,0.00,0.000005,0.000000,63.05
2,15.55,49.42,17.22,17.88,0,0,0.00,0.000123,0.000000,57.63
3,15.79,73.98,4.93,33.31,0,0,0.00,0.001930,0.000000,60.05
4,15.81,45.65,19.59,39.35,0,0,0.00,0.018316,0.000000,58.94
5,14.68,66.37,9.65,83.75,0,0,0.00,0.105399,0.000000,59.40
6,15.71,72.53,9.70,58.39,0,0,0.00,0.367879,0.000000,74.74
7,14.66,59.98,9.04,85.85,0,0,3.96,0.778801,0.000000,79.18
8,14.17,59.75,4.43,88.77,0,0,7.14,1.000000,0.000000,91.87
9,13.30,68.51,8.93,85.22,0,0,10.96,0.778801,0.000000,85.00
10,13.21,72.69,4.83,22.52,0,0,32.22,0.367879,0.000000,70.15
11,13.37,68.23,10.54,71.88,0,0,19.43,0.105399,0.000000,64.97
12,15.73,77.16,15.02,42.62,0,0,30.25,0.018316,0.000005,61.66
13,14.92,79.16,14.92,19.27,0,0,37.03,0.001930,0.000123,59.48
14,12.77,78.32,19.08,63.06,0,0,20.07,0.000123,0.001930,62.59
15,13.93,64.82,9.85,82.93,0,0,11.52,0.000005,0.018316,57.85
16,14.51,72.34,9.52,20.68,0,0,18.92,0.000000,0.105399,60.00
17,12.82,78.93,10.72,83.01,0,0,4.21,0.000000,0.367879,84.21
18,15.43,46.24,4.13,64.67,0,0,0.00,0.000000,0.778801,90.73
19,14.92,73.01,10.43,47.27,0,0,0.00,0.000000,1.000000,99.13
20,14.54,78.99,16.01,59.59,0,0,0.00,0.000000,0.778801,98.53
21,15.41,44.92,16.37,59.63,0,0,0.00,0.000000,0.367879,70.88
22,15.87,75.60,19.97,80.50,0,0,0.00,0.000000,0.105399,68.65
23,14.90,61.94,14.80,27.93,0,0,0.00,0.000000,0.018316,54.90
0,15.16,50.20,17.36,39.84,0,0,0.00,0.000000,0.000000,56.80
1,13.30,56.48,15.37,59.12,0,0,0.00,0.000005,0.000000,53.92
2,14.49,79.85,7.44,69.91,0,0,0.00,0.000123,0.000000,56.67
3,13.58,74.45,17.66,75.21,0,0,0.00,0.001930,0.000000,65.81
4,14.54,66.74,19.66,16.94,0,0,0.00,0.018316,0.000000,59.03
5,12.41,48.68,11.74,44.00,0,0,0.00,0.105399,0.000000,60.60
6,14.44,60.08,5.52,88.33,0,0,0.00,0.367879,0.000000,67.83
7,13.70,61.25,7.77,59.82,0,0,6.29,0.778801,0.000000,81.08
8,15.98,61.48,8.61,37.88,0,0,15.94,1.000000,0.000000,81.79
9,12.50,71.10,15.52,56.57,0,0,17.97,0.778801,0.000000,82.00
10,14.82,44.51,6.88,20.74,0,0,32.75,0.367879,0.000000,66.82
11,15.50,49.91,12.43,93.07,0,0,12.35,0.105399,0.000000,63.80
12,16.12,72.98,6.72,64.37,0,0,22.72,0.018316,0.000005,55.28
13,12.97,46.94,10.80,43.52,0,0,28.91,0.001930,0.000123,53.34
14,13.45,63.51,17.99,49.88,0,0,24.02,0.000123,0.001930,63.78
15,14.05,61.79,7.31,80.20,0,0,12.19,0.000005,0.018316,63.72
16,13.62,70.39,16.76,83.88,0,0,7.98,0.000000,0.105399,68.21
17,15.24,52.23,19.35,34.53,0,0,8.55,0.000000,0.367879,75.94
18,12.51,70.86,12.28,30.46,0,0,0.00,0.000000,0.778801,98.14
19,13.42,63.39,4.35,93.15,0,0,0.00,0.000000,1.000000,108.31
20,14.09,56.71,19.41,29.81,0,0,0.00,0.000000,0.778801,96.73
21,16.19,55.84,16.80,90.87,0,0,0.00,0.000000,0.367879,71.46
22,13.10,54.71,9.73,40.65,0,0,0.00,0.000000,0.105399,57.59
23,12.50,67.30,5.69,69.12,0,0,0.00,0.000000,0.018316,59.12
0,13.33,50.33,17.42,32.10,0,0,0.00,0.000000,0.000000,54.42
1,13.57,50.22,3.41,20.33,0,0,0.00,0.000005,0.000000,55.35
2,15.45,50.88,16.23,82.09,0,0,0.00,0.000123,0.000000,62.33
3,15.94,75.20,19.21,80.97,0,0,0.00,0.001930,0.000000,58.03
4,12.66,58.17,15.29,19.48,0,0,0.00,0.018316,0.000000,62.47
5,15.89,71.66,13.59,74.77,0,0,0.00,0.105399,0.000000,68.11
6,13.04,67.96,11.25,39.66,0,0,0.00,0.367879,0.000000,65.30
7,15.27,68.03,12.54,45.88,0,0,7.54,0.778801,0.000000,78.98
8,12.97,54.25,7.83,34.57,0,0,16.52,1.000000,0.000000,88.38
9,14.06,49.85,14.97,26.48,0,0,25.34,0.778801,0.000000,78.49
10,13.64,50.88,14.14,72.25,0,0,17.31,0.367879,0.000000,70.97
11,13.89,77.88,10.44,78.51,0,0,17.22,0.105399,0.000000,64.93
12,12.51,58.85,19.41,83.14,0,0,16.22,0.018316,0.000005,58.30
13,14.68,47.55,12.32,39.57,0,0,30.24,0.001930,0.000123,50.80
14,14.87,54.50,12.43,25.86,0,0,31.22,0.000123,0.001930,52.57
15,16.33,60.72,5.05,74.75,0,0,13.52,0.000005,0.018316,61.68
16,13.03,62.33,6.52,38.78,0,0,15.79,0.000000,0.105399,61.51
17,14.25,56.25,10.09,52.76,0,0,6.92,0.000000,0.367879,68.47
18,13.50,51.65,7.63,80.11,0,0,0.00,0.000000,0.778801,91.95
19,13.73,54.36,19.17,92.54,0,0,0.00,0.000000,1.000000,106.41
20,16.00,50.69,16.37,64.19,0,0,0.00,0.000000,0.778801,89.97
21,14.89,70.51,13.82,89.70,0,0,0.00,0.000000,0.367879,75.44
22,12.51,69.39,6.86,59.59,0,0,0.00,0.000000,0.105399,63.30
23,14.35,70.95,18.90,75.80,0,0,0.00,0.000000,0.018316,59.61
0,13.12,74.82,8.98,30.35,0,0,0.00,0.000000,0.000000,61.79
1,16.40,56.96,3.28,93.17,0,0,0.00,0.000005,0.000000,59.42
2,12.74,59.90,8.81,61.24,0,0,0.00,0.000123,0.000000,57.44
3,14.56,46.35,6.92,47.88,0,0,0.00,0.001930,0.000000,54.21
4,14.72,62.65,14.71,34.86,0,0,0.00,0.018316,0.000000,57.56
5,15.07,54.59,12.53,59.27,0,0,0.00,0.105399,0.000000,55.45
6,15.22,73.58,19.27,28.92,0,0,0.00,0.367879,0.000000,65.93
7,13.36,69.62,19.73,80.68,0,0,4.42,0.778801,0.000000,84.07
8,12.78,54.18,7.57,60.64,0,0,12.00,1.000000,0.000000,89.04
9,12.73,76.31,6.77,68.04,0,0,15.17,0.778801,0.000000,84.30
10,13.41,51.00,9.86,86.57,0,0,13.02,0.367879,0.000000,69.80
11,14.22,45.04,8.94,85.69,0,0,14.81,0.105399,0.000000,63.66
12,13.51,72.44,13.29,36.32,0,0,32.43,0.018316,0.000005,55.45
13,13.74,66.41,6.15,66.57,0,0,21.21,0.001930,0.000123,54.79
14,12.79,71.20,8.14,21.09,0,0,32.65,0.000123,0.001930,52.73
15,16.50,71.81,5.29,53.36,0,0,18.76,0.000005,0.018316,61.79
16,14.24,76.49,3.48,59.44,0,0,12.21,0.000000,0.105399,60.45
17,15.41,69.98,11.44,81.01,0,0,4.39,0.000000,0.367879,80.04
18,14.99,66.88,7.69,86.27,0,0,0.00,0.000000,0.778801,97.23
19,14.47,64.00,14.12,26.73,0,0,0.00,0.000000,1.000000,99.61
20,16.23,55.52,13.86,83.89,0,0,0.00,0.000000,0.778801,91.27
21,14.12,58.83,10.80,33.60,0,0,0.00,0.000000,0.367879,70.09
22,12.72,78.16,3.41,38.93,0,0,0.00,0.000000,0.105399,66.42
23,14.78,57.75,14.18,75.96,0,0,0.00,0.000000,0.018316,56.10
0,15.64,44.05,10.88,72.63,1,0,0.00,0.000000,0.000000,60.84
1,16.27,55.91,9.34,41.08,1,0,0.00,0.000005,0.000000,63.82
2,15.98,73.27,11.64,58.65,1,0,0.00,0.000123,0.000000,64.45
3,13.72,70.34,3.55,79.66,1,0,0.00,0.001930,0.000000,66.58
4,14.23,63.38,7.73,37.17,1,0,0.00,0.018316,0.000000,65.70
5,14.34,56.98,9.93,90.61,1,0,0.00,0.105399,0.000000,71.48
6,13.98,65.97,11.27,22.22,1,0,0.00,0.367879,0.000000,79.89
7,15.46,76.16,5.26,19.52,1,0,9.90,0.778801,0.000000,90.38
8,16.63,75.28,17.11,44.82,1,0,14.74,1.000000,0.000000,101.65
9,13.59,49.35,3.86,89.63,1,0,9.88,0.778801,0.000000,88.33
10,13.72,44.08,16.45,24.08,1,0,31.75,0.367879,0.000000,74.79
11,12.89,62.13,3.76,74.32,1,0,18.62,0.105399,0.000000,69.25
12,14.97,79.03,8.57,55.20,1,0,25.89,0.018316,0.000005,69.23
13,13.00,76.47,16.75,25.63,1,0,34.90,0.001930,0.000123,70.92
14,14.91,60.78,10.17,94.13,1,0,10.75,0.000123,0.001930,65.18
15,15.54,61.74,3.61,59.74,1,0,17.20,0.000005,0.018316,68.37
16,13.80,59.85,7.07,27.01,1,0,17.83,0.000000,0.105399,63.73
17,16.02,54.25,7.49,72.46,1,0,5.16,0.000000,0.367879,77.12
18,16.22,57.18,12.23,43.90,1,0,0.00,0.000000,0.778801,103.50
19,16.37,76.05,10.50,20.01,1,0,0.00,0.000000,1.000000,113.85
20,16.66,45.77,5.34,36.59,1,0,0.00,0.000000,0.778801,99.24
21,15.55,61.84,16.35,18.99,1,0,0.00,0.000000,0.367879,76.12
22,13.21,73.76,19.88,72.64,1,0,0.00,0.000000,0.105399,78.67
23,14.35,51.02,9.17,37.83,1,0,0.00,0.000000,0.018316,67.96
0,14.78,71.06,15.73,89.24,1,0,0.00,0.000000,0.000000,72.45
1,15.89,74.81,9.27,56.82,1,0,0.00,0.000005,0.000000,63.88
2,14.49,77.27,13.64,64.31,1,0,0.00,0.000123,0.000000,73.46
3,16.43,53.34,17.16,68.76,1,0,0.00,0.001930,0.000000,66.92
4,13.40,69.20,15.32,44.74,1,0,0.00,0.018316,0.000000,64.03
5,14.37,61.33,3.40,22.88,1,0,0.00,0.105399,0.000000,62.94
6,14.38,78.58,9.67,86.91,1,0,0.00,0.367879,0.000000,78.79
7,13.55,76.34,10.02,66.24,1,0,5.71,0.778801,0.000000,96.29
8,16.45,51.49,10.69,18.27,1,0,19.34,1.000000,0.000000,89.17
9,13.86,75.41,19.80,53.47,1,0,18.73,0.778801,0.000000,89.65
10,13.14,74.11,18.11,65.28,1,0,19.40,0.367879,0.000000,80.44
11,14.91,67.92,3.91,43.63,1,0,28.88,0.105399,0.000000,72.04
12,16.60,72.44,3.32,37.93,1,0,31.87,0.018316,0.000005,63.23
13,15.99,61.82,7.53,25.84,1,0,34.83,0.001930,0.000123,66.20
14,14.43,72.32,5.70,58.70,1,0,21.37,0.000123,0.001930,63.76
15,14.48,62.18,10.24,59.44,1,0,17.27,0.000005,0.018316,62.23
16,13.24,67.84,18.96,80.20,1,0,8.62,0.000000,0.105399,70.26
17,16.52,68.63,13.90,63.63,1,0,5.95,0.000000,0.367879,78.62
18,16.93,79.97,19.30,34.47,1,0,0.00,0.000000,0.778801,102.39
19,15.89,52.81,13.30,51.97,1,0,0.00,0.000000,1.000000,110.24
20,14.32,56.70,8.95,24.51,1,0,0.00,0.000000,0.778801,97.33
21,13.26,60.07,16.26,82.33,1,0,0.00,0.000000,0.367879,85.36
22,14.59,75.50,19.43,48.79,1,0,0.00,0.000000,0.105399,73.13
23,14.44,47.68,18.41,29.73,1,0,0.00,0.000000,0.018316,65.36
0,15.87,55.11,11.82,48.18,0,0,0.00,0.000000,0.000000,55.49
1,15.48,79.65,4.92,51.11,0,0,0.00,0.000005,0.000000,59.77
2,13.87,78.32,3.56,86.13,0,0,0.00,0.000123,0.000000,56.79
3,13.83,68.85,6.65,23.73,0,0,0.00,0.001930,0.000000,57.45
4,13.23,66.99,14.08,83.05,0,0,0.00,0.018316,0.000000,59.79
5,15.18,46.21,11.66,27.24,0,0,0.00,0.105399,0.000000,53.95
6,16.50,71.39,13.21,28.37,0,0,0.00,0.367879,0.000000,67.38
7,14.45,51.44,14.74,28.03,0,0,9.14,0.778801,0.000000,75.89
8,14.41,57.95,15.77,94.99,0,0,6.06,1.000000,0.000000,89.88
9,13.78,58.85,16.59,79.27,0,0,12.42,0.778801,0.000000,88.17
10,16.56,47.76,19.60,84.98,0,0,13.50,0.367879,0.000000,65.04
11,15.06,71.53,4.96,94.72,0,0,11.80,0.105399,0.000000,61.24
12,16.71,79.15,18.36,87.50,0,0,14.71,0.018316,0.000005,65.41
13,15.82,79.45,12.50,75.41,0,0,18.25,0.001930,0.000123,56.61
14,15.70,64.59,10.99,35.44,0,0,28.35,0.000123,0.001930,51.71
15,16.38,46.54,4.83,49.61,0,0,19.68,0.000005,0.018316,49.50
16,15.24,69.33,17.72,30.77,0,0,17.17,0.000000,0.105399,62.95
17,13.21,66.64,6.64,53.09,0,0,6.89,0.000000,0.367879,74.65
18,15.49,53.22,15.28,55.17,0,0,0.00,0.000000,0.778801,93.58
19,14.16,76.22,10.46,74.88,0,0,0.00,0.000000,1.000000,106.19
20,16.99,60.10,16.89,17.34,0,0,0.00,0.000000,0.778801,92.83
21,16.35,60.05,14.15,66.21,0,0,0.00,0.000000,0.367879,78.79
22,15.06,78.87,12.19,76.25,0,0,0.00,0.000000,0.105399,67.42
23,14.95,45.84,16.07,64.90,0,0,0.00,0.000000,0.018316,56.50
0,16.63,78.38,6.13,85.64,0,0,0.00,0.000000,0.000000,59.76
1,15.18,46.57,11.89,26.18,0,0,0.00,0.000005,0.000000,54.27
2,16.88,60.45,17.47,94.14,0,0,0.00,0.000123,0.000000,61.05
3,13.85,73.55,14.86,81.58,0,0,0.00,0.001930,0.000000,65.78
4,13.81,57.33,6.06,52.73,0,0,0.00,0.018316,0.000000,55.12
5,16.48,61.56,6.02,73.01,0,0,0.00,0.105399,0.000000,59.65
6,14.70,58.21,14.57,91.66,0,0,0.00,0.367879,0.000000,67.46
7,17.25,45.54,18.59,15.31,0,0,10.28,0.778801,0.000000,79.10
8,16.48,75.54,4.45,37.35,0,0,16.04,1.000000,0.000000,85.65
9,16.86,50.70,11.06,32.81,0,0,23.79,0.778801,0.000000,77.20
10,14.82,49.63,7.08,31.53,0,0,29.52,0.367879,0.000000,63.35
11,14.29,55.09,4.08,17.93,0,0,37.47,0.105399,0.000000,54.46
12,13.33,65.72,17.44,54.69,0,0,26.07,0.018316,0.000005,56.73
13,17.25,71.32,12.70,57.76,0,0,24.16,0.001930,0.000123,52.66
14,16.31,67.15,20.41,68.59,0,0,18.41,0.000123,0.001930,59.55
15,15.62,78.94,4.94,93.92,0,0,8.83,0.000005,0.018316,61.19
16,14.06,50.95,6.59,43.96,0,0,14.89,0.000000,0.105399,57.60
17,16.24,53.16,9.20,84.98,0,0,4.03,0.000000,0.367879,72.76
18,15.24,68.39,11.21,33.13,0,0,0.00,0.000000,0.778801,94.63
19,17.09,77.25,13.78,55.98,0,0,0.00,0.000000,1.000000,106.16
20,16.98,67.46,17.84,30.22,0,0,0.00,0.000000,0.778801,93.56
21,16.73,75.12,14.63,90.47,0,0,0.00,0.000000,0.367879,77.08
22,15.20,70.33,7.66,56.40,0,0,0.00,0.000000,0.105399,62.22
23,15.38,56.47,12.30,31.36,0,0,0.00,0.000000,0.018316,54.10
0,14.33,58.07,12.51,61.48,0,0,0.00,0.000000,0.000000,61.04
1,14.80,72.06,19.69,94.38,0,0,0.00,0.000005,0.000000,62.53
2,16.58,79.99,16.42,69.73,0,0,0.00,0.000123,0.000000,56.07
3,17.10,75.45,19.35,45.09,0,0,0.00,0.001930,0.000000,58.86
4,16.88,65.37,17.51,62.51,0,0,0.00,0.018316,0.000000,57.69
5,15.27,54.25,18.49,93.81,0,0,0.00,0.105399,0.000000,62.81
6,17.13,47.32,10.26,88.30,0,0,0.00,0.367879,0.000000,66.24
7,14.15,76.03,15.42,26.52,0,0,9.27,0.778801,0.000000,84.11
8,16.44,54.60,19.98,86.53,0,0,7.52,1.000000,0.000000,87.06
9,15.34,59.53,15.93,39.50,0,0,22.15,0.778801,0.000000,84.51
10,16.60,74.71,9.12,91.05,0,0,11.68,0.367879,0.000000,75.46
11,15.33,76.56,20.68,85.16,0,0,14.99,0.105399,0.000000,69.26
12,15.48,73.41,8.40,26.03,0,0,35.99,0.018316,0.000005,55.98
13,16.00,74.68,7.14,72.57,0,0,19.20,0.001930,0.000123,63.11
14,17.24,46.72,19.65,87.75,0,0,12.66,0.000123,0.001930,56.81
15,14.43,51.48,14.05,42.37,0,0,21.45,0.000005,0.018316,52.11
16,16.23,60.54,8.43,24.00,0,0,18.35,0.000000,0.105399,55.99
17,16.82,64.11,14.59,57.60,0,0,6.49,0.000000,0.367879,71.07
18,15.18,48.64,17.09,24.66,0,0,0.00,0.000000,0.778801,90.72
19,14.79,53.50,15.38,24.91,0,0,0.00,0.000000,1.000000,98.42
20,15.21,64.38,20.60,46.74,0,0,0.00,0.000000,0.778801,96.29
21,14.27,72.54,3.25,28.26,0,0,0.00,0.000000,0.367879,69.30
22,14.93,71.42,13.32,79.90,0,0,0.00,0.000000,0.105399,67.76
23,15.10,63.44,9.13,26.72,0,0,0.00,0.000000,0.018316,55.82
0,15.24,57.64,4.96,59.69,0,0,0.00,0.000000,0.000000,54.96
1,14.77,53.37,20.56,61.79,0,0,0.00,0.000005,0.000000,62.23
2,17.67,65.53,8.12,79.87,0,0,0.00,0.000123,0.000000,60.91
3,16.01,70.23,4.82,45.18,0,0,0.00,0.001930,0.000000,55.75
4,14.61,55.00,8.91,27.22,0,0,0.00,0.018316,0.000000,54.85
5,16.69,55.87,12.49,38.57,0,0,0.00,0.105399,0.000000,57.34
6,17.43,47.25,20.49,67.94,0,0,0.00,0.367879,0.000000,64.33
7,14.48,64.34,11.51,18.02,0,0,10.03,0.778801,0.000000,83.84
8,14.06,62.01,16.42,17.99,0,0,19.39,1.000000,0.000000,89.62
9,16.89,44.68,13.46,83.00,0,0,11.50,0.778801,0.000000,81.58
10,16.50,78.07,5.81,76.62,0,0,16.00,0.367879,0.000000,68.91
11,17.66,68.86,14.62,87.22,0,0,14.30,0.105399,0.000000,57.38
12,16.72,76.11,19.52,76.82,0,0,18.41,0.018316,0.000005,58.11
13,15.36,74.59,8.41,21.96,0,0,36.12,0.001930,0.000123,53.67
14,17.42,54.71,9.02,54.56,0,0,22.62,0.000123,0.001930,50.85
15,14.68,53.71,11.34,56.13,0,0,18.08,0.000005,0.018316,55.34
16,15.47,45.99,7.68,24.53,0,0,18.25,0.000000,0.105399,55.43
17,15.63,76.41,11.81,57.08,0,0,6.53,0.000000,0.367879,75.27
18,16.73,48.27,8.41,39.45,0,0,0.00,0.000000,0.778801,91.64
19,16.23,55.09,3.90,45.95,0,0,0.00,0.000000,1.000000,97.20
20,15.50,64.22,6.74,86.86,0,0,0.00,0.000000,0.778801,96.26
21,15.07,66.70,12.89,67.15,0,0,0.00,0.000000,0.367879,76.45
22,14.77,68.12,7.27,48.32,0,0,0.00,0.000000,0.105399,62.77
23,16.83,75.71,16.07,58.08,0,0,0.00,0.000000,0.018316,58.23
0,14.30,69.31,15.97,73.83,0,0,0.00,0.000000,0.000000,60.48
1,14.32,55.21,16.82,16.79,0,0,0.00,0.000005,0.000000,51.25
2,14.10,79.17,16.88,56.30,0,0,0.00,0.000123,0.000000,60.69
3,17.23,69.86,5.04,88.24,0,0,0.00,0.001930,0.000000,62.79
4,16.68,70.23,20.04,50.72,0,0,0.00,0.018316,0.000000,57.94
5,14.05,48.79,20.24,47.70,0,0,0.00,0.105399,0.000000,56.94
6,14.74,65.90,11.26,55.09,0,0,0.00,0.367879,0.000000,65.98
7,15.92,74.91,13.09,58.91,0,0,6.37,0.778801,0.000000,80.49
8,15.46,79.44,5.40,21.94,0,0,18.70,1.000000,0.000000,90.28
9,16.57,55.66,15.77,48.82,0,0,19.87,0.778801,0.000000,79.25
10,15.44,53.84,10.04,42.54,0,0,26.22,0.367879,0.000000,70.75
11,15.59,55.28,8.17,56.19,0,0,24.68,0.105399,0.000000,62.09
12,14.96,65.48,4.99,89.04,0,0,14.18,0.018316,0.000005,59.34
13,16.02,74.76,16.92,41.48,0,0,29.60,0.001930,0.000123,60.72
14,16.45,44.12,18.85,54.42,0,0,22.66,0.000123,0.001930,59.21
15,16.85,78.37,18.96,17.38,0,0,27.57,0.000005,0.018316,58.62
16,17.87,65.25,19.54,84.13,0,0,7.94,0.000000,0.105399,67.25
17,16.58,64.09,9.09,15.88,0,0,10.22,0.000000,0.367879,71.14
18,14.94,77.47,10.79,49.77,0,0,0.00,0.000000,0.778801,96.14
19,15.09,46.77,4.22,35.46,0,0,0.00,0.000000,1.000000,98.56
20,17.11,64.96,10.52,19.89,0,0,0.00,0.000000,0.778801,87.57
21,15.08,70.76,6.93,35.24,0,0,0.00,0.000000,0.367879,71.69
22,17.31,77.39,11.06,40.96,0,0,0.00,0.000000,0.105399,65.74
23,17.46,55.88,17.31,66.82,0,0,0.00,0.000000,0.018316,61.18
0,17.05,59.88,20.15,77.54,1,0,0.00,0.000000,0.000000,66.78
1,14.99,66.68,6.98,83.66,1,0,0.00,0.000005,0.000000,71.54
2,14.98,66.94,9.56,79.80,1,0,0.00,0.000123,0.000000,67.12
3,15.29,79.50,6.58,88.46,1,0,0.00,0.001930,0.000000,73.95
4,15.59,63.87,10.17,73.88,1,0,0.00,0.018316,0.000000,68.62
5,14.23,50.49,6.69,34.15,1,0,0.00,0.105399,0.000000,66.79
6,17.97,66.85,6.53,50.88,1,0,0.00,0.367879,0.000000,71.10
7,15.08,70.50,19.35,90.85,1,0,3.51,0.778801,0.000000,95.48
8,15.87,64.87,6.08,48.80,1,0,14.05,1.000000,0.000000,92.00
9,14.07,49.84,13.73,52.91,1,0,18.87,0.778801,0.000000,84.27
10,17.25,71.39,14.82,43.50,1,0,25.93,0.367879,0.000000,76.30
11,15.71,61.03,15.47,32.73,1,0,32.52,0.105399,0.000000,65.37
12,14.54,75.32,3.52,34.35,1,0,33.11,0.018316,0.000005,64.40
13,15.16,62.59,9.76,16.29,1,0,38.02,0.001930,0.000123,64.43
14,17.58,75.56,9.13,93.26,1,0,11.01,0.000123,0.001930,62.48
15,14.36,71.42,12.97,64.19,1,0,16.11,0.000005,0.018316,71.11
16,17.33,75.57,16.26,46.74,1,0,14.41,0.000000,0.105399,66.05
17,17.77,56.79,17.60,56.45,1,0,6.59,0.000000,0.367879,83.73
18,17.81,64.28,14.68,24.76,1,0,0.00,0.000000,0.778801,93.41
19,14.97,78.26,14.85,64.14,1,0,0.00,0.000000,1.000000,112.90
20,17.57,53.40,19.79,82.50,1,0,0.00,0.000000,0.778801,104.76
21,16.93,50.43,10.93,52.21,1,0,0.00,0.000000,0.367879,80.83
22,16.95,63.02,10.62,66.50,1,0,0.00,0.000000,0.105399,65.79
23,18.05,48.89,16.52,38.47,1,0,0.00,0.000000,0.018316,59.92
0,15.79,63.72,16.77,80.00,1,0,0.00,0.000000,0.000000,69.24
1,17.31,48.42,4.38,61.20,1,0,0.00,0.000005,0.000000,60.40
2,14.65,70.50,11.71,49.34,1,0,0.00,0.000123,0.000000,70.57
3,17.50,58.55,19.99,65.23,1,0,0.00,0.001930,0.000000,61.31
4,18.19,61.39,5.43,67.59,1,0,0.00,0.018316,0.000000,59.44
5,16.20,56.06,18.20,29.49,1,0,0.00,0.105399,0.000000,68.46
6,18.24,63.00,12.53,59.72,1,0,0.00,0.367879,0.000000,76.99
7,17.25,47.62,3.19,92.94,1,0,3.32,0.778801,0.000000,84.26
8,16.53,61.39,14.11,19.71,1,0,19.09,1.000000,0.000000,94.91
9,16.13,72.38,12.52,15.23,1,0,28.09,0.778801,0.000000,86.58
10,17.56,52.86,4.82,78.84,1,0,15.34,0.367879,0.000000,71.61
11,17.49,45.16,13.66,78.44,1,0,17.24,0.105399,0.000000,65.61
12,14.49,73.28,10.01,82.04,1,0,16.60,0.018316,0.000005,67.18
13,14.77,48.46,16.14,22.19,1,0,36.05,0.001930,0.000123,66.16
14,14.98,48.65,13.09,79.19,1,0,15.23,0.000123,0.001930,68.61
15,15.08,74.21,19.97,90.33,1,0,9.71,0.000005,0.018316,68.43
16,17.24,58.07,16.55,87.14,1,0,7.42,0.000000,0.105399,73.29
17,15.67,56.43,13.95,79.77,1,0,4.50,0.000000,0.367879,80.02
18,17.92,61.76,8.26,69.55,1,0,0.00,0.000000,0.778801,100.46
19,17.73,78.92,4.96,24.45,1,0,0.00,0.000000,1.000000,111.19
20,17.73,56.53,4.09,21.64,1,0,0.00,0.000000,0.778801,95.43
21,16.03,59.97,7.05,25.47,1,0,0.00,0.000000,0.367879,81.03
22,17.95,60.75,13.32,79.72,1,0,0.00,0.000000,0.105399,73.95
23,17.10,79.05,15.35,37.56,1,0,0.00,0.000000,0.018316,68.31
0,16.06,71.07,5.64,86.37,0,0,0.00,0.000000,0.000000,54.35
1,14.75,54.08,16.47,66.26,0,0,0.00,0.000005,0.000000,62.45
2,15.07,72.16,17.80,16.37,0,0,0.00,0.000123,0.000000,59.76
3,16.09,46.11,12.75,25.40,0,0,0.00,0.001930,0.000000,51.80
4,15.49,48.10,13.28,50.65,0,0,0.00,0.018316,0.000000,54.02
5,14.92,55.07,3.69,15.05,0,0,0.00,0.105399,0.000000,52.77
6,17.68,59.34,6.21,61.04,0,0,0.00,0.367879,0.000000,70.49
7,17.43,48.27,5.52,91.57,0,0,3.44,0.778801,0.000000,74.75
8,15.83,65.17,7.80,21.92,0,0,18.71,1.000000,0.000000,85.16
9,16.25,78.39,9.79,78.37,0,0,12.64,0.778801,0.000000,82.05
10,16.88,47.77,13.97,61.75,0,0,20.46,0.367879,0.000000,71.01
11,17.23,68.66,9.70,53.23,0,0,25.67,0.105399,0.000000,63.80
12,15.12,79.68,10.42,52.03,0,0,26.99,0.018316,0.000005,63.49
13,15.26,71.32,9.56,91.78,0,0,12.78,0.001930,0.000123,58.66
14,17.18,74.53,3.12,69.27,0,0,18.21,0.000123,0.001930,61.64
15,18.06,62.07,3.26,50.10,0,0,19.56,0.000005,0.018316,50.97
16,18.38,45.47,14.06,21.43,0,0,18.79,0.000000,0.105399,52.53
17,14.61,64.10,7.18,39.01,0,0,8.15,0.000000,0.367879,69.64
18,16.30,52.47,20.45,29.55,0,0,0.00,0.000000,0.778801,88.84
19,15.18,68.56,7.02,22.89,0,0,0.00,0.000000,1.000000,98.18
20,17.05,60.18,15.90,62.51,0,0,0.00,0.000000,0.778801,91.37
21,15.88,56.59,4.96,71.19,0,0,0.00,0.000000,0.367879,76.43
22,16.58,44.54,7.14,23.26,0,0,0.00,0.000000,0.105399,59.90
23,15.09,67.24,15.46,87.43,0,0,0.00,0.000000,0.018316,61.88
0,17.26,71.53,17.94,43.30,0,0,0.00,0.000000,0.000000,53.02
1,16.99,65.97,20.77,22.42,0,0,0.00,0.000005,0.000000,54.29
2,16.46,49.03,19.62,63.98,0,0,0.00,0.000123,0.000000,57.45
3,15.60,54.50,9.74,90.71,0,0,0.00,0.001930,0.000000,55.76
4,14.74,47.54,10.06,92.82,0,0,0.00,0.018316,0.000000,58.36
5,18.41,50.57,10.53,37.95,0,0,0.00,0.105399,0.000000,51.36
6,18.37,61.06,5.78,86.04,0,0,0.00,0.367879,0.000000,68.78
7,16.59,47.99,19.23,15.21,0,0,10.28,0.778801,0.000000,74.55
8,14.82,48.79,9.42,89.35,0,0,7.04,1.000000,0.000000,84.76
9,15.71,45.40,6.47,31.14,0,0,24.20,0.778801,0.000000,71.45
10,18.04,69.07,13.20,53.48,0,0,22.94,0.367879,0.000000,71.82
11,15.16,50.81,4.69,37.61,0,0,30.89,0.105399,0.000000,52.41
12,14.81,45.72,17.73,52.80,0,0,26.72,0.018316,0.000005,52.11
13,18.28,62.45,12.49,25.49,0,0,34.94,0.001930,0.000123,54.28
14,14.88,49.78,18.58,61.20,0,0,20.63,0.000123,0.001930,55.50
15,17.61,54.94,6.66,28.22,0,0,24.91,0.000005,0.018316,50.49
16,17.15,53.14,15.07,42.49,0,0,15.15,0.000000,0.105399,59.63
17,17.47,73.26,12.45,18.07,0,0,10.03,0.000000,0.367879,68.22
18,18.53,70.20,11.98,79.65,0,0,0.00,0.000000,0.778801,97.70
19,15.98,64.60,17.01,57.40,0,0,0.00,0.000000,1.000000,98.86
20,15.17,46.91,4.96,21.58,0,0,0.00,0.000000,0.778801,84.72
21,16.68,76.93,19.48,20.45,0,0,0.00,0.000000,0.367879,74.54
22,15.70,74.25,20.01,54.32,0,0,0.00,0.000000,0.105399,65.14
23,18.26,56.43,8.22,55.13,0,0,0.00,0.000000,0.018316,50.96
0,15.64,72.86,4.27,89.36,0,0,0.00,0.000000,0.000000,63.03
1,18.31,49.01,9.38,73.51,0,0,0.00,0.000005,0.000000,59.10
2,16.10,56.53,8.76,51.15,0,0,0.00,0.000123,0.000000,52.43
3,15.54,55.20,19.41,70.07,0,0,0.00,0.001930,0.000000,63.24
4,17.68,67.11,19.75,62.73,0,0,0.00,0.018316,0.000000,57.96
5,18.03,44.42,17.06,52.27,0,0,0.00,0.105399,0.000000,57.52
6,15.62,74.91,7.39,79.35,0,0,0.00,0.367879,0.000000,69.93
7,17.21,44.06,4.72,34.32,0,0,8.57,0.778801,0.000000,72.49
8,16.81,67.73,3.59,47.99,0,0,14.19,1.000000,0.000000,81.06
9,17.71,52.01,14.15,57.16,0,0,17.83,0.778801,0.000000,81.87
10,15.72,66.32,6.34,42.59,0,0,26.20,0.367879,0.000000,71.85
11,17.88,49.81,17.92,40.09,0,0,30.06,0.105399,0.000000,52.30
12,17.06,66.85,19.04,64.40,0,0,22.71,0.018316,0.000005,54.61
13,18.80,71.56,17.75,47.70,0,0,27.52,0.001930,0.000123,57.90
14,16.91,51.45,15.98,50.04,0,0,23.97,0.000123,0.001930,52.98
15,18.56,68.47,15.97,74.64,0,0,13.55,0.000005,0.018316,58.53
16,17.93,57.38,5.27,80.46,0,0,8.57,0.000000,0.105399,55.20
17,17.67,65.20,3.31,35.18,0,0,8.49,0.000000,0.367879,72.55
18,15.13,62.93,10.69,58.44,0,0,0.00,0.000000,0.778801,90.80
19,15.76,45.41,8.39,19.63,0,0,0.00,0.000000,1.000000,100.76
20,15.71,45.19,11.70,84.51,0,0,0.00,0.000000,0.778801,87.88
21,17.14,55.89,8.83,90.31,0,0,0.00,0.000000,0.367879,69.28
22,15.44,76.36,9.21,76.35,0,0,0.00,0.000000,0.105399,69.84
23,17.59,61.41,6.05,21.19,0,0,0.00,0.000000,0.018316,53.06
0,17.43,59.00,11.83,70.55,0,0,0.00,0.000000,0.000000,61.35
1,15.32,78.87,12.12,82.23,0,0,0.00,0.000005,0.000000,63.46
2,15.53,53.05,7.20,21.98,0,0,0.00,0.000123,0.000000,56.99
3,16.29,56.93,19.50,76.92,0,0,0.00,0.001930,0.000000,60.45
4,17.18,54.99,13.78,80.87,0,0,0.00,0.018316,0.000000,61.36
5,16.16,60.86,13.61,45.07,0,0,0.00,0.105399,0.000000,59.20
6,15.43,67.75,3.96,25.80,0,0,0.00,0.367879,0.000000,63.72
7,18.04,55.97,19.14,26.13,0,0,9.31,0.778801,0.000000,74.89
8,17.35,54.15,18.82,66.41,0,0,11.01,1.000000,0.000000,91.11
9,18.87,70.81,5.16,88.44,0,0,10.17,0.778801,0.000000,84.36
10,18.37,72.12,10.08,69.13,0,0,18.25,0.367879,0.000000,73.01
11,15.98,59.67,8.51,29.47,0,0,33.61,0.105399,0.000000,52.51
12,15.81,67.44,13.74,66.37,0,0,22.03,0.018316,0.000005,56.93
13,18.47,63.06,14.48,67.84,0,0,20.78,0.001930,0.000123,55.76
14,18.44,77.42,17.08,29.96,0,0,29.99,0.000123,0.001930,53.22
15,18.76,49.19,6.06,44.39,0,0,20.95,0.000005,0.018316,49.44
16,15.86,56.92,7.65,28.19,0,0,17.62,0.000000,0.105399,58.44
17,16.33,78.66,4.67,51.53,0,0,7.03,0.000000,0.367879,71.45
18,18.17,73.00,4.87,27.42,0,0,0.00,0.000000,0.778801,91.21
19,18.51,77.95,5.53,22.38,0,0,0.00,0.000000,1.000000,103.56
20,16.32,45.76,19.90,49.11,0,0,0.00,0.000000,0.778801,88.65
21,17.58,79.69,7.42,79.91,0,0,0.00,0.000000,0.367879,75.58
22,16.22,50.17,12.93,15.81,0,0,0.00,0.000000,0.105399,55.17
23,15.12,46.78,7.39,94.55,0,0,0.00,0.000000,0.018316,55.17
0,18.28,67.33,20.65,80.73,0,0,0.00,0.000000,0.000000,62.64
1,17.97,76.47,8.41,53.76,0,0,0.00,0.000005,0.000000,52.36
2,15.84,77.96,18.12,79.86,0,0,0.00,0.000123,0.000000,66.32
3,16.25,60.04,20.48,31.60,0,0,0.00,0.001930,0.000000,60.23
4,15.96,48.28,10.02,77.57,0,0,0.00,0.018316,0.000000,52.75
5,18.94,64.27,8.32,47.53,0,0,0.00,0.105399,0.000000,54.27
6,16.27,62.41,14.10,22.12,0,0,0.00,0.367879,0.000000,65.93
7,16.15,74.22,9.22,84.53,0,0,4.07,0.778801,0.000000,81.72
8,16.39,53.92,12.10,71.18,0,0,10.18,1.000000,0.000000,90.55
9,17.94,51.60,3.24,84.01,0,0,11.26,0.778801,0.000000,78.63
10,18.33,53.87,8.11,53.88,0,0,22.82,0.367879,0.000000,66.40
11,16.94,79.30,18.65,52.25,0,0,26.00,0.105399,0.000000,63.21
12,19.00,72.64,16.92,70.76,0,0,20.51,0.018316,0.000005,59.26
13,16.17,74.64,10.73,26.48,0,0,34.61,0.001930,0.000123,55.81
14,17.53,67.95,15.23,20.92,0,0,32.70,0.000123,0.001930,53.52
15,18.86,46.01,11.54,82.44,0,0,11.64,0.000005,0.018316,51.54
16,17.65,73.70,15.53,31.71,0,0,17.01,0.000000,0.105399,63.03
17,16.80,65.81,20.26,24.81,0,0,9.42,0.000000,0.367879,68.86
18,18.12,50.61,8.78,55.20,0,0,0.00,0.000000,0.778801,85.58
19,17.29,69.62,18.91,91.86,0,0,0.00,0.000000,1.000000,109.91
20,16.98,73.32,8.34,73.37,0,0,0.00,0.000000,0.778801,96.06
21,16.29,65.18,3.42,51.53,0,0,0.00,0.000000,0.367879,74.66
22,18.00,51.04,6.00,43.87,0,0,0.00,0.000000,0.105399,61.10
23,17.45,69.22,3.22,72.31,0,0,0.00,0.000000,0.018316,58.21
0,16.95,61.19,15.03,27.09,1,0,0.00,0.000000,0.000000,60.43
1,17.70,48.59,15.60,44.33,1,0,0.00,0.000005,0.000000,65.09
2,17.34,62.79,4.73,46.75,1,0,0.00,0.000123,0.000000,62.31
3,16.22,67.09,8.50,48.66,1,0,0.00,0.001930,0.000000,60.87
4,15.68,44.40,10.83,55.96,1,0,0.00,0.018316,0.000000,61.56
5,18.43,59.27,11.42,31.03,1,0,0.00,0.105399,0.000000,67.17
6,19.04,46.78,13.16,53.65,1,0,0.00,0.367879,0.000000,67.95
7,16.16,65.28,5.68,74.92,1,0,4.94,0.778801,0.000000,92.87
8,16.73,78.91,6.79,27.42,1,0,17.75,1.000000,0.000000,90.40
9,17.74,78.78,8.80,33.47,1,0,23.63,0.778801,0.000000,84.29
10,18.15,46.71,5.38,52.59,1,0,23.21,0.367879,0.000000,70.16
11,17.30,57.87,16.49,34.90,1,0,31.80,0.105399,0.000000,62.90
12,18.32,59.57,9.78,60.05,1,0,24.21,0.018316,0.000005,60.54
13,15.90,54.05,16.75,46.42,1,0,27.95,0.001930,0.000123,59.95
14,15.83,64.57,17.80,40.41,1,0,26.86,0.000123,0.001930,68.84
15,15.36,78.02,5.10,73.52,1,0,13.83,0.000005,0.018316,69.94
16,16.87,56.90,16.69,45.73,1,0,14.59,0.000000,0.105399,72.80
17,16.31,74.42,10.90,87.85,1,0,3.78,0.000000,0.367879,80.47
18,16.99,56.53,12.23,26.79,1,0,0.00,0.000000,0.778801,96.85
19,18.07,44.39,3.84,25.06,1,0,0.00,0.000000,1.000000,107.47
20,18.57,53.38,3.68,48.37,1,0,0.00,0.000000,0.778801,93.76
21,19.07,53.36,10.80,16.75,1,0,0.00,0.000000,0.367879,80.44
22,15.74,59.05,17.62,23.13,1,0,0.00,0.000000,0.105399,68.07
23,16.52,79.95,7.31,64.67,1,0,0.00,0.000000,0.018316,69.11
0,19.27,65.71,20.03,60.67,1,0,0.00,0.000000,0.000000,63.35
1,16.91,78.84,12.05,34.84,1,0,0.00,0.000005,0.000000,64.44
2,19.42,67.70,5.26,27.36,1,0,0.00,0.000123,0.000000,56.12
3,19.08,77.76,20.08,29.22,1,0,0.00,0.001930,0.000000,60.19
4,16.27,63.74,14.31,19.91,1,0,0.00,0.018316,0.000000,60.38
5,15.92,48.99,16.27,88.24,1,0,0.00,0.105399,0.000000,66.44
6,17.33,56.10,18.44,36.07,1,0,0.00,0.367879,0.000000,78.78
7,18.79,68.82,17.33,73.99,1,0,5.02,0.778801,0.000000,90.70
8,16.66,78.45,15.40,44.17,1,0,14.86,1.000000,0.000000,100.41
9,16.40,63.04,10.85,85.62,1,0,10.86,0.778801,0.000000,91.33
10,17.29,63.73,20.43,55.14,1,0,22.44,0.367879,0.000000,73.35
11,18.03,76.44,14.66,71.24,1,0,19.65,0.105399,0.000000,68.46
12,17.36,71.71,17.25,70.17,1,0,20.71,0.018316,0.000005,67.13
13,15.80,58.16,6.77,68.78,1,0,20.47,0.001930,0.000123,65.07
14,15.62,74.14,8.73,20.15,1,0,32.93,0.000123,0.001930,65.34
15,16.86,58.39,15.45,56.96,1,0,17.88,0.000005,0.018316,64.76
16,19.30,50.22,18.69,94.06,1,0,6.22,0.000000,0.105399,69.70
17,18.95,72.25,13.18,52.19,1,0,6.97,0.000000,0.367879,82.13
18,17.70,62.03,12.37,37.73,1,0,0.00,0.000000,0.778801,101.58
19,18.90,79.13,4.86,52.14,1,0,0.00,0.000000,1.000000,104.71
20,15.68,50.45,8.40,76.26,1,0,0.00,0.000000,0.778801,98.73
21,18.10,73.23,12.07,67.49,1,0,0.00,0.000000,0.367879,83.85
22,19.18,56.79,7.38,19.34,1,0,0.00,0.000000,0.105399,62.00
23,17.64,71.48,20.01,84.68,1,0,0.00,0.000000,0.018316,72.13
0,16.24,62.73,13.17,31.77,0,0,0.00,0.000000,0.000000,52.22
1,15.72,68.83,18.82,89.41,0,0,0.00,0.000005,0.000000,61.76
2,16.64,79.20,6.10,38.36,0,0,0.00,0.000123,0.000000,55.04
3,16.65,67.95,6.35,58.30,0,0,0.00,0.001930,0.000000,56.86
4,17.43,79.56,8.64,47.07,0,0,0.00,0.018316,0.000000,55.99
5,18.50,67.66,12.92,19.22,0,0,0.00,0.105399,0.000000,56.71
6,15.90,68.61,4.46,42.12,0,0,0.00,0.367879,0.000000,64.24
7,16.65,63.23,20.77,94.65,0,0,3.17,0.778801,0.000000,88.12
8,16.93,66.18,17.72,64.94,0,0,11.26,1.000000,0.000000,85.37
9,15.79,47.31,13.56,82.02,0,0,11.74,0.778801,0.000000,83.60
10,18.88,71.41,15.94,49.83,0,0,24.03,0.367879,0.000000,63.79
11,19.21,45.86,14.43,74.81,0,0,18.45,0.105399,0.000000,58.45
12,17.81,56.50,6.67,18.43,0,0,38.62,0.018316,0.000005,50.41
13,18.54,58.30,3.53,94.11,0,0,12.00,0.001930,0.000123,51.59
14,16.98,70.18,11.25,67.83,0,0,18.64,0.000123,0.001930,56.31
15,19.58,62.70,16.92,86.58,0,0,10.63,0.000005,0.018316,59.08
16,18.65,46.38,3.26,35.14,0,0,16.42,0.000000,0.105399,56.27
17,17.90,61.81,20.99,76.69,0,0,4.78,0.000000,0.367879,74.76
18,17.66,66.13,19.55,93.38,0,0,0.00,0.000000,0.778801,95.12
19,16.30,44.31,17.77,63.69,0,0,0.00,0.000000,1.000000,103.30
20,19.63,49.42,19.91,53.26,0,0,0.00,0.000000,0.778801,85.36
21,16.00,79.81,5.66,72.11,0,0,0.00,0.000000,0.367879,73.79
22,16.80,64.46,3.25,38.11,0,0,0.00,0.000000,0.105399,55.65
23,18.75,64.60,15.72,43.16,0,0,0.00,0.000000,0.018316,60.63
0,16.53,77.18,17.16,50.44,0,0,0.00,0.000000,0.000000,60.55
1,19.87,57.59,15.92,79.02,0,0,0.00,0.000005,0.000000,55.26
2,19.13,53.08,5.05,62.64,0,0,0.00,0.000123,0.000000,56.92
3,19.88,61.15,8.94,87.21,0,0,0.00,0.001930,0.000000,55.71
4,18.47,67.11,3.53,26.75,0,0,0.00,0.018316,0.000000,50.50
5,16.91,71.38,16.37,82.51,0,0,0.00,0.105399,0.000000,59.57
6,17.42,74.34,8.45,73.30,0,0,0.00,0.367879,0.000000,70.22
7,17.22,67.35,9.70,55.80,0,0,6.65,0.778801,0.000000,84.83
8,17.91,78.03,11.90,23.15,0,0,18.49,1.000000,0.000000,82.89
9,19.25,46.92,5.43,15.62,0,0,28.00,0.778801,0.000000,77.50
10,16.93,66.38,19.30,32.52,0,0,29.22,0.367879,0.000000,65.13
11,17.91,72.82,9.40,76.16,0,0,18.00,0.105399,0.000000,59.51
12,16.10,74.32,3.68,76.48,0,0,18.53,0.018316,0.000005,60.30
13,18.88,71.77,15.35,68.46,0,0,20.58,0.001930,0.000123,56.58
14,19.33,59.44,16.62,33.84,0,0,28.83,0.000123,0.001930,54.98
15,18.14,77.37,4.63,15.48,0,0,28.03,0.000005,0.018316,56.16
16,18.49,68.93,7.80,32.43,0,0,16.89,0.000000,0.105399,60.75
17,18.87,53.20,7.48,21.09,0,0,9.76,0.000000,0.367879,67.77
18,18.70,62.04,19.29,73.08,0,0,0.00,0.000000,0.778801,92.88
19,18.92,48.75,19.24,43.13,0,0,0.00,0.000000,1.000000,94.72
20,19.82,72.19,14.75,37.59,0,0,0.00,0.000000,0.778801,85.99
21,19.20,74.46,13.87,56.53,0,0,0.00,0.000000,0.367879,72.19
22,16.08,60.21,15.80,26.66,0,0,0.00,0.000000,0.105399,56.69
23,16.94,79.64,7.94,68.50,0,0,0.00,0.000000,0.018316,59.05
0,17.14,58.53,13.85,71.95,0,0,0.00,0.000000,0.000000,54.48
1,17.96,75.26,17.25,90.08,0,0,0.00,0.000005,0.000000,57.44
2,17.19,58.66,12.67,48.49,0,0,0.00,0.000123,0.000000,54.12
3,16.20,76.02,17.47,20.81,0,0,0.00,0.001930,0.000000,61.72
4,16.38,64.09,8.80,22.96,0,0,0.00,0.018316,0.000000,58.96
5,16.64,47.19,19.43,31.22,0,0,0.00,0.105399,0.000000,54.44
6,17.49,65.24,11.83,16.63,0,0,0.00,0.367879,0.000000,60.54
7,17.16,46.44,13.89,77.22,0,0,4.73,0.778801,0.000000,82.82
8,19.01,69.50,12.77,62.57,0,0,11.67,1.000000,0.000000,91.40
9,18.56,72.03,15.04,54.33,0,0,18.52,0.778801,0.000000,84.13
10,19.66,73.33,19.39,40.92,0,0,26.70,0.367879,0.000000,69.46
11,17.32,54.27,12.98,45.23,0,0,28.34,0.105399,0.000000,57.56
12,18.16,50.57,11.13,68.33,0,0,21.35,0.018316,0.000005,57.03
13,16.50,79.65,5.91,54.49,0,0,25.25,0.001930,0.000123,57.26
14,19.20,69.80,13.14,62.94,0,0,20.10,0.000123,0.001930,52.59
15,19.61,56.44,3.32,85.92,0,0,10.79,0.000005,0.018316,55.88
16,16.40,49.22,10.05,49.95,0,0,13.85,0.000000,0.105399,58.34
17,16.83,75.34,15.76,44.66,0,0,7.65,0.000000,0.367879,72.96
18,17.11,68.87,16.44,39.42,0,0,0.00,0.000000,0.778801,90.64
19,16.42,76.87,20.08,24.07,0,0,0.00,0.000000,1.000000,98.89
20,19.24,53.63,5.94,42.47,0,0,0.00,0.000000,0.778801,90.15
21,16.49,47.45,15.51,70.31,0,0,0.00,0.000000,0.367879,73.20
22,20.00,73.73,16.49,60.48,0,0,0.00,0.000000,0.105399,58.03
23,18.24,55.95,12.02,31.52,0,0,0.00,0.000000,0.018316,57.54
0,16.33,61.59,3.22,27.27,0,0,0.00,0.000000,0.000000,51.51
1,19.91,71.03,16.14,78.04,0,0,0.00,0.000005,0.000000,56.59
2,18.14,56.24,9.80,93.85,0,0,0.00,0.000123,0.000000,61.26
3,18.21,58.34,12.73,49.95,0,0,0.00,0.001930,0.000000,56.23
4,18.09,62.24,14.13,62.35,0,0,0.00,0.018316,0.000000,56.60
5,18.23,52.38,14.14,34.15,0,0,0.00,0.105399,0.000000,55.73
6,19.85,54.44,11.98,26.31,0,0,0.00,0.367879,0.000000,67.10
7,19.82,54.48,15.74,59.39,0,0,6.33,0.778801,0.000000,82.32
8,16.40,76.20,15.22,22.83,0,0,18.55,1.000000,0.000000,90.88
9,18.11,44.32,19.52,49.61,0,0,19.68,0.778801,0.000000,75.76
10,17.10,64.27,17.42,53.78,0,0,22.85,0.367879,0.000000,69.43
11,19.18,48.01,19.33,38.68,0,0,30.53,0.105399,0.000000,59.25
12,16.48,79.11,19.22,53.27,0,0,26.56,0.018316,0.000005,59.82
13,18.12,54.88,4.56,47.57,0,0,27.56,0.001930,0.000123,54.19
14,20.13,59.27,7.15,51.02,0,0,23.68,0.000123,0.001930,55.69
15,16.72,70.53,9.81,84.12,0,0,11.23,0.000005,0.018316,57.80
16,18.43,74.73,11.88,52.73,0,0,13.37,0.000000,0.105399,61.35
17,17.93,45.40,12.19,49.72,0,0,7.19,0.000000,0.367879,67.90
18,18.07,48.59,17.39,92.42,0,0,0.00,0.000000,0.778801,96.04
19,19.67,77.93,16.14,52.58,0,0,0.00,0.000000,1.000000,98.32
20,16.31,52.65,11.45,54.05,0,0,0.00,0.000000,0.778801,93.46
21,18.88,66.72,19.10,17.72,0,0,0.00,0.000000,0.367879,68.29
22,19.75,57.05,16.12,75.12,0,0,0.00,0.000000,0.105399,58.84
23,18.65,79.63,13.42,35.31,0,0,0.00,0.000000,0.018316,58.73
0,16.76,78.55,9.52,18.52,0,0,0.00,0.000000,0.000000,57.23
1,16.67,59.28,17.53,45.94,0,0,0.00,0.000005,0.000000,54.19
2,19.47,63.79,5.15,15.48,0,0,0.00,0.000123,0.000000,53.91
3,19.59,49.04,15.41,28.73,0,0,0.00,0.001930,0.000000,52.91
4,19.05,54.27,5.86,67.16,0,0,0.00,0.018316,0.000000,52.51
5,18.90,76.04,9.98,41.84,0,0,0.00,0.105399,0.000000,59.47
6,19.89,52.92,13.98,50.50,0,0,0.00,0.367879,0.000000,61.18
7,20.00,72.59,16.46,68.35,0,0,5.52,0.778801,0.000000,82.95
8,18.88,61.60,12.73,29.88,0,0,17.33,1.000000,0.000000,82.69
9,16.42,75.90,11.56,50.09,0,0,19.56,0.778801,0.000000,79.89
10,16.99,50.95,15.99,75.11,0,0,16.46,0.367879,0.000000,68.53
11,19.43,51.57,6.01,32.25,0,0,32.68,0.105399,0.000000,52.90
12,17.41,52.88,16.69,93.86,0,0,12.51,0.018316,0.000005,57.52
13,16.78,64.55,15.32,76.86,0,0,17.77,0.001930,0.000123,56.71
14,19.02,70.40,18.24,86.81,0,0,12.95,0.000123,0.001930,55.53
15,16.45,44.12,13.07,20.17,0,0,26.88,0.000005,0.018316,48.80
16,19.77,72.56,16.17,32.23,0,0,16.92,0.000000,0.105399,59.35
17,18.76,72.47,6.32,50.32,0,0,7.14,0.000000,0.367879,68.33
18,18.24,68.24,4.46,88.79,0,0,0.00,0.000000,0.778801,87.72
19,20.05,75.74,16.79,74.61,0,0,0.00,0.000000,1.000000,99.18
20,16.91,78.65,5.75,34.43,0,0,0.00,0.000000,0.778801,93.17
21,16.67,44.98,6.73,93.87,0,0,0.00,0.000000,0.367879,70.43
22,19.77,72.70,9.38,22.84,0,0,0.00,0.000000,0.105399,59.52
23,20.38,55.54,13.70,30.09,0,0,0.00,0.000000,0.018316,51.76
0,19.01,62.21,16.61,19.44,1,0,0.00,0.000000,0.000000,64.79
1,17.19,52.07,12.72,28.06,1,0,0.00,0.000005,0.000000,65.38
2,18.22,64.94,13.09,63.25,1,0,0.00,0.000123,0.000000,66.59
3,18.17,48.62,14.48,56.89,1,0,0.00,0.001930,0.000000,58.94
4,20.05,55.98,20.98,93.22,1,0,0.00,0.018316,0.000000,69.70
5,19.35,46.86,12.50,77.69,1,0,0.00,0.105399,0.000000,64.30
6,20.38,75.31,14.59,22.98,1,0,0.00,0.367879,0.000000,71.41
7,20.02,47.85,17.96,85.52,1,0,3.98,0.778801,0.000000,90.63
8,18.12,64.06,17.04,31.44,1,0,17.06,1.000000,0.000000,98.27
9,16.80,66.52,9.11,60.14,1,0,17.10,0.778801,0.000000,87.10
10,16.88,62.58,18.12,83.38,1,0,13.98,0.367879,0.000000,79.41
11,19.08,53.34,14.29,78.07,1,0,17.36,0.105399,0.000000,66.65
12,18.76,61.83,3.14,88.91,1,0,14.22,0.018316,0.000005,67.61
13,20.49,50.45,12.48,31.39,1,0,32.97,0.001930,0.000123,55.24
14,20.55,53.82,12.57,38.59,1,0,27.40,0.000123,0.001930,60.32
15,19.77,53.02,19.90,92.81,1,0,9.10,0.000005,0.018316,62.17
16,19.67,44.22,4.86,16.90,1,0,19.58,0.000000,0.105399,63.23
17,18.79,79.48,5.39,25.75,1,0,9.34,0.000000,0.367879,79.38
18,16.64,59.43,10.42,26.09,1,0,0.00,0.000000,0.778801,92.86
19,20.22,46.48,7.10,68.29,1,0,0.00,0.000000,1.000000,106.90
20,16.71,73.16,16.59,69.58,1,0,0.00,0.000000,0.778801,102.71
21,17.81,48.99,18.56,65.79,1,0,0.00,0.000000,0.367879,82.37
22,18.93,78.96,19.54,54.40,1,0,0.00,0.000000,0.105399,66.98
23,19.40,47.54,10.09,73.00,1,0,0.00,0.000000,0.018316,60.77
0,17.16,68.56,12.31,40.88,1,0,0.00,0.000000,0.000000,62.74
1,18.59,65.76,4.87,38.50,1,0,0.00,0.000005,0.000000,56.70
2,20.51,54.16,5.47,59.30,1,0,0.00,0.000123,0.000000,61.28
3,18.42,45.75,9.24,27.16,1,0,0.00,0.001930,0.000000,60.20
4,18.23,67.71,4.23,72.93,1,0,0.00,0.018316,0.000000,65.08
5,19.85,59.18,16.73,94.06,1,0,0.00,0.105399,0.000000,70.17
6,19.48,66.96,14.26,79.93,1,0,0.00,0.367879,0.000000,77.30
7,16.92,60.20,10.21,82.58,1,0,4.25,0.778801,0.000000,91.91
8,17.04,67.11,6.90,37.49,1,0,16.01,1.000000,0.000000,95.84
9,19.34,58.98,7.61,83.47,1,0,11.39,0.778801,0.000000,89.53
10,20.49,44.81,18.57,85.76,1,0,13.26,0.367879,0.000000,76.42
11,18.36,67.89,18.98,67.04,1,0,21.05,0.105399,0.000000,70.04
12,17.53,46.03,20.54,71.41,1,0,20.28,0.018316,0.000005,60.04
13,18.02,79.89,4.83,91.19,1,0,12.98,0.001930,0.000123,69.11
14,19.93,45.09,8.27,45.92,1,0,25.20,0.000123,0.001930,60.57
15,20.66,66.10,14.30,19.32,1,0,27.09,0.000005,0.018316,60.28
16,18.65,59.61,8.08,67.55,1,0,10.81,0.000000,0.105399,69.18
17,18.08,75.39,19.51,59.19,1,0,6.34,0.000000,0.367879,87.97
18,17.74,74.97,5.04,52.02,1,0,0.00,0.000000,0.778801,104.08
19,19.91,68.84,5.56,21.28,1,0,0.00,0.000000,1.000000,107.33
20,17.70,46.72,6.79,22.35,1,0,0.00,0.000000,0.778801,91.25
21,19.46,71.14,17.91,38.53,1,0,0.00,0.000000,0.367879,79.16
22,20.10,68.50,9.24,85.70,1,0,0.00,0.000000,0.105399,69.27
23,20.22,62.98,16.67,33.02,1,0,0.00,0.000000,0.018316,58.89
0,20.79,50.50,15.92,41.23,0,0,0.00,0.000000,0.000000,54.86
1,17.69,57.97,12.93,64.74,0,0,0.00,0.000005,0.000000,59.20
2,19.53,75.24,17.66,82.28,0,0,0.00,0.000123,0.000000,60.31
3,17.04,66.15,20.91,57.57,0,0,0.00,0.001930,0.000000,58.69
4,20.44,46.91,8.27,23.18,0,0,0.00,0.018316,0.000000,52.84
5,17.61,61.33,15.15,33.35,0,0,0.00,0.105399,0.000000,60.94
6,18.97,76.28,3.37,81.59,0,0,0.00,0.367879,0.000000,69.23
7,17.06,77.77,18.38,21.28,0,0,9.74,0.778801,0.000000,77.71
8,20.53,60.97,4.01,25.72,0,0,18.05,1.000000,0.000000,79.59
9,18.11,56.80,19.00,51.71,0,0,19.16,0.778801,0.000000,83.67
10,18.35,75.92,5.17,37.36,0,0,27.77,0.367879,0.000000,63.10
11,18.18,47.65,19.94,56.15,0,0,24.69,0.105399,0.000000,60.92
12,20.02,72.09,5.80,91.53,0,0,13.32,0.018316,0.000005,54.26
13,18.00,58.74,6.53,83.36,0,0,15.59,0.001930,0.000123,54.51
14,17.92,46.79,11.03,76.36,0,0,16.08,0.000123,0.001930,50.86
15,20.40,67.30,12.37,50.33,0,0,19.50,0.000005,0.018316,56.56
16,17.88,46.39,12.45,17.89,0,0,19.40,0.000000,0.105399,54.86
17,20.23,69.64,9.50,41.29,0,0,7.95,0.000000,0.367879,69.38
18,18.87,70.92,7.92,18.56,0,0,0.00,0.000000,0.778801,86.88
19,17.13,62.36,19.50,73.14,0,0,0.00,0.000000,1.000000,101.08
20,19.00,47.04,9.21,50.40,0,0,0.00,0.000000,0.778801,82.76
21,20.83,55.20,4.99,66.22,0,0,0.00,0.000000,0.367879,67.92
22,19.81,56.21,17.44,29.57,0,0,0.00,0.000000,0.105399,56.19
23,17.87,73.44,19.21,20.75,0,0,0.00,0.000000,0.018316,59.86
0,19.12,58.90,16.93,61.93,0,0,0.00,0.000000,0.000000,60.59
1,19.66,46.78,18.43,26.26,0,0,0.00,0.000005,0.000000,49.61
2,17.57,73.02,12.64,56.57,0,0,0.00,0.000123,0.000000,53.45
3,19.90,61.67,19.94,48.81,0,0,0.00,0.001930,0.000000,56.29
4,18.75,72.14,17.07,78.34,0,0,0.00,0.018316,0.000000,58.21
5,17.33,50.13,20.30,94.10,0,0,0.00,0.105399,0.000000,56.65
6,20.73,60.38,12.50,39.02,0,0,0.00,0.367879,0.000000,61.72
7,17.84,56.31,11.52,18.30,0,0,10.01,0.778801,0.000000,71.65
8,20.34,79.34,6.00,72.02,0,0,10.03,1.000000,0.000000,83.65
9,19.61,60.18,17.17,38.05,0,0,22.51,0.778801,0.000000,73.59
10,20.66,72.28,6.34,25.40,0,0,31.36,0.367879,0.000000,67.99
11,20.67,66.72,13.29,40.84,0,0,29.81,0.105399,0.000000,60.38
12,18.11,44.83,4.45,84.59,0,0,15.72,0.018316,0.000005,50.62
13,17.26,58.72,4.56,83.18,0,0,15.66,0.001930,0.000123,53.50
14,20.07,47.86,13.75,67.15,0,0,18.84,0.000123,0.001930,52.69
15,21.10,53.88,14.90,69.68,0,0,14.76,0.000005,0.018316,50.07
16,20.91,58.38,14.45,79.98,0,0,8.66,0.000000,0.105399,57.73
17,20.62,60.78,11.23,58.74,0,0,6.38,0.000000,0.367879,71.83
18,17.79,77.73,13.31,21.26,0,0,0.00,0.000000,0.778801,93.36
19,20.56,50.09,6.09,22.64,0,0,0.00,0.000000,1.000000,94.51
20,17.94,66.43,10.87,69.20,0,0,0.00,0.000000,0.778801,96.54
21,17.29,68.44,19.25,48.22,0,0,0.00,0.000000,0.367879,71.45
22,18.30,60.27,18.48,52.44,0,0,0.00,0.000000,0.105399,56.78
23,19.23,55.71,7.63,23.30,0,0,0.00,0.000000,0.018316,49.44
0,19.46,58.83,4.73,27.93,0,0,0.00,0.000000,0.000000,51.61
1,20.00,52.10,16.68,18.14,0,0,0.00,0.000005,0.000000,54.49
2,20.39,62.31,7.28,86.49,0,0,0.00,0.000123,0.000000,51.46
3,18.14,71.71,20.85,46.59,0,0,0.00,0.001930,0.000000,61.60
4,20.27,50.10,4.34,28.27,0,0,0.00,0.018316,0.000000,47.64
5,19.04,51.73,11.99,82.06,0,0,0.00,0.105399,0.000000,56.45
6,19.50,79.82,10.87,85.80,0,0,0.00,0.367879,0.000000,69.89
7,20.73,59.00,14.88,35.09,0,0,8.50,0.778801,0.000000,74.75
8,18.31,67.39,10.62,65.93,0,0,11.09,1.000000,0.000000,91.27
9,18.51,68.15,6.20,35.77,0,0,23.06,0.778801,0.000000,76.37
10,18.38,63.10,4.70,78.45,0,0,15.45,0.367879,0.000000,62.13
11,21.19,57.02,4.06,52.34,0,0,25.97,0.105399,0.000000,58.49
12,19.85,78.12,7.54,44.01,0,0,29.76,0.018316,0.000005,54.08
13,18.41,71.02,12.86,20.17,0,0,36.72,0.001930,0.000123,50.56
14,20.17,72.17,6.40,92.01,0,0,11.39,0.000123,0.001930,56.51
15,18.41,54.90,19.61,59.26,0,0,17.31,0.000005,0.018316,60.91
16,17.56,51.43,20.98,74.68,0,0,9.57,0.000000,0.105399,65.69
17,19.84,63.44,4.72,27.91,0,0,9.15,0.000000,0.367879,69.15
18,20.59,76.74,15.11,83.42,0,0,0.00,0.000000,0.778801,91.82
19,21.19,45.40,18.96,40.11,0,0,0.00,0.000000,1.000000,100.38
20,17.32,68.38,18.12,79.99,0,0,0.00,0.000000,0.778801,90.20
21,19.66,79.90,12.39,70.16,0,0,0.00,0.000000,0.367879,75.46
22,17.74,76.49,7.26,56.09,0,0,0.00,0.000000,0.105399,59.06
23,19.51,53.05,14.05,24.10,0,0,0.00,0.000000,0.018316,49.23
0,19.89,45.16,17.55,93.12,0,0,0.00,0.000000,0.000000,59.99
1,19.76,75.41,10.72,39.65,0,0,0.00,0.000005,0.000000,50.33
2,19.89,74.12,10.67,15.54,0,0,0.00,0.000123,0.000000,48.83
3,19.61,44.79,20.76,48.95,0,0,0.00,0.001930,0.000000,49.34
4,19.22,46.15,11.14,41.21,0,0,0.00,0.018316,0.000000,48.76
5,19.20,68.67,7.17,86.34,0,0,0.00,0.105399,0.000000,64.21
6,19.88,54.76,12.92,74.75,0,0,0.00,0.367879,0.000000,65.07
7,19.59,72.34,11.87,52.71,0,0,6.92,0.778801,0.000000,77.11
8,19.75,49.05,5.00,51.12,0,0,13.65,1.000000,0.000000,77.80
9,18.59,47.01,13.11,21.89,0,0,26.46,0.778801,0.000000,71.18
10,20.64,62.33,4.81,80.66,0,0,14.79,0.367879,0.000000,64.15
11,19.39,68.67,6.69,20.00,0,0,36.78,0.105399,0.000000,52.10
12,18.20,49.10,5.57,19.31,0,0,38.31,0.018316,0.000005,52.00
13,20.69,50.00,15.03,49.22,0,0,27.01,0.001930,0.000123,54.57
14,20.05,76.37,13.90,72.76,0,0,17.16,0.000123,0.001930,54.99
15,17.66,61.95,20.89,88.88,0,0,10.07,0.000005,0.018316,64.04
16,18.12,66.40,15.01,87.13,0,0,7.42,0.000000,0.105399,61.32
17,18.42,65.51,13.81,93.40,0,0,3.28,0.000000,0.367879,70.80
18,17.81,49.89,6.00,25.32,0,0,0.00,0.000000,0.778801,81.91
19,19.21,67.16,18.47,24.81,0,0,0.00,0.000000,1.000000,96.14
20,19.01,61.52,15.04,82.73,0,0,0.00,0.000000,0.778801,92.37
21,18.85,64.94,5.94,70.08,0,0,0.00,0.000000,0.367879,75.83
22,20.73,45.91,4.54,64.35,0,0,0.00,0.000000,0.105399,51.06
23,18.06,76.70,12.49,47.75,0,0,0.00,0.000000,0.018316,61.29
0,20.18,61.26,12.51,90.85,0,0,0.00,0.000000,0.000000,55.87
1,17.99,45.66,19.87,87.82,0,0,0.00,0.000005,0.000000,52.47
2,20.95,59.12,8.64,50.58,0,0,0.00,0.000123,0.000000,52.54
3,19.49,76.47,15.56,58.63,0,0,0.00,0.001930,0.000000,57.30
4,19.20,49.86,8.58,91.82,0,0,0.00,0.018316,0.000000,55.39
5,21.03,65.15,18.43,80.45,0,0,0.00,0.105399,0.000000,61.59
6,21.56,54.28,14.97,79.67,0,0,0.00,0.367879,0.000000,61.59
7,20.12,58.49,13.61,91.69,0,0,3.43,0.778801,0.000000,79.64
8,21.13,53.55,10.06,70.84,0,0,10.24,1.000000,0.000000,88.11
9,18.96,45.01,5.29,65.73,0,0,15.73,0.778801,0.000000,75.63
10,20.31,77.92,3.06,30.98,0,0,29.68,0.367879,0.000000,60.53
11,17.67,46.56,14.96,38.63,0,0,30.55,0.105399,0.000000,53.60
12,18.14,63.51,7.58,19.04,0,0,38.41,0.018316,0.000005,51.58
13,20.02,67.35,11.73,86.68,0,0,14.48,0.001930,0.000123,56.12
14,21.52,56.96,18.21,76.12,0,0,16.15,0.000123,0.001930,53.26
15,21.01,52.17,15.33,71.04,0,0,14.43,0.000005,0.018316,50.20
16,17.79,63.45,12.32,67.24,0,0,10.86,0.000000,0.105399,61.22
17,20.79,59.54,4.40,31.64,0,0,8.81,0.000000,0.367879,71.18
18,20.78,58.66,4.70,78.43,0,0,0.00,0.000000,0.778801,92.08
19,18.18,67.05,11.64,87.25,0,0,0.00,0.000000,1.000000,107.77
20,19.71,76.72,12.83,54.09,0,0,0.00,0.000000,0.778801,96.22
21,19.66,76.07,11.47,29.48,0,0,0.00,0.000000,0.367879,74.40
22,21.05,67.63,18.38,74.83,0,0,0.00,0.000000,0.105399,62.37
23,21.36,63.56,4.23,49.89,0,0,0.00,0.000000,0.018316,51.92
0,18.97,49.04,6.69,89.38,1,0,0.00,0.000000,0.000000,57.77
1,21.48,55.44,12.90,56.07,1,0,0.00,0.000005,0.000000,56.50
2,20.52,72.37,12.38,51.10,1,0,0.00,0.000123,0.000000,61.61
3,18.22,55.39,3.62,60.42,1,0,0.00,0.001930,0.000000,64.73
4,17.78,75.97,13.69,94.10,1,0,0.00,0.018316,0.000000,65.36
5,18.09,62.63,9.05,48.40,1,0,0.00,0.105399,0.000000,65.31
6,20.79,74.95,14.01,42.01,1,0,0.00,0.367879,0.000000,70.92
7,18.70,63.71,8.14,76.85,1,0,4.76,0.778801,0.000000,84.89
8,20.04,53.15,18.01,78.43,1,0,8.92,1.000000,0.000000,96.47
9,21.51,57.31,20.55,82.51,1,0,11.62,0.778801,0.000000,86.65
10,19.93,78.25,3.64,87.36,1,0,12.78,0.367879,0.000000,78.42
11,18.79,59.25,13.66,80.90,1,0,16.42,0.105399,0.000000,68.05
12,17.97,68.38,7.38,58.75,1,0,24.66,0.018316,0.000005,61.79
13,18.39,72.33,10.58,31.42,1,0,32.96,0.001930,0.000123,57.58
14,18.66,78.65,16.50,75.39,1,0,16.37,0.000123,0.001930,63.92
15,18.05,67.47,12.76,80.88,1,0,12.02,0.000005,0.018316,64.04
16,19.34,55.55,11.46,55.12,1,0,12.96,0.000000,0.105399,68.48
17,20.49,76.44,13.42,59.53,1,0,6.31,0.000000,0.367879,79.84
18,18.25,64.29,3.32,84.64,1,0,0.00,0.000000,0.778801,94.02
19,18.41,57.23,17.58,76.52,1,0,0.00,0.000000,1.000000,107.68
20,21.06,47.55,10.47,70.43,1,0,0.00,0.000000,0.778801,93.81
21,19.87,63.98,19.50,49.45,1,0,0.00,0.000000,0.367879,82.80
22,18.60,64.87,15.72,15.61,1,0,0.00,0.000000,0.105399,66.76
23,21.31,70.26,18.70,52.01,1,0,0.00,0.000000,0.018316,59.35
0,21.19,70.25,3.51,52.33,1,0,0.00,0.000000,0.000000,61.01
1,19.67,59.44,17.81,77.76,1,0,0.00,0.000005,0.000000,60.24
2,19.03,55.25,9.19,43.40,1,0,0.00,0.000123,0.000000,64.19
3,18.62,49.72,13.19,83.47,1,0,0.00,0.001930,0.000000,66.45
4,21.30,60.49,8.33,19.41,1,0,0.00,0.018316,0.000000,57.83
5,19.12,57.59,6.80,75.84,1,0,0.00,0.105399,0.000000,70.22
6,20.16,64.67,18.70,82.64,1,0,0.00,0.367879,0.000000,73.32
7,20.37,59.13,5.29,27.16,1,0,9.21,0.778801,0.000000,78.50
8,19.36,56.23,3.07,72.75,1,0,9.91,1.000000,0.000000,95.35
9,19.61,73.09,5.79,31.95,1,0,24.00,0.778801,0.000000,89.56
10,21.75,59.87,8.69,75.96,1,0,16.20,0.367879,0.000000,68.40
11,18.80,44.10,13.85,34.60,1,0,31.90,0.105399,0.000000,59.97
12,20.82,51.94,4.88,34.01,1,0,33.23,0.018316,0.000005,60.20
13,18.39,50.35,12.87,30.97,1,0,33.11,0.001930,0.000123,54.88
14,18.27,79.93,17.47,57.17,1,0,21.83,0.000123,0.001930,63.23
15,19.57,62.03,16.93,40.92,1,0,21.80,0.000005,0.018316,61.15
16,18.04,73.24,16.72,71.58,1,0,10.11,0.000000,0.105399,75.52
17,18.61,77.43,4.36,87.96,1,0,3.77,0.000000,0.367879,86.35
18,21.27,65.27,14.85,80.48,1,0,0.00,0.000000,0.778801,101.43
19,21.62,78.16,20.70,72.67,1,0,0.00,0.000000,1.000000,106.05
20,21.89,61.86,10.38,15.72,1,0,0.00,0.000000,0.778801,95.40
21,18.58,60.86,20.94,71.74,1,0,0.00,0.000000,0.367879,84.17
22,18.73,56.34,12.01,47.01,1,0,0.00,0.000000,0.105399,63.34
23,20.74,55.35,12.12,41.31,1,0,0.00,0.000000,0.018316,56.40
0,19.79,70.99,10.05,44.17,0,0,0.00,0.000000,0.000000,56.89
1,20.90,79.12,12.24,34.85,0,0,0.00,0.000005,0.000000,59.38
2,19.97,78.69,13.33,39.80,0,0,0.00,0.000123,0.000000,56.45
3,18.29,65.72,9.43,28.66,0,0,0.00,0.001930,0.000000,56.71
4,21.88,56.15,3.33,79.38,0,0,0.00,0.018316,0.000000,56.50
5,18.14,49.62,16.25,86.09,0,0,0.00,0.105399,0.000000,63.70
6,18.59,47.79,16.36,38.55,0,0,0.00,0.367879,0.000000,65.85
7,20.12,53.71,15.04,90.57,0,0,3.53,0.778801,0.000000,82.97
8,21.63,67.49,5.17,58.64,0,0,12.35,1.000000,0.000000,82.06
9,20.13,53.05,12.26,81.86,0,0,11.78,0.778801,0.000000,81.15
10,18.17,72.42,18.52,65.42,0,0,19.36,0.367879,0.000000,65.73
11,19.15,76.60,3.74,65.04,0,0,21.72,0.105399,0.000000,56.75
12,20.51,74.73,10.54,58.33,0,0,24.81,0.018316,0.000005,59.88
13,19.08,75.75,14.69,72.58,0,0,19.20,0.001930,0.000123,56.22
14,20.63,67.89,11.77,73.08,0,0,17.06,0.000123,0.001930,54.02
15,18.54,58.04,11.88,50.97,0,0,19.34,0.000005,0.018316,52.01
16,20.85,68.72,8.32,73.58,0,0,9.76,0.000000,0.105399,56.68
17,19.53,64.17,7.43,60.47,0,0,6.23,0.000000,0.367879,75.14
18,20.30,47.98,4.82,26.31,0,0,0.00,0.000000,0.778801,84.54
19,18.83,78.74,19.43,84.03,0,0,0.00,0.000000,1.000000,101.35
20,20.80,48.72,17.30,74.57,0,0,0.00,0.000000,0.778801,84.36
21,21.82,77.94,7.21,44.87,0,0,0.00,0.000000,0.367879,74.83
22,19.66,60.83,9.08,88.28,0,0,0.00,0.000000,0.105399,63.20
23,18.21,77.78,5.64,35.54,0,0,0.00,0.000000,0.018316,53.08
0,19.60,53.47,19.62,20.70,0,0,0.00,0.000000,0.000000,53.82
1,21.84,49.61,8.55,71.42,0,0,0.00,0.000005,0.000000,48.04
2,21.79,75.60,19.06,42.92,0,0,0.00,0.000123,0.000000,59.44
3,21.29,78.64,5.04,60.94,0,0,0.00,0.001930,0.000000,56.33
4,20.80,79.02,13.69,93.91,0,0,0.00,0.018316,0.000000,62.46
5,21.75,71.71,17.75,21.28,0,0,0.00,0.105399,0.000000,55.73
6,21.54,63.40,4.19,64.56,0,0,0.00,0.367879,0.000000,66.08
7,19.42,47.51,13.68,23.89,0,0,9.51,0.778801,0.000000,76.09
8,21.84,59.53,16.89,72.44,0,0,9.96,1.000000,0.000000,82.53
9,18.57,53.03,9.54,16.74,0,0,27.72,0.778801,0.000000,71.41
10,18.30,56.88,6.00,86.01,0,0,13.19,0.367879,0.000000,69.67
11,22.13,48.01,13.22,22.38,0,0,35.99,0.105399,0.000000,55.66
12,21.58,60.00,14.99,66.14,0,0,22.11,0.018316,0.000005,58.82
13,21.08,78.89,4.87,19.32,0,0,37.01,0.001930,0.000123,46.66
14,20.52,54.36,6.57,76.51,0,0,16.04,0.000123,0.001930,56.15
15,18.42,69.69,7.84,82.97,0,0,11.51,0.000005,0.018316,54.24
16,19.84,47.02,3.69,54.72,0,0,13.03,0.000000,0.105399,55.81
17,19.87,47.22,4.35,16.79,0,0,10.14,0.000000,0.367879,65.34
18,18.55,74.74,12.98,40.59,0,0,0.00,0.000000,0.778801,95.71
19,21.52,68.69,8.63,69.58,0,0,0.00,0.000000,1.000000,94.39
20,20.97,52.57,20.24,90.15,0,0,0.00,0.000000,0.778801,87.03
21,21.34,77.31,20.95,55.21,0,0,0.00,0.000000,0.367879,75.12
22,20.24,67.00,15.04,89.29,0,0,0.00,0.000000,0.105399,61.23
23,20.02,47.71,13.20,72.87,0,0,0.00,0.000000,0.018316,53.14
0,19.55,79.04,13.41,84.47,0,0,0.00,0.000000,0.000000,60.96
1,22.26,64.93,9.44,32.30,0,0,0.00,0.000005,0.000000,48.95
2,22.01,70.65,17.69,74.82,0,0,0.00,0.000123,0.000000,60.67
3,20.99,47.81,14.53,46.67,0,0,0.00,0.001930,0.000000,50.52
4,21.98,74.39,16.91,44.15,0,0,0.00,0.018316,0.000000,58.11
5,21.77,78.80,17.05,68.42,0,0,0.00,0.105399,0.000000,62.39
6,19.51,60.92,12.57,60.04,0,0,0.00,0.367879,0.000000,70.71
7,21.97,77.17,5.44,37.58,0,0,8.28,0.778801,0.000000,76.43
8,22.26,63.59,15.49,32.43,0,0,16.89,1.000000,0.000000,86.89
9,19.59,62.01,20.02,51.36,0,0,19.25,0.778801,0.000000,75.66
10,18.87,73.02,9.05,33.91,0,0,28.80,0.367879,0.000000,70.38
11,21.47,47.22,3.96,53.97,0,0,25.42,0.105399,0.000000,50.06
12,21.59,63.41,13.72,40.76,0,0,30.89,0.018316,0.000005,50.19
13,20.88,47.43,13.39,91.19,0,0,12.98,0.001930,0.000123,52.77
14,20.41,57.18,16.23,24.27,0,0,31.69,0.000123,0.001930,47.78
15,20.68,47.44,20.86,80.79,0,0,12.05,0.000005,0.018316,58.47
16,19.89,64.62,11.84,50.66,0,0,13.73,0.000000,0.105399,57.79
17,18.71,52.74,7.77,41.49,0,0,7.93,0.000000,0.367879,72.12
18,21.64,76.96,15.26,19.05,0,0,0.00,0.000000,0.778801,91.20
19,20.00,75.13,3.58,46.23,0,0,0.00,0.000000,1.000000,96.48
20,21.20,50.59,11.55,27.19,0,0,0.00,0.000000,0.778801,87.02
21,18.72,53.96,5.41,23.09,0,0,0.00,0.000000,0.367879,64.88
22,19.98,68.51,20.32,87.31,0,0,0.00,0.000000,0.105399,62.33
23,19.46,73.44,10.99,46.66,0,0,0.00,0.000000,0.018316,53.35
0,21.09,66.49,17.24,85.32,0,0,0.00,0.000000,0.000000,53.05
1,20.90,49.41,14.29,66.68,0,0,0.00,0.000005,0.000000,50.38
2,21.56,79.15,6.90,71.27,0,0,0.00,0.000123,0.000000,52.37
3,22.25,60.03,14.06,35.97,0,0,0.00,0.001930,0.000000,50.97
4,19.83,73.97,20.47,50.44,0,0,0.00,0.018316,0.000000,54.76
5,21.01,54.59,19.55,50.50,0,0,0.00,0.105399,0.000000,54.05
6,18.83,77.00,12.49,80.64,0,0,0.00,0.367879,0.000000,67.91
7,20.76,65.65,17.88,45.62,0,0,7.56,0.778801,0.000000,77.18
8,21.67,55.58,14.06,54.26,0,0,13.11,1.000000,0.000000,84.89
9,18.66,58.22,16.10,89.37,0,0,9.95,0.778801,0.000000,85.82
10,19.33,52.11,17.26,80.40,0,0,14.87,0.367879,0.000000,67.35
11,20.30,78.88,17.21,21.70,0,0,36.21,0.105399,0.000000,60.31
12,19.68,49.86,14.95,67.37,0,0,21.68,0.018316,0.000005,58.20
13,22.44,49.90,12.54,31.21,0,0,33.03,0.001930,0.000123,51.38
14,19.97,58.82,9.15,83.39,0,0,13.97,0.000123,0.001930,58.87
15,19.54,58.47,3.95,65.11,0,0,15.88,0.000005,0.018316,54.14
16,20.59,59.16,6.90,49.67,0,0,13.90,0.000000,0.105399,53.35
17,21.01,59.36,11.34,17.53,0,0,10.08,0.000000,0.367879,62.81
18,19.46,73.60,11.67,78.93,0,0,0.00,0.000000,0.778801,90.83
19,21.12,47.49,15.63,41.25,0,0,0.00,0.000000,1.000000,97.15
20,21.23,69.38,7.17,19.93,0,0,0.00,0.000000,0.778801,84.28
21,18.73,48.12,10.42,83.87,0,0,0.00,0.000000,0.367879,71.01
22,19.22,56.35,19.90,48.67,0,0,0.00,0.000000,0.105399,59.40
23,19.37,72.67,20.48,25.40,0,0,0.00,0.000000,0.018316,59.29
0,18.88,69.52,15.52,85.78,0,0,0.00,0.000000,0.000000,56.68
1,20.78,79.33,4.03,76.67,0,0,0.00,0.000005,0.000000,57.77
2,21.43,71.32,10.07,40.96,0,0,0.00,0.000123,0.000000,52.60
3,18.82,61.18,15.02,30.04,0,0,0.00,0.001930,0.000000,57.30
4,21.32,76.24,4.39,15.29,0,0,0.00,0.018316,0.000000,50.52
5,20.42,48.59,19.11,62.60,0,0,0.00,0.105399,0.000000,61.43
6,20.59,45.49,13.11,55.02,0,0,0.00,0.367879,0.000000,67.69
7,20.30,52.24,12.79,40.37,0,0,8.03,0.778801,0.000000,71.03
8,18.77,69.38,5.78,31.49,0,0,17.05,1.000000,0.000000,83.04
9,21.08,67.61,11.98,66.87,0,0,15.45,0.778801,0.000000,74.41
10,21.20,46.87,12.63,66.07,0,0,19.17,0.367879,0.000000,59.70
11,20.24,53.75,3.17,44.33,0,0,28.64,0.105399,0.000000,48.75
12,19.37,77.69,12.56,50.99,0,0,27.35,0.018316,0.000005,51.82
13,22.05,45.48,12.63,76.48,0,0,17.90,0.001930,0.000123,55.53
14,21.84,66.22,8.63,62.78,0,0,20.15,0.000123,0.001930,54.79
15,20.07,55.43,17.94,83.26,0,0,11.44,0.000005,0.018316,52.47
16,20.44,50.50,10.81,48.02,0,0,14.19,0.000000,0.105399,54.86
17,22.39,45.42,8.33,64.84,0,0,5.84,0.000000,0.367879,69.42
18,20.24,58.93,16.51,68.22,0,0,0.00,0.000000,0.778801,91.62
19,21.08,70.58,15.46,49.55,0,0,0.00,0.000000,1.000000,96.41
20,21.28,60.83,13.95,85.10,0,0,0.00,0.000000,0.778801,90.47
21,19.85,51.76,16.97,54.06,0,0,0.00,0.000000,0.367879,71.82
22,19.69,76.41,9.60,55.54,0,0,0.00,0.000000,0.105399,57.05
23,21.90,51.99,17.14,17.49,0,0,0.00,0.000000,0.018316,50.85
0,21.70,61.57,10.18,91.58,1,0,0.00,0.000000,0.000000,59.91
1,19.58,58.93,12.73,90.90,1,0,0.00,0.000005,0.000000,65.35
2,19.52,73.72,15.79,89.71,1,0,0.00,0.000123,0.000000,69.56
3,21.98,76.08,17.12,73.55,1,0,0.00,0.001930,0.000000,62.94
4,22.22,46.11,9.00,51.37,1,0,0.00,0.018316,0.000000,61.71
5,19.37,71.45,19.55,32.95,1,0,0.00,0.105399,0.000000,63.02
6,19.90,68.91,7.47,86.52,1,0,0.00,0.367879,0.000000,77.00
7,22.18,46.77,18.76,72.40,1,0,5.16,0.778801,0.000000,87.75
8,21.87,69.33,17.34,81.02,1,0,8.48,1.000000,0.000000,99.68
9,22.15,44.51,8.07,21.05,1,0,26.67,0.778801,0.000000,75.68
10,19.70,78.68,20.45,40.04,1,0,26.97,0.367879,0.000000,79.75
11,21.83,51.33,15.98,84.87,1,0,15.09,0.105399,0.000000,61.23
12,21.63,62.05,14.19,59.43,1,0,24.43,0.018316,0.000005,59.87
13,22.35,56.08,10.32,54.32,1,0,25.31,0.001930,0.000123,58.31
14,21.60,55.87,5.99,69.97,1,0,18.00,0.000123,0.001930,58.48
15,19.36,61.46,11.92,84.07,1,0,11.24,0.000005,0.018316,62.44
16,19.28,64.98,15.03,90.49,1,0,6.84,0.000000,0.105399,66.25
17,19.03,74.39,6.97,63.99,1,0,5.91,0.000000,0.367879,80.76
18,20.98,63.43,4.55,59.83,1,0,0.00,0.000000,0.778801,98.17
19,21.66,58.02,9.98,76.05,1,0,0.00,0.000000,1.000000,103.75
20,19.86,77.30,16.13,59.87,1,0,0.00,0.000000,0.778801,96.12
21,22.19,61.42,10.47,62.39,1,0,0.00,0.000000,0.367879,73.49
22,21.23,64.31,10.50,37.59,1,0,0.00,0.000000,0.105399,61.11
23,21.53,46.65,6.79,61.09,1,0,0.00,0.000000,0.018316,61.88
0,19.66,55.80,8.95,87.10,1,0,0.00,0.000000,0.000000,67.71
1,21.40,46.50,15.73,43.15,1,0,0.00,0.000005,0.000000,58.44
2,19.76,47.96,17.46,69.70,1,0,0.00,0.000123,0.000000,62.30
3,20.44,52.61,3.16,31.93,1,0,0.00,0.001930,0.000000,53.27
4,21.71,69.85,7.72,94.45,1,0,0.00,0.018316,0.000000,67.39
5,21.29,64.47,16.79,49.06,1,0,0.00,0.105399,0.000000,61.17
6,21.41,70.92,18.23,59.93,1,0,0.00,0.367879,0.000000,73.83
7,21.82,48.14,17.44,75.31,1,0,4.90,0.778801,0.000000,81.09
8,20.84,50.01,19.47,93.56,1,0,6.31,1.000000,0.000000,91.55
9,20.64,78.57,4.06,43.73,1,0,21.12,0.778801,0.000000,87.04
10,19.66,50.07,8.29,24.23,1,0,31.71,0.367879,0.000000,70.68
11,20.18,62.71,18.42,22.85,1,0,35.83,0.105399,0.000000,59.41
12,20.17,53.57,16.46,91.26,1,0,13.41,0.018316,0.000005,64.29
13,19.75,52.64,5.64,43.34,1,0,28.98,0.001930,0.000123,55.22
14,21.99,56.15,9.73,72.82,1,0,17.14,0.000123,0.001930,57.70
15,19.12,51.42,5.34,37.68,1,0,22.60,0.000005,0.018316,58.71
16,22.95,70.94,11.50,55.84,1,0,12.84,0.000000,0.105399,62.07
17,22.91,58.49,6.32,24.70,1,0,9.43,0.000000,0.367879,74.10
18,22.04,64.06,11.41,70.83,1,0,0.00,0.000000,0.778801,92.76
19,21.56,77.80,16.81,23.02,1,0,0.00,0.000000,1.000000,103.29
20,21.83,61.97,16.88,84.84,1,0,0.00,0.000000,0.778801,94.88
21,20.50,61.30,14.58,25.93,1,0,0.00,0.000000,0.367879,73.82
22,22.76,69.53,13.51,88.72,1,0,0.00,0.000000,0.105399,70.97
23,21.33,44.52,17.51,78.98,1,0,0.00,0.000000,0.018316,60.11
0,21.58,56.39,14.51,55.86,0,1,0.00,0.000000,0.000000,41.49
1,21.69,78.87,12.46,75.90,0,1,0.00,0.000005,0.000000,45.88
2,21.49,50.70,9.06,53.66,0,1,0.00,0.000123,0.000000,38.83
3,19.47,50.09,11.44,93.76,0,1,0.00,0.001930,0.000000,44.05
4,19.16,53.19,15.06,61.37,0,1,0.00,0.018316,0.000000,44.87
5,20.46,51.44,13.50,88.78,0,1,0.00,0.105399,0.000000,52.04
6,23.03,54.22,9.69,73.20,0,1,0.00,0.367879,0.000000,56.28
7,20.52,47.02,15.28,15.62,0,1,10.25,0.778801,0.000000,66.47
8,21.23,75.27,18.56,69.09,0,1,10.54,1.000000,0.000000,78.19
9,21.51,63.96,8.53,39.97,0,1,22.04,0.778801,0.000000,64.67
10,19.54,46.40,11.14,42.50,0,1,26.23,0.367879,0.000000,51.85
11,19.86,77.72,16.10,51.76,0,1,26.16,0.105399,0.000000,48.80
12,22.99,60.24,17.33,68.80,0,1,21.18,0.018316,0.000005,40.44
13,20.94,59.68,15.59,39.54,0,1,30.25,0.001930,0.000123,44.77
14,19.47,78.88,14.86,46.26,0,1,25.10,0.000123,0.001930,47.54
15,21.45,69.35,5.64,60.42,0,1,17.03,0.000005,0.018316,47.16
16,22.24,69.48,6.65,67.25,0,1,10.86,0.000000,0.105399,50.49
17,22.27,64.70,4.86,19.49,0,1,9.90,0.000000,0.367879,55.23
18,21.98,67.66,10.12,46.71,0,1,0.00,0.000000,0.778801,81.87
19,23.10,50.16,8.44,62.42,0,1,0.00,0.000000,1.000000,84.22
20,20.71,46.56,9.09,32.03,0,1,0.00,0.000000,0.778801,74.49
21,22.56,44.49,13.72,51.16,0,1,0.00,0.000000,0.367879,54.33
22,19.55,76.68,6.05,88.83,0,1,0.00,0.000000,0.105399,53.92
23,20.51,74.32,7.24,58.41,0,1,0.00,0.000000,0.018316,44.60
0,22.73,57.05,14.98,65.95,0,0,0.00,0.000000,0.000000,53.81
1,21.50,70.08,15.84,88.92,0,0,0.00,0.000005,0.000000,53.34
2,21.04,62.79,9.03,34.12,0,0,0.00,0.000123,0.000000,48.59
3,19.34,51.87,15.73,78.08,0,0,0.00,0.001930,0.000000,51.63
4,21.20,78.75,15.70,73.04,0,0,0.00,0.018316,0.000000,57.83
5,22.12,76.68,12.56,36.41,0,0,0.00,0.105399,0.000000,58.85
6,19.90,63.64,7.77,94.11,0,0,0.00,0.367879,0.000000,67.79
7,20.69,48.89,13.07,47.57,0,0,7.39,0.778801,0.000000,73.15
8,20.77,76.51,5.50,37.35,0,0,16.03,1.000000,0.000000,86.72
9,19.88,54.75,9.31,91.69,0,0,9.38,0.778801,0.000000,83.56
10,19.91,54.83,14.62,94.91,0,0,10.52,0.367879,0.000000,69.00
11,21.03,48.24,17.39,41.32,0,0,29.65,0.105399,0.000000,57.46
12,20.22,60.56,11.53,56.07,0,0,25.59,0.018316,0.000005,49.42
13,20.79,46.09,12.34,67.39,0,0,20.93,0.001930,0.000123,55.53
14,22.87,44.22,18.28,63.99,0,0,19.79,0.000123,0.001930,54.61
15,19.80,78.28,3.65,64.64,0,0,16.00,0.000005,0.018316,57.59
16,22.08,52.53,18.52,87.82,0,0,7.30,0.000000,0.105399,63.52
17,19.30,46.89,5.63,82.22,0,0,4.28,0.000000,0.367879,74.44
18,20.74,79.72,13.65,30.53,0,0,0.00,0.000000,0.778801,93.18
19,22.08,77.72,5.98,53.24,0,0,0.00,0.000000,1.000000,99.15
20,23.20,72.16,19.17,37.77,0,0,0.00,0.000000,0.778801,84.41
21,20.73,72.60,16.15,80.07,0,0,0.00,0.000000,0.367879,73.48
22,20.71,72.14,8.85,70.48,0,0,0.00,0.000000,0.105399,56.74
23,21.19,62.15,10.97,75.92,0,0,0.00,0.000000,0.018316,59.31
0,22.71,50.80,11.41,20.56,0,0,0.00,0.000000,0.000000,51.66
1,22.88,72.27,20.32,52.91,0,0,0.00,0.000005,0.000000,55.67
2,21.66,63.82,4.23,47.64,0,0,0.00,0.000123,0.000000,55.18
3,20.93,50.25,8.95,26.75,0,0,0.00,0.001930,0.000000,53.98
4,23.02,54.69,20.70,22.35,0,0,0.00,0.018316,0.000000,52.28
5,19.79,73.35,6.94,63.82,0,0,0.00,0.105399,0.000000,59.64
6,20.69,70.42,14.27,42.07,0,0,0.00,0.367879,0.000000,61.82
7,20.43,45.25,16.92,32.99,0,0,8.69,0.778801,0.000000,76.14
8,19.99,58.18,13.52,43.32,0,0,15.00,1.000000,0.000000,79.04
9,22.20,46.64,12.35,66.24,0,0,15.61,0.778801,0.000000,77.68
10,19.97,72.53,10.39,76.95,0,0,15.90,0.367879,0.000000,65.11
11,20.87,51.91,16.91,24.84,0,0,35.16,0.105399,0.000000,49.34
12,22.13,63.94,5.15,61.75,0,0,23.63,0.018316,0.000005,49.19
13,21.37,70.22,20.11,15.96,0,0,38.13,0.001930,0.000123,53.25
14,20.46,58.71,8.41,15.20,0,0,34.41,0.000123,0.001930,48.18
15,21.33,46.14,10.51,53.55,0,0,18.71,0.000005,0.018316,55.09
16,20.92,44.06,3.09,61.01,0,0,11.94,0.000000,0.105399,51.01
17,21.15,48.28,18.03,71.75,0,0,5.22,0.000000,0.367879,71.38
18,22.95,66.30,7.71,37.19,0,0,0.00,0.000000,0.778801,83.84
19,20.92,75.86,16.59,83.86,0,0,0.00,0.000000,1.000000,105.77
20,20.03,49.42,7.99,60.76,0,0,0.00,0.000000,0.778801,84.04
21,20.82,49.52,5.73,61.25,0,0,0.00,0.000000,0.367879,64.39
22,22.90,67.89,14.93,50.61,0,0,0.00,0.000000,0.105399,62.94
23,22.39,68.23,5.55,87.19,0,0,0.00,0.000000,0.018316,51.94
0,21.66,51.00,10.46,33.38,0,0,0.00,0.000000,0.000000,45.49
1,21.66,70.94,20.59,48.07,0,0,0.00,0.000005,0.000000,53.75
2,19.57,63.74,12.08,83.97,0,0,0.00,0.000123,0.000000,60.74
3,22.64,79.51,20.41,81.81,0,0,0.00,0.001930,0.000000,55.94
4,19.92,58.58,16.87,87.22,0,0,0.00,0.018316,0.000000,53.90
5,21.89,58.02,20.38,16.49,0,0,0.00,0.105399,0.000000,50.75
6,20.04,65.85,3.11,54.77,0,0,0.00,0.367879,0.000000,64.95
7,23.24,77.11,19.04,26.14,0,0,9.30,0.778801,0.000000,74.58
8,23.19,62.60,15.23,37.64,0,0,15.99,1.000000,0.000000,84.74
9,20.75,48.84,5.29,70.00,0,0,14.69,0.778801,0.000000,79.93
10,22.49,64.17,7.60,43.73,0,0,25.86,0.367879,0.000000,61.91
11,22.23,79.88,20.68,51.60,0,0,26.21,0.105399,0.000000,55.31
12,23.44,74.37,13.39,67.17,0,0,21.75,0.018316,0.000005,53.35
13,20.35,67.14,10.66,79.95,0,0,16.73,0.001930,0.000123,58.59
14,23.15,74.60,18.81,66.29,0,0,19.10,0.000123,0.001930,54.64
15,20.37,52.07,10.23,21.08,0,0,26.66,0.000005,0.018316,47.60
16,20.47,44.68,15.66,36.16,0,0,16.24,0.000000,0.105399,59.07
17,20.06,46.09,20.24,60.48,0,0,6.23,0.000000,0.367879,67.95
18,21.57,53.24,19.61,32.61,0,0,0.00,0.000000,0.778801,85.25
19,21.11,71.31,12.40,59.38,0,0,0.00,0.000000,1.000000,96.82
20,23.00,61.91,7.02,64.97,0,0,0.00,0.000000,0.778801,84.10
21,20.14,73.47,16.23,86.02,0,0,0.00,0.000000,0.367879,74.24
22,20.37,46.55,10.58,47.32,0,0,0.00,0.000000,0.105399,51.95
23,21.37,75.85,14.17,41.91,0,0,0.00,0.000000,0.018316,57.86
0,22.67,51.59,18.14,69.11,0,0,0.00,0.000000,0.000000,56.94
1,21.36,70.28,8.81,27.67,0,0,0.00,0.000005,0.000000,49.86
2,22.37,55.90,8.82,20.35,0,0,0.00,0.000123,0.000000,44.71
3,20.56,53.37,12.69,47.77,0,0,0.00,0.001930,0.000000,52.36
4,21.10,44.59,7.18,28.50,0,0,0.00,0.018316,0.000000,53.75
5,23.53,75.41,18.58,44.63,0,0,0.00,0.105399,0.000000,58.23
6,23.33,76.11,16.79,59.94,0,0,0.00,0.367879,0.000000,69.36
7,23.10,66.75,20.02,43.55,0,0,7.74,0.778801,0.000000,76.50
8,21.60,73.92,18.82,72.11,0,0,10.02,1.000000,0.000000,88.79
9,21.35,50.30,7.62,66.95,0,0,15.43,0.778801,0.000000,74.42
10,22.87,56.58,18.58,19.23,0,0,33.21,0.367879,0.000000,57.57
11,21.48,61.02,4.89,44.15,0,0,28.70,0.105399,0.000000,58.23
12,21.90,65.28,5.37,39.28,0,0,31.40,0.018316,0.000005,48.68
13,20.55,70.26,11.36,45.87,0,0,28.13,0.001930,0.000123,55.22
14,20.02,46.48,12.04,27.60,0,0,30.70,0.000123,0.001930,50.80
15,23.21,52.88,7.90,16.69,0,0,27.73,0.000005,0.018316,46.21
16,21.59,59.33,13.35,38.88,0,0,15.77,0.000000,0.105399,54.54
17,22.92,50.48,8.27,47.98,0,0,7.35,0.000000,0.367879,69.20
18,21.76,74.67,17.27,17.98,0,0,0.00,0.000000,0.778801,84.79
19,22.81,53.01,5.23,93.97,0,0,0.00,0.000000,1.000000,96.06
20,20.25,68.83,3.53,27.66,0,0,0.00,0.000000,0.778801,90.98
21,22.85,71.34,4.35,89.46,0,0,0.00,0.000000,0.367879,67.76
22,23.17,79.78,6.60,41.51,0,0,0.00,0.000000,0.105399,56.10
23,22.06,52.66,18.42,83.59,0,0,0.00,0.000000,0.018316,55.57
0,20.49,70.67,16.72,48.93,1,0,0.00,0.000000,0.000000,64.45
1,20.43,72.93,4.56,26.68,1,0,0.00,0.000005,0.000000,58.58
2,23.63,71.19,11.86,60.64,1,0,0.00,0.000123,0.000000,62.18
3,23.82,54.56,18.16,79.01,1,0,0.00,0.001930,0.000000,58.59
4,21.75,65.85,16.39,72.95,1,0,0.00,0.018316,0.000000,65.73
5,23.63,73.55,15.07,79.31,1,0,0.00,0.105399,0.000000,62.67
6,23.64,62.29,20.96,92.03,1,0,0.00,0.367879,0.000000,70.43
7,20.71,65.71,20.77,78.87,1,0,4.58,0.778801,0.000000,93.68
8,22.83,77.45,3.28,80.17,1,0,8.62,1.000000,0.000000,94.96
9,20.28,60.11,9.46,22.32,1,0,26.36,0.778801,0.000000,77.97
10,22.55,46.73,18.50,70.49,1,0,17.84,0.367879,0.000000,70.70
11,23.73,50.27,6.25,60.66,1,0,23.18,0.105399,0.000000,56.78
12,23.11,73.72,12.11,88.59,1,0,14.33,0.018316,0.000005,59.61
13,20.78,75.05,11.97,63.05,1,0,22.39,0.001930,0.000123,62.81
14,21.99,45.09,7.56,25.11,1,0,31.44,0.000123,0.001930,56.12
15,20.13,65.79,11.52,55.26,1,0,18.30,0.000005,0.018316,62.62
16,22.49,64.35,18.80,86.60,1,0,7.51,0.000000,0.105399,65.20
17,21.88,61.75,5.58,39.54,1,0,8.10,0.000000,0.367879,70.14
18,20.98,78.66,16.31,58.98,1,0,0.00,0.000000,0.778801,103.14
19,23.77,59.27,18.84,28.21,1,0,0.00,0.000000,1.000000,100.92
20,21.88,50.84,6.89,92.31,1,0,0.00,0.000000,0.778801,93.03
21,20.57,47.23,7.32,76.55,1,0,0.00,0.000000,0.367879,72.98
22,23.65,79.82,7.62,43.66,1,0,0.00,0.000000,0.105399,64.15
23,22.93,68.14,19.97,34.41,1,0,0.00,0.000000,0.018316,62.83
0,20.40,61.22,14.80,20.95,1,0,0.00,0.000000,0.000000,61.78
1,20.70,61.87,9.40,15.33,1,0,0.00,0.000005,0.000000,61.54
2,21.81,45.57,10.29,79.61,1,0,0.00,0.000123,0.000000,62.54
3,21.30,68.67,11.12,92.11,1,0,0.00,0.001930,0.000000,61.36
4,21.33,76.12,7.77,21.25,1,0,0.00,0.018316,0.000000,55.98
5,23.23,68.99,11.67,73.47,1,0,0.00,0.105399,0.000000,67.02
6,23.04,65.81,3.11,73.98,1,0,0.00,0.367879,0.000000,70.18
7,23.03,55.01,20.15,42.68,1,0,7.82,0.778801,0.000000,80.16
8,22.51,58.13,16.81,42.34,1,0,15.17,1.000000,0.000000,90.48
9,22.56,78.19,14.99,91.13,1,0,9.51,0.778801,0.000000,87.77
10,22.62,46.96,5.32,86.83,1,0,12.94,0.367879,0.000000,66.57
11,21.15,77.19,20.06,82.30,1,0,15.95,0.105399,0.000000,69.32
12,23.49,53.76,19.61,52.18,1,0,26.94,0.018316,0.000005,62.78
13,23.94,49.15,11.93,19.78,1,0,36.85,0.001930,0.000123,53.84
14,21.90,76.37,3.79,77.16,1,0,15.84,0.000123,0.001930,63.54
15,20.69,47.45,19.46,31.88,1,0,24.02,0.000005,0.018316,59.41
16,23.14,57.78,14.92,28.96,1,0,17.49,0.000000,0.105399,63.44
17,22.41,65.73,15.47,89.82,1,0,3.60,0.000000,0.367879,78.53
18,21.40,78.21,17.32,19.97,1,0,0.00,0.000000,0.778801,95.56
19,21.46,69.09,12.76,71.43,1,0,0.00,0.000000,1.000000,112.46
20,23.69,59.26,8.09,66.61,1,0,0.00,0.000000,0.778801,97.55
21,22.17,45.23,9.10,73.26,1,0,0.00,0.000000,0.367879,76.63
22,23.21,48.34,9.48,25.50,1,0,0.00,0.000000,0.105399,59.93
23,23.94,71.33,17.93,85.08,1,0,0.00,0.000000,0.018316,66.89
0,23.47,49.15,8.40,75.68,0,0,0.00,0.000000,0.000000,48.24
1,21.07,56.61,12.01,37.75,0,0,0.00,0.000005,0.000000,54.10
2,23.29,76.73,13.49,32.13,0,0,0.00,0.000123,0.000000,51.58
3,23.47,62.32,19.58,63.17,0,0,0.00,0.001930,0.000000,51.54
4,20.13,66.67,16.91,20.93,0,0,0.00,0.018316,0.000000,50.95
5,21.11,62.39,7.64,48.11,0,0,0.00,0.105399,0.000000,57.20
6,22.04,58.95,9.33,23.88,0,0,0.00,0.367879,0.000000,58.67
7,22.03,53.67,18.10,27.40,0,0,9.19,0.778801,0.000000,79.57
8,22.27,46.36,6.38,56.73,0,0,12.68,1.000000,0.000000,78.23
9,21.34,68.21,10.51,51.80,0,0,19.14,0.778801,0.000000,78.99
10,21.65,51.44,15.74,64.09,0,0,19.76,0.367879,0.000000,67.44
11,22.71,50.94,11.78,45.53,0,0,28.24,0.105399,0.000000,56.60
12,23.70,65.09,7.06,21.63,0,0,37.51,0.018316,0.000005,44.29
13,22.32,52.69,10.41,84.39,0,0,15.25,0.001930,0.000123,54.29
14,22.69,73.87,18.32,16.21,0,0,34.11,0.000123,0.001930,53.57
15,20.21,45.14,13.49,41.76,0,0,21.60,0.000005,0.018316,53.86
16,23.97,48.81,20.79,93.37,0,0,6.34,0.000000,0.105399,60.35
17,20.42,67.50,5.89,71.39,0,0,5.25,0.000000,0.367879,72.42
18,22.45,79.46,7.21,43.22,0,0,0.00,0.000000,0.778801,84.74
19,22.50,57.81,9.88,89.05,0,0,0.00,0.000000,1.000000,98.68
20,21.29,60.44,12.31,25.41,0,0,0.00,0.000000,0.778801,90.99
21,20.90,78.51,19.28,42.63,0,0,0.00,0.000000,0.367879,70.11
22,23.28,66.53,6.81,36.79,0,0,0.00,0.000000,0.105399,55.26
23,20.86,48.86,9.77,49.68,0,0,0.00,0.000000,0.018316,55.24
0,21.93,66.57,15.28,86.52,0,0,0.00,0.000000,0.000000,51.45
1,20.53,63.63,7.98,75.51,0,0,0.00,0.000005,0.000000,50.09
2,21.82,62.06,19.87,67.39,0,0,0.00,0.000123,0.000000,52.04
3,23.58,45.46,8.59,90.18,0,0,0.00,0.001930,0.000000,54.10
4,22.07,70.46,16.69,44.34,0,0,0.00,0.018316,0.000000,52.14
5,22.59,64.36,5.37,23.30,0,0,0.00,0.105399,0.000000,54.39
6,21.38,76.70,11.30,46.76,0,0,0.00,0.367879,0.000000,63.27
7,20.76,67.44,6.51,17.07,0,0,10.12,0.778801,0.000000,78.66
8,21.88,67.00,8.37,74.44,0,0,9.62,1.000000,0.000000,82.74
9,22.65,76.78,19.07,64.76,0,0,15.97,0.778801,0.000000,76.02
10,21.85,67.84,7.34,93.84,0,0,10.84,0.367879,0.000000,63.23
11,22.98,45.29,6.34,39.48,0,0,30.27,0.105399,0.000000,53.34
12,24.10,76.98,4.21,56.01,0,0,25.61,0.018316,0.000005,50.01
13,20.25,72.78,10.87,91.37,0,0,12.92,0.001930,0.000123,56.93
14,21.93,64.29,12.18,75.49,0,0,16.34,0.000123,0.001930,56.78
15,21.57,44.30,11.53,65.00,0,0,15.91,0.000005,0.018316,48.29
16,22.79,58.62,6.69,55.38,0,0,12.92,0.000000,0.105399,52.07
17,20.80,55.31,17.06,48.37,0,0,7.31,0.000000,0.367879,71.80
18,21.74,75.16,6.75,93.16,0,0,0.00,0.000000,0.778801,89.88
19,23.29,72.96,13.53,94.97,0,0,0.00,0.000000,1.000000,103.40
20,22.35,79.41,18.62,18.73,0,0,0.00,0.000000,0.778801,84.80
21,22.69,60.60,4.53,85.86,0,0,0.00,0.000000,0.367879,66.48
22,20.56,62.44,10.76,26.96,0,0,0.00,0.000000,0.105399,53.46
23,22.76,59.14,15.91,65.48,0,0,0.00,0.000000,0.018316,51.75
0,20.85,60.31,20.33,75.21,0,0,0.00,0.000000,0.000000,55.30
1,22.29,65.03,16.27,36.26,0,0,0.00,0.000005,0.000000,50.96
2,22.09,49.90,13.78,28.11,0,0,0.00,0.000123,0.000000,51.91
3,22.04,46.07,3.30,60.34,0,0,0.00,0.001930,0.000000,49.11
4,23.76,69.51,17.41,71.63,0,0,0.00,0.018316,0.000000,57.10
5,21.63,51.44,12.75,74.33,0,0,0.00,0.105399,0.000000,56.44
6,23.95,53.85,17.32,31.23,0,0,0.00,0.367879,0.000000,63.52
7,22.56,57.79,19.67,82.23,0,0,4.28,0.778801,0.000000,78.22
8,21.69,63.60,16.33,20.12,0,0,19.02,1.000000,0.000000,87.48
9,23.36,66.88,7.79,36.02,0,0,23.00,0.778801,0.000000,72.40
10,23.44,70.33,20.79,57.60,0,0,21.70,0.367879,0.000000,61.04
11,22.35,64.06,3.01,28.30,0,0,34.00,0.105399,0.000000,56.30
12,22.60,71.40,5.78,39.85,0,0,31.21,0.018316,0.000005,55.90
13,21.85,76.37,4.31,92.42,0,0,12.57,0.001930,0.000123,56.50
14,20.53,74.31,4.32,60.76,0,0,20.76,0.000123,0.001930,54.63
15,24.25,52.24,17.94,56.50,0,0,17.99,0.000005,0.018316,52.34
16,21.97,60.37,8.28,74.23,0,0,9.65,0.000000,0.105399,57.58
17,21.05,74.72,13.61,54.99,0,0,6.72,0.000000,0.367879,70.22
18,24.18,67.36,20.13,85.54,0,0,0.00,0.000000,0.778801,92.11
19,21.89,78.40,20.26,28.83,0,0,0.00,0.000000,1.000000,103.20
20,21.20,66.80,18.84,84.68,0,0,0.00,0.000000,0.778801,96.17
21,23.78,62.97,14.71,48.42,0,0,0.00,0.000000,0.367879,71.22
22,22.53,75.55,4.73,91.91,0,0,0.00,0.000000,0.105399,63.40
23,20.81,70.90,19.92,17.81,0,0,0.00,0.000000,0.018316,56.06
0,22.13,63.70,12.11,82.30,0,0,0.00,0.000000,0.000000,55.59
1,23.32,45.49,20.19,27.28,0,0,0.00,0.000005,0.000000,49.40
2,23.62,79.94,8.44,94.79,0,0,0.00,0.000123,0.000000,58.60
3,22.07,68.95,19.61,42.43,0,0,0.00,0.001930,0.000000,49.65
4,21.82,57.56,5.95,18.73,0,0,0.00,0.018316,0.000000,52.75
5,24.20,68.47,6.14,32.77,0,0,0.00,0.105399,0.000000,57.45
6,21.10,51.32,13.50,91.25,0,0,0.00,0.367879,0.000000,68.06
7,23.63,75.16,10.31,19.75,0,0,9.88,0.778801,0.000000,79.13
8,23.34,50.02,11.88,57.34,0,0,12.58,1.000000,0.000000,81.42
9,22.38,77.51,7.78,65.78,0,0,15.72,0.778801,0.000000,76.97
10,23.22,53.80,10.30,66.04,0,0,19.17,0.367879,0.000000,57.87
11,22.40,78.71,3.91,58.47,0,0,23.92,0.105399,0.000000,60.61
12,22.71,49.42,13.11,86.08,0,0,15.20,0.018316,0.000005,54.52
13,24.20,65.30,3.10,72.57,0,0,19.20,0.001930,0.000123,50.07
14,23.76,66.69,16.12,67.05,0,0,18.87,0.000123,0.001930,53.86
15,20.57,58.18,15.51,40.76,0,0,21.84,0.000005,0.018316,50.81
16,21.88,74.47,7.83,73.27,0,0,9.82,0.000000,0.105399,61.18
17,24.32,53.10,3.36,79.20,0,0,4.55,0.000000,0.367879,66.91
18,23.31,47.37,12.75,41.71,0,0,0.00,0.000000,0.778801,82.60
19,21.21,70.63,20.22,18.42,0,0,0.00,0.000000,1.000000,95.67
20,23.62,64.97,15.48,87.44,0,0,0.00,0.000000,0.778801,86.19
21,21.48,70.79,17.60,51.15,0,0,0.00,0.000000,0.367879,67.58
22,23.19,46.61,18.36,25.65,0,0,0.00,0.000000,0.105399,56.92
23,24.30,73.92,4.31,89.90,0,0,0.00,0.000000,0.018316,58.77
0,22.59,55.58,20.46,22.63,0,0,0.00,0.000000,0.000000,46.81
1,21.01,57.44,13.12,34.13,0,0,0.00,0.000005,0.000000,52.34
2,20.85,52.97,9.15,94.89,0,0,0.00,0.000123,0.000000,52.04
3,20.61,74.88,18.37,44.14,0,0,0.00,0.001930,0.000000,60.13
4,22.40,77.97,12.15,50.29,0,0,0.00,0.018316,0.000000,55.31
5,20.79,45.11,16.00,32.59,0,0,0.00,0.105399,0.000000,48.92
6,23.10,79.77,5.06,72.84,0,0,0.00,0.367879,0.000000,66.91
7,20.81,52.45,19.33,37.67,0,0,8.27,0.778801,0.000000,75.78
8,20.62,57.09,14.77,39.14,0,0,15.73,1.000000,0.000000,81.05
9,21.12,61.68,14.66,62.02,0,0,16.64,0.778801,0.000000,82.01
10,21.48,45.27,8.02,43.22,0,0,26.01,0.367879,0.000000,55.92
11,24.55,50.18,12.17,71.17,0,0,19.67,0.105399,0.000000,58.03
12,23.84,48.85,4.83,44.06,0,0,29.75,0.018316,0.000005,48.54
13,23.64,61.58,17.52,31.26,0,0,33.02,0.001930,0.000123,45.52
14,22.47,49.62,8.11,20.33,0,0,32.88,0.000123,0.001930,50.52
15,23.23,49.43,16.96,51.73,0,0,19.16,0.000005,0.018316,46.26
16,24.53,59.14,14.65,65.46,0,0,11.17,0.000000,0.105399,60.64
17,21.58,58.24,8.76,91.25,0,0,3.47,0.000000,0.367879,70.53
18,22.92,77.00,7.09,27.79,0,0,0.00,0.000000,0.778801,85.61
19,23.38,71.50,3.21,87.02,0,0,0.00,0.000000,1.000000,102.19
20,21.88,61.40,4.87,20.26,0,0,0.00,0.000000,0.778801,86.25
21,22.36,65.04,18.29,26.31,0,0,0.00,0.000000,0.367879,64.24
22,23.02,68.74,13.56,17.09,0,0,0.00,0.000000,0.105399,55.51
23,23.88,66.01,10.04,37.73,0,0,0.00,0.000000,0.018316,56.16
0,22.47,46.60,11.33,85.77,1,0,0.00,0.000000,0.000000,62.17
1,21.14,72.49,4.79,44.17,1,0,0.00,0.000005,0.000000,62.01
2,23.53,61.83,4.44,37.07,1,0,0.00,0.000123,0.000000,53.29
3,22.43,51.97,9.32,94.42,1,0,0.00,0.001930,0.000000,61.83
4,21.01,56.86,14.24,77.68,1,0,0.00,0.018316,0.000000,66.16
5,24.31,46.67,11.10,61.25,1,0,0.00,0.105399,0.000000,59.12
6,21.89,60.38,13.77,45.80,1,0,0.00,0.367879,0.000000,68.11
7,22.56,50.73,9.10,85.07,1,0,4.03,0.778801,0.000000,80.29
8,20.74,54.74,8.02,63.47,1,0,11.52,1.000000,0.000000,87.04
9,21.22,50.53,11.74,39.08,1,0,22.25,0.778801,0.000000,84.57
10,21.10,72.66,10.74,55.81,1,0,22.24,0.367879,0.000000,73.19
11,23.97,79.07,17.63,39.62,1,0,30.22,0.105399,0.000000,59.99
12,21.84,65.15,16.75,32.48,1,0,33.76,0.018316,0.000005,63.38
13,23.32,58.93,10.78,28.46,1,0,33.95,0.001930,0.000123,57.29
14,22.60,71.28,6.77,44.24,1,0,25.71,0.000123,0.001930,59.53
15,24.09,47.93,14.22,77.68,1,0,12.81,0.000005,0.018316,58.70
16,23.57,64.12,20.63,63.80,1,0,11.46,0.000000,0.105399,64.58
17,23.07,55.33,16.92,37.31,1,0,8.30,0.000000,0.367879,71.28
18,22.97,74.99,8.68,38.92,1,0,0.00,0.000000,0.778801,98.13
19,23.39,68.98,6.25,25.70,1,0,0.00,0.000000,1.000000,105.64
20,24.07,69.36,15.33,53.40,1,0,0.00,0.000000,0.778801,94.49
21,23.49,70.77,13.08,18.72,1,0,0.00,0.000000,0.367879,72.14
22,21.27,55.76,14.73,91.71,1,0,0.00,0.000000,0.105399,70.00
23,22.13,60.23,3.56,69.83,1,0,0.00,0.000000,0.018316,56.43
0,24.10,68.69,16.66,81.54,1,0,0.00,0.000000,0.000000,61.53
1,23.10,51.09,6.17,55.23,1,0,0.00,0.000005,0.000000,55.81
2,21.36,67.64,3.50,30.41,1,0,0.00,0.000123,0.000000,62.68
3,21.60,71.30,16.58,90.79,1,0,0.00,0.001930,0.000000,68.30
4,24.58,79.51,7.47,41.92,1,0,0.00,0.018316,0.000000,62.19
5,21.16,59.14,13.38,35.75,1,0,0.00,0.105399,0.000000,64.09
6,22.07,67.01,13.53,20.40,1,0,0.00,0.367879,0.000000,69.01
7,23.25,57.31,8.46,66.87,1,0,5.66,0.778801,0.000000,78.76
8,23.68,65.19,8.16,53.63,1,0,13.22,1.000000,0.000000,86.83
9,23.48,67.80,7.84,61.29,1,0,16.82,0.778801,0.000000,84.69
10,22.94,54.71,20.57,27.29,1,0,30.79,0.367879,0.000000,73.34
11,22.72,71.95,6.31,31.41,1,0,32.96,0.105399,0.000000,56.82
12,23.86,55.60,6.75,77.36,1,0,18.22,0.018316,0.000005,58.62
13,22.10,48.67,12.82,35.73,1,0,31.52,0.001930,0.000123,54.45
14,22.90,63.69,7.45,51.85,1,0,23.43,0.000123,0.001930,58.55
15,24.16,58.98,5.22,91.02,1,0,9.54,0.000005,0.018316,60.56
16,24.39,71.78,10.86,56.84,1,0,12.66,0.000000,0.105399,64.58
17,23.04,62.12,16.29,38.03,1,0,8.24,0.000000,0.367879,76.93
18,21.64,64.75,14.24,68.46,1,0,0.00,0.000000,0.778801,99.13
19,22.01,50.34,4.89,70.70,1,0,0.00,0.000000,1.000000,105.70
20,21.62,75.80,20.54,87.10,1,0,0.00,0.000000,0.778801,100.40
21,23.09,63.70,12.19,51.85,1,0,0.00,0.000000,0.367879,80.49
22,24.41,51.75,15.03,58.30,1,0,0.00,0.000000,0.105399,59.35
23,23.32,76.45,19.48,52.19,1,0,0.00,0.000000,0.018316,59.55
0,24.79,67.92,13.39,50.43,0,0,0.00,0.000000,0.000000,48.23
1,22.36,50.50,11.06,49.15,0,0,0.00,0.000005,0.000000,51.85
2,24.80,73.22,11.67,68.62,0,0,0.00,0.000123,0.000000,57.39
3,22.05,74.74,13.80,51.76,0,0,0.00,0.001930,0.000000,54.68
4,23.73,66.02,19.78,21.69,0,0,0.00,0.018316,0.000000,54.58
5,23.55,64.48,11.42,83.80,0,0,0.00,0.105399,0.000000,59.67
6,24.13,57.47,20.01,89.15,0,0,0.00,0.367879,0.000000,65.33
7,24.73,55.89,11.21,63.71,0,0,5.94,0.778801,0.000000,78.63
8,23.92,71.51,10.68,43.80,0,0,14.92,1.000000,0.000000,82.76
9,24.10,46.48,17.65,71.51,0,0,14.32,0.778801,0.000000,73.22
10,21.41,44.19,5.89,37.19,0,0,27.82,0.367879,0.000000,61.77
11,22.13,76.02,11.35,35.86,0,0,31.48,0.105399,0.000000,57.07
12,21.31,62.64,8.93,55.04,0,0,25.95,0.018316,0.000005,55.38
13,24.61,47.65,14.64,72.36,0,0,19.27,0.001930,0.000123,48.69
14,20.96,75.80,13.42,82.32,0,0,14.29,0.000123,0.001930,52.81
15,22.94,76.19,8.32,83.14,0,0,11.47,0.000005,0.018316,56.49
16,22.63,65.29,11.42,49.13,0,0,14.00,0.000000,0.105399,56.78
17,21.70,54.34,11.95,72.16,0,0,5.18,0.000000,0.367879,73.30
18,21.75,55.28,11.92,42.22,0,0,0.00,0.000000,0.778801,87.63
19,21.95,55.50,8.09,65.78,0,0,0.00,0.000000,1.000000,94.68
20,23.16,72.50,15.99,89.55,0,0,0.00,0.000000,0.778801,88.72
21,24.32,58.96,4.90,38.88,0,0,0.00,0.000000,0.367879,60.41
22,22.91,65.94,18.80,40.69,0,0,0.00,0.000000,0.105399,57.35
23,22.41,45.03,20.96,78.05,0,0,0.00,0.000000,0.018316,56.46
0,24.04,60.42,19.65,59.09,0,0,0.00,0.000000,0.000000,48.56
1,22.14,46.93,10.22,90.40,0,0,0.00,0.000005,0.000000,54.58
2,22.21,73.83,16.06,79.25,0,0,0.00,0.000123,0.000000,54.96
3,21.56,79.13,8.90,54.08,0,0,0.00,0.001930,0.000000,57.30
4,23.37,70.19,20.70,86.28,0,0,0.00,0.018316,0.000000,55.10
5,23.11,46.25,14.58,69.85,0,0,0.00,0.105399,0.000000,55.94
6,23.97,66.15,10.49,33.47,0,0,0.00,0.367879,0.000000,61.34
7,25.01,45.13,6.38,76.79,0,0,4.77,0.778801,0.000000,74.09
8,22.34,45.42,8.56,49.44,0,0,13.94,1.000000,0.000000,82.31
9,24.13,71.76,20.84,84.77,0,0,11.07,0.778801,0.000000,78.98
10,24.38,68.41,16.26,85.29,0,0,13.40,0.367879,0.000000,61.36
11,22.49,57.94,7.70,36.35,0,0,31.31,0.105399,0.000000,50.16
12,21.27,60.56,18.83,20.10,0,0,38.04,0.018316,0.000005,47.13
13,24.57,56.68,3.27,66.39,0,0,21.27,0.001930,0.000123,51.56
14,23.42,67.81,13.12,22.67,0,0,32.18,0.000123,0.001930,54.49
15,22.86,70.82,10.41,24.27,0,0,25.88,0.000005,0.018316,51.36
16,24.79,72.25,12.30,86.69,0,0,7.50,0.000000,0.105399,62.63
17,24.42,53.39,19.50,25.14,0,0,9.39,0.000000,0.367879,67.87
18,21.33,59.42,9.68,17.67,0,0,0.00,0.000000,0.778801,82.67
19,23.22,70.64,14.72,69.52,0,0,0.00,0.000000,1.000000,101.39
20,22.50,62.45,6.59,19.87,0,0,0.00,0.000000,0.778801,80.73
21,24.41,58.21,11.46,58.83,0,0,0.00,0.000000,0.367879,69.73
22,24.19,44.75,4.19,74.42,0,0,0.00,0.000000,0.105399,49.38
23,21.33,54.84,17.61,82.78,0,0,0.00,0.000000,0.018316,54.69
0,24.99,47.75,11.99,60.80,0,0,0.00,0.000000,0.000000,48.91
1,22.44,47.99,20.18,69.66,0,0,0.00,0.000005,0.000000,51.39
2,21.26,73.15,17.27,77.95,0,0,0.00,0.000123,0.000000,62.14
3,22.82,76.60,8.48,15.16,0,0,0.00,0.001930,0.000000,48.67
4,23.47,49.70,11.25,53.54,0,0,0.00,0.018316,0.000000,45.71
5,21.70,69.32,13.68,46.20,0,0,0.00,0.105399,0.000000,59.84
6,24.63,65.83,15.78,75.44,0,0,0.00,0.367879,0.000000,65.54
7,22.39,77.33,14.04,17.69,0,0,10.06,0.778801,0.000000,78.11
8,24.42,58.23,11.85,82.80,0,0,8.17,1.000000,0.000000,84.50
9,24.17,50.21,7.65,26.86,0,0,25.25,0.778801,0.000000,71.61
10,21.28,70.86,19.61,40.86,0,0,26.72,0.367879,0.000000,61.45
11,21.90,62.96,10.35,87.68,0,0,14.15,0.105399,0.000000,57.99
12,23.96,65.43,5.70,38.38,0,0,31.71,0.018316,0.000005,50.45
13,21.38,56.99,11.41,80.78,0,0,16.46,0.001930,0.000123,53.69
14,24.45,58.75,3.36,74.45,0,0,16.65,0.000123,0.001930,51.82
15,25.12,73.17,10.60,68.32,0,0,15.10,0.000005,0.018316,48.79
16,23.19,75.38,17.40,27.46,0,0,17.75,0.000000,0.105399,55.38
17,22.21,72.29,19.65,22.67,0,0,9.62,0.000000,0.367879,70.49
18,24.53,69.31,19.76,88.18,0,0,0.00,0.000000,0.778801,88.00
19,21.79,50.08,11.71,87.73,0,0,0.00,0.000000,1.000000,93.82
20,25.02,77.53,13.36,56.07,0,0,0.00,0.000000,0.778801,83.57
21,24.95,70.91,5.53,37.63,0,0,0.00,0.000000,0.367879,67.39
22,21.91,53.12,3.78,48.51,0,0,0.00,0.000000,0.105399,55.64
23,24.54,45.49,9.08,23.68,0,0,0.00,0.000000,0.018316,51.25
0,22.05,51.35,5.84,60.93,0,0,0.00,0.000000,0.000000,54.51
1,22.18,63.38,18.65,52.41,0,0,0.00,0.000005,0.000000,54.66
2,22.46,56.43,17.29,27.64,0,0,0.00,0.000123,0.000000,52.20
3,23.89,63.19,5.81,40.36,0,0,0.00,0.001930,0.000000,53.44
4,22.13,79.45,7.05,32.90,0,0,0.00,0.018316,0.000000,50.19
5,23.52,73.99,10.40,29.12,0,0,0.00,0.105399,0.000000,51.90
6,24.27,74.78,6.30,54.51,0,0,0.00,0.367879,0.000000,68.24
7,22.64,65.47,18.72,23.24,0,0,9.57,0.778801,0.000000,71.33
8,24.67,79.23,14.56,73.41,0,0,9.79,1.000000,0.000000,84.33
9,24.34,65.19,3.28,17.88,0,0,27.44,0.778801,0.000000,66.97
10,23.48,62.23,19.43,16.85,0,0,33.92,0.367879,0.000000,56.60
11,22.48,70.31,16.21,78.41,0,0,17.25,0.105399,0.000000,59.88
12,22.59,76.15,16.05,84.91,0,0,15.61,0.018316,0.000005,54.91
13,21.98,45.07,19.61,24.46,0,0,35.29,0.001930,0.000123,54.11
14,24.55,51.37,4.87,45.50,0,0,25.33,0.000123,0.001930,42.54
15,24.69,58.38,15.57,42.72,0,0,21.36,0.000005,0.018316,47.56
16,25.17,78.58,5.71,16.81,0,0,19.59,0.000000,0.105399,56.72
17,21.41,63.81,17.36,89.34,0,0,3.64,0.000000,0.367879,72.04
18,24.72,61.06,17.34,72.20,0,0,0.00,0.000000,0.778801,85.51
19,23.51,66.39,13.78,50.71,0,0,0.00,0.000000,1.000000,101.36
20,24.14,63.40,9.27,88.03,0,0,0.00,0.000000,0.778801,86.71
21,23.54,65.87,13.33,34.24,0,0,0.00,0.000000,0.367879,64.52
22,21.42,53.16,15.39,72.17,0,0,0.00,0.000000,0.105399,56.16
23,21.77,59.85,6.24,64.89,0,0,0.00,0.000000,0.018316,57.34
0,22.85,50.36,10.99,27.41,0,0,0.00,0.000000,0.000000,48.51
1,22.70,77.79,20.57,32.57,0,0,0.00,0.000005,0.000000,56.12
2,25.13,65.00,17.49,42.75,0,0,0.00,0.000123,0.000000,46.99
3,23.84,51.76,10.49,55.39,0,0,0.00,0.001930,0.000000,53.97
4,24.88,72.28,4.58,73.28,0,0,0.00,0.018316,0.000000,51.21
5,24.43,68.27,7.24,59.92,0,0,0.00,0.105399,0.000000,53.72
6,24.42,77.10,4.23,69.20,0,0,0.00,0.367879,0.000000,68.23
7,21.59,78.43,16.53,55.34,0,0,6.69,0.778801,0.000000,81.19
8,25.28,73.10,16.46,93.48,0,0,6.32,1.000000,0.000000,89.97
9,21.51,50.56,16.70,60.89,0,0,16.92,0.778801,0.000000,79.99
10,24.89,48.59,20.20,49.14,0,0,24.24,0.367879,0.000000,57.46
11,23.70,48.78,5.65,58.19,0,0,24.01,0.105399,0.000000,51.01
12,21.40,62.95,8.19,86.88,0,0,14.92,0.018316,0.000005,53.73
13,23.92,69.74,17.18,48.44,0,0,27.27,0.001930,0.000123,50.26
14,21.48,58.16,15.76,26.67,0,0,30.98,0.000123,0.001930,51.83
15,24.56,68.40,4.45,63.25,0,0,16.34,0.000005,0.018316,53.50
16,24.47,76.20,19.56,67.98,0,0,10.73,0.000000,0.105399,62.01
17,22.67,50.95,7.63,92.20,0,0,3.39,0.000000,0.367879,68.14
18,23.84,64.75,17.27,27.52,0,0,0.00,0.000000,0.778801,83.73
19,25.25,48.74,18.89,35.68,0,0,0.00,0.000000,1.000000,90.05
20,24.19,63.61,18.23,75.44,0,0,0.00,0.000000,0.778801,84.69
21,22.54,69.09,11.34,91.69,0,0,0.00,0.000000,0.367879,74.57
22,21.52,71.90,13.07,66.51,0,0,0.00,0.000000,0.105399,63.11
23,22.03,48.73,4.07,47.17,0,0,0.00,0.000000,0.018316,50.98
0,24.46,74.62,6.24,26.20,1,0,0.00,0.000000,0.000000,53.36
1,24.46,62.11,6.77,51.01,1,0,0.00,0.000005,0.000000,55.65
2,25.44,48.00,8.75,58.44,1,0,0.00,0.000123,0.000000,56.37
3,23.63,69.05,11.70,83.60,1,0,0.00,0.001930,0.000000,58.09
4,24.24,50.83,20.45,36.10,1,0,0.00,0.018316,0.000000,53.82
5,22.54,70.44,12.12,71.04,1,0,0.00,0.105399,0.000000,65.77
6,22.48,44.27,7.85,23.85,1,0,0.00,0.367879,0.000000,71.54
7,22.87,44.48,13.80,65.84,1,0,5.75,0.778801,0.000000,83.75
8,25.08,72.76,10.16,88.42,1,0,7.20,1.000000,0.000000,91.28
9,23.72,78.56,4.30,15.46,1,0,28.04,0.778801,0.000000,81.64
10,22.82,60.87,20.84,40.73,1,0,26.76,0.367879,0.000000,72.79
11,23.06,68.62,3.64,90.10,1,0,13.34,0.105399,0.000000,66.83
12,23.99,74.98,11.95,31.66,1,0,34.04,0.018316,0.000005,56.45
13,23.70,55.44,5.61,26.90,1,0,34.47,0.001930,0.000123,58.22
14,21.52,48.71,11.26,53.49,1,0,22.94,0.000123,0.001930,62.97
15,25.31,66.23,7.49,33.91,1,0,23.52,0.000005,0.018316,53.29
16,22.95,69.57,20.05,27.55,1,0,17.73,0.000000,0.105399,61.09
17,25.16,79.60,9.93,49.36,1,0,7.22,0.000000,0.367879,74.31
18,24.05,47.64,16.91,70.46,1,0,0.00,0.000000,0.778801,90.40
19,23.29,45.56,5.18,94.06,1,0,0.00,0.000000,1.000000,99.98
20,25.44,55.06,17.17,70.81,1,0,0.00,0.000000,0.778801,93.69
21,23.23,47.77,18.66,53.25,1,0,0.00,0.000000,0.367879,75.99
22,24.46,74.44,4.09,21.22,1,0,0.00,0.000000,0.105399,66.87
23,22.92,55.96,14.00,82.78,1,0,0.00,0.000000,0.018316,60.58
0,23.74,56.94,5.24,21.79,1,0,0.00,0.000000,0.000000,56.48
1,25.01,58.82,11.28,39.22,1,0,0.00,0.000005,0.000000,54.86
2,22.79,67.26,7.65,84.81,1,0,0.00,0.000123,0.000000,65.31
3,22.25,65.08,19.07,48.33,1,0,0.00,0.001930,0.000000,61.38
4,25.52,70.66,5.91,93.21,1,0,0.00,0.018316,0.000000,58.24
5,22.06,53.83,3.64,37.14,1,0,0.00,0.105399,0.000000,63.26
6,24.44,58.05,15.94,80.33,1,0,0.00,0.367879,0.000000,73.37
7,22.94,51.02,13.47,86.33,1,0,3.91,0.778801,0.000000,83.26
8,22.73,47.36,5.25,72.32,1,0,9.98,1.000000,0.000000,91.51
9,21.92,74.07,9.97,16.29,1,0,27.83,0.778801,0.000000,79.34
10,23.13,69.54,18.33,50.98,1,0,23.69,0.367879,0.000000,71.65
11,24.02,73.64,20.47,28.03,1,0,34.09,0.105399,0.000000,66.32
12,23.82,71.24,19.53,59.69,1,0,24.34,0.018316,0.000005,57.55
13,22.33,59.76,16.74,43.26,1,0,29.00,0.001930,0.000123,58.47
14,23.01,70.31,7.52,32.93,1,0,29.10,0.000123,0.001930,61.33
15,21.85,62.45,10.18,31.76,1,0,24.05,0.000005,0.018316,55.59
16,22.52,58.75,13.53,85.91,1,0,7.63,0.000000,0.105399,65.43
17,24.00,65.45,9.23,83.58,1,0,4.16,0.000000,0.367879,75.41
18,23.58,78.60,3.18,60.11,1,0,0.00,0.000000,0.778801,95.63
19,24.96,75.37,5.64,83.85,1,0,0.00,0.000000,1.000000,105.15
20,23.38,46.61,19.22,67.40,1,0,0.00,0.000000,0.778801,92.57
21,25.11,48.63,6.01,63.45,1,0,0.00,0.000000,0.367879,68.00
22,22.17,46.26,6.17,36.38,1,0,0.00,0.000000,0.105399,61.39
23,23.15,63.55,12.10,35.30,1,0,0.00,0.000000,0.018316,56.69
0,22.09,56.65,15.30,62.61,0,0,0.00,0.000000,0.000000,53.37
1,22.19,53.73,7.23,27.87,0,0,0.00,0.000005,0.000000,47.81
2,22.47,63.59,12.95,86.15,0,0,0.00,0.000123,0.000000,57.97
3,24.15,58.77,19.22,60.29,0,0,0.00,0.001930,0.000000,48.71
4,22.88,46.73,14.44,89.92,0,0,0.00,0.018316,0.000000,49.12
5,22.35,73.93,18.89,91.23,0,0,0.00,0.105399,0.000000,63.05
6,21.92,66.50,8.38,94.74,0,0,0.00,0.367879,0.000000,67.33
7,23.36,52.59,6.97,83.05,0,0,4.21,0.778801,0.000000,76.36
8,22.09,69.56,17.60,68.37,0,0,10.67,1.000000,0.000000,84.44
9,22.95,70.94,13.94,56.81,0,0,17.91,0.778801,0.000000,78.89
10,25.57,72.60,3.50,49.83,0,0,24.03,0.367879,0.000000,59.56
11,23.08,69.56,16.17,18.99,0,0,37.12,0.105399,0.000000,50.77
12,25.07,50.69,3.48,62.52,0,0,23.36,0.018316,0.000005,43.08
13,24.22,65.30,19.46,41.34,0,0,29.65,0.001930,0.000123,50.48
14,24.00,73.78,9.54,15.12,0,0,34.44,0.000123,0.001930,44.70
15,23.46,45.92,7.10,56.73,0,0,17.93,0.000005,0.018316,44.22
16,23.29,45.59,17.32,72.75,0,0,9.91,0.000000,0.105399,54.12
17,25.02,75.20,19.70,20.87,0,0,9.78,0.000000,0.367879,69.11
18,24.83,53.86,5.64,27.51,0,0,0.00,0.000000,0.778801,80.55
19,23.57,69.91,8.40,66.96,0,0,0.00,0.000000,1.000000,94.74
20,22.33,44.97,14.11,72.20,0,0,0.00,0.000000,0.778801,90.85
21,22.49,50.51,17.30,74.25,0,0,0.00,0.000000,0.367879,72.03
22,22.75,68.81,16.75,69.10,0,0,0.00,0.000000,0.105399,63.89
23,22.26,73.23,18.69,44.50,0,0,0.00,0.000000,0.018316,52.26
0,24.36,62.35,15.51,51.53,0,0,0.00,0.000000,0.000000,50.07
1,22.58,65.85,5.39,80.41,0,0,0.00,0.000005,0.000000,53.54
2,22.47,48.21,7.96,45.10,0,0,0.00,0.000123,0.000000,52.36
3,21.87,51.79,9.88,69.89,0,0,0.00,0.001930,0.000000,54.72
4,25.62,58.96,10.43,92.91,0,0,0.00,0.018316,0.000000,48.79
5,24.30,73.65,3.96,45.73,0,0,0.00,0.105399,0.000000,58.05
6,25.34,65.36,8.80,39.15,0,0,0.00,0.367879,0.000000,59.51
7,22.33,67.10,7.88,56.66,0,0,6.57,0.778801,0.000000,79.98
8,23.99,62.06,5.71,34.37,0,0,16.55,1.000000,0.000000,77.44
9,23.67,74.77,12.18,17.73,0,0,27.48,0.778801,0.000000,75.92
10,25.42,68.78,20.87,16.99,0,0,33.88,0.367879,0.000000,62.19
11,24.25,44.68,14.52,50.46,0,0,26.60,0.105399,0.000000,47.31
12,25.65,49.70,7.73,65.72,0,0,22.25,0.018316,0.000005,46.57
13,25.21,61.68,3.03,81.36,0,0,16.26,0.001930,0.000123,50.81
14,22.33,56.53,5.20,90.05,0,0,11.98,0.000123,0.001930,47.59
15,25.03,78.76,7.39,26.53,0,0,25.33,0.000005,0.018316,53.86
16,24.02,47.97,8.43,17.49,0,0,19.47,0.000000,0.105399,52.64
17,24.68,70.00,18.96,74.07,0,0,5.01,0.000000,0.367879,75.21
18,22.77,63.93,15.76,69.93,0,0,0.00,0.000000,0.778801,94.08
19,24.51,53.49,6.56,71.54,0,0,0.00,0.000000,1.000000,98.36
20,23.19,67.89,17.60,83.92,0,0,0.00,0.000000,0.778801,90.86
21,22.34,71.08,17.89,36.04,0,0,0.00,0.000000,0.367879,68.82
22,25.23,64.35,10.47,25.25,0,0,0.00,0.000000,0.105399,50.94
23,23.73,64.18,3.71,16.16,0,0,0.00,0.000000,0.018316,47.99
0,24.00,57.93,7.81,61.33,0,0,0.00,0.000000,0.000000,53.52
1,23.26,59.60,5.37,31.65,0,0,0.00,0.000005,0.000000,47.30
2,24.63,71.45,9.27,51.93,0,0,0.00,0.000123,0.000000,47.25
3,21.94,70.68,3.68,84.56,0,0,0.00,0.001930,0.000000,58.44
4,22.76,57.19,3.05,43.22,0,0,0.00,0.018316,0.000000,50.14
5,21.88,50.87,3.05,78.57,0,0,0.00,0.105399,0.000000,56.68
6,25.49,56.62,13.39,48.31,0,0,0.00,0.367879,0.000000,65.47
7,25.44,68.31,19.04,67.15,0,0,5.63,0.778801,0.000000,74.72
8,24.07,59.37,6.28,93.16,0,0,6.38,1.000000,0.000000,83.11
9,22.54,71.74,20.46,60.70,0,0,16.96,0.778801,0.000000,74.97
10,23.32,60.01,4.63,66.20,0,0,19.13,0.367879,0.000000,59.35
11,24.64,54.70,6.66,62.74,0,0,22.49,0.105399,0.000000,53.58
12,22.56,78.64,5.89,36.90,0,0,32.23,0.018316,0.000005,55.97
13,21.94,57.84,3.13,81.13,0,0,16.34,0.001930,0.000123,54.94
14,23.84,54.93,5.51,69.30,0,0,18.20,0.000123,0.001930,53.41
15,25.63,51.66,9.79,16.41,0,0,27.80,0.000005,0.018316,43.63
16,24.79,53.32,17.51,54.79,0,0,13.02,0.000000,0.105399,51.77
17,23.31,47.06,5.01,51.49,0,0,7.03,0.000000,0.367879,61.56
18,25.54,69.86,6.28,30.03,0,0,0.00,0.000000,0.778801,86.13
19,22.70,54.66,17.73,19.36,0,0,0.00,0.000000,1.000000,90.61
20,25.54,60.52,14.05,55.94,0,0,0.00,0.000000,0.778801,81.89
21,23.35,59.99,9.43,53.83,0,0,0.00,0.000000,0.367879,71.79
22,22.54,74.02,18.70,36.21,0,0,0.00,0.000000,0.105399,55.86
23,25.18,79.03,13.66,76.94,0,0,0.00,0.000000,0.018316,50.42
0,22.53,63.88,15.32,75.18,0,0,0.00,0.000000,0.000000,58.10
1,22.72,75.24,15.36,71.38,0,0,0.00,0.000005,0.000000,60.07
2,22.02,76.74,17.41,18.71,0,0,0.00,0.000123,0.000000,52.17
3,22.05,49.24,19.47,71.11,0,0,0.00,0.001930,0.000000,48.75
4,25.81,45.28,19.23,34.22,0,0,0.00,0.018316,0.000000,47.90
5,23.01,48.29,20.19,24.28,0,0,0.00,0.105399,0.000000,49.48
6,23.21,72.35,19.88,91.35,0,0,0.00,0.367879,0.000000,66.90
7,23.72,78.62,5.44,23.64,0,0,9.53,0.778801,0.000000,75.84
8,25.01,48.81,18.87,28.15,0,0,17.63,1.000000,0.000000,77.85
9,24.22,75.90,3.02,26.82,0,0,25.25,0.778801,0.000000,75.63
10,23.43,47.13,20.80,34.41,0,0,28.66,0.367879,0.000000,56.62
11,23.38,75.83,4.41,66.28,0,0,21.30,0.105399,0.000000,51.02
12,23.38,69.84,12.51,78.64,0,0,17.78,0.018316,0.000005,56.83
13,22.42,60.65,16.42,82.06,0,0,16.03,0.001930,0.000123,53.71
14,22.82,57.88,4.85,72.76,0,0,17.16,0.000123,0.001930,53.02
15,22.28,71.29,19.37,24.07,0,0,25.93,0.000005,0.018316,53.35
16,23.96,55.43,7.81,74.97,0,0,9.52,0.000000,0.105399,54.97
17,23.54,75.66,13.80,50.42,0,0,7.13,0.000000,0.367879,65.27
18,23.32,76.65,14.69,80.13,0,0,0.00,0.000000,0.778801,95.12
19,23.22,74.00,19.19,58.12,0,0,0.00,0.000000,1.000000,102.48
20,23.90,75.07,8.19,84.28,0,0,0.00,0.000000,0.778801,85.92
21,24.30,46.13,15.36,28.28,0,0,0.00,0.000000,0.367879,66.49
22,24.77,61.20,3.22,40.59,0,0,0.00,0.000000,0.105399,49.42
23,23.92,78.07,16.17,74.20,0,0,0.00,0.000000,0.018316,58.89
0,23.19,45.75,9.74,32.09,0,0,0.00,0.000000,0.000000,52.84
1,25.07,73.54,14.60,92.93,0,0,0.00,0.000005,0.000000,51.46
2,22.51,71.78,13.79,58.56,0,0,0.00,0.000123,0.000000,55.25
3,23.39,55.10,7.42,23.07,0,0,0.00,0.001930,0.000000,49.37
4,25.87,60.58,5.69,94.58,0,0,0.00,0.018316,0.000000,54.54
5,23.60,73.43,3.59,70.11,0,0,0.00,0.105399,0.000000,58.14
6,23.41,47.79,12.53,68.56,0,0,0.00,0.367879,0.000000,60.25
7,22.88,65.99,16.61,39.26,0,0,8.13,0.778801,0.000000,80.96
8,22.96,74.83,17.62,43.72,0,0,14.93,1.000000,0.000000,84.10
9,25.61,70.48,13.81,80.33,0,0,12.16,0.778801,0.000000,79.24
10,23.77,54.81,15.45,56.02,0,0,22.18,0.367879,0.000000,63.28
11,25.80,58.22,9.08,24.07,0,0,35.42,0.105399,0.000000,46.80
12,24.13,52.68,15.61,46.48,0,0,28.91,0.018316,0.000005,45.83
13,25.89,55.64,19.78,80.32,0,0,16.61,0.001930,0.000123,54.38
14,22.83,57.65,5.44,20.33,0,0,32.88,0.000123,0.001930,44.26
15,22.92,76.11,15.84,59.47,0,0,17.26,0.000005,0.018316,58.70
16,25.30,66.46,7.42,79.54,0,0,8.73,0.000000,0.105399,60.98
17,22.04,47.30,7.36,75.80,0,0,4.86,0.000000,0.367879,72.05
18,25.45,48.00,20.89,51.37,0,0,0.00,0.000000,0.778801,89.75
19,25.18,72.32,14.60,18.81,0,0,0.00,0.000000,1.000000,90.56
20,22.33,65.71,5.91,20.56,0,0,0.00,0.000000,0.778801,85.17
21,25.61,71.16,8.97,61.80,0,0,0.00,0.000000,0.367879,63.45
22,22.66,68.07,10.04,30.89,0,0,0.00,0.000000,0.105399,52.65
23,25.74,65.79,20.20,40.84,0,0,0.00,0.000000,0.018316,54.05
0,22.90,49.99,19.85,17.36,1,0,0.00,0.000000,0.000000,54.54
1,25.54,70.70,20.39,46.81,1,0,0.00,0.000005,0.000000,64.68
2,24.70,77.06,3.65,89.86,1,0,0.00,0.000123,0.000000,61.78
3,22.36,68.66,13.58,33.06,1,0,0.00,0.001930,0.000000,63.32
4,24.89,56.48,20.21,36.24,1,0,0.00,0.018316,0.000000,58.15
5,22.94,56.98,6.62,57.08,1,0,0.00,0.105399,0.000000,58.25
6,25.32,47.72,11.35,93.03,1,0,0.00,0.367879,0.000000,66.85
7,23.86,77.24,8.78,70.94,1,0,5.29,0.778801,0.000000,90.79
8,24.20,66.51,18.23,70.72,1,0,10.26,1.000000,0.000000,91.85
9,22.99,59.68,10.48,37.12,1,0,22.73,0.778801,0.000000,80.94
10,22.83,77.83,5.06,42.11,1,0,26.35,0.367879,0.000000,71.83
11,22.76,71.50,4.04,58.91,1,0,23.77,0.105399,0.000000,66.05
12,25.28,52.04,18.22,31.88,1,0,33.96,0.018316,0.000005,57.92
13,23.86,62.12,4.16,62.89,1,0,22.44,0.001930,0.000123,62.80
14,25.64,57.98,15.88,28.66,1,0,30.38,0.000123,0.001930,59.31
15,22.73,48.33,17.49,79.70,1,0,12.31,0.000005,0.018316,56.95
16,23.46,68.18,8.47,41.61,1,0,15.30,0.000000,0.105399,61.52
17,22.48,76.11,10.64,23.79,1,0,9.52,0.000000,0.367879,78.15
18,25.78,66.25,14.91,67.98,1,0,0.00,0.000000,0.778801,94.53
19,24.92,50.94,16.44,78.05,1,0,0.00,0.000000,1.000000,106.99
20,23.19,54.73,14.25,30.00,1,0,0.00,0.000000,0.778801,91.31
21,24.21,53.39,18.21,29.67,1,0,0.00,0.000000,0.367879,76.94
22,23.31,77.48,9.33,85.30,1,0,0.00,0.000000,0.105399,65.19
23,24.90,57.59,3.88,25.17,1,0,0.00,0.000000,0.018316,55.48
0,22.41,62.94,7.18,38.10,1,0,0.00,0.000000,0.000000,58.16
1,25.16,59.58,7.78,19.27,1,0,0.00,0.000005,0.000000,51.17
2,25.96,67.50,15.21,25.46,1,0,0.00,0.000123,0.000000,57.00
3,25.45,70.13,8.18,50.09,1,0,0.00,0.001930,0.000000,62.87
4,25.25,48.40,9.97,87.37,1,0,0.00,0.018316,0.000000,54.81
5,24.24,65.32,3.44,26.11,1,0,0.00,0.105399,0.000000,63.64
6,24.96,53.98,5.42,77.41,1,0,0.00,0.367879,0.000000,71.03
7,22.60,67.52,14.47,44.31,1,0,7.68,0.778801,0.000000,84.54
8,24.07,72.30,19.93,16.97,1,0,19.56,1.000000,0.000000,86.76
9,24.57,50.52,6.90,18.37,1,0,27.32,0.778801,0.000000,78.41
10,22.49,56.50,7.08,64.62,1,0,19.60,0.367879,0.000000,67.67
11,25.38,74.70,6.84,25.80,1,0,34.84,0.105399,0.000000,59.29
12,26.10,69.91,9.12,30.21,1,0,34.54,0.018316,0.000005,58.75
13,22.50,46.45,5.08,88.67,1,0,13.82,0.001930,0.000123,56.30
14,24.48,75.36,5.87,32.87,1,0,29.12,0.000123,0.001930,59.83
15,23.67,66.14,6.77,88.79,1,0,10.09,0.000005,0.018316,63.93
16,23.63,46.54,11.57,71.41,1,0,10.14,0.000000,0.105399,67.67
17,25.70,73.55,10.87,30.34,1,0,8.93,0.000000,0.367879,75.57
18,24.31,53.59,20.79,86.48,1,0,0.00,0.000000,0.778801,101.43
19,22.35,44.38,15.96,65.43,1,0,0.00,0.000000,1.000000,99.42
20,22.23,57.92,6.49,94.35,1,0,0.00,0.000000,0.778801,92.76
21,25.59,49.74,10.95,76.13,1,0,0.00,0.000000,0.367879,76.45
22,22.23,48.00,15.48,24.34,1,0,0.00,0.000000,0.105399,60.94
23,23.44,66.77,9.92,85.73,1,0,0.00,0.000000,0.018316,62.83
0,22.73,61.09,12.78,23.66,0,0,0.00,0.000000,0.000000,53.60
1,22.75,77.05,5.84,35.87,0,0,0.00,0.000005,0.000000,52.03
2,22.87,51.47,18.88,66.93,0,0,0.00,0.000123,0.000000,48.18
3,23.36,74.94,7.52,41.93,0,0,0.00,0.001930,0.000000,48.09
4,25.56,54.88,4.96,70.34,0,0,0.00,0.018316,0.000000,53.05
5,24.49,47.35,7.20,89.11,0,0,0.00,0.105399,0.000000,52.10
6,25.90,70.34,4.29,65.65,0,0,0.00,0.367879,0.000000,65.50
7,25.05,74.05,11.92,63.52,0,0,5.96,0.778801,0.000000,74.20
8,24.19,74.10,20.63,82.66,0,0,8.19,1.000000,0.000000,87.46
9,24.12,73.06,6.28,29.14,0,0,24.69,0.778801,0.000000,68.90
10,23.05,61.37,16.45,45.62,0,0,25.30,0.367879,0.000000,58.68
11,22.86,66.35,18.95,49.30,0,0,26.98,0.105399,0.000000,52.92
12,25.16,78.30,6.67,73.67,0,0,19.50,0.018316,0.000005,56.09
13,26.19,53.59,3.72,94.59,0,0,11.84,0.001930,0.000123,47.73
14,25.53,61.68,14.98,73.26,0,0,17.01,0.000123,0.001930,55.49
15,25.20,52.24,5.52,82.58,0,0,11.61,0.000005,0.018316,45.58
16,23.47,73.41,17.34,86.70,0,0,7.49,0.000000,0.105399,56.09
17,25.23,45.34,15.63,64.82,0,0,5.84,0.000000,0.367879,61.74
18,25.05,62.55,4.55,19.91,0,0,0.00,0.000000,0.778801,84.86
19,22.66,61.20,12.90,55.85,0,0,0.00,0.000000,1.000000,95.00
20,25.89,57.22,14.34,59.87,0,0,0.00,0.000000,0.778801,86.14
21,25.17,52.14,11.03,35.46,0,0,0.00,0.000000,0.367879,66.63
22,23.54,50.27,19.28,52.64,0,0,0.00,0.000000,0.105399,52.09
23,25.66,75.80,12.73,51.16,0,0,0.00,0.000000,0.018316,57.07
0,23.86,72.63,17.14,51.11,0,0,0.00,0.000000,0.000000,49.92
1,24.09,57.75,10.60,70.15,0,0,0.00,0.000005,0.000000,49.94
2,23.80,70.96,18.68,63.71,0,0,0.00,0.000123,0.000000,52.47
3,24.46,45.34,3.46,82.44,0,0,0.00,0.001930,0.000000,45.59
4,22.71,50.02,6.64,84.71,0,0,0.00,0.018316,0.000000,56.44
5,25.54,51.54,4.91,25.04,0,0,0.00,0.105399,0.000000,45.73
6,26.23,76.62,9.57,29.66,0,0,0.00,0.367879,0.000000,56.34
7,25.46,50.11,15.96,66.08,0,0,5.73,0.778801,0.000000,70.65
8,23.82,64.51,15.27,20.87,0,0,18.89,1.000000,0.000000,83.39
9,23.95,58.82,3.04,61.94,0,0,16.66,0.778801,0.000000,71.58
10,22.69,75.19,10.45,31.47,0,0,29.54,0.367879,0.000000,59.70
11,23.69,74.84,17.20,25.83,0,0,34.83,0.105399,0.000000,55.61
12,23.18,59.39,13.81,29.31,0,0,34.85,0.018316,0.000005,53.62
13,22.35,52.93,4.65,66.65,0,0,21.18,0.001930,0.000123,47.95
14,25.70,72.07,19.58,47.02,0,0,24.88,0.000123,0.001930,49.26
15,22.32,46.55,11.72,78.57,0,0,12.59,0.000005,0.018316,56.61
16,25.31,75.63,19.05,28.30,0,0,17.60,0.000000,0.105399,60.65
17,23.97,66.65,17.55,48.59,0,0,7.29,0.000000,0.367879,68.00
18,26.14,55.66,8.36,47.00,0,0,0.00,0.000000,0.778801,82.86
19,25.17,45.10,14.66,86.89,0,0,0.00,0.000000,1.000000,96.32
20,22.83,56.62,5.31,70.34,0,0,0.00,0.000000,0.778801,81.46
21,22.88,73.99,12.85,18.05,0,0,0.00,0.000000,0.367879,71.45
22,24.46,72.61,20.23,65.64,0,0,0.00,0.000000,0.105399,60.38
23,23.94,63.79,7.09,85.00,0,0,0.00,0.000000,0.018316,52.01
0,25.63,70.22,17.20,75.71,0,0,0.00,0.000000,0.000000,49.38
1,24.41,49.95,20.57,17.16,0,0,0.00,0.000005,0.000000,53.51
2,25.79,51.09,9.69,17.43,0,0,0.00,0.000123,0.000000,44.04
3,23.36,74.30,6.59,43.95,0,0,0.00,0.001930,0.000000,55.53
4,24.19,71.07,3.59,55.16,0,0,0.00,0.018316,0.000000,51.22
5,22.44,49.20,14.92,41.06,0,0,0.00,0.105399,0.000000,57.11
6,25.85,47.96,14.59,91.09,0,0,0.00,0.367879,0.000000,64.19
7,23.90,79.31,12.62,42.70,0,0,7.82,0.778801,0.000000,80.43
8,25.60,63.35,13.11,63.04,0,0,11.59,1.000000,0.000000,78.91
9,23.17,45.45,17.18,85.35,0,0,10.93,0.778801,0.000000,71.29
10,25.02,56.15,17.48,92.10,0,0,11.36,0.367879,0.000000,68.01
11,24.01,61.05,4.72,91.03,0,0,13.03,0.105399,0.000000,56.60
12,24.09,56.96,10.08,21.97,0,0,37.40,0.018316,0.000005,51.52
13,23.58,74.31,20.19,16.08,0,0,38.09,0.001930,0.000123,52.14
14,22.55,65.90,7.94,44.96,0,0,25.49,0.000123,0.001930,55.44
15,22.89,67.20,14.04,70.71,0,0,14.51,0.000005,0.018316,55.22
16,22.55,47.25,14.40,60.53,0,0,12.02,0.000000,0.105399,52.20
17,24.13,79.48,9.55,18.60,0,0,9.98,0.000000,0.367879,67.01
18,26.19,74.46,6.75,66.47,0,0,0.00,0.000000,0.778801,90.81
19,23.49,72.32,5.27,41.13,0,0,0.00,0.000000,1.000000,95.04
20,25.76,77.34,13.16,24.96,0,0,0.00,0.000000,0.778801,82.39
21,22.95,59.05,18.58,81.55,0,0,0.00,0.000000,0.367879,73.99
22,24.09,71.79,14.99,21.29,0,0,0.00,0.000000,0.105399,52.36
23,23.73,54.22,12.48,55.58,0,0,0.00,0.000000,0.018316,52.46
0,22.98,55.01,14.49,46.38,0,0,0.00,0.000000,0.000000,47.03
1,24.09,73.78,14.93,32.05,0,0,0.00,0.000005,0.000000,55.10
2,23.65,74.75,17.70,51.02,0,0,0.00,0.000123,0.000000,53.38
3,24.88,49.58,4.94,94.55,0,0,0.00,0.001930,0.000000,50.54
4,22.61,49.41,6.42,64.50,0,0,0.00,0.018316,0.000000,49.78
5,25.03,48.11,15.03,58.57,0,0,0.00,0.105399,0.000000,56.26
6,25.89,75.46,14.24,48.00,0,0,0.00,0.367879,0.000000,67.83
7,23.01,70.04,7.34,22.15,0,0,9.66,0.778801,0.000000,70.38
8,23.45,73.42,20.36,69.39,0,0,10.49,1.000000,0.000000,89.99
9,23.09,59.69,17.32,77.61,0,0,12.82,0.778801,0.000000,73.33
10,22.97,66.31,16.13,85.17,0,0,13.44,0.367879,0.000000,67.73
11,23.28,57.22,13.64,52.11,0,0,26.04,0.105399,0.000000,56.35
12,26.28,58.96,16.89,42.26,0,0,30.37,0.018316,0.000005,46.68
13,22.91,58.38,15.38,80.39,0,0,16.59,0.001930,0.000123,53.25
14,24.62,61.22,11.37,73.22,0,0,17.02,0.000123,0.001930,51.18
15,24.09,63.82,11.83,69.33,0,0,14.85,0.000005,0.018316,55.94
16,24.36,57.09,18.41,36.65,0,0,16.16,0.000000,0.105399,54.18
17,22.48,52.40,14.78,15.99,0,0,10.21,0.000000,0.367879,67.87
18,22.94,77.68,6.98,56.17,0,0,0.00,0.000000,0.778801,85.12
19,24.96,65.24,9.83,93.49,0,0,0.00,0.000000,1.000000,95.69
20,23.48,56.17,17.51,61.37,0,0,0.00,0.000000,0.778801,89.69
21,23.08,44.44,18.04,26.93,0,0,0.00,0.000000,0.367879,61.73
22,24.37,53.21,13.91,16.79,0,0,0.00,0.000000,0.105399,54.18
23,23.84,74.98,11.04,30.85,0,0,0.00,0.000000,0.018316,57.03
0,23.30,79.90,4.44,86.15,0,0,0.00,0.000000,0.000000,55.88
1,25.63,53.65,18.31,33.72,0,0,0.00,0.000005,0.000000,50.64
2,23.34,74.63,4.95,83.02,0,0,0.00,0.000123,0.000000,50.96
3,23.15,58.12,18.41,80.46,0,0,0.00,0.001930,0.000000,57.89
4,24.55,48.61,11.66,31.61,0,0,0.00,0.018316,0.000000,46.69
5,24.74,64.23,11.19,84.34,0,0,0.00,0.105399,0.000000,59.55
6,24.52,47.97,6.85,46.60,0,0,0.00,0.367879,0.000000,56.70
7,24.06,46.25,6.77,61.11,0,0,6.17,0.778801,0.000000,72.68
8,24.76,47.55,5.77,24.47,0,0,18.27,1.000000,0.000000,76.45
9,25.96,74.49,20.40,25.19,0,0,25.65,0.778801,0.000000,75.86
10,22.91,69.31,6.25,85.35,0,0,13.39,0.367879,0.000000,65.21
11,23.16,74.04,5.32,25.21,0,0,35.04,0.105399,0.000000,56.51
12,24.21,71.48,19.85,19.52,0,0,38.24,0.018316,0.000005,53.32
13,22.48,69.10,11.61,29.50,0,0,33.60,0.001930,0.000123,46.83
14,25.83,66.27,19.57,40.02,0,0,26.97,0.000123,0.001930,49.03
15,24.23,70.95,4.84,65.90,0,0,15.69,0.000005,0.018316,53.61
16,22.60,51.50,5.48,69.40,0,0,10.49,0.000000,0.105399,52.91
17,22.81,70.46,5.18,19.67,0,0,9.88,0.000000,0.367879,65.39
18,24.10,60.72,15.57,57.36,0,0,0.00,0.000000,0.778801,91.67
19,25.21,66.23,20.71,43.58,0,0,0.00,0.000000,1.000000,95.36
20,23.21,79.16,4.50,63.59,0,0,0.00,0.000000,0.778801,88.16
21,24.70,73.97,19.16,39.59,0,0,0.00,0.000000,0.367879,64.91
22,23.32,72.14,13.71,70.31,0,0,0.00,0.000000,0.105399,55.76
23,23.95,66.55,17.14,58.19,0,0,0.00,0.000000,0.018316,53.64
0,26.18,68.08,20.77,17.67,1,0,0.00,0.000000,0.000000,62.21
1,23.85,76.89,18.22,53.36,1,0,0.00,0.000005,0.000000,63.26
2,23.60,58.40,19.99,86.73,1,0,0.00,0.000123,0.000000,63.33
3,24.02,54.68,14.79,33.39,1,0,0.00,0.001930,0.000000,55.25
4,25.57,45.90,20.90,94.40,1,0,0.00,0.018316,0.000000,62.34
5,22.74,59.85,12.91,66.57,1,0,0.00,0.105399,0.000000,62.45
6,24.91,47.24,6.32,78.00,1,0,0.00,0.367879,0.000000,72.89
7,26.20,62.41,6.22,78.97,1,0,4.57,0.778801,0.000000,80.63
8,22.82,46.87,11.44,37.52,1,0,16.01,1.000000,0.000000,92.19
9,22.93,76.52,7.94,46.40,1,0,20.46,0.778801,0.000000,89.60
10,25.03,45.37,18.24,38.47,1,0,27.44,0.367879,0.000000,63.85
11,25.67,64.05,10.23,37.70,1,0,30.86,0.105399,0.000000,56.61
12,24.18,59.90,18.22,39.80,1,0,31.22,0.018316,0.000005,59.49
13,23.30,76.55,6.82,16.78,1,0,37.85,0.001930,0.000123,62.02
14,24.30,76.38,14.01,87.34,1,0,12.79,0.000123,0.001930,58.31
15,25.75,57.88,6.59,82.92,1,0,11.52,0.000005,0.018316,54.88
16,25.00,64.36,14.52,46.41,1,0,14.47,0.000000,0.105399,62.63
17,25.59,67.35,14.62,84.93,1,0,4.04,0.000000,0.367879,81.86
18,26.49,60.34,14.86,23.90,1,0,0.00,0.000000,0.778801,90.85
19,26.15,63.80,19.25,93.06,1,0,0.00,0.000000,1.000000,108.64
20,23.09,50.51,10.71,35.01,1,0,0.00,0.000000,0.778801,93.87
21,24.58,77.68,3.10,15.41,1,0,0.00,0.000000,0.367879,69.93
22,24.54,48.40,16.34,87.67,1,0,0.00,0.000000,0.105399,63.53
23,23.41,62.54,8.55,29.32,1,0,0.00,0.000000,0.018316,63.46
0,25.28,74.78,19.00,73.64,1,0,0.00,0.000000,0.000000,64.93
1,25.36,78.75,5.08,68.07,1,0,0.00,0.000005,0.000000,60.34
2,25.78,75.14,15.70,54.48,1,0,0.00,0.000123,0.000000,56.51
3,22.74,54.66,11.33,42.86,1,0,0.00,0.001930,0.000000,54.46
4,23.57,48.79,7.00,17.84,1,0,0.00,0.018316,0.000000,54.26
5,23.21,63.81,5.20,36.04,1,0,0.00,0.105399,0.000000,61.74
6,23.47,52.17,10.23,59.85,1,0,0.00,0.367879,0.000000,67.82
7,24.99,66.78,18.74,17.71,1,0,10.06,0.778801,0.000000,83.42
8,23.48,50.31,12.69,88.06,1,0,7.26,1.000000,0.000000,92.84
9,23.24,63.79,18.98,80.01,1,0,12.24,0.778801,0.000000,85.52
10,23.92,63.44,6.35,80.81,1,0,14.75,0.367879,0.000000,72.35
11,22.60,49.23,3.48,35.56,1,0,31.58,0.105399,0.000000,57.34
12,26.42,45.22,3.52,68.82,1,0,21.18,0.018316,0.000005,58.46
13,24.36,66.04,18.39,15.20,1,0,38.38,0.001930,0.000123,59.20
14,25.30,63.99,11.55,67.64,1,0,18.70,0.000123,0.001930,62.64
15,25.53,50.55,9.24,68.78,1,0,14.98,0.000005,0.018316,56.03
16,22.61,78.38,3.22,90.66,1,0,6.81,0.000000,0.105399,68.04
17,23.01,63.86,14.70,47.02,1,0,7.43,0.000000,0.367879,79.70
18,23.36,44.64,3.84,16.44,1,0,0.00,0.000000,0.778801,89.61
19,25.07,54.96,3.21,27.96,1,0,0.00,0.000000,1.000000,99.11
20,23.06,56.72,6.05,56.34,1,0,0.00,0.000000,0.778801,93.67
21,23.70,77.65,19.98,51.90,1,0,0.00,0.000000,0.367879,74.68
22,22.98,78.09,3.86,94.13,1,0,0.00,0.000000,0.105399,67.95
23,23.22,66.42,7.32,30.06,1,0,0.00,0.000000,0.018316,54.33
0,24.58,56.36,13.13,72.29,0,0,0.00,0.000000,0.000000,47.27
1,25.27,69.51,8.89,39.44,0,0,0.00,0.000005,0.000000,53.26
2,24.00,67.14,19.38,66.83,0,0,0.00,0.000123,0.000000,49.36
3,24.81,59.25,20.10,53.55,0,0,0.00,0.001930,0.000000,55.12
4,26.27,78.96,7.41,26.84,0,0,0.00,0.018316,0.000000,49.97
5,23.98,78.11,7.18,52.12,0,0,0.00,0.105399,0.000000,58.73
6,26.35,68.48,14.20,23.13,0,0,0.00,0.367879,0.000000,56.13
7,26.18,72.88,19.84,86.76,0,0,3.87,0.778801,0.000000,83.49
8,26.11,63.41,13.13,76.26,0,0,9.30,1.000000,0.000000,86.65
9,24.71,45.58,5.62,18.80,0,0,27.22,0.778801,0.000000,65.30
10,25.47,58.72,4.28,83.26,0,0,14.01,0.367879,0.000000,59.01
11,24.13,52.91,19.97,55.71,0,0,24.84,0.105399,0.000000,53.24
12,25.35,67.77,11.23,59.94,0,0,24.25,0.018316,0.000005,55.48
13,23.01,77.33,14.58,18.38,0,0,37.32,0.001930,0.000123,53.12
14,24.50,70.03,10.08,85.61,0,0,13.31,0.000123,0.001930,50.73
15,24.37,57.85,8.24,37.54,0,0,22.63,0.000005,0.018316,46.76
16,23.44,77.64,9.46,46.02,0,0,14.53,0.000000,0.105399,58.48
17,23.11,48.51,3.19,69.75,0,0,5.40,0.000000,0.367879,69.03
18,24.06,48.27,12.94,21.71,0,0,0.00,0.000000,0.778801,84.66
19,23.05,55.81,19.73,86.04,0,0,0.00,0.000000,1.000000,102.33
20,25.84,57.98,11.91,68.60,0,0,0.00,0.000000,0.778801,86.79
21,25.27,72.06,11.22,24.27,0,0,0.00,0.000000,0.367879,67.45
22,22.88,54.78,13.52,91.04,0,0,0.00,0.000000,0.105399,59.99
23,23.35,56.50,4.18,55.26,0,0,0.00,0.000000,0.018316,49.24
0,24.73,46.47,15.38,17.85,0,0,0.00,0.000000,0.000000,51.89
1,25.15,75.96,6.52,77.17,0,0,0.00,0.000005,0.000000,55.61
2,23.50,74.75,7.02,66.77,0,0,0.00,0.000123,0.000000,56.40
3,26.16,72.79,16.78,67.64,0,0,0.00,0.001930,0.000000,56.30
4,25.10,59.41,20.65,24.29,0,0,0.00,0.018316,0.000000,53.14
5,24.32,58.71,19.33,33.95,0,0,0.00,0.105399,0.000000,57.01
6,26.18,71.49,18.32,83.86,0,0,0.00,0.367879,0.000000,67.42
7,22.70,63.25,5.78,52.80,0,0,6.92,0.778801,0.000000,71.79
8,22.78,58.29,14.77,18.45,0,0,19.31,1.000000,0.000000,81.36
9,25.45,44.67,9.17,48.16,0,0,20.03,0.778801,0.000000,67.26
10,23.99,71.32,20.70,20.57,0,0,32.80,0.367879,0.000000,66.77
11,22.76,51.83,5.11,83.36,0,0,15.59,0.105399,0.000000,53.04
12,24.18,54.09,11.63,47.14,0,0,28.68,0.018316,0.000005,46.56
13,24.47,66.25,4.67,46.72,0,0,27.85,0.001930,0.000123,53.34
14,23.47,72.50,16.32,24.86,0,0,31.52,0.000123,0.001930,51.78
15,23.80,54.11,14.49,53.84,0,0,18.64,0.000005,0.018316,46.61
16,24.43,75.30,7.87,67.65,0,0,10.79,0.000000,0.105399,52.53
17,23.30,76.56,17.05,39.09,0,0,8.14,0.000000,0.367879,69.59
18,25.88,48.88,3.07,36.67,0,0,0.00,0.000000,0.778801,78.64
19,24.60,60.44,5.98,69.12,0,0,0.00,0.000000,1.000000,96.00
20,24.29,58.82,4.32,41.07,0,0,0.00,0.000000,0.778801,83.27
21,26.15,65.49,6.54,86.52,0,0,0.00,0.000000,0.367879,66.98
22,24.05,75.78,6.93,17.59,0,0,0.00,0.000000,0.105399,59.60
23,23.23,47.17,14.65,48.58,0,0,0.00,0.000000,0.018316,51.80
0,23.79,55.69,13.16,46.03,0,0,0.00,0.000000,0.000000,50.24
1,24.22,49.05,5.64,87.62,0,0,0.00,0.000005,0.000000,49.37
2,23.23,74.67,3.65,58.96,0,0,0.00,0.000123,0.000000,51.02
3,24.54,68.39,5.24,32.16,0,0,0.00,0.001930,0.000000,45.46
4,23.17,72.88,11.88,74.00,0,0,0.00,0.018316,0.000000,54.93
5,26.08,78.54,3.30,36.49,0,0,0.00,0.105399,0.000000,56.05
6,23.06,50.23,7.66,39.77,0,0,0.00,0.367879,0.000000,64.71
7,23.00,57.43,3.53,54.63,0,0,6.75,0.778801,0.000000,73.77
8,23.63,68.99,7.33,67.61,0,0,10.80,1.000000,0.000000,82.34
9,24.78,65.72,8.96,69.72,0,0,14.75,0.778801,0.000000,80.09
10,23.53,46.28,17.06,45.57,0,0,25.31,0.367879,0.000000,61.69
11,24.42,56.53,13.24,74.35,0,0,18.61,0.105399,0.000000,52.67
12,23.66,55.09,17.76,62.96,0,0,23.20,0.018316,0.000005,50.30
13,24.71,56.49,17.68,38.46,0,0,30.61,0.001930,0.000123,49.41
14,25.41,64.29,11.82,59.67,0,0,21.08,0.000123,0.001930,48.56
15,26.08,53.81,18.17,62.69,0,0,16.48,0.000005,0.018316,51.28
16,25.61,44.71,19.41,77.48,0,0,9.09,0.000000,0.105399,58.77
17,25.04,47.10,16.08,41.75,0,0,7.91,0.000000,0.367879,65.59
18,26.18,52.83,8.74,17.78,0,0,0.00,0.000000,0.778801,83.82
19,24.57,56.04,13.46,60.43,0,0,0.00,0.000000,1.000000,100.28
20,22.94,74.01,16.32,44.27,0,0,0.00,0.000000,0.778801,85.41
21,25.33,65.49,11.55,17.54,0,0,0.00,0.000000,0.367879,63.94
22,24.35,49.74,19.41,57.55,0,0,0.00,0.000000,0.105399,52.68
23,25.53,62.43,14.69,27.37,0,0,0.00,0.000000,0.018316,48.63
0,24.13,54.23,19.00,34.47,0,0,0.00,0.000000,0.000000,50.02
1,23.86,61.83,17.26,27.43,0,0,0.00,0.000005,0.000000,53.89
2,22.76,63.39,13.88,93.95,0,0,0.00,0.000123,0.000000,55.29
3,26.17,45.78,15.64,51.35,0,0,0.00,0.001930,0.000000,51.43
4,25.65,55.49,9.66,68.67,0,0,0.00,0.018316,0.000000,47.84
5,23.95,60.86,20.47,91.59,0,0,0.00,0.105399,0.000000,59.87
6,25.81,44.76,15.02,32.07,0,0,0.00,0.367879,0.000000,57.05
7,26.49,56.21,14.36,63.00,0,0,6.00,0.778801,0.000000,69.41
8,24.65,45.94,12.62,38.79,0,0,15.79,1.000000,0.000000,73.63
9,25.51,65.95,19.77,49.91,0,0,19.60,0.778801,0.000000,75.71
10,23.56,58.72,3.44,28.36,0,0,30.47,0.367879,0.000000,54.66
11,22.92,68.00,15.63,62.49,0,0,22.57,0.105399,0.000000,56.11
12,25.20,63.42,14.55,41.52,0,0,30.63,0.018316,0.000005,55.24
13,26.55,77.65,5.70,25.81,0,0,34.84,0.001930,0.000123,43.49
14,23.16,52.27,18.94,71.65,0,0,17.49,0.000123,0.001930,53.28
15,25.48,62.58,12.17,44.36,0,0,20.96,0.000005,0.018316,49.83
16,26.51,77.60,6.22,84.71,0,0,7.84,0.000000,0.105399,54.65
17,25.82,58.56,15.28,88.79,0,0,3.69,0.000000,0.367879,70.69
18,26.73,66.16,3.28,15.19,0,0,0.00,0.000000,0.778801,78.89
19,26.29,58.23,5.82,26.97,0,0,0.00,0.000000,1.000000,95.67
20,25.80,69.72,7.45,67.91,0,0,0.00,0.000000,0.778801,89.91
21,25.88,45.33,18.01,52.20,0,0,0.00,0.000000,0.367879,68.65
22,26.43,53.50,13.36,90.93,0,0,0.00,0.000000,0.105399,58.13
23,23.20,57.58,8.10,52.49,0,0,0.00,0.000000,0.018316,50.84
0,25.63,73.98,13.79,78.21,0,0,0.00,0.000000,0.000000,57.13
1,25.27,77.63,6.90,42.14,0,0,0.00,0.000005,0.000000,51.78
2,25.38,61.90,16.45,37.38,0,0,0.00,0.000123,0.000000,50.59
3,23.62,73.45,18.22,43.96,0,0,0.00,0.001930,0.000000,54.83
4,24.26,77.62,5.74,22.85,0,0,0.00,0.018316,0.000000,53.45
5,25.13,54.79,6.96,94.16,0,0,0.00,0.105399,0.000000,51.42
6,25.47,68.78,13.70,32.15,0,0,0.00,0.367879,0.000000,65.11
7,26.40,78.11,17.04,65.48,0,0,5.78,0.778801,0.000000,80.73
8,25.52,45.76,4.07,39.61,0,0,15.64,1.000000,0.000000,73.98
9,25.33,72.12,5.83,93.57,0,0,8.92,0.778801,0.000000,72.60
10,24.79,64.33,18.54,80.56,0,0,14.82,0.367879,0.000000,67.20
11,25.54,54.50,20.11,31.90,0,0,32.80,0.105399,0.000000,51.77
12,24.13,58.14,14.96,26.41,0,0,35.86,0.018316,0.000005,44.82
13,24.95,69.52,13.92,35.99,0,0,31.43,0.001930,0.000123,52.42
14,23.43,49.65,15.07,51.54,0,0,23.52,0.000123,0.001930,45.38
15,22.80,48.49,3.22,94.20,0,0,8.76,0.000005,0.018316,49.35
16,24.89,49.65,19.48,91.27,0,0,6.70,0.000000,0.105399,59.52
17,24.35,46.33,15.69,44.19,0,0,7.69,0.000000,0.367879,62.70
18,26.38,58.82,8.26,91.95,0,0,0.00,0.000000,0.778801,84.64
19,22.98,58.74,4.43,66.82,0,0,0.00,0.000000,1.000000,93.58
20,26.40,59.90,4.29,63.89,0,0,0.00,0.000000,0.778801,87.99
21,25.94,53.15,10.62,77.43,0,0,0.00,0.000000,0.367879,71.25
22,24.73,70.17,11.87,50.76,0,0,0.00,0.000000,0.105399,57.37
23,25.74,77.25,9.40,43.17,0,0,0.00,0.000000,0.018316,54.68
0,25.08,69.77,17.01,70.19,1,0,0.00,0.000000,0.000000,60.35
1,24.45,44.50,4.35,89.73,1,0,0.00,0.000005,0.000000,59.13
2,25.46,77.62,5.04,84.23,1,0,0.00,0.000123,0.000000,62.91
3,24.99,63.01,4.65,45.63,1,0,0.00,0.001930,0.000000,58.23
4,24.13,60.06,18.04,30.93,1,0,0.00,0.018316,0.000000,62.45
5,26.11,45.11,13.44,53.17,1,0,0.00,0.105399,0.000000,56.49
6,25.00,61.45,18.44,73.30,1,0,0.00,0.367879,0.000000,70.19
7,23.73,72.14,12.61,16.25,1,0,10.19,0.778801,0.000000,81.28
8,25.84,72.27,7.42,45.74,1,0,14.58,1.000000,0.000000,86.62
9,25.55,47.65,7.54,82.51,1,0,11.62,0.778801,0.000000,81.12
10,23.33,75.08,11.81,64.53,1,0,19.63,0.367879,0.000000,77.06
11,25.98,56.69,16.36,34.38,1,0,31.97,0.105399,0.000000,62.87
12,25.26,60.62,9.40,43.75,1,0,29.85,0.018316,0.000005,58.25
13,25.64,76.68,5.18,37.41,1,0,30.96,0.001930,0.000123,57.25
14,23.27,61.54,18.96,45.85,1,0,25.23,0.000123,0.001930,59.39
15,23.16,77.47,10.52,27.49,1,0,25.09,0.000005,0.018316,55.56
16,25.63,53.27,6.44,62.24,1,0,11.73,0.000000,0.105399,62.42
17,23.05,70.72,3.98,78.47,1,0,4.62,0.000000,0.367879,75.25
18,25.86,66.06,14.92,28.25,1,0,0.00,0.000000,0.778801,90.33
19,26.38,65.25,5.48,21.52,1,0,0.00,0.000000,1.000000,101.83
20,24.14,69.93,8.18,54.23,1,0,0.00,0.000000,0.778801,92.22
21,23.11,71.15,6.60,73.36,1,0,0.00,0.000000,0.367879,77.30
22,24.72,44.45,8.38,64.77,1,0,0.00,0.000000,0.105399,59.18
23,24.70,73.61,14.42,76.85,1,0,0.00,0.000000,0.018316,58.16
0,25.89,79.90,14.14,66.67,1,0,0.00,0.000000,0.000000,57.88
1,24.43,63.86,12.15,89.24,1,0,0.00,0.000005,0.000000,62.56
2,24.08,59.68,3.11,18.01,1,0,0.00,0.000123,0.000000,58.15
3,26.30,67.79,3.07,36.24,1,0,0.00,0.001930,0.000000,56.98
4,24.81,77.44,10.76,50.10,1,0,0.00,0.018316,0.000000,58.28
5,26.76,52.33,9.45,67.82,1,0,0.00,0.105399,0.000000,60.27
6,25.33,48.47,16.48,27.42,1,0,0.00,0.367879,0.000000,65.97
7,24.56,66.78,20.92,31.03,1,0,8.87,0.778801,0.000000,84.89
8,23.52,72.78,4.42,21.31,1,0,18.81,1.000000,0.000000,83.87
9,25.09,50.09,12.73,79.16,1,0,12.44,0.778801,0.000000,86.64
10,25.00,76.19,5.71,87.56,1,0,12.72,0.367879,0.000000,69.43
11,24.47,61.04,16.75,71.71,1,0,19.49,0.105399,0.000000,61.89
12,24.70,57.68,6.15,40.10,1,0,31.12,0.018316,0.000005,52.80
13,24.92,49.27,5.27,90.65,1,0,13.16,0.001930,0.000123,59.19
14,22.87,63.78,7.11,48.64,1,0,24.39,0.000123,0.001930,62.94
15,25.00,73.11,16.12,29.25,1,0,24.66,0.000005,0.018316,63.98
16,23.92,49.58,14.61,41.39,1,0,15.34,0.000000,0.105399,64.83
17,23.73,67.12,20.61,47.26,1,0,7.41,0.000000,0.367879,77.89
18,24.94,67.25,5.85,90.65,1,0,0.00,0.000000,0.778801,96.65
19,26.67,53.47,10.77,53.37,1,0,0.00,0.000000,1.000000,102.31
20,26.76,75.56,12.12,64.10,1,0,0.00,0.000000,0.778801,94.26
21,24.04,57.25,19.68,39.36,1,0,0.00,0.000000,0.367879,73.95
22,26.38,75.23,12.50,62.11,1,0,0.00,0.000000,0.105399,61.75
23,26.47,68.91,12.54,54.00,1,0,0.00,0.000000,0.018316,56.33
0,26.02,73.94,11.22,77.74,0,0,0.00,0.000000,0.000000,51.15
1,24.70,57.46,18.58,34.38,0,0,0.00,0.000005,0.000000,53.60
2,24.88,63.30,16.92,94.99,0,0,0.00,0.000123,0.000000,49.43
3,23.12,61.74,8.74,92.21,0,0,0.00,0.001930,0.000000,54.38
4,23.61,60.85,13.58,68.31,0,0,0.00,0.018316,0.000000,57.69
5,25.70,54.97,8.37,28.59,0,0,0.00,0.105399,0.000000,48.68
6,23.55,44.43,16.74,46.76,0,0,0.00,0.367879,0.000000,59.20
7,24.56,51.22,10.62,26.84,0,0,9.24,0.778801,0.000000,69.78
8,23.52,53.59,17.81,24.47,0,0,18.26,1.000000,0.000000,80.63
9,23.64,66.77,4.57,55.13,0,0,18.33,0.778801,0.000000,74.31
10,24.00,44.32,16.03,61.10,0,0,20.65,0.367879,0.000000,64.82
11,23.20,73.36,12.89,63.05,0,0,22.38,0.105399,0.000000,61.04
12,25.90,79.98,18.93,45.42,0,0,29.28,0.018316,0.000005,57.08
13,26.77,78.07,10.70,64.67,0,0,21.84,0.001930,0.000123,53.66
14,26.50,47.06,20.33,78.20,0,0,15.53,0.000123,0.001930,51.12
15,24.38,64.60,10.84,29.17,0,0,24.68,0.000005,0.018316,53.60
16,26.69,71.74,18.97,91.61,0,0,6.64,0.000000,0.105399,62.53
17,24.56,66.47,8.61,34.93,0,0,8.52,0.000000,0.367879,68.76
18,23.81,73.73,4.70,66.26,0,0,0.00,0.000000,0.778801,88.77
19,23.60,47.56,10.07,27.84,0,0,0.00,0.000000,1.000000,96.55
20,23.26,60.97,18.65,39.70,0,0,0.00,0.000000,0.778801,87.07
21,23.23,60.83,20.93,45.16,0,0,0.00,0.000000,0.367879,69.90
22,23.96,61.45,15.93,45.11,0,0,0.00,0.000000,0.105399,55.04
23,24.31,50.17,4.45,88.03,0,0,0.00,0.000000,0.018316,46.21
0,24.11,63.70,18.43,82.77,0,0,0.00,0.000000,0.000000,59.17
1,23.94,48.56,7.34,72.09,0,0,0.00,0.000005,0.000000,50.46
2,26.20,47.58,16.60,33.40,0,0,0.00,0.000123,0.000000,47.76
3,25.48,62.53,10.25,63.89,0,0,0.00,0.001930,0.000000,49.50
4,25.13,51.76,7.98,17.25,0,0,0.00,0.018316,0.000000,42.46
5,24.85,58.15,9.05,83.35,0,0,0.00,0.105399,0.000000,59.51
6,23.44,56.40,19.14,70.62,0,0,0.00,0.367879,0.000000,66.16
7,24.80,56.87,14.92,86.87,0,0,3.86,0.778801,0.000000,75.18
8,24.72,62.79,17.31,57.78,0,0,12.50,1.000000,0.000000,81.73
9,26.17,68.77,6.15,64.79,0,0,15.96,0.778801,0.000000,74.80
10,25.76,67.05,18.46,85.00,0,0,13.49,0.367879,0.000000,63.39
11,24.94,68.75,9.77,57.23,0,0,24.33,0.105399,0.000000,51.56
12,25.97,75.69,19.68,81.08,0,0,16.93,0.018316,0.000005,58.68
13,25.20,55.78,19.26,37.82,0,0,30.82,0.001930,0.000123,49.32
14,23.77,54.23,10.49,38.79,0,0,27.34,0.000123,0.001930,53.41
15,26.47,59.04,9.85,41.34,0,0,21.70,0.000005,0.018316,47.92
16,24.29,79.43,20.45,60.38,0,0,12.05,0.000000,0.105399,56.75
17,26.29,57.88,19.02,63.13,0,0,5.99,0.000000,0.367879,66.50
18,24.66,66.09,10.08,82.00,0,0,0.00,0.000000,0.778801,84.84
19,24.90,76.74,5.14,20.83,0,0,0.00,0.000000,1.000000,89.95
20,26.84,52.26,5.01,71.31,0,0,0.00,0.000000,0.778801,78.83
21,23.14,52.80,4.07,86.95,0,0,0.00,0.000000,0.367879,66.92
22,25.96,61.13,4.54,65.93,0,0,0.00,0.000000,0.105399,49.93
23,25.61,64.20,7.67,20.04,0,0,0.00,0.000000,0.018316,44.49
0,23.98,45.55,16.96,30.86,0,0,0.00,0.000000,0.000000,52.22
1,23.98,49.32,17.87,66.16,0,0,0.00,0.000005,0.000000,54.91
2,25.42,62.39,17.47,27.70,0,0,0.00,0.000123,0.000000,48.72
3,24.02,58.89,3.45,57.88,0,0,0.00,0.001930,0.000000,45.98
4,25.09,71.13,12.74,70.31,0,0,0.00,0.018316,0.000000,49.93
5,23.28,56.35,6.02,28.47,0,0,0.00,0.105399,0.000000,47.44
6,26.21,44.72,12.02,77.07,0,0,0.00,0.367879,0.000000,57.32
7,26.71,79.07,18.86,30.36,0,0,8.93,0.778801,0.000000,78.01
8,25.12,76.25,6.77,63.69,0,0,11.48,1.000000,0.000000,80.35
9,24.58,67.04,13.63,63.91,0,0,16.18,0.778801,0.000000,76.42
10,26.04,59.57,15.15,56.71,0,0,21.97,0.367879,0.000000,61.15
11,22.95,69.69,11.48,50.12,0,0,26.71,0.105399,0.000000,60.16
12,24.22,47.38,18.34,52.83,0,0,26.71,0.018316,0.000005,50.62
13,23.78,60.59,3.05,23.97,0,0,35.45,0.001930,0.000123,49.77
14,23.12,66.87,3.25,87.33,0,0,12.79,0.000123,0.001930,53.80
15,24.36,77.86,19.87,29.18,0,0,24.68,0.000005,0.018316,50.68
16,24.42,76.63,19.40,50.24,0,0,13.80,0.000000,0.105399,56.57
17,23.73,69.61,16.90,84.43,0,0,4.08,0.000000,0.367879,71.82
18,25.55,68.63,11.51,88.77,0,0,0.00,0.000000,0.778801,84.53
19,23.91,44.11,3.38,31.08,0,0,0.00,0.000000,1.000000,93.21
20,24.30,54.05,15.30,41.23,0,0,0.00,0.000000,0.778801,82.99
21,23.50,45.93,11.43,68.45,0,0,0.00,0.000000,0.367879,66.91
22,23.38,67.75,16.51,68.35,0,0,0.00,0.000000,0.105399,62.99
23,26.42,44.85,13.54,58.75,0,0,0.00,0.000000,0.018316,51.62
0,25.27,61.92,16.83,66.35,0,0,0.00,0.000000,0.000000,49.22
1,22.99,58.53,4.23,85.81,0,0,0.00,0.000005,0.000000,56.62
2,23.60,68.63,9.35,27.75,0,0,0.00,0.000123,0.000000,48.85
3,23.40,66.28,10.95,44.37,0,0,0.00,0.001930,0.000000,50.30
4,24.33,71.84,8.51,45.54,0,0,0.00,0.018316,0.000000,48.88
5,24.30,70.52,14.38,24.86,0,0,0.00,0.105399,0.000000,57.34
6,25.45,57.17,15.71,39.67,0,0,0.00,0.367879,0.000000,56.56
7,26.41,55.11,14.33,27.38,0,0,9.19,0.778801,0.000000,72.77
8,25.30,74.95,4.46,65.08,0,0,11.24,1.000000,0.000000,82.11
9,24.72,62.90,16.01,93.21,0,0,9.01,0.778801,0.000000,75.12
10,26.32,50.66,3.49,25.48,0,0,31.33,0.367879,0.000000,54.58
11,26.15,64.38,12.65,46.97,0,0,27.76,0.105399,0.000000,55.90
12,24.96,56.17,17.85,28.72,0,0,35.06,0.018316,0.000005,44.21
13,24.53,57.98,4.30,63.58,0,0,22.21,0.001930,0.000123,53.00
14,25.58,65.18,19.01,65.16,0,0,19.44,0.000123,0.001930,54.35
15,25.04,69.62,11.99,15.27,0,0,28.08,0.000005,0.018316,48.13
16,24.31,60.66,8.25,74.27,0,0,9.65,0.000000,0.105399,60.12
17,26.40,72.22,8.03,20.90,0,0,9.77,0.000000,0.367879,69.31
18,26.57,73.02,15.61,90.72,0,0,0.00,0.000000,0.778801,86.99
19,24.52,47.84,17.08,17.50,0,0,0.00,0.000000,1.000000,94.66
20,23.51,69.40,19.86,56.71,0,0,0.00,0.000000,0.778801,94.03
21,23.95,73.34,12.62,67.03,0,0,0.00,0.000000,0.367879,65.66
22,26.20,67.81,12.71,74.43,0,0,0.00,0.000000,0.105399,52.21
23,25.23,56.47,4.01,65.29,0,0,0.00,0.000000,0.018316,46.17
0,24.36,58.08,7.96,19.28,0,0,0.00,0.000000,0.000000,51.77
1,25.98,61.51,14.66,59.29,0,0,0.00,0.000005,0.000000,46.46
2,26.36,75.67,4.06,83.02,0,0,0.00,0.000123,0.000000,54.82
3,26.90,58.72,17.27,29.51,0,0,0.00,0.001930,0.000000,43.72
4,25.20,46.36,7.53,73.67,0,0,0.00,0.018316,0.000000,47.27
5,23.80,79.33,19.23,79.12,0,0,0.00,0.105399,0.000000,61.33
6,26.42,68.23,10.20,69.20,0,0,0.00,0.367879,0.000000,63.00
7,24.18,78.49,6.56,18.74,0,0,9.97,0.778801,0.000000,69.48
8,26.03,61.42,6.47,50.61,0,0,13.74,1.000000,0.000000,81.02
9,26.59,72.65,11.57,26.96,0,0,25.22,0.778801,0.000000,71.89
10,25.40,65.90,8.96,91.64,0,0,11.50,0.367879,0.000000,67.62
11,23.47,53.39,13.40,49.75,0,0,26.83,0.105399,0.000000,54.95
12,26.57,57.10,6.22,22.10,0,0,37.35,0.018316,0.000005,47.01
13,25.98,72.78,11.64,39.84,0,0,30.14,0.001930,0.000123,45.47
14,26.72,45.00,4.01,74.75,0,0,16.56,0.000123,0.001930,50.98
15,26.71,58.96,8.15,36.15,0,0,22.97,0.000005,0.018316,47.10
16,25.15,54.46,19.33,16.54,0,0,19.64,0.000000,0.105399,52.92
17,24.54,64.02,18.20,87.69,0,0,3.79,0.000000,0.367879,67.41
18,24.15,63.33,10.26,79.45,0,0,0.00,0.000000,0.778801,83.03
19,25.27,74.46,14.32,21.48,0,0,0.00,0.000000,1.000000,97.74
20,23.28,58.92,9.73,67.99,0,0,0.00,0.000000,0.778801,88.13
21,23.83,61.40,13.68,84.78,0,0,0.00,0.000000,0.367879,67.36
22,24.15,55.70,9.07,76.28,0,0,0.00,0.000000,0.105399,59.95
23,23.98,53.70,9.89,43.06,0,0,0.00,0.000000,0.018316,48.40
0,25.58,74.16,20.32,80.82,1,0,0.00,0.000000,0.000000,60.11
1,24.47,68.29,7.77,32.48,1,0,0.00,0.000005,0.000000,56.70
2,24.93,56.06,3.10,71.88,1,0,0.00,0.000123,0.000000,60.63
3,24.41,64.91,17.56,72.72,1,0,0.00,0.001930,0.000000,60.21
4,26.04,73.58,16.47,51.01,1,0,0.00,0.018316,0.000000,62.20
5,23.80,60.76,11.81,49.62,1,0,0.00,0.105399,0.000000,59.90
6,25.53,63.69,16.97,20.38,1,0,0.00,0.367879,0.000000,67.18
7,25.31,57.34,8.38,20.78,1,0,9.78,0.778801,0.000000,76.48
8,24.29,51.60,5.23,85.31,1,0,7.74,1.000000,0.000000,89.00
9,25.77,46.57,20.93,86.61,1,0,10.62,0.778801,0.000000,78.65
10,23.29,76.12,20.13,90.74,1,0,11.77,0.367879,0.000000,74.08
11,23.56,44.53,4.05,49.52,1,0,26.91,0.105399,0.000000,54.35
12,24.82,69.84,3.75,79.60,1,0,17.44,0.018316,0.000005,59.74
13,26.53,75.47,13.14,19.72,1,0,36.87,0.001930,0.000123,58.35
14,26.95,64.22,5.49,41.36,1,0,26.57,0.000123,0.001930,51.23
15,23.32,63.86,11.15,22.21,1,0,26.38,0.000005,0.018316,62.51
16,24.78,78.06,11.70,57.61,1,0,12.53,0.000000,0.105399,65.04
17,24.33,50.74,15.09,41.64,1,0,7.92,0.000000,0.367879,77.33
18,25.73,70.18,11.07,73.22,1,0,0.00,0.000000,0.778801,94.87
19,26.77,72.56,19.44,54.29,1,0,0.00,0.000000,1.000000,102.37
20,25.39,55.22,20.22,31.23,1,0,0.00,0.000000,0.778801,87.60
21,23.26,64.70,19.01,84.62,1,0,0.00,0.000000,0.367879,78.74
22,23.66,77.75,3.14,32.73,1,0,0.00,0.000000,0.105399,62.53
23,24.34,57.40,12.86,72.58,1,0,0.00,0.000000,0.018316,58.05
0,26.63,52.43,5.20,23.78,1,0,0.00,0.000000,0.000000,49.48
1,25.48,46.06,7.28,72.46,1,0,0.00,0.000005,0.000000,54.67
2,25.61,69.50,11.33,15.72,1,0,0.00,0.000123,0.000000,54.35
3,23.46,68.63,18.03,69.05,1,0,0.00,0.001930,0.000000,62.05
4,26.01,53.02,18.40,37.44,1,0,0.00,0.018316,0.000000,54.65
5,23.34,71.89,4.22,17.57,1,0,0.00,0.105399,0.000000,65.43
6,26.07,46.50,10.89,83.55,1,0,0.00,0.367879,0.000000,70.12
7,24.04,77.24,4.03,35.25,1,0,8.49,0.778801,0.000000,81.82
8,23.37,77.81,9.17,85.95,1,0,7.62,1.000000,0.000000,91.66
9,24.14,78.02,6.69,39.33,1,0,22.19,0.778801,0.000000,79.31
10,25.30,47.10,5.81,22.83,1,0,32.13,0.367879,0.000000,68.61
11,25.61,67.92,9.32,23.71,1,0,35.54,0.105399,0.000000,56.04
12,26.37,72.51,3.39,34.09,1,0,33.20,0.018316,0.000005,51.26
13,25.00,50.73,9.86,80.07,1,0,16.70,0.001930,0.000123,53.02
14,25.96,66.29,14.96,19.86,1,0,33.02,0.000123,0.001930,51.85
15,24.26,69.16,12.40,82.51,1,0,11.62,0.000005,0.018316,60.67
16,24.58,59.44,11.24,44.96,1,0,14.72,0.000000,0.105399,63.98
17,24.31,63.45,6.87,74.86,1,0,4.94,0.000000,0.367879,75.11
18,24.57,74.23,9.78,21.15,1,0,0.00,0.000000,0.778801,97.58
19,26.36,46.56,3.24,69.36,1,0,0.00,0.000000,1.000000,103.51
20,24.90,72.53,11.63,56.45,1,0,0.00,0.000000,0.778801,90.88
21,25.53,71.38,7.80,71.39,1,0,0.00,0.000000,0.367879,80.55
22,25.15,53.58,18.84,51.09,1,0,0.00,0.000000,0.105399,63.28
23,23.23,62.94,14.97,91.32,1,0,0.00,0.000000,0.018316,64.23
0,26.24,51.80,5.60,88.07,0,0,0.00,0.000000,0.000000,47.50
1,25.74,69.83,19.49,56.13,0,0,0.00,0.000005,0.000000,50.82
2,23.32,56.05,6.87,18.27,0,0,0.00,0.000123,0.000000,49.75
3,23.73,73.30,5.94,16.54,0,0,0.00,0.001930,0.000000,51.79
4,24.16,62.20,9.86,79.42,0,0,0.00,0.018316,0.000000,48.55
5,26.53,78.96,4.78,63.14,0,0,0.00,0.105399,0.000000,51.00
6,26.20,71.85,4.31,41.45,0,0,0.00,0.367879,0.000000,59.28
7,26.88,64.16,8.60,44.13,0,0,7.69,0.778801,0.000000,71.78
8,25.34,59.02,9.49,61.58,0,0,11.84,1.000000,0.000000,85.44
9,25.88,74.96,5.72,41.64,0,0,21.63,0.778801,0.000000,75.98
10,26.42,54.58,14.26,26.64,0,0,30.99,0.367879,0.000000,57.98
11,25.59,67.43,12.25,18.54,0,0,37.27,0.105399,0.000000,52.88
12,24.64,50.90,20.15,42.61,0,0,30.25,0.018316,0.000005,51.47
13,26.48,68.26,8.14,18.72,0,0,37.21,0.001930,0.000123,46.73
14,25.48,57.09,19.70,46.36,0,0,25.07,0.000123,0.001930,50.14
15,25.49,56.24,5.26,74.63,0,0,13.55,0.000005,0.018316,49.12
16,26.70,44.46,17.79,48.48,0,0,14.11,0.000000,0.105399,47.26
17,25.10,70.75,11.33,73.36,0,0,5.07,0.000000,0.367879,66.38
18,26.93,46.90,4.94,52.49,0,0,0.00,0.000000,0.778801,81.26
19,23.99,62.94,12.69,19.67,0,0,0.00,0.000000,1.000000,97.82
20,26.68,63.60,3.09,60.57,0,0,0.00,0.000000,0.778801,84.28
21,24.60,62.72,15.16,57.96,0,0,0.00,0.000000,0.367879,72.09
22,24.46,58.70,17.19,33.83,0,0,0.00,0.000000,0.105399,59.84
23,23.61,76.70,5.93,78.57,0,0,0.00,0.000000,0.018316,58.48
0,26.13,77.66,3.81,91.14,0,0,0.00,0.000000,0.000000,52.63
1,23.10,79.37,19.30,63.80,0,0,0.00,0.000005,0.000000,57.38
2,23.48,54.58,11.08,69.72,0,0,0.00,0.000123,0.000000,54.36
3,26.63,78.91,15.27,48.54,0,0,0.00,0.001930,0.000000,48.66
4,24.73,77.31,3.08,17.90,0,0,0.00,0.018316,0.000000,44.79
5,23.89,77.68,8.02,86.54,0,0,0.00,0.105399,0.000000,57.06
6,23.23,59.48,15.25,70.89,0,0,0.00,0.367879,0.000000,64.55
7,23.14,79.75,7.11,89.48,0,0,3.63,0.778801,0.000000,76.55
8,25.71,78.42,20.08,18.95,0,0,19.22,1.000000,0.000000,77.77
9,26.63,45.54,6.11,88.00,0,0,10.28,0.778801,0.000000,72.54
10,23.95,68.41,12.57,58.84,0,0,21.33,0.367879,0.000000,60.73
11,25.58,64.24,9.69,76.32,0,0,17.95,0.105399,0.000000,52.11
12,25.81,58.84,15.76,69.42,0,0,20.97,0.018316,0.000005,53.20
13,25.44,67.82,8.43,70.60,0,0,19.86,0.001930,0.000123,53.78
14,24.30,59.05,10.28,94.98,0,0,10.50,0.000123,0.001930,49.23
15,23.74,53.06,3.91,59.53,0,0,17.25,0.000005,0.018316,45.76
16,25.47,58.21,3.41,20.94,0,0,18.88,0.000000,0.105399,55.40
17,24.41,73.22,3.68,40.58,0,0,8.01,0.000000,0.367879,68.23
18,23.38,56.30,6.66,30.81,0,0,0.00,0.000000,0.778801,85.58
19,23.38,60.49,18.35,80.09,0,0,0.00,0.000000,1.000000,103.49
20,24.25,67.85,9.56,45.32,0,0,0.00,0.000000,0.778801,84.53
21,26.04,74.90,11.83,76.26,0,0,0.00,0.000000,0.367879,72.31
22,26.66,60.30,15.28,70.35,0,0,0.00,0.000000,0.105399,58.90
23,24.47,64.76,7.85,85.24,0,0,0.00,0.000000,0.018316,52.98
0,23.16,66.80,3.97,43.51,0,0,0.00,0.000000,0.000000,49.54
1,25.34,70.37,4.87,17.75,0,0,0.00,0.000005,0.000000,49.91
2,24.14,54.50,6.72,36.03,0,0,0.00,0.000123,0.000000,48.24
3,24.21,79.08,17.91,71.04,0,0,0.00,0.001930,0.000000,55.24
4,24.67,65.07,11.37,81.33,0,0,0.00,0.018316,0.000000,49.31
5,26.96,71.76,17.24,74.11,0,0,0.00,0.105399,0.000000,56.65
6,26.04,67.32,9.66,49.49,0,0,0.00,0.367879,0.000000,59.18
7,26.67,60.79,7.21,38.30,0,0,8.22,0.778801,0.000000,67.35
8,26.41,60.14,10.51,93.01,0,0,6.40,1.000000,0.000000,81.02
9,23.98,62.11,18.67,64.40,0,0,16.06,0.778801,0.000000,75.72
10,26.34,54.05,6.16,78.20,0,0,15.53,0.367879,0.000000,58.15
11,26.44,52.72,19.46,87.80,0,0,14.11,0.105399,0.000000,57.39
12,25.16,73.82,4.35,73.88,0,0,19.43,0.018316,0.000005,55.64
13,26.04,78.52,8.75,68.79,0,0,20.47,0.001930,0.000123,53.39
14,25.46,58.41,16.25,59.53,0,0,21.13,0.000123,0.001930,51.12
15,26.05,60.39,14.03,41.35,0,0,21.70,0.000005,0.018316,46.87
16,25.06,49.48,19.77,83.46,0,0,8.06,0.000000,0.105399,53.09
17,25.17,56.05,4.97,86.03,0,0,3.94,0.000000,0.367879,63.49
18,24.47,78.47,15.43,93.21,0,0,0.00,0.000000,0.778801,93.25
19,24.39,77.03,19.35,74.70,0,0,0.00,0.000000,1.000000,101.31
20,24.83,46.76,15.86,40.22,0,0,0.00,0.000000,0.778801,87.50
21,25.02,47.06,14.57,73.47,0,0,0.00,0.000000,0.367879,68.65
22,24.02,78.41,17.34,53.63,0,0,0.00,0.000000,0.105399,56.02
23,26.15,65.93,17.76,28.74,0,0,0.00,0.000000,0.018316,46.61
0,23.78,63.78,7.93,29.16,0,0,0.00,0.000000,0.000000,49.87
1,24.03,71.91,12.94,85.89,0,0,0.00,0.000005,0.000000,57.14
2,26.37,56.70,10.15,73.09,0,0,0.00,0.000123,0.000000,48.30
3,23.32,78.48,18.63,45.07,0,0,0.00,0.001930,0.000000,57.84
4,23.48,49.92,17.49,23.61,0,0,0.00,0.018316,0.000000,49.44
5,24.09,53.75,9.82,89.45,0,0,0.00,0.105399,0.000000,54.34
6,23.92,54.27,15.90,87.39,0,0,0.00,0.367879,0.000000,67.06
7,24.90,46.93,7.50,72.34,0,0,5.17,0.778801,0.000000,76.57
8,26.88,69.31,20.24,22.37,0,0,18.63,1.000000,0.000000,77.53
9,25.17,47.33,19.15,86.94,0,0,10.54,0.778801,0.000000,73.55
10,26.33,67.28,6.41,94.88,0,0,10.53,0.367879,0.000000,65.78
11,23.71,60.56,3.10,49.51,0,0,26.91,0.105399,0.000000,53.52
12,25.61,79.94,15.27,23.48,0,0,36.87,0.018316,0.000005,50.19
13,23.71,44.44,4.82,90.62,0,0,13.17,0.001930,0.000123,53.24
14,23.79,53.89,7.93,80.28,0,0,14.91,0.000123,0.001930,49.08
15,26.56,70.31,8.89,32.30,0,0,23.91,0.000005,0.018316,53.25
16,23.45,62.57,18.73,75.96,0,0,9.35,0.000000,0.105399,55.19
17,25.07,52.02,5.13,58.89,0,0,6.37,0.000000,0.367879,67.05
18,24.56,53.84,11.17,94.55,0,0,0.00,0.000000,0.778801,86.72
19,26.73,64.20,10.05,29.16,0,0,0.00,0.000000,1.000000,92.85
20,24.61,54.55,5.92,30.57,0,0,0.00,0.000000,0.778801,85.24
21,25.71,67.64,13.11,93.04,0,0,0.00,0.000000,0.367879,71.99
22,26.20,52.17,9.89,42.01,0,0,0.00,0.000000,0.105399,56.30
23,26.80,73.01,9.61,52.83,0,0,0.00,0.000000,0.018316,49.50
0,24.71,48.39,10.14,71.07,0,0,0.00,0.000000,0.000000,46.03
1,25.81,54.09,4.72,90.28,0,0,0.00,0.000005,0.000000,51.15
2,24.80,55.76,9.72,25.93,0,0,0.00,0.000123,0.000000,50.90
3,25.03,58.38,11.52,33.99,0,0,0.00,0.001930,0.000000,50.02
4,23.28,48.41,15.33,87.06,0,0,0.00,0.018316,0.000000,56.75
5,25.57,60.08,6.99,69.45,0,0,0.00,0.105399,0.000000,53.41
6,23.45,68.32,15.28,43.98,0,0,0.00,0.367879,0.000000,61.08
7,23.13,68.72,7.48,62.99,0,0,6.00,0.778801,0.000000,80.34
8,25.58,47.33,3.83,49.75,0,0,13.89,1.000000,0.000000,76.16
9,24.06,66.65,12.97,85.44,0,0,10.91,0.778801,0.000000,82.40
10,26.30,54.13,8.40,84.57,0,0,13.62,0.367879,0.000000,60.57
11,26.76,49.14,10.26,86.11,0,0,14.67,0.105399,0.000000,54.90
12,26.53,54.02,3.09,51.80,0,0,27.07,0.018316,0.000005,49.45
13,24.02,48.34,4.80,28.80,0,0,33.84,0.001930,0.000123,46.64
14,25.62,62.46,6.39,15.63,0,0,34.29,0.000123,0.001930,43.07
15,26.51,68.92,19.27,42.49,0,0,21.42,0.000005,0.018316,47.64
16,26.58,60.30,15.94,52.65,0,0,13.39,0.000000,0.105399,50.07
17,23.20,62.65,8.65,26.58,0,0,9.27,0.000000,0.367879,67.58
18,25.93,44.92,6.32,36.68,0,0,0.00,0.000000,0.778801,78.16
19,24.78,46.63,6.31,88.01,0,0,0.00,0.000000,1.000000,93.75
20,26.35,60.05,11.13,30.40,0,0,0.00,0.000000,0.778801,82.40
21,25.85,46.90,19.75,20.81,0,0,0.00,0.000000,0.367879,64.70
22,26.84,59.43,3.08,85.89,0,0,0.00,0.000000,0.105399,56.08
23,26.23,78.22,14.04,92.42,0,0,0.00,0.000000,0.018316,59.79
0,23.85,62.47,11.62,61.64,1,0,0.00,0.000000,0.000000,64.67
1,24.80,54.02,18.44,80.78,1,0,0.00,0.000005,0.000000,56.28
2,26.58,51.46,4.27,53.01,1,0,0.00,0.000123,0.000000,57.05
3,23.21,70.61,14.19,15.85,1,0,0.00,0.001930,0.000000,54.65
4,23.06,50.81,16.58,30.40,1,0,0.00,0.018316,0.000000,59.85
5,25.95,48.33,14.36,65.44,1,0,0.00,0.105399,0.000000,58.52
6,25.84,67.85,4.76,29.60,1,0,0.00,0.367879,0.000000,68.76
7,24.04,55.82,5.14,71.08,1,0,5.28,0.778801,0.000000,80.78
8,23.64,62.36,19.40,47.48,1,0,14.28,1.000000,0.000000,90.03
9,23.34,46.97,6.69,72.05,1,0,14.18,0.778801,0.000000,78.79
10,23.91,76.12,14.76,87.80,1,0,12.65,0.367879,0.000000,72.55
11,25.18,50.11,4.70,77.76,1,0,17.47,0.105399,0.000000,64.43
12,26.78,71.02,10.67,41.45,1,0,30.65,0.018316,0.000005,61.58
13,26.73,69.79,4.61,87.49,1,0,14.21,0.001930,0.000123,62.66
14,24.78,46.45,5.48,58.85,1,0,21.33,0.000123,0.001930,53.19
15,25.55,59.38,12.86,74.75,1,0,13.52,0.000005,0.018316,61.60
16,24.76,46.27,3.64,42.50,1,0,15.14,0.000000,0.105399,61.06
17,24.09,53.64,4.86,78.34,1,0,4.63,0.000000,0.367879,75.53
18,23.19,63.26,19.10,42.62,1,0,0.00,0.000000,0.778801,95.96
19,25.82,49.27,5.35,37.09,1,0,0.00,0.000000,1.000000,96.81
20,23.15,67.83,15.77,60.45,1,0,0.00,0.000000,0.778801,98.39
21,26.54,75.72,7.62,16.09,1,0,0.00,0.000000,0.367879,77.27
22,26.20,61.63,10.11,79.44,1,0,0.00,0.000000,0.105399,65.74
23,24.87,67.00,5.67,83.46,1,0,0.00,0.000000,0.018316,64.84
0,25.50,59.88,17.19,78.19,1,0,0.00,0.000000,0.000000,61.10
1,24.36,51.92,12.52,73.61,1,0,0.00,0.000005,0.000000,55.85
2,26.43,53.40,15.76,75.36,1,0,0.00,0.000123,0.000000,62.62
3,26.51,63.59,17.49,20.74,1,0,0.00,0.001930,0.000000,54.63
4,23.28,50.05,4.57,61.70,1,0,0.00,0.018316,0.000000,56.91
5,23.62,64.86,13.03,49.25,1,0,0.00,0.105399,0.000000,65.17
6,24.37,60.29,15.72,52.29,1,0,0.00,0.367879,0.000000,69.49
7,26.43,53.53,18.12,51.75,1,0,7.01,0.778801,0.000000,81.05
8,26.78,67.14,4.12,67.95,1,0,10.74,1.000000,0.000000,88.36
9,25.96,73.56,12.04,54.79,1,0,18.41,0.778801,0.000000,79.66
10,25.95,60.72,15.69,94.05,1,0,10.78,0.367879,0.000000,68.85
11,26.45,70.30,19.92,92.39,1,0,12.58,0.105399,0.000000,61.24
12,26.06,60.68,9.40,72.06,1,0,20.06,0.018316,0.000005,62.52
13,23.13,69.44,13.94,43.37,1,0,28.97,0.001930,0.000123,62.38
14,26.86,49.90,11.99,19.80,1,0,33.04,0.000123,0.001930,52.44
15,24.22,69.12,13.31,44.52,1,0,20.92,0.000005,0.018316,58.73
16,23.42,54.41,8.55,34.67,1,0,16.50,0.000000,0.105399,57.39
17,26.83,60.53,6.86,93.88,1,0,3.24,0.000000,0.367879,70.15
18,23.85,69.69,20.88,35.84,1,0,0.00,0.000000,0.778801,98.30
19,23.35,45.04,5.27,30.81,1,0,0.00,0.000000,1.000000,100.36
20,24.52,70.66,7.63,31.13,1,0,0.00,0.000000,0.778801,92.41
21,23.42,66.69,7.53,27.80,1,0,0.00,0.000000,0.367879,74.32
22,26.24,73.82,18.79,37.31,1,0,0.00,0.000000,0.105399,66.12
23,26.07,67.98,12.05,17.74,1,0,0.00,0.000000,0.018316,56.59
0,23.73,55.83,15.68,43.42,0,0,0.00,0.000000,0.000000,46.12
1,24.01,65.62,11.39,74.95,0,0,0.00,0.000005,0.000000,50.52
2,26.05,79.06,3.99,50.84,0,0,0.00,0.000123,0.000000,51.27
3,23.44,52.74,12.90,33.13,0,0,0.00,0.001930,0.000000,51.48
4,24.66,45.87,15.24,76.36,0,0,0.00,0.018316,0.000000,47.71
5,25.65,54.53,19.29,84.33,0,0,0.00,0.105399,0.000000,58.71
6,26.15,53.86,16.95,89.47,0,0,0.00,0.367879,0.000000,65.98
7,23.31,63.47,20.58,44.28,0,0,7.68,0.778801,0.000000,73.33
8,25.51,63.97,18.88,79.08,0,0,8.81,1.000000,0.000000,80.78
9,23.90,77.26,10.58,76.19,0,0,13.17,0.778801,0.000000,75.34
10,26.44,49.04,15.10,31.09,0,0,29.65,0.367879,0.000000,60.08
11,24.80,52.84,14.48,23.13,0,0,35.73,0.105399,0.000000,47.46
12,24.38,79.42,10.49,53.24,0,0,26.57,0.018316,0.000005,53.39
13,26.66,75.59,6.84,71.78,0,0,19.46,0.001930,0.000123,48.31
14,25.69,76.11,6.00,71.65,0,0,17.49,0.000123,0.001930,51.58
15,25.74,69.32,9.01,24.64,0,0,25.79,0.000005,0.018316,49.53
16,23.96,77.71,6.93,29.05,0,0,17.47,0.000000,0.105399,57.54
17,23.61,44.68,15.04,36.90,0,0,8.34,0.000000,0.367879,68.99
18,25.24,75.76,19.67,84.41,0,0,0.00,0.000000,0.778801,88.61
19,25.80,66.67,12.21,44.52,0,0,0.00,0.000000,1.000000,92.32
20,24.70,49.10,11.72,90.48,0,0,0.00,0.000000,0.778801,87.95
21,26.91,45.39,3.42,75.49,0,0,0.00,0.000000,0.367879,66.00
22,25.79,76.03,9.22,76.38,0,0,0.00,0.000000,0.105399,61.88
23,25.62,79.23,12.23,82.80,0,0,0.00,0.000000,0.018316,55.96
0,24.12,71.36,15.39,90.85,0,0,0.00,0.000000,0.000000,55.27
1,23.67,67.21,13.85,69.57,0,0,0.00,0.000005,0.000000,57.99
2,25.69,72.93,7.47,33.35,0,0,0.00,0.000123,0.000000,54.12
3,26.82,59.10,7.56,59.21,0,0,0.00,0.001930,0.000000,51.87
4,25.22,60.19,3.25,80.08,0,0,0.00,0.018316,0.000000,46.43
5,25.89,68.84,14.99,61.83,0,0,0.00,0.105399,0.000000,51.57
6,26.10,74.72,7.64,24.69,0,0,0.00,0.367879,0.000000,64.92
7,23.12,48.62,11.63,46.93,0,0,7.44,0.778801,0.000000,75.82
8,25.54,65.03,8.07,84.79,0,0,7.82,1.000000,0.000000,80.65
9,24.09,63.91,4.98,56.89,0,0,17.90,0.778801,0.000000,78.42
10,25.03,76.82,12.81,19.08,0,0,33.25,0.367879,0.000000,57.59
11,25.41,74.48,20.82,30.61,0,0,33.23,0.105399,0.000000,54.08
12,23.96,53.47,15.50,62.58,0,0,23.34,0.018316,0.000005,56.17
13,24.71,56.98,12.96,17.79,0,0,37.52,0.001930,0.000123,43.55
14,24.06,66.53,19.31,82.59,0,0,14.21,0.000123,0.001930,55.69
15,25.04,58.70,11.32,15.23,0,0,28.09,0.000005,0.018316,52.29
16,22.99,44.32,20.69,71.66,0,0,10.10,0.000000,0.105399,53.61
17,23.38,75.40,13.27,53.76,0,0,6.83,0.000000,0.367879,72.53
18,23.56,58.45,9.73,50.27,0,0,0.00,0.000000,0.778801,87.09
19,24.38,50.83,17.06,51.88,0,0,0.00,0.000000,1.000000,95.52
20,25.17,54.42,17.08,77.16,0,0,0.00,0.000000,0.778801,83.72
21,23.86,47.94,4.50,15.49,0,0,0.00,0.000000,0.367879,59.41
22,24.10,61.88,17.59,22.44,0,0,0.00,0.000000,0.105399,54.63
23,24.53,50.73,20.98,86.68,0,0,0.00,0.000000,0.018316,57.50
0,23.64,53.14,8.56,35.33,0,0,0.00,0.000000,0.000000,53.00
1,25.10,45.99,6.17,54.36,0,0,0.00,0.000005,0.000000,49.73
2,24.07,71.02,6.47,17.06,0,0,0.00,0.000123,0.000000,45.74
3,25.39,68.16,8.90,39.25,0,0,0.00,0.001930,0.000000,45.23
4,23.63,55.78,15.16,36.83,0,0,0.00,0.018316,0.000000,52.92
5,24.26,44.15,18.54,41.67,0,0,0.00,0.105399,0.000000,56.24
6,25.19,69.31,12.64,89.34,0,0,0.00,0.367879,0.000000,64.01
7,26.29,66.56,17.40,56.82,0,0,6.56,0.778801,0.000000,75.43
8,24.46,63.86,10.47,70.47,0,0,10.30,1.000000,0.000000,83.32
9,23.61,58.00,12.97,84.18,0,0,11.22,0.778801,0.000000,79.79
10,25.63,48.61,14.93,89.88,0,0,12.03,0.367879,0.000000,63.83
11,23.74,59.25,11.77,30.29,0,0,33.34,0.105399,0.000000,53.96
12,25.23,73.31,3.85,28.55,0,0,35.12,0.018316,0.000005,49.09
13,23.72,49.86,7.40,72.29,0,0,19.30,0.001930,0.000123,51.97
14,26.75,52.80,7.96,92.56,0,0,11.22,0.000123,0.001930,53.57
15,25.05,59.47,10.60,38.54,0,0,22.39,0.000005,0.018316,53.56
16,25.72,56.74,16.70,35.14,0,0,16.42,0.000000,0.105399,56.61
17,24.85,46.39,15.70,57.00,0,0,6.54,0.000000,0.367879,69.35
18,23.31,48.15,3.35,63.44,0,0,0.00,0.000000,0.778801,81.25
19,24.29,62.49,13.91,47.15,0,0,0.00,0.000000,1.000000,98.25
20,23.50,50.76,12.79,78.42,0,0,0.00,0.000000,0.778801,86.02
21,24.34,56.82,5.95,71.99,0,0,0.00,0.000000,0.367879,64.57
22,24.54,44.37,12.15,81.95,0,0,0.00,0.000000,0.105399,50.64
23,25.05,67.13,16.59,87.86,0,0,0.00,0.000000,0.018316,56.02
0,24.86,56.47,9.08,28.50,0,0,0.00,0.000000,0.000000,51.63
1,26.63,73.60,7.73,36.98,0,0,0.00,0.000005,0.000000,51.65
2,26.47,70.56,12.07,45.59,0,0,0.00,0.000123,0.000000,52.25
3,26.75,45.04,14.88,84.92,0,0,0.00,0.001930,0.000000,46.01
4,24.71,46.15,3.78,21.82,0,0,0.00,0.018316,0.000000,50.57
5,23.40,50.30,8.48,78.69,0,0,0.00,0.105399,0.000000,57.67
6,24.96,51.87,15.70,49.34,0,0,0.00,0.367879,0.000000,56.11
7,24.97,62.95,8.72,34.72,0,0,8.54,0.778801,0.000000,76.89
8,26.71,54.16,11.28,93.45,0,0,6.33,1.000000,0.000000,86.37
9,26.19,48.63,3.86,25.66,0,0,25.54,0.778801,0.000000,67.17
10,23.20,73.27,18.40,91.22,0,0,11.63,0.367879,0.000000,65.76
11,24.26,52.31,6.77,64.83,0,0,21.79,0.105399,0.000000,48.13
12,25.13,51.29,11.63,38.56,0,0,31.65,0.018316,0.000005,47.05
13,23.51,71.28,13.21,53.07,0,0,25.72,0.001930,0.000123,48.31
14,25.76,50.08,4.96,94.94,0,0,10.51,0.000123,0.001930,53.53
15,24.17,61.59,9.73,78.75,0,0,12.54,0.000005,0.018316,55.40
16,25.67,66.38,5.16,24.25,0,0,18.30,0.000000,0.105399,49.47
17,26.65,78.44,20.14,74.00,0,0,5.02,0.000000,0.367879,67.04
18,26.87,65.84,18.70,61.21,0,0,0.00,0.000000,0.778801,87.83
19,23.05,71.55,6.03,72.59,0,0,0.00,0.000000,1.000000,97.28
20,24.39,56.51,7.04,93.04,0,0,0.00,0.000000,0.778801,88.34
21,25.79,46.93,18.32,53.13,0,0,0.00,0.000000,0.367879,62.51
22,26.61,54.98,13.23,18.74,0,0,0.00,0.000000,0.105399,52.73
23,25.93,46.76,18.33,70.04,0,0,0.00,0.000000,0.018316,45.86
0,24.38,79.60,19.22,79.24,0,0,0.00,0.000000,0.000000,54.22
1,23.11,47.50,5.30,79.41,0,0,0.00,0.000005,0.000000,51.85
2,25.09,72.96,3.45,26.28,0,0,0.00,0.000123,0.000000,48.82
3,23.45,77.80,9.91,81.64,0,0,0.00,0.001930,0.000000,58.67
4,23.25,72.69,3.68,39.45,0,0,0.00,0.018316,0.000000,51.29
5,26.47,73.38,5.74,93.70,0,0,0.00,0.105399,0.000000,53.94
6,26.23,65.37,10.95,16.93,0,0,0.00,0.367879,0.000000,63.57
7,26.09,45.26,4.50,34.94,0,0,8.52,0.778801,0.000000,70.57
8,24.70,59.79,11.28,38.46,0,0,15.84,1.000000,0.000000,78.60
9,23.89,45.69,11.71,67.78,0,0,15.23,0.778801,0.000000,78.31
10,22.98,72.62,5.57,15.94,0,0,34.19,0.367879,0.000000,64.45
11,26.28,46.06,3.51,41.45,0,0,29.61,0.105399,0.000000,46.70
12,25.69,74.51,13.36,71.83,0,0,20.13,0.018316,0.000005,54.04
13,24.88,70.64,20.44,90.98,0,0,13.05,0.001930,0.000123,54.20
14,25.78,51.68,13.06,83.31,0,0,14.00,0.000123,0.001930,46.44
15,23.11,59.26,9.32,26.86,0,0,25.25,0.000005,0.018316,51.94
16,26.56,63.35,13.16,46.29,0,0,14.49,0.000000,0.105399,49.09
17,22.85,60.34,12.15,80.52,0,0,4.43,0.000000,0.367879,73.11
18,24.39,53.57,5.80,72.38,0,0,0.00,0.000000,0.778801,87.65
19,24.18,73.69,17.49,90.77,0,0,0.00,0.000000,1.000000,104.19
20,24.96,44.96,11.32,79.33,0,0,0.00,0.000000,0.778801,87.73
21,26.27,69.86,3.46,52.08,0,0,0.00,0.000000,0.367879,69.48
22,26.21,64.02,7.43,35.70,0,0,0.00,0.000000,0.105399,51.14
23,24.96,72.84,7.54,21.99,0,0,0.00,0.000000,0.018316,47.75
0,23.50,53.18,15.57,39.15,1,0,0.00,0.000000,0.000000,56.64
1,23.09,48.65,9.98,66.58,1,0,0.00,0.000005,0.000000,56.96
2,23.69,47.99,19.24,49.38,1,0,0.00,0.000123,0.000000,59.67
3,26.45,73.08,20.35,15.95,1,0,0.00,0.001930,0.000000,61.24
4,26.10,49.09,19.69,66.30,1,0,0.00,0.018316,0.000000,58.66
5,24.23,52.80,8.45,29.56,1,0,0.00,0.105399,0.000000,59.82
6,24.12,63.51,10.44,87.30,1,0,0.00,0.367879,0.000000,72.54
7,25.63,60.79,18.62,20.15,1,0,9.84,0.778801,0.000000,83.57
8,26.27,68.09,7.10,78.12,1,0,8.98,1.000000,0.000000,93.37
9,24.09,66.25,11.15,19.47,1,0,27.05,0.778801,0.000000,79.00
10,23.73,67.47,20.93,36.20,1,0,28.12,0.367879,0.000000,76.42
11,25.13,78.54,5.44,34.21,1,0,32.03,0.105399,0.000000,56.23
12,24.84,49.02,20.98,37.46,1,0,32.03,0.018316,0.000005,59.75
13,26.42,63.54,9.94,80.92,1,0,16.41,0.001930,0.000123,62.78
14,25.96,52.87,15.72,43.16,1,0,26.03,0.000123,0.001930,57.87
15,22.84,71.65,16.58,30.51,1,0,24.35,0.000005,0.018316,64.38
16,26.55,61.46,5.32,66.62,1,0,10.97,0.000000,0.105399,62.70
17,23.63,56.05,19.66,39.34,1,0,8.12,0.000000,0.367879,80.44
18,23.87,50.17,16.71,46.51,1,0,0.00,0.000000,0.778801,90.08
19,26.12,51.52,20.44,21.89,1,0,0.00,0.000000,1.000000,105.57
20,26.32,72.22,7.82,68.07,1,0,0.00,0.000000,0.778801,97.09
21,23.11,52.49,5.16,73.17,1,0,0.00,0.000000,0.367879,71.26
22,24.05,74.21,15.95,81.55,1,0,0.00,0.000000,0.105399,72.86
23,24.74,60.98,16.29,22.44,1,0,0.00,0.000000,0.018316,55.23
0,25.14,57.09,8.04,53.03,1,0,0.00,0.000000,0.000000,57.71
1,23.37,53.38,20.77,79.94,1,0,0.00,0.000005,0.000000,60.64
2,26.42,71.30,7.04,92.28,1,0,0.00,0.000123,0.000000,57.69
3,25.72,47.96,13.64,67.80,1,0,0.00,0.001930,0.000000,59.15
4,24.44,48.97,6.71,79.09,1,0,0.00,0.018316,0.000000,59.01
5,23.40,64.58,13.51,52.34,1,0,0.00,0.105399,0.000000,63.30
6,23.26,74.12,7.82,80.37,1,0,0.00,0.367879,0.000000,71.38
7,26.13,50.90,12.55,81.21,1,0,4.37,0.778801,0.000000,77.31
8,24.38,46.33,8.63,78.40,1,0,8.93,1.000000,0.000000,89.51
9,25.66,51.29,5.75,20.71,1,0,26.75,0.778801,0.000000,79.41
10,25.47,60.79,6.05,82.69,1,0,14.18,0.367879,0.000000,68.70
11,24.55,64.01,18.68,31.41,1,0,32.96,0.105399,0.000000,57.38
12,25.43,75.18,3.98,37.31,1,0,32.09,0.018316,0.000005,54.39
13,26.63,51.77,9.68,58.04,1,0,24.06,0.001930,0.000123,50.42
14,25.89,67.97,16.14,48.56,1,0,24.41,0.000123,0.001930,54.83
15,25.94,75.92,5.68,48.84,1,0,19.87,0.000005,0.018316,59.41
16,24.60,58.50,3.57,49.06,1,0,14.01,0.000000,0.105399,65.65
17,25.25,66.19,20.32,63.80,1,0,5.93,0.000000,0.367879,82.18
18,25.57,72.23,7.70,28.05,1,0,0.00,0.000000,0.778801,90.22
19,26.32,63.89,12.03,26.21,1,0,0.00,0.000000,1.000000,100.18
20,23.39,56.33,7.82,20.51,1,0,0.00,0.000000,0.778801,90.58
21,24.75,65.74,6.36,22.94,1,0,0.00,0.000000,0.367879,69.77
22,26.50,63.51,11.00,62.52,1,0,0.00,0.000000,0.105399,62.80
23,25.70,58.92,5.75,89.85,1,0,0.00,0.000000,0.018316,54.51
0,25.03,44.46,10.01,34.31,0,0,0.00,0.000000,0.000000,47.54
1,24.60,79.66,20.66,16.07,0,0,0.00,0.000005,0.000000,49.68
2,22.99,59.10,7.01,68.70,0,0,0.00,0.000123,0.000000,53.69
3,26.18,46.11,19.06,67.95,0,0,0.00,0.001930,0.000000,45.79
4,24.33,64.80,12.48,67.66,0,0,0.00,0.018316,0.000000,53.92
5,24.22,74.92,16.59,77.35,0,0,0.00,0.105399,0.000000,58.22
6,25.31,67.68,6.16,27.49,0,0,0.00,0.367879,0.000000,56.16
7,25.46,49.49,15.52,22.05,0,0,9.67,0.778801,0.000000,74.55
8,25.03,77.57,3.53,29.05,0,0,17.47,1.000000,0.000000,81.12
9,24.45,72.62,5.09,16.15,0,0,27.87,0.778801,0.000000,75.57
10,25.27,58.18,4.50,88.87,0,0,12.33,0.367879,0.000000,64.46
11,24.36,75.83,18.71,87.94,0,0,14.06,0.105399,0.000000,54.88
12,26.56,78.31,8.54,54.02,0,0,26.30,0.018316,0.000005,46.52
13,23.22,53.65,3.72,58.74,0,0,23.82,0.001930,0.000123,50.08
14,23.85,68.67,14.45,63.96,0,0,19.80,0.000123,0.001930,48.98
15,25.08,68.43,9.91,52.30,0,0,19.02,0.000005,0.018316,50.04
16,25.21,79.75,10.02,61.44,0,0,11.87,0.000000,0.105399,58.47
17,25.27,79.61,7.35,66.46,0,0,5.69,0.000000,0.367879,67.46
18,24.62,60.26,11.67,35.68,0,0,0.00,0.000000,0.778801,87.08
19,24.72,67.57,6.84,71.30,0,0,0.00,0.000000,1.000000,101.25
20,24.90,71.71,3.35,71.32,0,0,0.00,0.000000,0.778801,91.49
21,23.76,55.71,17.02,66.26,0,0,0.00,0.000000,0.367879,70.12
22,26.50,65.22,4.38,79.11,0,0,0.00,0.000000,0.105399,53.08
23,26.38,62.57,20.10,37.34,0,0,0.00,0.000000,0.018316,51.69
0,25.16,44.92,9.63,85.57,0,0,0.00,0.000000,0.000000,49.90
1,24.32,47.45,5.49,50.26,0,0,0.00,0.000005,0.000000,45.74
2,26.00,72.09,3.65,62.95,0,0,0.00,0.000123,0.000000,50.74
3,22.81,74.09,20.12,80.30,0,0,0.00,0.001930,0.000000,52.77
4,23.54,66.01,15.59,32.92,0,0,0.00,0.018316,0.000000,51.94
5,23.29,56.01,8.93,60.26,0,0,0.00,0.105399,0.000000,58.48
6,24.69,71.25,19.87,43.16,0,0,0.00,0.367879,0.000000,63.74
7,24.87,77.77,16.35,69.50,0,0,5.42,0.778801,0.000000,76.93
8,25.42,75.60,12.91,59.13,0,0,12.27,1.000000,0.000000,79.17
9,24.00,74.02,16.45,73.65,0,0,13.79,0.778801,0.000000,82.46
10,25.37,45.57,17.02,20.17,0,0,32.92,0.367879,0.000000,57.52
11,23.32,73.58,12.64,82.57,0,0,15.86,0.105399,0.000000,58.00
12,25.13,62.60,7.93,23.96,0,0,36.70,0.018316,0.000005,44.10
13,25.73,64.60,17.83,26.85,0,0,34.49,0.001930,0.000123,53.52
14,23.27,59.63,13.02,90.84,0,0,11.74,0.000123,0.001930,51.73
15,22.78,74.26,3.33,67.55,0,0,15.29,0.000005,0.018316,57.62
16,25.31,52.79,3.05,46.00,0,0,14.54,0.000000,0.105399,50.19
17,23.01,55.46,16.15,92.63,0,0,3.35,0.000000,0.367879,65.99
18,25.86,70.19,14.62,46.40,0,0,0.00,0.000000,0.778801,91.13
19,26.31,47.06,17.10,64.43,0,0,0.00,0.000000,1.000000,92.23
20,23.76,78.75,9.84,36.54,0,0,0.00,0.000000,0.778801,83.79
21,23.25,44.88,14.60,67.43,0,0,0.00,0.000000,0.367879,67.86
22,24.82,61.28,20.14,47.74,0,0,0.00,0.000000,0.105399,60.96
23,22.93,68.15,4.13,52.44,0,0,0.00,0.000000,0.018316,54.59
0,25.43,55.14,14.22,23.99,0,0,0.00,0.000000,0.000000,51.14
1,23.16,73.41,9.36,25.11,0,0,0.00,0.000005,0.000000,46.60
2,24.56,72.73,3.65,29.13,0,0,0.00,0.000123,0.000000,49.88
3,23.07,58.03,14.59,29.18,0,0,0.00,0.001930,0.000000,51.16
4,26.58,68.44,16.53,49.82,0,0,0.00,0.018316,0.000000,50.28
5,25.69,68.05,6.67,93.19,0,0,0.00,0.105399,0.000000,58.18
6,24.57,59.45,14.77,61.75,0,0,0.00,0.367879,0.000000,60.98
7,24.23,59.21,4.91,68.11,0,0,5.55,0.778801,0.000000,75.66
8,26.40,51.27,4.08,37.44,0,0,16.02,1.000000,0.000000,79.73
9,23.51,46.72,15.04,27.95,0,0,24.98,0.778801,0.000000,69.47
10,25.59,68.21,10.75,88.23,0,0,12.52,0.367879,0.000000,62.69
11,25.31,46.44,17.06,40.33,0,0,29.98,0.105399,0.000000,47.62
12,23.64,52.26,5.95,55.23,0,0,25.88,0.018316,0.000005,48.15
13,25.34,55.91,3.74,84.66,0,0,15.16,0.001930,0.000123,49.99
14,23.54,75.35,13.92,19.45,0,0,33.14,0.000123,0.001930,49.06
15,26.48,68.93,4.13,67.23,0,0,15.37,0.000005,0.018316,46.77
16,23.44,53.48,6.40,54.90,0,0,13.00,0.000000,0.105399,56.41
17,25.24,51.22,3.42,59.01,0,0,6.36,0.000000,0.367879,59.33
18,22.96,62.08,4.31,84.86,0,0,0.00,0.000000,0.778801,88.46
19,23.10,56.76,20.40,69.92,0,0,0.00,0.000000,1.000000,95.74
20,25.58,60.76,20.03,26.60,0,0,0.00,0.000000,0.778801,85.88
21,24.41,47.74,7.16,36.26,0,0,0.00,0.000000,0.367879,58.89
22,23.60,48.90,5.41,67.54,0,0,0.00,0.000000,0.105399,54.54
23,23.93,72.79,4.43,82.02,0,0,0.00,0.000000,0.018316,52.15
0,25.58,48.58,5.77,91.79,0,0,0.00,0.000000,0.000000,51.33
1,24.25,47.86,18.63,84.13,0,0,0.00,0.000005,0.000000,51.44
2,26.16,71.66,15.87,75.34,0,0,0.00,0.000123,0.000000,48.64
3,24.56,72.49,8.10,51.79,0,0,0.00,0.001930,0.000000,53.64
4,26.04,70.92,3.93,75.34,0,0,0.00,0.018316,0.000000,51.41
5,26.28,55.60,4.85,65.80,0,0,0.00,0.105399,0.000000,48.90
6,25.12,54.88,20.28,79.21,0,0,0.00,0.367879,0.000000,66.44
7,24.59,78.83,19.18,40.02,0,0,8.06,0.778801,0.000000,80.94
8,23.17,66.01,20.48,38.02,0,0,15.92,1.000000,0.000000,85.31
9,23.00,63.05,19.01,49.22,0,0,19.77,0.778801,0.000000,77.69
10,23.91,50.85,10.59,30.09,0,0,29.95,0.367879,0.000000,59.75
11,24.71,68.77,5.57,59.87,0,0,23.45,0.105399,0.000000,53.93
12,24.25,79.91,15.52,70.56,0,0,20.58,0.018316,0.000005,59.37
13,25.97,47.80,7.96,49.02,0,0,27.08,0.001930,0.000123,48.52
14,22.92,62.17,8.43,65.56,0,0,19.32,0.000123,0.001930,51.56
15,22.76,64.40,3.52,24.87,0,0,25.73,0.000005,0.018316,47.36
16,23.23,59.27,15.50,70.69,0,0,10.27,0.000000,0.105399,57.95
17,25.17,65.26,10.98,17.25,0,0,10.10,0.000000,0.367879,69.70
18,25.85,78.07,10.95,17.51,0,0,0.00,0.000000,0.778801,89.07
19,23.23,67.30,5.10,51.44,0,0,0.00,0.000000,1.000000,97.73
20,23.47,64.08,12.86,84.25,0,0,0.00,0.000000,0.778801,87.37
21,23.38,60.57,3.06,59.15,0,0,0.00,0.000000,0.367879,70.69
22,24.01,64.38,3.30,92.04,0,0,0.00,0.000000,0.105399,57.69
23,24.35,59.22,16.22,22.07,0,0,0.00,0.000000,0.018316,54.79
0,25.38,68.55,5.63,51.73,0,0,0.00,0.000000,0.000000,46.64
1,25.99,77.90,8.64,70.31,0,0,0.00,0.000005,0.000000,53.22
2,22.80,51.43,5.49,52.92,0,0,0.00,0.000123,0.000000,45.57
3,23.87,49.52,13.43,55.45,0,0,0.00,0.001930,0.000000,53.58
4,26.10,75.26,11.93,61.44,0,0,0.00,0.018316,0.000000,52.00
5,24.29,78.10,17.97,91.39,0,0,0.00,0.105399,0.000000,59.02
6,24.00,77.64,17.70,19.80,0,0,0.00,0.367879,0.000000,60.30
7,25.90,50.67,17.95,29.82,0,0,8.98,0.778801,0.000000,74.25
8,26.15,52.55,6.67,70.56,0,0,10.29,1.000000,0.000000,80.54
9,25.84,60.37,16.88,56.63,0,0,17.96,0.778801,0.000000,76.02
10,25.35,79.23,20.72,92.42,0,0,11.26,0.367879,0.000000,68.82
11,23.05,52.02,5.91,85.75,0,0,14.79,0.105399,0.000000,54.33
12,25.09,78.23,20.41,75.35,0,0,18.92,0.018316,0.000005,54.07
13,24.60,76.75,13.28,32.48,0,0,32.61,0.001930,0.000123,47.41
14,25.85,77.69,12.76,32.13,0,0,29.34,0.000123,0.001930,47.19
15,22.92,71.32,8.39,54.71,0,0,18.43,0.000005,0.018316,53.33
16,23.01,73.69,14.84,51.73,0,0,13.55,0.000000,0.105399,57.37
17,22.65,61.44,20.17,62.58,0,0,6.04,0.000000,0.367879,70.86
18,24.23,53.59,14.11,91.85,0,0,0.00,0.000000,0.778801,89.79
19,23.38,48.17,3.34,19.42,0,0,0.00,0.000000,1.000000,94.56
20,23.10,69.50,17.62,47.53,0,0,0.00,0.000000,0.778801,86.27
21,25.29,53.50,13.39,35.22,0,0,0.00,0.000000,0.367879,69.08
22,24.31,56.18,12.03,25.87,0,0,0.00,0.000000,0.105399,53.26
23,22.89,72.74,15.77,72.60,0,0,0.00,0.000000,0.018316,58.87
0,23.08,44.46,14.25,27.59,1,0,0.00,0.000000,0.000000,58.12
1,23.99,68.89,12.98,89.76,1,0,0.00,0.000005,0.000000,58.85
2,25.34,63.46,20.27,50.64,1,0,0.00,0.000123,0.000000,63.36
3,24.79,48.11,19.40,80.01,1,0,0.00,0.001930,0.000000,60.00
4,24.36,45.30,16.56,53.04,1,0,0.00,0.018316,0.000000,54.36
5,23.17,74.70,9.29,18.00,1,0,0.00,0.105399,0.000000,62.35
6,25.10,52.24,18.68,27.80,1,0,0.00,0.367879,0.000000,68.91
7,24.10,53.51,11.18,34.33,1,0,8.57,0.778801,0.000000,80.65
8,24.23,79.02,12.51,35.95,1,0,16.28,1.000000,0.000000,94.48
9,26.42,59.26,17.82,56.99,1,0,17.87,0.778801,0.000000,79.52
10,23.10,62.75,10.21,40.77,1,0,26.75,0.367879,0.000000,66.40
11,24.93,56.81,4.74,85.86,1,0,14.76,0.105399,0.000000,60.94
12,22.81,70.87,10.06,90.61,1,0,13.64,0.018316,0.000005,59.94
13,24.89,57.04,10.87,49.33,1,0,26.97,0.001930,0.000123,59.92
14,26.41,51.33,5.83,36.05,1,0,28.16,0.000123,0.001930,55.09
15,23.70,45.52,17.42,76.53,1,0,13.09,0.000005,0.018316,59.99
16,23.78,46.16,14.48,42.73,1,0,15.11,0.000000,0.105399,63.36
17,25.62,68.07,18.90,47.36,1,0,7.40,0.000000,0.367879,77.91
18,23.55,53.84,3.71,60.62,1,0,0.00,0.000000,0.778801,95.54
19,24.42,70.60,3.65,23.33,1,0,0.00,0.000000,1.000000,105.80
20,26.04,54.91,17.15,37.75,1,0,0.00,0.000000,0.778801,92.18
21,23.64,72.80,14.89,17.38,1,0,0.00,0.000000,0.367879,73.10
22,26.07,75.28,16.01,86.51,1,0,0.00,0.000000,0.105399,68.47
23,26.45,66.52,16.53,57.41,1,0,0.00,0.000000,0.018316,63.87
0,24.05,51.34,6.11,49.60,1,0,0.00,0.000000,0.000000,53.10
1,26.26,64.09,9.39,80.24,1,0,0.00,0.000005,0.000000,56.63
2,26.13,66.22,20.87,33.95,1,0,0.00,0.000123,0.000000,61.81
3,25.67,75.73,19.36,25.16,1,0,0.00,0.001930,0.000000,55.09
4,23.89,57.39,13.40,30.98,1,0,0.00,0.018316,0.000000,56.47
5,23.65,63.27,14.61,24.49,1,0,0.00,0.105399,0.000000,65.55
6,23.53,67.61,9.74,64.25,1,0,0.00,0.367879,0.000000,70.15
7,23.34,74.91,15.88,17.51,1,0,10.08,0.778801,0.000000,79.36
8,26.14,48.17,20.45,66.68,1,0,10.96,1.000000,0.000000,91.25
9,23.10,59.97,8.36,48.34,1,0,19.99,0.778801,0.000000,83.11
10,23.85,74.48,16.75,33.72,1,0,28.86,0.367879,0.000000,70.14
11,25.16,49.35,20.03,73.66,1,0,18.84,0.105399,0.000000,64.25
12,25.37,50.57,15.56,70.91,1,0,20.45,0.018316,0.000005,55.74
13,23.97,76.55,15.00,66.73,1,0,21.15,0.001930,0.000123,62.04
14,24.06,78.14,3.24,59.87,1,0,21.02,0.000123,0.001930,58.89
15,23.34,70.74,20.97,45.52,1,0,20.68,0.000005,0.018316,64.74
16,23.40,54.96,15.77,30.15,1,0,17.28,0.000000,0.105399,58.16
17,24.84,63.08,11.32,59.72,1,0,6.30,0.000000,0.367879,75.93
18,25.02,71.46,15.13,91.07,1,0,0.00,0.000000,0.778801,101.28
19,26.28,70.64,13.26,69.07,1,0,0.00,0.000000,1.000000,104.62
20,23.26,69.17,14.14,52.47,1,0,0.00,0.000000,0.778801,95.25
21,24.86,57.45,17.56,38.42,1,0,0.00,0.000000,0.367879,79.25
22,24.67,62.75,9.25,71.00,1,0,0.00,0.000000,0.105399,68.48
23,25.95,55.06,4.77,29.01,1,0,0.00,0.000000,0.018316,56.43
0,23.74,76.65,15.75,64.93,0,0,0.00,0.000000,0.000000,57.65
1,25.73,46.64,18.34,64.82,0,0,0.00,0.000005,0.000000,52.84
2,25.88,44.75,9.38,69.17,0,0,0.00,0.000123,0.000000,46.73
3,26.07,74.26,9.34,22.78,0,0,0.00,0.001930,0.000000,44.69
4,23.56,65.99,6.30,59.98,0,0,0.00,0.018316,0.000000,53.25
5,26.13,53.79,10.82,61.63,0,0,0.00,0.105399,0.000000,48.95
6,22.87,54.49,15.01,88.62,0,0,0.00,0.367879,0.000000,63.68
7,23.53,63.41,17.75,90.28,0,0,3.56,0.778801,0.000000,76.32
8,24.16,55.92,7.90,52.33,0,0,13.44,1.000000,0.000000,75.67
9,24.48,49.03,13.86,48.51,0,0,19.95,0.778801,0.000000,77.57
10,25.45,72.33,8.56,82.18,0,0,14.34,0.367879,0.000000,66.17
11,23.11,73.98,17.01,55.64,0,0,24.86,0.105399,0.000000,53.06
12,23.10,48.59,20.72,47.40,0,0,28.59,0.018316,0.000005,47.13
13,24.56,46.81,20.44,20.78,0,0,36.52,0.001930,0.000123,44.56
14,23.63,57.91,15.31,88.51,0,0,12.44,0.000123,0.001930,49.88
15,24.84,57.63,6.49,27.08,0,0,25.19,0.000005,0.018316,50.17
16,24.97,69.58,14.04,22.72,0,0,18.57,0.000000,0.105399,54.76
17,25.82,77.44,6.12,67.11,0,0,5.63,0.000000,0.367879,68.86
18,26.07,69.55,12.46,19.11,0,0,0.00,0.000000,0.778801,80.09
19,26.17,64.58,17.94,41.27,0,0,0.00,0.000000,1.000000,91.11
20,22.95,65.32,8.66,23.42,0,0,0.00,0.000000,0.778801,87.01
21,26.17,53.95,20.91,62.11,0,0,0.00,0.000000,0.367879,66.80
22,24.00,62.59,10.73,87.64,0,0,0.00,0.000000,0.105399,61.53
23,23.31,71.91,6.95,78.42,0,0,0.00,0.000000,0.018316,57.23
0,24.83,50.23,8.88,93.15,0,0,0.00,0.000000,0.000000,47.51
1,25.86,67.68,18.17,50.41,0,0,0.00,0.000005,0.000000,55.55
2,24.74,51.31,5.95,92.74,0,0,0.00,0.000123,0.000000,48.78
3,24.69,70.08,9.80,94.28,0,0,0.00,0.001930,0.000000,57.28
4,22.53,76.59,15.16,21.63,0,0,0.00,0.018316,0.000000,48.98
5,26.18,71.80,14.94,58.22,0,0,0.00,0.105399,0.000000,58.03
6,24.66,67.98,6.95,25.59,0,0,0.00,0.367879,0.000000,55.75
7,23.11,73.04,10.34,55.35,0,0,6.69,0.778801,0.000000,81.75
8,24.06,77.09,10.77,30.06,0,0,17.30,1.000000,0.000000,79.08
9,24.78,44.28,12.51,88.73,0,0,10.10,0.778801,0.000000,76.67
10,22.75,45.53,8.33,93.55,0,0,10.93,0.367879,0.000000,62.61
11,24.44,50.09,9.89,63.59,0,0,22.21,0.105399,0.000000,47.85
12,26.05,71.35,18.31,15.71,0,0,39.56,0.018316,0.000005,52.30
13,24.30,75.32,10.37,37.64,0,0,30.88,0.001930,0.000123,48.12
14,23.59,47.50,15.24,30.96,0,0,29.69,0.000123,0.001930,46.43
15,22.48,75.00,5.62,36.73,0,0,22.83,0.000005,0.018316,47.60
16,23.57,48.18,20.59,36.89,0,0,16.12,0.000000,0.105399,59.30
17,26.07,48.89,19.44,84.93,0,0,4.04,0.000000,0.367879,69.79
18,24.92,53.81,15.89,68.58,0,0,0.00,0.000000,0.778801,84.92
19,23.89,60.51,19.55,30.69,0,0,0.00,0.000000,1.000000,94.50
20,24.61,68.90,12.70,19.53,0,0,0.00,0.000000,0.778801,86.73
21,22.64,73.34,20.82,59.31,0,0,0.00,0.000000,0.367879,72.24
22,23.52,67.81,17.97,32.73,0,0,0.00,0.000000,0.105399,56.45
23,25.73,75.70,18.65,70.03,0,0,0.00,0.000000,0.018316,52.24
0,24.70,65.66,6.71,46.74,0,0,0.00,0.000000,0.000000,47.72
1,23.73,52.82,18.89,51.42,0,0,0.00,0.000005,0.000000,52.47
2,25.73,59.39,17.49,25.40,0,0,0.00,0.000123,0.000000,47.49
3,24.47,56.41,3.03,52.97,0,0,0.00,0.001930,0.000000,48.10
4,23.12,77.82,12.94,52.36,0,0,0.00,0.018316,0.000000,52.56
5,23.48,76.28,17.91,92.15,0,0,0.00,0.105399,0.000000,62.07
6,26.12,59.41,7.40,76.74,0,0,0.00,0.367879,0.000000,62.21
7,25.05,68.07,3.90,77.08,0,0,4.74,0.778801,0.000000,80.09
8,25.24,58.51,8.12,80.06,0,0,8.64,1.000000,0.000000,78.93
9,24.62,69.95,8.04,92.25,0,0,9.24,0.778801,0.000000,77.17
10,25.72,46.35,11.41,20.95,0,0,32.69,0.367879,0.000000,58.88
11,25.93,57.25,7.08,31.93,0,0,32.79,0.105399,0.000000,53.99
12,23.45,48.32,13.39,48.98,0,0,28.05,0.018316,0.000005,54.68
13,22.33,48.10,15.05,59.57,0,0,23.55,0.001930,0.000123,48.15
14,24.52,66.45,7.46,67.03,0,0,18.88,0.000123,0.001930,49.45
15,23.60,53.29,20.89,44.90,0,0,20.83,0.000005,0.018316,55.40
16,23.15,46.37,13.64,67.29,0,0,10.85,0.000000,0.105399,55.76
17,25.55,73.79,20.39,70.09,0,0,5.37,0.000000,0.367879,69.67
18,25.43,66.07,5.17,75.48,0,0,0.00,0.000000,0.778801,89.63
19,22.55,62.23,7.15,26.51,0,0,0.00,0.000000,1.000000,99.62
20,23.30,69.65,11.89,34.88,0,0,0.00,0.000000,0.778801,89.05
21,23.52,58.56,13.00,49.03,0,0,0.00,0.000000,0.367879,63.17
22,25.45,75.80,6.73,52.29,0,0,0.00,0.000000,0.105399,53.29
23,23.26,56.39,11.13,21.42,0,0,0.00,0.000000,0.018316,54.56
0,25.08,72.71,13.33,16.48,0,0,0.00,0.000000,0.000000,52.79
1,26.12,78.83,6.63,78.29,0,0,0.00,0.000005,0.000000,51.17
2,22.31,62.87,16.61,71.45,0,0,0.00,0.000123,0.000000,56.21
3,25.02,75.99,20.18,51.37,0,0,0.00,0.001930,0.000000,55.98
4,23.83,56.94,7.76,86.38,0,0,0.00,0.018316,0.000000,51.12
5,23.82,59.69,4.90,46.51,0,0,0.00,0.105399,0.000000,52.94
6,22.18,73.39,18.51,17.24,0,0,0.00,0.367879,0.000000,69.29
7,22.17,71.99,3.81,76.33,0,0,4.81,0.778801,0.000000,78.50
8,23.22,59.19,5.94,46.02,0,0,14.54,1.000000,0.000000,81.84
9,24.94,62.17,8.98,37.89,0,0,22.55,0.778801,0.000000,74.47
10,25.84,71.04,3.99,37.46,0,0,27.74,0.367879,0.000000,62.51
11,23.69,64.53,16.08,80.13,0,0,16.67,0.105399,0.000000,58.57
12,25.63,79.16,9.77,75.80,0,0,18.76,0.018316,0.000005,52.21
13,23.11,78.49,5.02,76.12,0,0,18.02,0.001930,0.000123,58.79
14,25.85,75.75,16.04,59.05,0,0,21.27,0.000123,0.001930,56.83
15,25.62,48.36,11.99,66.78,0,0,15.47,0.000005,0.018316,53.31
16,23.72,49.28,16.54,42.21,0,0,15.19,0.000000,0.105399,52.29
17,22.34,49.36,17.27,19.66,0,0,9.89,0.000000,0.367879,64.02
18,22.27,62.95,13.27,17.11,0,0,0.00,0.000000,0.778801,83.08
19,24.41,57.35,5.76,93.71,0,0,0.00,0.000000,1.000000,97.72
20,24.25,68.39,18.39,81.63,0,0,0.00,0.000000,0.778801,88.52
21,25.88,69.95,11.10,24.56,0,0,0.00,0.000000,0.367879,63.48
22,22.28,64.86,12.81,68.75,0,0,0.00,0.000000,0.105399,57.99
23,25.50,53.71,15.56,88.25,0,0,0.00,0.000000,0.018316,52.90
0,23.98,49.18,16.24,62.00,0,0,0.00,0.000000,0.000000,55.36
1,23.08,76.50,10.60,91.14,0,0,0.00,0.000005,0.000000,51.85
2,22.24,60.55,20.55,82.94,0,0,0.00,0.000123,0.000000,58.13
3,22.26,71.89,17.84,93.56,0,0,0.00,0.001930,0.000000,60.80
4,22.67,62.36,18.06,23.66,0,0,0.00,0.018316,0.000000,47.12
5,22.46,78.25,8.32,30.70,0,0,0.00,0.105399,0.000000,52.01
6,23.71,78.18,18.04,37.62,0,0,0.00,0.367879,0.000000,66.52
7,25.62,48.74,12.65,90.26,0,0,3.56,0.778801,0.000000,79.61
8,22.24,77.92,14.08,40.58,0,0,15.48,1.000000,0.000000,81.89
9,22.23,64.58,4.59,88.66,0,0,10.12,0.778801,0.000000,78.41
10,22.68,78.05,9.50,15.32,0,0,34.38,0.367879,0.000000,62.72
11,24.48,76.15,17.98,79.98,0,0,16.72,0.105399,0.000000,58.39
12,23.97,44.14,15.59,43.17,0,0,30.06,0.018316,0.000005,49.49
13,25.55,58.21,14.94,80.11,0,0,16.68,0.001930,0.000123,47.63
14,22.87,58.02,11.25,28.60,0,0,30.40,0.000123,0.001930,51.67
15,24.33,57.40,13.82,17.19,0,0,27.61,0.000005,0.018316,48.86
16,22.77,66.77,15.00,84.08,0,0,7.95,0.000000,0.105399,60.45
17,25.68,74.11,14.32,34.37,0,0,8.57,0.000000,0.367879,71.44
18,22.24,75.86,14.10,86.38,0,0,0.00,0.000000,0.778801,93.36
19,26.09,61.67,4.77,75.38,0,0,0.00,0.000000,1.000000,93.63
20,23.62,63.20,16.78,28.04,0,0,0.00,0.000000,0.778801,90.39
21,25.38,77.10,7.43,84.53,0,0,0.00,0.000000,0.367879,72.44
22,24.51,72.07,7.98,52.71,0,0,0.00,0.000000,0.105399,51.43
23,25.71,51.95,14.82,74.05,0,0,0.00,0.000000,0.018316,48.62
0,25.87,75.84,5.97,67.19,1,0,0.00,0.000000,0.000000,57.65
1,22.58,75.92,4.86,78.30,1,0,0.00,0.000005,0.000000,60.19
2,23.75,69.78,18.34,68.89,1,0,0.00,0.000123,0.000000,57.87
3,23.34,46.64,12.36,32.55,1,0,0.00,0.001930,0.000000,52.99
4,22.69,61.66,13.00,42.94,1,0,0.00,0.018316,0.000000,59.10
5,24.74,68.51,13.43,46.50,1,0,0.00,0.105399,0.000000,58.48
6,23.98,77.25,18.59,90.46,1,0,0.00,0.367879,0.000000,73.67
7,24.68,56.24,19.92,77.25,1,0,4.73,0.778801,0.000000,88.17
8,22.27,72.01,6.21,55.85,1,0,12.83,1.000000,0.000000,95.48
9,24.99,66.34,9.42,45.35,1,0,20.72,0.778801,0.000000,81.62
10,22.79,71.49,19.14,70.16,1,0,17.94,0.367879,0.000000,78.69
11,24.44,45.34,19.62,27.98,1,0,34.11,0.105399,0.000000,60.06
12,25.28,53.79,14.08,64.50,1,0,22.67,0.018316,0.000005,59.78
13,25.29,74.66,12.11,68.81,1,0,20.46,0.001930,0.000123,58.75
14,23.93,54.75,8.26,18.21,1,0,33.51,0.000123,0.001930,57.37
15,25.37,71.27,7.96,50.40,1,0,19.48,0.000005,0.018316,55.75
16,22.99,60.00,19.54,34.89,1,0,16.46,0.000000,0.105399,67.57
17,22.11,58.46,19.16,27.32,1,0,9.20,0.000000,0.367879,80.48
18,25.93,76.17,18.38,70.99,1,0,0.00,0.000000,0.778801,101.09
19,24.91,75.77,17.93,20.11,1,0,0.00,0.000000,1.000000,104.12
20,23.58,46.75,19.19,61.41,1,0,0.00,0.000000,0.778801,97.69
21,24.39,76.85,20.38,49.05,1,0,0.00,0.000000,0.367879,75.22
22,24.67,48.38,20.04,79.64,1,0,0.00,0.000000,0.105399,69.50
23,23.99,74.93,20.96,65.09,1,0,0.00,0.000000,0.018316,64.40
0,22.16,62.81,14.93,60.69,1,0,0.00,0.000000,0.000000,61.77
1,22.48,57.83,4.54,19.99,1,0,0.00,0.000005,0.000000,60.11
2,23.87,61.50,16.03,89.53,1,0,0.00,0.000123,0.000000,64.40
3,24.74,61.64,3.70,52.60,1,0,0.00,0.001930,0.000000,55.87
4,23.78,62.66,15.89,19.64,1,0,0.00,0.018316,0.000000,60.37
5,23.92,62.16,4.51,19.17,1,0,0.00,0.105399,0.000000,63.71
6,25.46,70.12,11.07,62.11,1,0,0.00,0.367879,0.000000,73.76
7,25.78,60.10,15.36,46.66,1,0,7.47,0.778801,0.000000,77.02
8,24.14,59.32,7.03,38.83,1,0,15.78,1.000000,0.000000,83.12
9,23.41,58.21,14.46,45.12,1,0,20.78,0.778801,0.000000,78.42
10,22.84,69.85,4.43,90.20,1,0,11.93,0.367879,0.000000,71.18
11,22.94,60.44,3.34,22.66,1,0,35.89,0.105399,0.000000,56.99
12,24.31,45.77,7.33,72.55,1,0,19.89,0.018316,0.000005,56.56
13,22.35,74.48,13.56,89.99,1,0,13.38,0.001930,0.000123,67.28
14,23.99,52.96,13.91,58.10,1,0,21.56,0.000123,0.001930,62.46
15,23.04,74.90,15.93,24.99,1,0,25.70,0.000005,0.018316,59.24
16,22.14,59.19,20.99,86.74,1,0,7.49,0.000000,0.105399,64.78
17,22.94,57.76,10.80,37.46,1,0,8.29,0.000000,0.367879,74.34
18,25.53,49.71,17.66,37.63,1,0,0.00,0.000000,0.778801,92.10
19,24.57,61.91,5.02,54.28,1,0,0.00,0.000000,1.000000,99.44
20,25.60,51.03,13.53,16.07,1,0,0.00,0.000000,0.778801,88.46
21,25.32,69.67,12.29,80.73,1,0,0.00,0.000000,0.367879,74.00
22,25.50,66.93,11.01,91.57,1,0,0.00,0.000000,0.105399,67.05
23,25.88,49.24,14.27,30.25,1,0,0.00,0.000000,0.018316,58.88
0,25.78,62.97,13.24,41.38,0,0,0.00,0.000000,0.000000,46.50
1,23.75,59.32,14.79,56.83,0,0,0.00,0.000005,0.000000,54.21
2,23.03,68.38,20.09,15.50,0,0,0.00,0.000123,0.000000,54.24
3,25.71,76.71,12.96,36.55,0,0,0.00,0.001930,0.000000,54.45
4,24.75,65.84,10.80,48.84,0,0,0.00,0.018316,0.000000,55.20
5,24.19,79.09,7.80,33.54,0,0,0.00,0.105399,0.000000,55.53
6,22.74,78.48,8.25,49.43,0,0,0.00,0.367879,0.000000,62.67
7,22.73,55.61,7.88,33.76,0,0,8.62,0.778801,0.000000,76.01
8,24.97,51.53,18.55,31.89,0,0,16.98,1.000000,0.000000,77.16
9,24.40,55.08,6.90,25.10,0,0,25.68,0.778801,0.000000,70.53
10,24.92,67.95,12.01,90.50,0,0,11.84,0.367879,0.000000,62.45
11,23.73,47.30,8.37,86.91,0,0,14.41,0.105399,0.000000,51.02
12,22.57,77.04,7.32,17.41,0,0,38.97,0.018316,0.000005,54.53
13,21.89,69.33,19.74,93.04,0,0,12.36,0.001930,0.000123,53.86
14,22.33,45.00,19.70,77.88,0,0,15.63,0.000123,0.001930,55.97
15,22.34,68.12,18.02,93.67,0,0,8.89,0.000005,0.018316,55.79
16,25.27,76.63,19.12,37.22,0,0,16.06,0.000000,0.105399,54.36
17,25.01,67.37,12.36,28.27,0,0,9.11,0.000000,0.367879,62.94
18,23.01,64.46,10.41,81.22,0,0,0.00,0.000000,0.778801,86.41
19,24.06,49.12,15.05,19.46,0,0,0.00,0.000000,1.000000,90.56
20,22.01,59.18,20.79,46.31,0,0,0.00,0.000000,0.778801,83.65
21,25.21,74.13,20.15,70.84,0,0,0.00,0.000000,0.367879,72.90
22,24.49,56.65,17.42,83.86,0,0,0.00,0.000000,0.105399,61.38
23,24.08,47.77,13.98,65.82,0,0,0.00,0.000000,0.018316,48.84
0,24.20,56.84,3.79,28.82,0,0,0.00,0.000000,0.000000,52.31
1,24.93,65.80,12.31,63.46,0,0,0.00,0.000005,0.000000,50.71
2,21.96,70.34,12.84,32.06,0,0,0.00,0.000123,0.000000,52.83
3,24.92,62.01,17.50,58.20,0,0,0.00,0.001930,0.000000,51.44
4,23.64,64.01,12.24,73.30,0,0,0.00,0.018316,0.000000,54.32
5,25.12,58.67,4.94,55.11,0,0,0.00,0.105399,0.000000,54.15
6,21.87,57.47,8.44,21.46,0,0,0.00,0.367879,0.000000,56.77
7,22.34,66.02,14.16,79.48,0,0,4.53,0.778801,0.000000,77.79
8,23.88,70.68,19.45,58.27,0,0,12.42,1.000000,0.000000,86.67
9,23.72,48.59,4.64,30.98,0,0,24.24,0.778801,0.000000,67.62
10,24.23,64.16,16.50,32.13,0,0,29.34,0.367879,0.000000,66.59
11,23.36,67.87,19.85,75.38,0,0,18.26,0.105399,0.000000,55.61
12,25.40,51.27,9.96,49.46,0,0,27.88,0.018316,0.000005,48.47
13,24.38,56.00,16.96,65.03,0,0,21.72,0.001930,0.000123,51.01
14,24.55,45.63,4.79,83.29,0,0,14.00,0.000123,0.001930,47.88
15,24.19,70.57,3.68,18.15,0,0,27.38,0.000005,0.018316,45.30
16,23.14,66.97,16.48,49.95,0,0,13.85,0.000000,0.105399,62.20
17,24.60,72.19,16.33,51.31,0,0,7.05,0.000000,0.367879,72.68
18,24.43,79.50,20.29,19.14,0,0,0.00,0.000000,0.778801,83.46
19,25.76,78.58,11.20,74.69,0,0,0.00,0.000000,1.000000,99.25
20,21.82,72.67,9.54,84.40,0,0,0.00,0.000000,0.778801,89.70
21,23.56,71.79,12.80,30.40,0,0,0.00,0.000000,0.367879,68.02
22,22.63,69.08,12.79,76.90,0,0,0.00,0.000000,0.105399,60.98
23,23.51,49.38,10.59,85.34,0,0,0.00,0.000000,0.018316,53.19
0,22.56,72.51,10.41,18.71,0,0,0.00,0.000000,0.000000,50.71
1,21.83,49.12,13.53,67.19,0,0,0.00,0.000005,0.000000,56.61
2,22.81,53.22,10.16,48.35,0,0,0.00,0.000123,0.000000,46.87
3,24.31,58.13,17.74,79.64,0,0,0.00,0.001930,0.000000,54.91
4,24.22,53.17,10.05,56.35,0,0,0.00,0.018316,0.000000,53.32
5,23.15,45.32,5.04,16.15,0,0,0.00,0.105399,0.000000,45.03
6,23.73,52.29,5.30,66.21,0,0,0.00,0.367879,0.000000,63.84
7,25.07,52.97,16.83,55.33,0,0,6.69,0.778801,0.000000,75.77
8,21.90,68.91,19.62,72.49,0,0,9.95,1.000000,0.000000,82.45
9,23.50,70.07,15.22,90.60,0,0,9.64,0.778801,0.000000,82.89
10,24.89,44.83,17.47,66.44,0,0,19.05,0.367879,0.000000,56.67
11,22.81,63.09,7.43,66.75,0,0,21.15,0.105399,0.000000,52.38
12,25.24,69.45,6.35,47.37,0,0,28.60,0.018316,0.000005,47.35
13,24.85,46.66,12.29,51.84,0,0,26.13,0.001930,0.000123,49.83
14,24.79,66.39,3.23,37.90,0,0,27.61,0.000123,0.001930,49.94
15,22.00,74.99,9.66,88.98,0,0,10.04,0.000005,0.018316,58.29
16,24.90,78.76,13.24,40.00,0,0,15.58,0.000000,0.105399,57.57
17,24.66,62.25,14.48,54.83,0,0,6.74,0.000000,0.367879,66.00
18,22.61,71.26,16.51,70.43,0,0,0.00,0.000000,0.778801,92.10
19,22.90,61.24,7.33,23.90,0,0,0.00,0.000000,1.000000,98.08
20,22.75,45.73,9.50,83.51,0,0,0.00,0.000000,0.778801,88.78
21,23.42,62.19,14.76,46.23,0,0,0.00,0.000000,0.367879,72.75
22,25.36,70.46,14.11,32.79,0,0,0.00,0.000000,0.105399,54.67
23,25.57,78.95,11.82,74.50,0,0,0.00,0.000000,0.018316,51.33
0,25.14,64.99,13.10,83.39,0,0,0.00,0.000000,0.000000,50.00
1,24.51,44.03,13.39,71.48,0,0,0.00,0.000005,0.000000,50.23
2,22.50,60.75,3.15,91.56,0,0,0.00,0.000123,0.000000,52.01
3,24.31,76.47,19.49,53.57,0,0,0.00,0.001930,0.000000,59.08
4,24.87,54.69,5.33,59.92,0,0,0.00,0.018316,0.000000,53.48
5,22.47,52.31,5.49,26.79,0,0,0.00,0.105399,0.000000,52.83
6,23.88,60.07,7.78,22.31,0,0,0.00,0.367879,0.000000,58.99
7,25.17,63.31,18.30,53.21,0,0,6.88,0.778801,0.000000,73.94
8,24.15,75.52,7.85,55.87,0,0,12.83,1.000000,0.000000,79.81
9,22.92,75.71,9.59,52.54,0,0,18.96,0.778801,0.000000,78.02
10,24.12,70.06,20.61,84.27,0,0,13.71,0.367879,0.000000,64.17
11,22.40,47.98,5.59,41.15,0,0,29.71,0.105399,0.000000,52.61
12,23.21,71.84,13.08,91.03,0,0,13.49,0.018316,0.000005,56.84
13,25.55,65.43,11.20,64.24,0,0,21.99,0.001930,0.000123,49.82
14,24.26,47.16,19.24,89.83,0,0,12.04,0.000123,0.001930,53.38
15,25.40,56.73,19.67,50.37,0,0,19.49,0.000005,0.018316,47.61
16,25.03,57.15,3.25,84.40,0,0,7.89,0.000000,0.105399,53.04
17,23.28,50.71,6.43,57.34,0,0,6.51,0.000000,0.367879,68.42
18,23.96,44.93,6.34,40.00,0,0,0.00,0.000000,0.778801,77.42
19,22.16,51.68,12.08,88.18,0,0,0.00,0.000000,1.000000,96.28
20,25.55,46.91,10.26,85.73,0,0,0.00,0.000000,0.778801,89.70
21,21.73,48.16,10.75,42.07,0,0,0.00,0.000000,0.367879,64.71
22,23.85,51.08,18.60,37.13,0,0,0.00,0.000000,0.105399,56.76
23,23.67,79.64,4.16,30.92,0,0,0.00,0.000000,0.018316,52.05
0,22.98,58.66,10.46,57.31,0,0,0.00,0.000000,0.000000,47.14
1,23.49,46.86,10.76,84.66,0,0,0.00,0.000005,0.000000,55.44
2,22.31,59.78,18.07,86.19,0,0,0.00,0.000123,0.000000,58.00
3,22.17,55.84,4.01,30.69,0,0,0.00,0.001930,0.000000,46.81
4,21.57,76.71,11.52,67.48,0,0,0.00,0.018316,0.000000,58.08
5,23.11,71.84,3.26,71.10,0,0,0.00,0.105399,0.000000,53.19
6,24.51,64.90,16.17,15.76,0,0,0.00,0.367879,0.000000,63.19
7,21.88,72.01,10.20,60.26,0,0,6.25,0.778801,0.000000,75.01
8,24.27,67.23,8.57,17.00,0,0,19.56,1.000000,0.000000,84.38
9,22.18,50.03,18.33,29.73,0,0,24.54,0.778801,0.000000,73.79
10,24.53,64.60,10.93,90.12,0,0,11.95,0.367879,0.000000,61.03
11,23.94,75.02,19.47,42.43,0,0,29.28,0.105399,0.000000,60.32
12,24.92,67.05,13.72,39.52,0,0,31.32,0.018316,0.000005,51.69
13,21.75,75.21,9.80,28.96,0,0,33.78,0.001930,0.000123,56.38
14,21.95,68.99,6.65,23.49,0,0,31.93,0.000123,0.001930,46.27
15,23.32,75.42,13.74,30.07,0,0,24.46,0.000005,0.018316,50.84
16,24.47,54.02,7.20,17.56,0,0,19.46,0.000000,0.105399,53.96
17,23.38,57.98,4.81,46.25,0,0,7.50,0.000000,0.367879,61.33
18,23.60,75.23,11.71,47.88,0,0,0.00,0.000000,0.778801,90.42
19,21.59,74.24,14.67,83.17,0,0,0.00,0.000000,1.000000,104.14
20,22.54,72.08,5.12,34.97,0,0,0.00,0.000000,0.778801,84.47
21,24.88,59.43,8.77,64.69,0,0,0.00,0.000000,0.367879,63.52
22,24.45,55.86,4.49,25.67,0,0,0.00,0.000000,0.105399,52.41
23,21.98,57.29,10.11,69.05,0,0,0.00,0.000000,0.018316,49.63
0,23.87,49.13,11.25,87.45,1,0,0.00,0.000000,0.000000,57.00
1,25.17,60.45,12.51,33.43,1,0,0.00,0.000005,0.000000,56.27
2,21.82,50.73,6.29,58.21,1,0,0.00,0.000123,0.000000,60.76
3,21.65,55.35,11.61,32.00,1,0,0.00,0.001930,0.000000,57.78
4,25.26,50.73,20.66,32.04,1,0,0.00,0.018316,0.000000,54.22
5,22.27,51.30,20.87,68.19,1,0,0.00,0.105399,0.000000,64.02
6,22.65,66.19,8.30,61.67,1,0,0.00,0.367879,0.000000,69.91
7,21.97,61.48,20.49,38.71,1,0,8.18,0.778801,0.000000,80.88
8,23.10,65.67,13.75,57.14,1,0,12.61,1.000000,0.000000,88.91
9,23.73,75.51,8.59,88.04,1,0,10.27,0.778801,0.000000,88.65
10,22.80,70.11,8.14,41.45,1,0,26.55,0.367879,0.000000,69.07
11,24.09,73.78,8.42,25.56,1,0,34.92,0.105399,0.000000,61.17
12,22.49,48.52,9.40,54.12,1,0,26.27,0.018316,0.000005,58.57
13,24.82,50.70,19.66,24.84,1,0,35.16,0.001930,0.000123,56.80
14,21.66,56.20,20.48,16.27,1,0,34.09,0.000123,0.001930,61.85
15,22.21,73.04,5.12,34.17,1,0,23.45,0.000005,0.018316,56.17
16,22.14,53.17,16.86,51.78,1,0,13.54,0.000000,0.105399,65.63
17,23.68,62.20,19.03,81.42,1,0,4.35,0.000000,0.367879,81.26
18,24.76,52.30,19.96,83.42,1,0,0.00,0.000000,0.778801,96.87
19,23.76,77.36,12.26,41.39,1,0,0.00,0.000000,1.000000,108.94
20,24.44,48.51,18.06,55.02,1,0,0.00,0.000000,0.778801,91.36
21,21.59,70.37,9.84,54.94,1,0,0.00,0.000000,0.367879,75.23
22,22.50,64.17,13.92,16.08,1,0,0.00,0.000000,0.105399,62.51
23,21.47,65.26,6.95,49.95,1,0,0.00,0.000000,0.018316,61.11
0,24.51,60.19,8.97,48.84,1,0,0.00,0.000000,0.000000,58.37
1,24.59,69.32,16.12,41.50,1,0,0.00,0.000005,0.000000,56.86
2,24.97,63.28,14.44,44.36,1,0,0.00,0.000123,0.000000,63.16
3,21.93,71.53,14.95,86.15,1,0,0.00,0.001930,0.000000,68.83
4,21.33,67.62,6.70,69.05,1,0,0.00,0.018316,0.000000,57.87
5,24.87,51.86,3.05,58.33,1,0,0.00,0.105399,0.000000,63.29
6,22.72,64.28,7.81,90.93,1,0,0.00,0.367879,0.000000,69.65
7,21.52,48.99,4.12,90.69,1,0,3.52,0.778801,0.000000,85.68
8,21.61,66.23,5.95,20.79,1,0,18.90,1.000000,0.000000,90.27
9,22.68,44.57,9.67,59.86,1,0,17.17,0.778801,0.000000,80.61
10,22.52,58.59,6.19,32.80,1,0,29.14,0.367879,0.000000,63.45
11,23.09,70.77,19.11,28.94,1,0,33.79,0.105399,0.000000,60.75
12,22.91,66.09,16.53,66.24,1,0,22.07,0.018316,0.000005,63.70
13,22.57,53.73,17.35,83.84,1,0,15.43,0.001930,0.000123,60.94
14,23.18,47.72,18.59,60.28,1,0,20.90,0.000123,0.001930,57.05
15,23.60,52.11,10.88,87.00,1,0,10.53,0.000005,0.018316,62.09
16,24.53,58.87,12.51,22.72,1,0,18.57,0.000000,0.105399,66.03
17,22.94,59.90,17.72,43.76,1,0,7.73,0.000000,0.367879,72.56
18,22.34,68.98,16.73,64.50,1,0,0.00,0.000000,0.778801,96.71
19,24.15,52.22,6.99,39.57,1,0,0.00,0.000000,1.000000,96.29
20,21.41,66.28,5.81,72.42,1,0,0.00,0.000000,0.778801,99.60
21,24.95,64.08,10.35,63.90,1,0,0.00,0.000000,0.367879,74.30
22,24.26,78.93,12.08,44.65,1,0,0.00,0.000000,0.105399,66.82
23,25.19,65.38,13.27,16.20,1,0,0.00,0.000000,0.018316,59.46
0,24.90,68.10,11.68,65.03,0,0,0.00,0.000000,0.000000,55.55
1,23.39,53.11,7.05,33.15,0,0,0.00,0.000005,0.000000,52.30
2,22.43,73.38,4.63,26.31,0,0,0.00,0.000123,0.000000,52.54
3,21.69,55.65,13.90,31.83,0,0,0.00,0.001930,0.000000,47.45
4,23.49,48.64,19.95,74.47,0,0,0.00,0.018316,0.000000,53.44
5,23.45,49.25,15.91,33.99,0,0,0.00,0.105399,0.000000,56.49
6,21.24,75.24,18.63,81.97,0,0,0.00,0.367879,0.000000,72.88
7,22.94,62.47,9.36,68.13,0,0,5.54,0.778801,0.000000,72.20
8,24.09,50.01,18.45,91.07,0,0,6.74,1.000000,0.000000,85.15
9,22.57,57.69,19.11,42.70,0,0,21.37,0.778801,0.000000,77.71
10,23.31,63.08,12.82,25.12,0,0,31.44,0.367879,0.000000,57.80
11,24.57,69.55,18.33,31.77,0,0,32.84,0.105399,0.000000,56.44
12,22.54,56.97,11.62,30.39,0,0,34.48,0.018316,0.000005,45.05
13,24.87,58.78,16.47,37.24,0,0,31.02,0.001930,0.000123,47.57
14,21.84,65.66,15.50,49.06,0,0,24.26,0.000123,0.001930,48.81
15,24.85,58.21,10.12,55.90,0,0,18.14,0.000005,0.018316,50.94
16,21.67,51.64,17.47,59.82,0,0,12.15,0.000000,0.105399,58.37
17,21.35,56.92,13.78,68.87,0,0,5.48,0.000000,0.367879,71.77
18,22.86,45.22,10.93,81.76,0,0,0.00,0.000000,0.778801,83.54
19,22.80,63.62,8.57,31.03,0,0,0.00,0.000000,1.000000,94.20
20,22.34,44.97,13.10,64.51,0,0,0.00,0.000000,0.778801,81.03
21,23.79,62.68,19.06,33.92,0,0,0.00,0.000000,0.367879,66.15
22,25.17,64.96,8.29,47.98,0,0,0.00,0.000000,0.105399,53.02
23,22.81,61.19,18.95,71.70,0,0,0.00,0.000000,0.018316,58.00
0,25.08,45.14,18.93,53.50,0,0,0.00,0.000000,0.000000,46.79
1,24.98,74.25,6.57,21.87,0,0,0.00,0.000005,0.000000,49.19
2,22.24,57.39,8.85,49.88,0,0,0.00,0.000123,0.000000,55.52
3,22.60,59.39,10.05,45.04,0,0,0.00,0.001930,0.000000,53.82
4,21.78,75.94,12.70,47.63,0,0,0.00,0.018316,0.000000,59.26
5,23.21,60.85,10.85,55.99,0,0,0.00,0.105399,0.000000,50.01
6,23.83,66.96,5.52,57.45,0,0,0.00,0.367879,0.000000,60.13
7,23.26,64.47,7.77,67.56,0,0,5.59,0.778801,0.000000,73.65
8,23.56,79.11,16.57,90.26,0,0,6.88,1.000000,0.000000,91.09
9,24.29,67.88,13.58,62.79,0,0,16.45,0.778801,0.000000,79.36
10,22.18,49.68,9.36,79.89,0,0,15.02,0.367879,0.000000,64.24
11,22.76,59.14,19.33,56.37,0,0,24.62,0.105399,0.000000,53.41
12,23.94,47.83,3.28,82.17,0,0,16.56,0.018316,0.000005,49.12
13,22.44,68.85,10.45,46.63,0,0,27.88,0.001930,0.000123,47.46
14,24.24,49.17,12.35,49.28,0,0,24.20,0.000123,0.001930,50.63
15,23.19,74.72,15.79,41.14,0,0,21.75,0.000005,0.018316,53.03
16,21.33,63.28,9.75,41.83,0,0,15.26,0.000000,0.105399,52.35
17,23.32,61.60,20.02,65.54,0,0,5.77,0.000000,0.367879,74.85
18,24.47,65.82,15.90,27.82,0,0,0.00,0.000000,0.778801,87.66
19,23.21,49.06,6.59,82.98,0,0,0.00,0.000000,1.000000,100.71
20,24.42,59.49,4.97,52.34,0,0,0.00,0.000000,0.778801,84.94
21,23.26,51.87,16.65,24.75,0,0,0.00,0.000000,0.367879,61.87
22,24.35,60.52,7.40,89.75,0,0,0.00,0.000000,0.105399,55.46
23,22.32,71.42,10.93,26.52,0,0,0.00,0.000000,0.018316,50.61
0,24.05,50.36,17.72,56.19,0,0,0.00,0.000000,0.000000,53.84
1,23.03,79.91,8.38,43.93,0,0,0.00,0.000005,0.000000,52.66
2,24.67,75.62,5.45,49.30,0,0,0.00,0.000123,0.000000,48.86
3,23.90,76.70,4.87,51.50,0,0,0.00,0.001930,0.000000,51.87
4,24.90,50.15,7.92,79.28,0,0,0.00,0.018316,0.000000,50.08
5,24.37,58.94,17.01,94.56,0,0,0.00,0.105399,0.000000,58.20
6,22.43,68.52,10.74,26.01,0,0,0.00,0.367879,0.000000,66.03
7,21.62,76.42,17.74,49.97,0,0,7.17,0.778801,0.000000,76.68
8,21.47,79.20,14.00,45.20,0,0,14.68,1.000000,0.000000,87.96
9,24.32,67.37,10.20,23.67,0,0,26.03,0.778801,0.000000,78.00
10,23.18,70.69,10.58,58.39,0,0,21.47,0.367879,0.000000,60.17
11,24.84,78.58,15.87,35.53,0,0,31.59,0.105399,0.000000,51.76
12,22.92,44.23,15.29,41.23,0,0,30.73,0.018316,0.000005,50.53
13,22.95,53.43,19.85,60.07,0,0,23.38,0.001930,0.000123,47.93
14,24.23,69.49,8.91,37.51,0,0,27.73,0.000123,0.001930,46.47
15,22.97,45.79,8.12,50.72,0,0,19.41,0.000005,0.018316,53.31
16,21.40,47.12,14.80,77.25,0,0,9.13,0.000000,0.105399,53.23
17,21.39,44.20,19.48,79.46,0,0,4.53,0.000000,0.367879,70.58
18,21.41,63.38,4.59,51.51,0,0,0.00,0.000000,0.778801,85.95
19,22.49,70.13,20.39,58.89,0,0,0.00,0.000000,1.000000,99.68
20,24.97,65.28,6.23,78.69,0,0,0.00,0.000000,0.778801,89.34
21,22.65,51.74,20.05,84.62,0,0,0.00,0.000000,0.367879,67.99
22,23.34,66.21,7.18,52.41,0,0,0.00,0.000000,0.105399,60.60
23,21.15,51.77,4.49,86.77,0,0,0.00,0.000000,0.018316,49.13
0,20.88,79.63,15.71,74.96,0,0,0.00,0.000000,0.000000,60.84
1,23.18,66.13,19.75,56.94,0,0,0.00,0.000005,0.000000,52.71
2,21.33,60.97,3.74,16.39,0,0,0.00,0.000123,0.000000,52.91
3,24.31,49.88,3.43,23.95,0,0,0.00,0.001930,0.000000,42.49
4,24.77,79.31,17.11,84.53,0,0,0.00,0.018316,0.000000,53.62
5,21.71,66.33,6.36,75.44,0,0,0.00,0.105399,0.000000,52.45
6,24.84,56.71,10.87,28.95,0,0,0.00,0.367879,0.000000,57.75
7,22.07,71.11,17.75,25.65,0,0,9.35,0.778801,0.000000,72.65
8,21.61,65.22,10.39,17.81,0,0,19.42,1.000000,0.000000,78.38
9,22.17,60.50,16.66,19.78,0,0,26.98,0.778801,0.000000,72.93
10,23.21,51.11,8.69,65.92,0,0,19.21,0.367879,0.000000,61.41
11,24.64,49.83,11.82,84.86,0,0,15.09,0.105399,0.000000,49.56
12,21.87,75.25,16.80,19.24,0,0,38.34,0.018316,0.000005,57.03
13,24.36,68.88,10.38,33.16,0,0,32.38,0.001930,0.000123,49.54
14,23.14,70.32,7.80,61.89,0,0,20.42,0.000123,0.001930,56.41
15,22.22,63.60,17.70,80.22,0,0,12.19,0.000005,0.018316,58.94
16,24.62,47.56,19.45,89.78,0,0,6.96,0.000000,0.105399,61.86
17,21.47,78.61,4.35,61.71,0,0,6.12,0.000000,0.367879,71.48
18,24.59,70.53,19.01,77.06,0,0,0.00,0.000000,0.778801,94.31
19,24.76,44.12,10.57,25.85,0,0,0.00,0.000000,1.000000,96.29
20,23.42,66.71,8.09,90.98,0,0,0.00,0.000000,0.778801,91.12
21,22.48,45.83,17.18,86.33,0,0,0.00,0.000000,0.367879,65.71
22,21.10,71.00,5.87,73.90,0,0,0.00,0.000000,0.105399,63.34
23,24.38,52.88,8.25,29.41,0,0,0.00,0.000000,0.018316,47.95
0,22.26,70.85,3.45,52.03,0,0,0.00,0.000000,0.000000,52.21
1,21.99,64.33,9.28,43.50,0,0,0.00,0.000005,0.000000,54.19
2,22.55,68.96,12.79,34.79,0,0,0.00,0.000123,0.000000,51.41
3,23.23,75.99,5.84,44.53,0,0,0.00,0.001930,0.000000,57.15
4,23.28,51.01,13.25,80.82,0,0,0.00,0.018316,0.000000,57.39
5,21.49,74.07,7.47,50.99,0,0,0.00,0.105399,0.000000,58.67
6,24.43,51.95,17.77,51.98,0,0,0.00,0.367879,0.000000,61.02
7,23.59,65.42,9.11,84.05,0,0,4.12,0.778801,0.000000,81.17
8,22.31,54.47,19.98,80.55,0,0,8.56,1.000000,0.000000,86.70
9,21.09,74.94,13.85,55.06,0,0,18.34,0.778801,0.000000,74.80
10,22.20,72.36,17.47,40.99,0,0,26.68,0.367879,0.000000,60.12
11,23.51,62.89,20.45,60.14,0,0,23.36,0.105399,0.000000,61.23
12,21.25,69.42,15.70,52.84,0,0,26.71,0.018316,0.000005,55.85
13,21.53,56.93,5.50,35.15,0,0,31.71,0.001930,0.000123,45.09
14,22.30,69.38,10.81,28.85,0,0,30.32,0.000123,0.001930,50.86
15,22.39,71.87,16.20,37.64,0,0,22.61,0.000005,0.018316,56.21
16,23.48,56.83,12.93,28.82,0,0,17.51,0.000000,0.105399,49.98
17,21.26,54.24,11.46,82.42,0,0,4.26,0.000000,0.367879,67.23
18,22.45,69.34,19.66,68.33,0,0,0.00,0.000000,0.778801,94.09
19,21.79,71.90,12.11,26.86,0,0,0.00,0.000000,1.000000,98.88
20,21.72,44.68,19.83,49.32,0,0,0.00,0.000000,0.778801,88.86
21,20.85,56.39,6.51,88.36,0,0,0.00,0.000000,0.367879,71.52
22,21.22,71.59,19.89,49.37,0,0,0.00,0.000000,0.105399,60.29
23,22.26,74.57,12.67,62.10,0,0,0.00,0.000000,0.018316,58.12
0,24.05,64.56,7.84,75.45,1,0,0.00,0.000000,0.000000,61.72
1,23.18,57.91,13.39,79.77,1,0,0.00,0.000005,0.000000,56.50
2,20.96,52.86,20.25,19.19,1,0,0.00,0.000123,0.000000,60.29
3,21.05,57.45,4.23,52.08,1,0,0.00,0.001930,0.000000,60.41
4,21.41,79.76,12.89,50.87,1,0,0.00,0.018316,0.000000,60.92
5,23.45,69.59,17.83,16.25,1,0,0.00,0.105399,0.000000,66.10
6,22.11,63.32,9.57,41.94,1,0,0.00,0.367879,0.000000,70.78
7,21.34,53.35,12.48,28.59,1,0,9.09,0.778801,0.000000,81.31
8,22.84,62.84,11.39,36.87,1,0,16.12,1.000000,0.000000,89.19
9,22.05,67.08,7.15,46.54,1,0,20.43,0.778801,0.000000,79.87
10,21.43,73.19,18.48,89.58,1,0,12.12,0.367879,0.000000,77.59
11,22.46,69.15,15.33,79.65,1,0,16.83,0.105399,0.000000,62.87
12,21.48,65.83,9.07,41.63,1,0,30.59,0.018316,0.000005,56.13
13,22.01,77.52,15.61,80.00,1,0,16.72,0.001930,0.000123,60.62
14,23.78,65.28,7.27,74.89,1,0,16.52,0.000123,0.001930,61.45
15,21.40,57.55,10.69,73.27,1,0,13.89,0.000005,0.018316,64.67
16,23.38,63.04,11.00,64.93,1,0,11.26,0.000000,0.105399,63.07
17,22.02,74.22,10.53,29.34,1,0,9.02,0.000000,0.367879,81.67
18,22.09,50.09,15.21,78.03,1,0,0.00,0.000000,0.778801,95.79
19,20.91,66.02,3.17,18.23,1,0,0.00,0.000000,1.000000,106.08
20,22.79,75.58,13.67,19.37,1,0,0.00,0.000000,0.778801,95.29
21,23.03,78.01,15.15,20.94,1,0,0.00,0.000000,0.367879,73.56
22,23.45,49.01,3.63,37.92,1,0,0.00,0.000000,0.105399,61.27
23,23.05,48.34,20.33,88.08,1,0,0.00,0.000000,0.018316,66.69
0,23.31,51.65,20.61,89.62,1,0,0.00,0.000000,0.000000,60.14
1,23.05,45.22,5.28,49.07,1,0,0.00,0.000005,0.000000,54.45
2,23.42,64.24,17.38,39.51,1,0,0.00,0.000123,0.000000,62.27
3,22.88,56.89,3.38,74.51,1,0,0.00,0.001930,0.000000,60.27
4,22.52,65.68,15.39,30.69,1,0,0.00,0.018316,0.000000,56.87
5,24.20,66.97,20.88,90.06,1,0,0.00,0.105399,0.000000,65.39
6,20.64,62.90,15.92,28.48,1,0,0.00,0.367879,0.000000,70.08
7,23.22,67.22,15.92,56.53,1,0,6.58,0.778801,0.000000,83.97
8,24.14,76.35,10.48,86.68,1,0,7.50,1.000000,0.000000,89.71
9,22.92,45.74,20.37,32.93,1,0,23.76,0.778801,0.000000,77.25
10,22.18,47.97,7.48,44.31,1,0,25.69,0.367879,0.000000,63.93
11,21.57,63.02,12.80,91.52,1,0,12.87,0.105399,0.000000,69.05
12,22.92,76.55,6.77,71.14,1,0,20.37,0.018316,0.000005,58.31
13,23.15,75.85,17.98,82.51,1,0,15.88,0.001930,0.000123,68.94
14,23.37,45.57,8.69,83.20,1,0,14.03,0.000123,0.001930,54.07
15,21.87,46.86,17.55,34.49,1,0,23.38,0.000005,0.018316,62.83
16,24.12,73.42,9.24,50.29,1,0,13.80,0.000000,0.105399,65.22
17,21.48,63.83,4.90,71.43,1,0,5.25,0.000000,0.367879,81.06
18,22.64,63.19,4.18,81.97,1,0,0.00,0.000000,0.778801,93.15
19,24.15,47.09,13.43,51.89,1,0,0.00,0.000000,1.000000,97.75
20,23.41,65.39,14.72,90.43,1,0,0.00,0.000000,0.778801,101.05
21,24.25,49.36,5.56,57.17,1,0,0.00,0.000000,0.367879,76.12
22,23.42,46.40,13.39,54.26,1,0,0.00,0.000000,0.105399,67.03
23,20.95,56.09,9.70,15.95,1,0,0.00,0.000000,0.018316,63.25
0,20.44,48.40,17.97,70.69,0,0,0.00,0.000000,0.000000,53.38
1,21.20,68.74,12.67,40.44,0,0,0.00,0.000005,0.000000,57.64
2,23.08,50.59,16.15,30.19,0,0,0.00,0.000123,0.000000,51.14
3,21.41,60.30,11.00,66.16,0,0,0.00,0.001930,0.000000,51.18
4,21.87,56.39,15.23,22.50,0,0,0.00,0.018316,0.000000,54.65
5,21.79,67.49,17.55,21.16,0,0,0.00,0.105399,0.000000,53.37
6,23.04,61.36,15.29,30.83,0,0,0.00,0.367879,0.000000,66.01
7,21.61,79.21,18.56,83.81,0,0,4.14,0.778801,0.000000,86.88
8,23.70,69.92,6.44,36.86,0,0,16.12,1.000000,0.000000,85.88
9,22.97,54.09,14.28,28.23,0,0,24.91,0.778801,0.000000,71.23
10,20.56,58.07,14.90,88.70,0,0,12.38,0.367879,0.000000,62.51
11,22.64,67.80,16.12,86.06,0,0,14.69,0.105399,0.000000,58.13
12,24.22,68.29,20.14,80.79,0,0,17.03,0.018316,0.000005,58.91
13,22.44,47.66,5.14,19.39,0,0,36.98,0.001930,0.000123,46.77
14,23.80,60.09,3.37,25.47,0,0,31.34,0.000123,0.001930,49.59
15,22.71,49.53,6.09,45.67,0,0,20.64,0.000005,0.018316,46.01
16,23.53,76.87,9.47,84.19,0,0,7.93,0.000000,0.105399,60.83
17,24.08,65.16,20.98,47.47,0,0,7.39,0.000000,0.367879,64.94
18,20.86,48.43,16.86,78.22,0,0,0.00,0.000000,0.778801,90.06
19,22.63,64.39,4.15,62.74,0,0,0.00,0.000000,1.000000,97.81
20,21.20,71.10,12.07,38.29,0,0,0.00,0.000000,0.778801,90.83
21,21.84,79.28,12.91,69.08,0,0,0.00,0.000000,0.367879,71.16
22,20.66,60.19,3.45,45.51,0,0,0.00,0.000000,0.105399,52.38
23,23.46,65.17,12.59,74.58,0,0,0.00,0.000000,0.018316,58.22
0,23.59,74.78,17.44,27.08,0,0,0.00,0.000000,0.000000,57.42
1,20.52,66.51,16.03,72.28,0,0,0.00,0.000005,0.000000,55.63
2,23.78,78.37,4.47,84.33,0,0,0.00,0.000123,0.000000,53.63
3,23.06,48.38,15.61,70.12,0,0,0.00,0.001930,0.000000,55.25
4,22.46,44.13,15.49,52.76,0,0,0.00,0.018316,0.000000,51.00
5,21.52,58.42,18.52,19.26,0,0,0.00,0.105399,0.000000,57.74
6,23.41,68.83,4.36,69.48,0,0,0.00,0.367879,0.000000,62.98
7,20.44,67.05,8.00,34.89,0,0,8.52,0.778801,0.000000,79.71
8,20.74,73.41,20.88,16.67,0,0,19.61,1.000000,0.000000,85.20
9,20.55,45.84,17.78,80.30,0,0,12.17,0.778801,0.000000,78.16
10,22.66,56.62,10.48,46.37,0,0,25.07,0.367879,0.000000,65.73
11,23.10,69.78,19.26,73.13,0,0,19.02,0.105399,0.000000,59.69
12,22.85,63.25,15.87,76.85,0,0,18.40,0.018316,0.000005,56.35
13,21.09,62.81,12.07,55.38,0,0,24.95,0.001930,0.000123,53.74
14,20.28,71.55,11.28,88.55,0,0,12.43,0.000123,0.001930,57.17
15,21.83,59.26,9.74,52.94,0,0,18.86,0.000005,0.018316,55.30
16,23.42,53.72,11.23,23.45,0,0,18.44,0.000000,0.105399,53.77
17,20.41,66.09,4.27,19.62,0,0,9.89,0.000000,0.367879,71.65
18,21.02,53.40,5.31,51.37,0,0,0.00,0.000000,0.778801,84.10
19,22.25,64.73,5.77,61.00,0,0,0.00,0.000000,1.000000,96.80
20,24.00,57.36,15.01,93.31,0,0,0.00,0.000000,0.778801,86.96
21,20.56,63.05,9.09,88.76,0,0,0.00,0.000000,0.367879,73.24
22,22.79,68.33,10.23,52.84,0,0,0.00,0.000000,0.105399,52.89
23,21.83,79.53,17.27,92.91,0,0,0.00,0.000000,0.018316,63.75
0,23.39,71.91,9.68,64.92,0,0,0.00,0.000000,0.000000,52.49
1,20.38,49.78,5.57,20.93,0,0,0.00,0.000005,0.000000,47.49
2,20.67,45.16,19.63,52.96,0,0,0.00,0.000123,0.000000,50.56
3,21.36,52.14,6.06,65.55,0,0,0.00,0.001930,0.000000,54.97
4,21.08,62.20,6.43,55.06,0,0,0.00,0.018316,0.000000,52.26
5,23.09,50.12,15.10,31.15,0,0,0.00,0.105399,0.000000,56.32
6,21.85,48.92,5.61,42.93,0,0,0.00,0.367879,0.000000,59.43
7,21.39,64.04,15.16,57.58,0,0,6.49,0.778801,0.000000,82.98
8,23.69,68.86,16.17,58.26,0,0,12.42,1.000000,0.000000,80.55
9,24.08,51.63,3.68,54.47,0,0,18.49,0.778801,0.000000,73.99
10,23.91,66.46,15.96,55.25,0,0,22.41,0.367879,0.000000,64.80
11,21.13,44.61,16.25,64.46,0,0,21.91,0.105399,0.000000,56.39
12,21.94,71.32,14.96,90.44,0,0,13.70,0.018316,0.000005,53.32
13,20.85,75.07,13.88,74.30,0,0,18.62,0.001930,0.000123,56.34
14,22.23,51.39,4.93,26.20,0,0,31.12,0.000123,0.001930,52.05
15,22.21,74.48,8.86,94.11,0,0,8.79,0.000005,0.018316,61.19
16,21.75,68.75,4.50,17.96,0,0,19.39,0.000000,0.105399,58.66
17,23.96,47.40,18.04,72.08,0,0,5.19,0.000000,0.367879,65.28
18,21.03,49.21,13.43,41.74,0,0,0.00,0.000000,0.778801,87.73
19,20.51,69.60,9.18,89.56,0,0,0.00,0.000000,1.000000,101.44
20,21.36,60.37,20.37,93.29,0,0,0.00,0.000000,0.778801,89.12
21,23.15,57.00,15.27,94.43,0,0,0.00,0.000000,0.367879,68.44
22,22.06,51.97,4.63,78.26,0,0,0.00,0.000000,0.105399,53.20
23,20.90,59.31,3.12,64.80,0,0,0.00,0.000000,0.018316,49.56
0,21.83,46.92,17.58,38.53,0,0,0.00,0.000000,0.000000,46.76
1,23.08,66.98,16.72,74.25,0,0,0.00,0.000005,0.000000,54.95
2,21.03,69.12,15.72,49.26,0,0,0.00,0.000123,0.000000,54.55
3,21.67,48.83,14.65,60.09,0,0,0.00,0.001930,0.000000,56.75
4,20.59,76.56,17.23,58.16,0,0,0.00,0.018316,0.000000,58.56
5,20.87,79.32,18.68,21.79,0,0,0.00,0.105399,0.000000,59.98
6,23.77,46.12,13.03,29.36,0,0,0.00,0.367879,0.000000,56.78
7,21.48,49.31,12.93,22.92,0,0,9.59,0.778801,0.000000,74.50
8,23.83,79.04,20.78,62.10,0,0,11.75,1.000000,0.000000,87.33
9,20.21,59.77,13.16,22.13,0,0,26.40,0.778801,0.000000,70.92
10,20.70,63.35,12.03,66.82,0,0,18.94,0.367879,0.000000,63.66
11,20.07,75.95,16.22,61.02,0,0,23.06,0.105399,0.000000,60.86
12,23.28,69.47,12.77,40.44,0,0,31.00,0.018316,0.000005,54.57
13,22.14,58.19,18.17,55.20,0,0,25.01,0.001930,0.000123,53.10
14,23.24,68.84,20.46,55.79,0,0,22.25,0.000123,0.001930,57.35
15,21.13,67.36,17.19,93.46,0,0,8.94,0.000005,0.018316,57.57
16,23.05,51.48,17.42,71.09,0,0,10.20,0.000000,0.105399,61.26
17,21.01,68.26,6.65,74.59,0,0,4.96,0.000000,0.367879,73.26
18,22.77,63.49,15.27,79.59,0,0,0.00,0.000000,0.778801,91.69
19,22.76,48.49,6.63,26.30,0,0,0.00,0.000000,1.000000,91.84
20,22.37,75.03,16.99,61.52,0,0,0.00,0.000000,0.778801,88.77
21,22.19,79.26,13.17,81.55,0,0,0.00,0.000000,0.367879,77.96
22,20.08,46.23,6.41,56.28,0,0,0.00,0.000000,0.105399,51.75
23,20.07,76.52,16.97,78.89,0,0,0.00,0.000000,0.018316,55.64
0,23.47,48.90,12.38,65.90,0,0,0.00,0.000000,0.000000,54.66
1,21.59,61.88,18.30,30.21,0,0,0.00,0.000005,0.000000,51.15
2,21.44,79.75,11.28,17.72,0,0,0.00,0.000123,0.000000,51.41
3,20.98,57.95,3.90,27.15,0,0,0.00,0.001930,0.000000,54.44
4,20.51,68.78,6.79,38.93,0,0,0.00,0.018316,0.000000,56.68
5,21.51,70.66,6.84,60.39,0,0,0.00,0.105399,0.000000,58.35
6,23.33,54.35,19.87,53.41,0,0,0.00,0.367879,0.000000,66.54
7,21.82,74.25,18.34,70.00,0,0,5.38,0.778801,0.000000,80.36
8,23.22,51.22,3.86,67.51,0,0,10.82,1.000000,0.000000,83.71
9,23.35,79.12,6.75,54.33,0,0,18.52,0.778801,0.000000,77.96
10,22.21,68.42,17.28,90.33,0,0,11.89,0.367879,0.000000,62.80
11,20.08,62.29,10.01,45.33,0,0,28.31,0.105399,0.000000,53.45
12,22.66,64.38,8.30,61.55,0,0,23.70,0.018316,0.000005,51.11
13,23.34,72.20,10.03,93.39,0,0,12.24,0.001930,0.000123,52.21
14,23.33,49.25,8.83,20.04,0,0,32.96,0.000123,0.001930,42.34
15,22.74,45.01,11.94,61.62,0,0,16.74,0.000005,0.018316,48.70
16,23.15,55.66,3.21,65.19,0,0,11.22,0.000000,0.105399,50.22
17,21.92,65.87,5.40,51.11,0,0,7.07,0.000000,0.367879,64.02
18,22.74,54.53,15.34,64.34,0,0,0.00,0.000000,0.778801,90.52
19,21.50,64.54,20.20,31.46,0,0,0.00,0.000000,1.000000,97.29
20,23.74,61.36,9.28,49.69,0,0,0.00,0.000000,0.778801,84.07
21,21.18,56.85,14.90,18.91,0,0,0.00,0.000000,0.367879,66.56
22,20.80,76.31,10.81,90.66,0,0,0.00,0.000000,0.105399,64.37
23,21.60,59.03,3.06,93.44,0,0,0.00,0.000000,0.018316,52.56
0,20.85,48.21,10.95,69.12,1,0,0.00,0.000000,0.000000,61.34
1,20.48,58.02,13.38,80.51,1,0,0.00,0.000005,0.000000,58.25
2,21.15,49.81,13.06,48.45,1,0,0.00,0.000123,0.000000,57.01
3,23.13,77.73,10.93,88.26,1,0,0.00,0.001930,0.000000,61.14
4,21.81,58.15,7.72,80.31,1,0,0.00,0.018316,0.000000,59.86
5,22.80,60.51,10.09,51.54,1,0,0.00,0.105399,0.000000,66.45
6,23.20,58.80,20.60,37.87,1,0,0.00,0.367879,0.000000,69.30
7,23.63,49.33,20.40,35.78,1,0,8.44,0.778801,0.000000,81.14
8,20.88,76.17,20.86,28.07,1,0,17.64,1.000000,0.000000,96.06
9,22.32,60.30,18.05,60.36,1,0,17.05,0.778801,0.000000,90.11
10,22.60,53.92,15.32,61.98,1,0,20.39,0.367879,0.000000,69.32
11,21.03,56.09,14.46,58.84,1,0,23.79,0.105399,0.000000,64.60
12,23.43,58.33,16.45,17.15,1,0,39.06,0.018316,0.000005,62.16
13,21.39,79.93,19.64,66.60,1,0,21.20,0.001930,0.000123,60.64
14,23.48,65.71,3.09,93.71,1,0,10.88,0.000123,0.001930,60.28
15,21.79,59.03,13.48,60.37,1,0,17.04,0.000005,0.018316,64.83
16,20.04,62.11,16.22,92.03,1,0,6.57,0.000000,0.105399,69.41
17,21.55,53.42,5.15,33.37,1,0,8.66,0.000000,0.367879,69.01
18,22.92,66.82,15.17,68.82,1,0,0.00,0.000000,0.778801,101.29
19,23.09,44.40,9.98,39.98,1,0,0.00,0.000000,1.000000,101.39
20,20.05,70.10,5.99,45.88,1,0,0.00,0.000000,0.778801,101.11
21,20.90,62.97,3.42,89.70,1,0,0.00,0.000000,0.367879,78.89
22,23.76,50.83,15.21,76.13,1,0,0.00,0.000000,0.105399,69.52
23,22.12,58.87,16.60,36.14,1,0,0.00,0.000000,0.018316,59.63
0,22.20,78.98,12.20,19.90,1,0,0.00,0.000000,0.000000,63.44
1,22.15,57.38,10.62,39.17,1,0,0.00,0.000005,0.000000,55.96
2,19.63,76.54,3.87,76.32,1,0,0.00,0.000123,0.000000,59.32
3,21.20,77.69,9.51,60.45,1,0,0.00,0.001930,0.000000,60.83
4,21.95,63.10,19.45,34.28,1,0,0.00,0.018316,0.000000,56.73
5,21.71,63.04,15.21,71.25,1,0,0.00,0.105399,0.000000,67.21
6,22.58,71.02,5.00,20.37,1,0,0.00,0.367879,0.000000,70.20
7,23.50,55.05,3.52,89.98,1,0,3.59,0.778801,0.000000,81.83
8,21.24,78.47,18.32,52.11,1,0,13.48,1.000000,0.000000,98.56
9,20.34,71.10,15.99,71.35,1,0,14.36,0.778801,0.000000,87.38
10,21.31,58.10,18.03,59.19,1,0,21.23,0.367879,0.000000,70.40
11,20.66,47.16,14.27,44.22,1,0,28.68,0.105399,0.000000,66.54
12,20.29,62.38,9.58,37.36,1,0,32.07,0.018316,0.000005,55.97
13,21.64,53.89,6.48,66.02,1,0,21.39,0.001930,0.000123,58.71
14,20.29,47.87,7.88,75.35,1,0,16.38,0.000123,0.001930,61.78
15,22.70,55.18,8.65,92.55,1,0,9.17,0.000005,0.018316,65.85
16,23.10,44.66,11.05,48.31,1,0,14.14,0.000000,0.105399,59.63
17,20.95,68.24,11.42,39.46,1,0,8.11,0.000000,0.367879,72.84
18,21.89,55.69,7.87,28.43,1,0,0.00,0.000000,0.778801,88.62
19,21.64,72.34,3.80,58.81,1,0,0.00,0.000000,1.000000,103.91
20,20.37,55.66,9.99,27.56,1,0,0.00,0.000000,0.778801,91.59
21,22.94,52.53,13.68,17.62,1,0,0.00,0.000000,0.367879,76.98
22,21.58,44.41,19.91,65.10,1,0,0.00,0.000000,0.105399,65.66
23,23.44,72.66,10.99,69.02,1,0,0.00,0.000000,0.018316,58.23
0,21.33,68.92,6.60,90.00,0,0,0.00,0.000000,0.000000,51.55
1,22.29,49.35,10.35,56.09,0,0,0.00,0.000005,0.000000,45.86
2,22.53,60.12,12.60,85.21,0,0,0.00,0.000123,0.000000,55.99
3,23.11,47.48,11.61,48.53,0,0,0.00,0.001930,0.000000,53.74
4,20.18,73.84,10.38,49.86,0,0,0.00,0.018316,0.000000,53.78
5,19.77,46.48,9.25,28.10,0,0,0.00,0.105399,0.000000,51.29
6,21.38,49.28,16.29,75.16,0,0,0.00,0.367879,0.000000,63.37
7,19.96,61.16,12.60,94.91,0,0,3.14,0.778801,0.000000,79.89
8,20.80,58.01,17.75,68.19,0,0,10.70,1.000000,0.000000,84.64
9,20.24,78.17,15.79,88.86,0,0,10.07,0.778801,0.000000,78.72
10,19.69,77.53,12.97,59.78,0,0,21.05,0.367879,0.000000,63.93
11,19.93,54.25,17.53,92.78,0,0,12.45,0.105399,0.000000,60.82
12,21.35,48.76,4.02,81.97,0,0,16.62,0.018316,0.000005,53.89
13,20.92,49.25,10.21,72.42,0,0,19.25,0.001930,0.000123,51.34
14,21.07,59.99,6.92,63.98,0,0,19.79,0.000123,0.001930,48.86
15,21.78,67.44,5.74,76.82,0,0,13.02,0.000005,0.018316,58.30
16,20.51,47.49,20.83,16.09,0,0,19.71,0.000000,0.105399,56.68
17,22.38,50.25,10.25,17.45,0,0,10.08,0.000000,0.367879,68.40
18,22.16,65.33,18.92,15.41,0,0,0.00,0.000000,0.778801,83.87
19,20.15,56.63,16.63,69.30,0,0,0.00,0.000000,1.000000,100.21
20,23.00,60.23,9.27,79.49,0,0,0.00,0.000000,0.778801,83.39
21,22.60,68.03,12.35,38.01,0,0,0.00,0.000000,0.367879,68.76
22,21.72,69.51,3.12,19.35,0,0,0.00,0.000000,0.105399,51.18
23,22.51,62.37,8.61,58.23,0,0,0.00,0.000000,0.018316,49.12
0,21.84,76.32,4.84,66.71,0,0,0.00,0.000000,0.000000,56.70
1,22.59,57.85,5.23,15.68,0,0,0.00,0.000005,0.000000,45.88
2,19.72,59.39,14.29,17.23,0,0,0.00,0.000123,0.000000,48.49
3,20.57,66.07,12.78,82.52,0,0,0.00,0.001930,0.000000,56.78
4,21.16,72.24,11.29,46.03,0,0,0.00,0.018316,0.000000,54.43
5,21.62,55.74,20.13,89.30,0,0,0.00,0.105399,0.000000,60.47
6,20.77,64.09,3.47,19.77,0,0,0.00,0.367879,0.000000,63.97
7,23.19,62.22,7.76,90.29,0,0,3.56,0.778801,0.000000,78.97
8,21.08,54.78,12.72,35.56,0,0,16.35,1.000000,0.000000,79.80
9,22.92,54.94,6.45,58.48,0,0,17.51,0.778801,0.000000,70.50
10,21.91,60.47,10.81,46.22,0,0,25.12,0.367879,0.000000,61.79
11,19.75,56.94,8.87,56.74,0,0,24.49,0.105399,0.000000,56.88
12,20.43,58.50,3.81,48.40,0,0,28.24,0.018316,0.000005,47.39
13,19.89,63.17,10.13,77.25,0,0,17.64,0.001930,0.000123,59.27
14,22.99,68.33,16.73,40.87,0,0,26.72,0.000123,0.001930,49.34
15,20.79,72.22,5.04,67.59,0,0,15.28,0.000005,0.018316,51.67
16,20.93,57.60,12.65,68.29,0,0,10.68,0.000000,0.105399,59.84
17,21.46,46.64,20.55,73.97,0,0,5.02,0.000000,0.367879,66.08
18,21.87,75.96,13.01,58.03,0,0,0.00,0.000000,0.778801,88.20
19,22.88,64.14,11.59,94.53,0,0,0.00,0.000000,1.000000,99.85
20,20.57,49.21,5.04,16.76,0,0,0.00,0.000000,0.778801,83.71
21,22.95,51.53,8.13,73.87,0,0,0.00,0.000000,0.367879,63.44
22,20.44,57.51,13.97,66.82,0,0,0.00,0.000000,0.105399,59.34
23,20.75,68.33,7.31,88.92,0,0,0.00,0.000000,0.018316,52.40
0,19.54,70.29,13.60,33.34,0,0,0.00,0.000000,0.000000,54.12
1,20.68,46.80,13.57,20.44,0,0,0.00,0.000005,0.000000,44.86
2,19.70,64.79,20.46,26.96,0,0,0.00,0.000123,0.000000,50.94
3,21.23,67.07,14.93,79.89,0,0,0.00,0.001930,0.000000,58.94
4,20.68,63.02,11.78,49.75,0,0,0.00,0.018316,0.000000,54.15
5,22.88,49.13,9.85,31.78,0,0,0.00,0.105399,0.000000,50.71
6,19.90,61.11,7.75,26.77,0,0,0.00,0.367879,0.000000,61.58
7,20.11,53.28,12.59,63.12,0,0,5.99,0.778801,0.000000,78.57
8,19.77,52.86,10.92,59.61,0,0,12.18,1.000000,0.000000,86.89
9,23.06,55.82,18.94,48.44,0,0,19.96,0.778801,0.000000,74.00
10,20.02,73.62,12.98,54.81,0,0,22.54,0.367879,0.000000,70.97
11,20.81,55.74,16.16,46.64,0,0,27.87,0.105399,0.000000,53.89
12,19.61,68.35,17.55,24.69,0,0,36.45,0.018316,0.000005,54.64
13,20.61,76.38,15.31,88.71,0,0,13.81,0.001930,0.000123,63.09
14,20.64,61.73,6.44,36.17,0,0,28.13,0.000123,0.001930,55.88
15,19.71,78.86,11.05,79.78,0,0,12.29,0.000005,0.018316,62.35
16,21.44,68.63,14.06,59.12,0,0,12.27,0.000000,0.105399,62.28
17,20.69,58.78,17.19,27.78,0,0,9.16,0.000000,0.367879,66.01
18,22.55,60.31,9.07,64.83,0,0,0.00,0.000000,0.778801,87.99
19,23.07,63.24,10.60,31.61,0,0,0.00,0.000000,1.000000,96.68
20,19.31,45.83,4.90,32.70,0,0,0.00,0.000000,0.778801,85.05
21,22.13,55.00,14.78,77.03,0,0,0.00,0.000000,0.367879,67.93
22,21.06,49.04,5.71,63.27,0,0,0.00,0.000000,0.105399,53.58
23,20.55,54.46,18.43,25.07,0,0,0.00,0.000000,0.018316,53.52
0,19.12,46.37,12.46,74.64,0,0,0.00,0.000000,0.000000,49.29
1,21.39,79.80,19.18,39.55,0,0,0.00,0.000005,0.000000,56.23
2,20.19,52.60,17.39,40.60,0,0,0.00,0.000123,0.000000,56.39
3,20.02,56.34,18.90,53.00,0,0,0.00,0.001930,0.000000,51.75
4,21.75,44.13,19.83,38.88,0,0,0.00,0.018316,0.000000,53.21
5,19.19,61.51,16.38,78.32,0,0,0.00,0.105399,0.000000,65.00
6,20.90,49.21,17.10,60.47,0,0,0.00,0.367879,0.000000,59.77
7,22.58,61.89,16.19,42.51,0,0,7.84,0.778801,0.000000,78.99
8,20.17,75.74,5.53,92.37,0,0,6.51,1.000000,0.000000,83.96
9,22.07,76.61,11.03,73.17,0,0,13.91,0.778801,0.000000,79.95
10,19.37,66.08,7.46,89.94,0,0,12.01,0.367879,0.000000,69.01
11,22.75,44.47,20.98,53.61,0,0,25.54,0.105399,0.000000,54.46
12,22.06,48.90,4.37,47.44,0,0,28.58,0.018316,0.000005,46.50
13,21.38,60.96,7.31,22.86,0,0,35.82,0.001930,0.000123,45.45
14,21.75,57.39,7.70,80.73,0,0,14.77,0.000123,0.001930,55.99
15,20.75,60.34,14.30,78.74,0,0,12.55,0.000005,0.018316,52.67
16,21.69,47.86,6.74,39.59,0,0,15.65,0.000000,0.105399,50.85
17,20.11,71.43,12.67,48.43,0,0,7.31,0.000000,0.367879,72.57
18,21.34,69.32,7.36,93.83,0,0,0.00,0.000000,0.778801,94.90
19,21.75,46.85,12.61,49.11,0,0,0.00,0.000000,1.000000,99.64
20,20.66,61.08,17.21,51.90,0,0,0.00,0.000000,0.778801,89.03
21,22.00,56.87,10.71,94.18,0,0,0.00,0.000000,0.367879,71.20
22,20.45,53.60,3.02,59.01,0,0,0.00,0.000000,0.105399,55.88
23,21.04,61.76,20.56,34.33,0,0,0.00,0.000000,0.018316,55.72
0,21.10,45.21,3.92,47.32,0,0,0.00,0.000000,0.000000,53.98
1,21.15,50.05,16.00,82.48,0,0,0.00,0.000005,0.000000,53.50
2,19.03,68.40,4.69,60.28,0,0,0.00,0.000123,0.000000,52.49
3,21.88,61.89,4.58,81.40,0,0,0.00,0.001930,0.000000,48.24
4,20.93,60.37,14.56,90.18,0,0,0.00,0.018316,0.000000,56.59
5,20.62,45.52,4.10,18.59,0,0,0.00,0.105399,0.000000,55.17
6,22.08,65.77,10.94,58.63,0,0,0.00,0.367879,0.000000,62.16
7,19.01,56.35,6.67,39.52,0,0,8.11,0.778801,0.000000,79.02
8,22.89,76.80,19.54,17.96,0,0,19.39,1.000000,0.000000,79.03
9,22.33,61.19,18.63,41.91,0,0,21.56,0.778801,0.000000,75.87
10,20.17,58.55,10.56,63.29,0,0,20.00,0.367879,0.000000,60.05
11,22.58,74.87,18.57,56.78,0,0,24.48,0.105399,0.000000,59.25
12,19.07,70.02,18.99,84.83,0,0,15.64,0.018316,0.000005,59.61
13,20.83,62.37,5.52,39.71,0,0,30.19,0.001930,0.000123,51.97
14,19.15,64.03,18.77,22.73,0,0,32.16,0.000123,0.001930,51.23
15,19.64,48.34,14.79,55.04,0,0,18.35,0.000005,0.018316,52.99
16,20.38,58.48,19.26,17.97,0,0,19.39,0.000000,0.105399,59.95
17,21.27,48.13,9.37,59.76,0,0,6.29,0.000000,0.367879,68.33
18,19.27,59.11,16.73,86.72,0,0,0.00,0.000000,0.778801,94.79
19,21.97,67.89,7.50,29.33,0,0,0.00,0.000000,1.000000,96.65
20,21.02,70.81,10.59,28.13,0,0,0.00,0.000000,0.778801,90.09
21,21.93,68.82,3.20,58.00,0,0,0.00,0.000000,0.367879,65.12
22,19.80,46.36,9.46,70.62,0,0,0.00,0.000000,0.105399,59.43
23,21.11,58.05,8.84,77.87,0,0,0.00,0.000000,0.018316,58.16
0,18.99,74.66,10.54,55.50,1,0,0.00,0.000000,0.000000,65.92
1,21.75,60.51,13.19,17.55,1,0,0.00,0.000005,0.000000,57.22
2,21.28,51.73,7.87,93.20,1,0,0.00,0.000123,0.000000,62.92
3,19.58,67.96,6.69,49.14,1,0,0.00,0.001930,0.000000,58.27
4,20.83,52.33,8.04,32.27,1,0,0.00,0.018316,0.000000,58.44
5,19.16,75.16,16.96,55.29,1,0,0.00,0.105399,0.000000,64.37
6,19.51,63.31,14.97,59.22,1,0,0.00,0.367879,0.000000,76.93
7,21.04,54.21,10.38,72.03,1,0,5.19,0.778801,0.000000,85.35
8,19.77,57.11,7.34,43.07,1,0,15.04,1.000000,0.000000,90.44
9,22.60,54.45,15.91,72.30,1,0,14.12,0.778801,0.000000,83.46
10,19.41,73.80,11.01,78.04,1,0,15.58,0.367879,0.000000,72.33
11,20.28,53.48,11.49,55.59,1,0,24.88,0.105399,0.000000,66.09
12,19.34,57.47,15.98,84.52,1,0,15.74,0.018316,0.000005,65.72
13,19.27,67.83,3.15,44.32,1,0,28.65,0.001930,0.000123,64.33
14,19.08,74.18,8.67,89.46,1,0,12.15,0.000123,0.001930,65.00
15,20.15,68.41,15.09,24.35,1,0,25.86,0.000005,0.018316,59.01
16,21.90,69.15,5.00,25.22,1,0,18.13,0.000000,0.105399,66.77
17,20.47,72.93,20.51,68.59,1,0,5.50,0.000000,0.367879,84.70
18,21.95,71.19,19.98,28.14,1,0,0.00,0.000000,0.778801,92.64
19,22.14,78.85,13.62,55.66,1,0,0.00,0.000000,1.000000,112.71
20,21.80,76.19,18.42,67.35,1,0,0.00,0.000000,0.778801,100.96
21,21.90,64.86,17.26,23.26,1,0,0.00,0.000000,0.367879,76.19
22,19.55,66.23,14.99,37.69,1,0,0.00,0.000000,0.105399,62.37
23,21.71,59.98,13.89,45.25,1,0,0.00,0.000000,0.018316,60.03
0,18.73,79.00,19.27,31.16,1,0,0.00,0.000000,0.000000,62.03
1,21.27,50.36,18.98,75.57,1,0,0.00,0.000005,0.000000,62.60
2,22.56,50.11,11.12,25.89,1,0,0.00,0.000123,0.000000,52.99
3,18.93,77.44,16.12,27.19,1,0,0.00,0.001930,0.000000,64.13
4,20.96,76.51,18.27,43.61,1,0,0.00,0.018316,0.000000,60.03
5,21.63,47.62,4.14,15.23,1,0,0.00,0.105399,0.000000,59.62
6,20.66,77.33,4.04,32.08,1,0,0.00,0.367879,0.000000,67.64
7,21.64,70.98,10.75,34.56,1,0,8.55,0.778801,0.000000,88.59
8,22.03,50.45,9.34,32.42,1,0,16.89,1.000000,0.000000,88.76
9,18.78,69.44,5.93,48.99,1,0,19.83,0.778801,0.000000,87.86
10,20.96,60.40,14.01,18.09,1,0,33.55,0.367879,0.000000,71.80
11,19.75,62.72,8.89,27.15,1,0,34.39,0.105399,0.000000,60.06
12,20.60,64.82,15.04,86.69,1,0,14.99,0.018316,0.000005,68.60
13,21.24,56.79,7.85,32.88,1,0,32.47,0.001930,0.000123,56.42
14,21.61,49.76,3.54,34.01,1,0,28.78,0.000123,0.001930,54.81
15,19.82,59.51,19.01,32.24,1,0,23.93,0.000005,0.018316,66.36
16,21.27,62.69,9.17,85.52,1,0,7.70,0.000000,0.105399,65.28
17,19.20,62.27,15.67,58.25,1,0,6.43,0.000000,0.367879,83.00
18,20.39,45.92,3.38,49.83,1,0,0.00,0.000000,0.778801,88.69
19,20.72,79.66,12.90,24.95,1,0,0.00,0.000000,1.000000,110.50
20,21.78,67.30,10.63,55.66,1,0,0.00,0.000000,0.778801,101.01
21,18.85,56.60,9.12,47.87,1,0,0.00,0.000000,0.367879,80.72
22,18.68,55.26,13.68,44.52,1,0,0.00,0.000000,0.105399,70.56
23,19.35,59.23,18.40,54.21,1,0,0.00,0.000000,0.018316,62.97
0,20.36,63.50,16.78,19.63,0,0,0.00,0.000000,0.000000,55.98
1,22.32,71.68,3.07,38.40,0,0,0.00,0.000005,0.000000,48.55
2,20.73,66.24,8.14,83.43,0,0,0.00,0.000123,0.000000,53.02
3,19.13,50.43,13.00,20.72,0,0,0.00,0.001930,0.000000,55.91
4,18.79,68.75,7.26,35.44,0,0,0.00,0.018316,0.000000,55.05
5,19.75,71.27,20.47,45.41,0,0,0.00,0.105399,0.000000,56.07
6,18.47,63.36,13.29,55.67,0,0,0.00,0.367879,0.000000,66.41
7,20.34,53.17,16.70,53.11,0,0,6.89,0.778801,0.000000,77.12
8,18.75,47.57,19.77,29.22,0,0,17.44,1.000000,0.000000,80.35
9,21.87,64.86,17.91,27.21,0,0,25.16,0.778801,0.000000,73.46
10,21.91,61.63,5.51,42.31,0,0,26.29,0.367879,0.000000,64.51
11,20.94,54.30,13.38,48.55,0,0,27.23,0.105399,0.000000,50.62
12,19.34,52.59,15.52,81.95,0,0,16.63,0.018316,0.000005,60.52
13,19.38,53.79,6.92,83.81,0,0,15.44,0.001930,0.000123,51.62
14,21.43,44.97,20.99,66.98,0,0,18.89,0.000123,0.001930,52.70
15,19.07,65.74,17.95,84.08,0,0,11.24,0.000005,0.018316,60.13
16,19.31,48.21,12.95,91.69,0,0,6.63,0.000000,0.105399,58.93
17,19.86,55.20,6.97,87.17,0,0,3.84,0.000000,0.367879,69.87
18,20.12,61.21,14.27,79.92,0,0,0.00,0.000000,0.778801,90.79
19,20.08,69.80,17.59,64.83,0,0,0.00,0.000000,1.000000,106.12
20,19.63,70.07,18.53,72.27,0,0,0.00,0.000000,0.778801,89.28
21,20.24,62.83,10.33,39.02,0,0,0.00,0.000000,0.367879,67.63
22,22.19,51.17,13.53,86.82,0,0,0.00,0.000000,0.105399,57.98
23,18.87,77.07,5.35,35.55,0,0,0.00,0.000000,0.018316,58.90
0,21.98,50.16,8.04,50.07,0,0,0.00,0.000000,0.000000,54.38
1,21.45,64.36,17.63,72.54,0,0,0.00,0.000005,0.000000,59.92
2,19.69,78.42,9.21,33.65,0,0,0.00,0.000123,0.000000,58.89
3,20.47,79.13,5.30,41.48,0,0,0.00,0.001930,0.000000,49.46
4,21.00,50.84,18.27,59.78,0,0,0.00,0.018316,0.000000,52.76
5,21.46,64.05,9.39,74.11,0,0,0.00,0.105399,0.000000,61.74
6,21.57,51.31,7.27,38.81,0,0,0.00,0.367879,0.000000,61.89
7,19.79,47.48,10.75,45.02,0,0,7.61,0.778801,0.000000,71.37
8,21.50,75.75,17.55,40.66,0,0,15.46,1.000000,0.000000,90.50
9,21.13,68.69,11.22,41.37,0,0,21.69,0.778801,0.000000,76.23
10,19.22,53.72,16.59,63.71,0,0,19.87,0.367879,0.000000,70.36
11,19.22,66.84,13.54,24.26,0,0,35.35,0.105399,0.000000,59.95
12,18.90,74.65,19.98,94.35,0,0,12.34,0.018316,0.000005,57.34
13,19.50,75.49,19.19,73.87,0,0,18.77,0.001930,0.000123,56.95
14,20.84,70.30,14.75,53.24,0,0,23.01,0.000123,0.001930,58.78
15,21.39,52.33,18.83,79.83,0,0,12.28,0.000005,0.018316,53.82
16,20.11,48.30,12.79,65.66,0,0,11.13,0.000000,0.105399,54.75
17,18.69,73.77,5.86,32.54,0,0,8.73,0.000000,0.367879,72.40
18,18.59,60.51,12.82,77.08,0,0,0.00,0.000000,0.778801,90.15
19,21.67,56.71,16.70,76.06,0,0,0.00,0.000000,1.000000,102.94
20,18.70,60.42,8.73,67.46,0,0,0.00,0.000000,0.778801,93.86
21,18.91,45.34,16.49,44.26,0,0,0.00,0.000000,0.367879,67.60
22,20.85,49.21,20.37,23.47,0,0,0.00,0.000000,0.105399,57.36
23,21.49,59.03,11.77,42.96,0,0,0.00,0.000000,0.018316,55.42
0,21.89,44.75,17.94,70.89,0,0,0.00,0.000000,0.000000,52.18
1,19.94,65.28,9.06,87.76,0,0,0.00,0.000005,0.000000,54.61
2,21.54,54.33,4.23,16.35,0,0,0.00,0.000123,0.000000,50.06
3,19.19,78.98,19.09,25.13,0,0,0.00,0.001930,0.000000,55.69
4,21.08,60.43,8.09,62.37,0,0,0.00,0.018316,0.000000,57.45
5,19.49,73.95,14.51,37.04,0,0,0.00,0.105399,0.000000,63.37
6,20.73,77.07,11.28,27.35,0,0,0.00,0.367879,0.000000,63.61
7,21.47,66.33,10.70,83.80,0,0,4.14,0.778801,0.000000,74.48
8,19.31,73.50,16.34,48.36,0,0,14.13,1.000000,0.000000,84.15
9,20.60,52.13,9.84,38.68,0,0,22.35,0.778801,0.000000,72.55
10,20.59,65.34,17.93,53.71,0,0,22.87,0.367879,0.000000,67.60
11,20.08,67.68,18.08,58.43,0,0,23.93,0.105399,0.000000,56.55
12,19.78,79.88,4.91,89.31,0,0,14.09,0.018316,0.000005,56.55
13,18.93,79.98,17.46,79.21,0,0,16.98,0.001930,0.000123,55.67
14,18.96,57.94,9.29,93.59,0,0,10.91,0.000123,0.001930,51.84
15,20.92,65.86,5.67,73.92,0,0,13.73,0.000005,0.018316,52.74
16,18.65,61.60,10.79,84.00,0,0,7.96,0.000000,0.105399,59.19
17,20.03,57.75,12.54,18.81,0,0,9.96,0.000000,0.367879,70.09
18,18.76,77.98,3.88,49.78,0,0,0.00,0.000000,0.778801,89.47
19,20.44,48.36,17.98,79.86,0,0,0.00,0.000000,1.000000,97.26
20,22.10,69.63,10.29,85.56,0,0,0.00,0.000000,0.778801,88.67
21,21.13,62.93,16.59,27.59,0,0,0.00,0.000000,0.367879,72.91
22,19.17,73.24,13.95,33.21,0,0,0.00,0.000000,0.105399,55.76
23,20.05,77.94,8.29,87.89,0,0,0.00,0.000000,0.018316,57.61
0,19.04,51.10,4.11,30.28,0,0,0.00,0.000000,0.000000,46.26
1,19.69,59.76,4.19,20.66,0,0,0.00,0.000005,0.000000,49.00
2,18.93,65.91,8.00,37.55,0,0,0.00,0.000123,0.000000,48.92
3,21.62,75.98,4.45,73.57,0,0,0.00,0.001930,0.000000,54.32
4,19.13,56.20,4.58,20.68,0,0,0.00,0.018316,0.000000,54.12
5,21.26,61.86,9.93,68.35,0,0,0.00,0.105399,0.000000,58.65
6,19.68,71.33,18.80,55.93,0,0,0.00,0.367879,0.000000,70.37
7,20.79,45.58,10.96,48.99,0,0,7.26,0.778801,0.000000,70.68
8,19.84,64.68,7.69,83.87,0,0,7.98,1.000000,0.000000,90.62
9,20.78,57.78,17.60,17.69,0,0,27.49,0.778801,0.000000,70.89
10,19.54,74.26,4.44,51.31,0,0,23.59,0.367879,0.000000,68.64
11,20.98,67.06,5.57,32.23,0,0,32.69,0.105399,0.000000,51.88
12,20.17,49.04,18.59,26.63,0,0,35.78,0.018316,0.000005,55.29
13,18.07,62.35,9.66,21.52,0,0,36.27,0.001930,0.000123,50.47
14,21.25,72.30,10.65,91.54,0,0,11.53,0.000123,0.001930,55.46
15,21.19,54.81,14.80,60.09,0,0,17.11,0.000005,0.018316,57.64
16,18.76,72.55,6.26,28.30,0,0,17.60,0.000000,0.105399,56.03
17,19.74,53.54,19.98,91.39,0,0,3.46,0.000000,0.367879,75.00
18,18.96,60.98,16.99,20.50,0,0,0.00,0.000000,0.778801,93.25
19,18.42,66.13,5.54,90.30,0,0,0.00,0.000000,1.000000,99.87
20,18.01,49.04,8.89,72.92,0,0,0.00,0.000000,0.778801,94.16
21,19.98,67.74,19.03,90.55,0,0,0.00,0.000000,0.367879,76.86
22,19.67,60.07,6.09,56.38,0,0,0.00,0.000000,0.105399,61.20
23,21.55,53.17,18.11,59.34,0,0,0.00,0.000000,0.018316,51.25
0,19.69,60.59,4.76,21.64,0,0,0.00,0.000000,0.000000,53.02
1,20.45,51.23,5.25,83.28,0,0,0.00,0.000005,0.000000,51.63
2,19.70,73.65,7.60,48.66,0,0,0.00,0.000123,0.000000,59.35
3,21.62,46.35,16.97,62.33,0,0,0.00,0.001930,0.000000,50.29
4,19.92,50.25,13.21,66.82,0,0,0.00,0.018316,0.000000,50.79
5,19.90,46.61,15.02,16.79,0,0,0.00,0.105399,0.000000,53.98
6,18.04,65.68,17.02,24.68,0,0,0.00,0.367879,0.000000,69.87
7,21.31,74.56,19.49,81.00,0,0,4.39,0.778801,0.000000,83.38
8,20.78,55.69,13.31,49.09,0,0,14.00,1.000000,0.000000,87.53
9,21.59,78.10,19.91,51.95,0,0,19.10,0.778801,0.000000,84.89
10,18.81,77.33,18.01,37.33,0,0,27.78,0.367879,0.000000,66.89
11,20.54,72.46,5.86,66.23,0,0,21.32,0.105399,0.000000,56.30
12,18.79,70.96,10.02,58.42,0,0,24.78,0.018316,0.000005,55.17
13,21.27,44.47,8.52,79.10,0,0,17.02,0.001930,0.000123,53.46
14,21.25,45.90,17.40,64.99,0,0,19.49,0.000123,0.001930,54.90
15,21.16,70.22,17.66,81.21,0,0,11.94,0.000005,0.018316,59.16
16,21.34,72.43,6.33,40.71,0,0,15.45,0.000000,0.105399,60.57
17,17.95,45.34,14.64,15.14,0,0,10.29,0.000000,0.367879,71.62
18,19.03,45.79,6.52,94.94,0,0,0.00,0.000000,0.778801,88.77
19,21.70,69.93,11.15,71.57,0,0,0.00,0.000000,1.000000,100.64
20,19.21,69.88,4.19,70.89,0,0,0.00,0.000000,0.778801,95.10
21,17.92,63.81,20.18,18.30,0,0,0.00,0.000000,0.367879,71.67
22,19.36,61.02,19.04,61.60,0,0,0.00,0.000000,0.105399,60.84
23,20.94,66.08,7.76,48.77,0,0,0.00,0.000000,0.018316,55.09
0,18.40,52.93,17.77,94.04,1,0,0.00,0.000000,0.000000,68.71
1,18.30,61.14,7.40,16.66,1,0,0.00,0.000005,0.000000,57.70
2,19.71,63.99,9.89,50.73,1,0,0.00,0.000123,0.000000,57.10
3,21.19,64.38,8.89,52.84,1,0,0.00,0.001930,0.000000,65.20
4,21.15,71.72,14.79,35.56,1,0,0.00,0.018316,0.000000,67.48
5,18.62,72.25,7.92,46.76,1,0,0.00,0.105399,0.000000,68.19
6,18.58,67.93,4.59,80.94,1,0,0.00,0.367879,0.000000,80.59
7,20.29,70.23,10.40,80.92,1,0,4.40,0.778801,0.000000,85.45
8,19.58,52.03,12.49,81.77,1,0,8.35,1.000000,0.000000,98.29
9,18.60,44.05,18.23,38.55,1,0,22.38,0.778801,0.000000,83.81
10,17.99,45.71,18.39,73.65,1,0,16.89,0.367879,0.000000,79.30
11,18.90,63.21,7.08,27.72,1,0,34.20,0.105399,0.000000,63.15
12,19.90,69.88,19.03,72.12,1,0,20.03,0.018316,0.000005,69.57
13,18.90,67.06,15.97,22.91,1,0,35.81,0.001930,0.000123,59.61
14,18.55,48.43,5.63,82.95,1,0,14.11,0.000123,0.001930,60.43
15,20.48,54.77,7.28,24.14,1,0,25.91,0.000005,0.018316,61.44
16,18.69,55.60,19.75,84.36,1,0,7.90,0.000000,0.105399,67.81
17,20.97,76.60,9.71,78.02,1,0,4.66,0.000000,0.367879,81.99
18,18.69,74.53,13.87,76.27,1,0,0.00,0.000000,0.778801,102.78
19,20.53,47.59,11.11,60.41,1,0,0.00,0.000000,1.000000,100.60
20,20.89,66.50,14.29,73.75,1,0,0.00,0.000000,0.778801,103.62
21,18.61,51.88,5.64,70.76,1,0,0.00,0.000000,0.367879,77.64
22,18.45,76.82,19.84,17.54,1,0,0.00,0.000000,0.105399,70.31
23,18.11,47.82,17.43,39.89,1,0,0.00,0.000000,0.018316,64.05
0,21.11,44.23,6.79,47.75,1,0,0.00,0.000000,0.000000,54.39
1,21.35,59.16,12.90,69.51,1,0,0.00,0.000005,0.000000,57.83
2,19.98,72.06,9.11,63.68,1,0,0.00,0.000123,0.000000,61.34
3,18.41,74.54,3.83,69.85,1,0,0.00,0.001930,0.000000,68.16
4,20.06,69.72,18.31,37.30,1,0,0.00,0.018316,0.000000,61.00
5,20.29,69.67,15.66,84.45,1,0,0.00,0.105399,0.000000,71.30
6,18.71,74.71,19.36,65.97,1,0,0.00,0.367879,0.000000,80.18
7,21.44,47.79,8.11,15.43,1,0,10.26,0.778801,0.000000,75.59
8,21.32,50.09,14.61,25.98,1,0,18.00,1.000000,0.000000,92.40
9,20.47,68.01,7.09,51.74,1,0,19.16,0.778801,0.000000,85.69
10,21.33,53.30,16.16,67.40,1,0,18.76,0.367879,0.000000,72.09
11,21.39,57.39,12.23,83.06,1,0,15.70,0.105399,0.000000,68.09
12,20.66,48.16,7.49,18.41,1,0,38.63,0.018316,0.000005,58.99
13,18.66,75.99,4.11,37.76,1,0,30.84,0.001930,0.000123,62.57
14,21.08,45.08,14.22,67.27,1,0,18.81,0.000123,0.001930,60.05
15,20.04,47.96,18.32,59.58,1,0,17.24,0.000005,0.018316,65.42
16,19.31,63.08,15.80,48.87,1,0,14.04,0.000000,0.105399,69.88
17,20.54,49.69,3.04,19.70,1,0,9.88,0.000000,0.367879,75.40
18,20.11,69.41,15.89,64.30,1,0,0.00,0.000000,0.778801,102.46
19,20.73,52.43,8.75,53.36,1,0,0.00,0.000000,1.000000,108.16
20,20.72,58.70,9.31,31.72,1,0,0.00,0.000000,0.778801,97.40
21,20.01,48.43,20.09,58.67,1,0,0.00,0.000000,0.367879,74.49
22,21.42,65.62,8.97,49.59,1,0,0.00,0.000000,0.105399,62.10
23,18.18,63.27,8.87,83.53,1,0,0.00,0.000000,0.018316,64.02
0,18.67,74.18,16.57,94.63,0,0,0.00,0.000000,0.000000,56.41
1,18.69,75.64,5.89,21.72,0,0,0.00,0.000005,0.000000,55.68
2,20.06,53.64,18.61,40.48,0,0,0.00,0.000123,0.000000,52.49
3,18.52,79.86,7.25,43.73,0,0,0.00,0.001930,0.000000,61.10
4,18.22,79.48,6.89,55.97,0,0,0.00,0.018316,0.000000,57.71
5,18.26,44.34,20.88,28.87,0,0,0.00,0.105399,0.000000,56.14
6,18.25,77.29,14.33,26.71,0,0,0.00,0.367879,0.000000,70.83
7,18.96,51.30,15.22,66.57,0,0,5.68,0.778801,0.000000,79.52
8,20.94,76.13,6.79,87.58,0,0,7.34,1.000000,0.000000,90.72
9,19.67,77.02,19.73,21.50,0,0,26.56,0.778801,0.000000,81.61
10,17.92,74.48,17.87,40.19,0,0,26.92,0.367879,0.000000,71.74
11,17.44,54.88,11.54,55.00,0,0,25.08,0.105399,0.000000,53.78
12,20.64,52.16,15.66,64.20,0,0,22.78,0.018316,0.000005,56.53
13,18.21,62.83,18.82,68.30,0,0,20.63,0.001930,0.000123,55.93
14,19.53,44.13,6.07,19.36,0,0,33.17,0.000123,0.001930,46.35
15,17.69,51.63,8.79,46.92,0,0,20.34,0.000005,0.018316,55.90
16,18.71,57.27,10.32,80.77,0,0,8.52,0.000000,0.105399,62.36
17,18.29,67.82,3.71,85.09,0,0,4.02,0.000000,0.367879,71.08
18,18.86,60.18,17.33,39.73,0,0,0.00,0.000000,0.778801,89.69
19,18.34,45.18,14.59,59.20,0,0,0.00,0.000000,1.000000,99.41
20,21.14,61.41,8.14,78.89,0,0,0.00,0.000000,0.778801,86.89
21,20.73,71.00,17.77,64.67,0,0,0.00,0.000000,0.367879,73.01
22,18.17,52.37,10.94,61.63,0,0,0.00,0.000000,0.105399,54.99
23,19.03,75.33,7.01,77.48,0,0,0.00,0.000000,0.018316,62.12
0,18.45,60.68,19.30,63.64,0,0,0.00,0.000000,0.000000,57.40
1,18.63,64.21,13.85,93.00,0,0,0.00,0.000005,0.000000,54.07
2,19.64,74.36,4.78,46.39,0,0,0.00,0.000123,0.000000,57.72
3,20.39,62.55,12.38,77.82,0,0,0.00,0.001930,0.000000,58.71
4,20.55,75.72,10.92,92.09,0,0,0.00,0.018316,0.000000,57.72
5,20.47,50.37,9.20,88.01,0,0,0.00,0.105399,0.000000,52.69
6,19.38,60.68,13.75,32.44,0,0,0.00,0.367879,0.000000,68.39
7,20.83,68.77,17.91,66.64,0,0,5.68,0.778801,0.000000,79.48
8,19.67,56.60,10.68,34.67,0,0,16.50,1.000000,0.000000,86.00
9,20.45,60.15,8.46,17.17,0,0,27.62,0.778801,0.000000,78.42
10,18.02,63.06,17.31,22.30,0,0,32.29,0.367879,0.000000,70.11
11,18.70,72.82,14.25,65.07,0,0,21.71,0.105399,0.000000,60.49
12,17.62,77.34,13.64,90.63,0,0,13.63,0.018316,0.000005,61.43
13,18.99,63.67,9.96,90.19,0,0,13.31,0.001930,0.000123,61.47
14,18.16,57.82,9.59,31.90,0,0,29.41,0.000123,0.001930,54.81
15,19.35,59.68,17.40,64.03,0,0,16.15,0.000005,0.018316,51.68
16,20.69,60.01,8.81,19.04,0,0,19.20,0.000000,0.105399,55.35
17,19.44,59.23,19.17,43.01,0,0,7.79,0.000000,0.367879,72.26
18,18.93,44.81,9.52,33.37,0,0,0.00,0.000000,0.778801,88.68
19,17.50,44.03,14.08,76.21,0,0,0.00,0.000000,1.000000,102.58
20,17.93,77.58,14.24,26.24,0,0,0.00,0.000000,0.778801,96.46
21,19.57,53.76,15.55,89.43,0,0,0.00,0.000000,0.367879,74.69
22,17.60,51.40,3.17,22.69,0,0,0.00,0.000000,0.105399,60.02
23,18.06,53.37,13.14,31.33,0,0,0.00,0.000000,0.018316,57.76
0,18.31,61.54,14.19,31.31,0,0,0.00,0.000000,0.000000,51.44
1,20.11,54.78,3.57,56.47,0,0,0.00,0.000005,0.000000,54.03
2,20.40,60.19,11.01,63.20,0,0,0.00,0.000123,0.000000,57.09
3,18.15,68.84,11.90,80.77,0,0,0.00,0.001930,0.000000,61.77
4,20.69,53.32,20.19,50.69,0,0,0.00,0.018316,0.000000,51.86
5,18.77,58.88,13.17,39.89,0,0,0.00,0.105399,0.000000,53.99
6,18.91,67.97,9.24,16.54,0,0,0.00,0.367879,0.000000,61.38
7,19.30,75.35,15.06,58.01,0,0,6.45,0.778801,0.000000,80.53
8,19.65,59.62,14.35,63.05,0,0,11.59,1.000000,0.000000,89.49
9,20.02,66.22,9.52,16.02,0,0,27.90,0.778801,0.000000,80.20
10,17.68,60.46,14.80,51.97,0,0,23.39,0.367879,0.000000,66.50
11,20.46,57.15,14.22,60.89,0,0,23.11,0.105399,0.000000,54.93
12,17.68,56.73,5.98,56.00,0,0,25.62,0.018316,0.000005,53.35
13,17.27,52.15,18.26,26.15,0,0,34.72,0.001930,0.000123,52.06
14,17.77,56.37,18.23,85.57,0,0,13.32,0.000123,0.001930,57.46
15,17.19,72.08,20.44,62.19,0,0,16.60,0.000005,0.018316,63.74
16,20.71,49.83,4.78,15.50,0,0,19.82,0.000000,0.105399,48.02
17,19.74,51.64,3.05,89.73,0,0,3.61,0.000000,0.367879,68.54
18,20.19,59.51,11.05,80.35,0,0,0.00,0.000000,0.778801,94.77
19,19.63,79.09,13.00,74.56,0,0,0.00,0.000000,1.000000,107.72
20,18.99,66.34,6.61,39.55,0,0,0.00,0.000000,0.778801,87.53
21,20.41,53.26,8.75,62.73,0,0,0.00,0.000000,0.367879,70.73
22,17.26,54.24,16.89,38.72,0,0,0.00,0.000000,0.105399,59.00
23,18.23,66.00,13.74,16.31,0,0,0.00,0.000000,0.018316,58.53
0,18.76,79.53,20.12,57.21,0,0,0.00,0.000000,0.000000,63.20
1,17.46,56.70,7.89,77.24,0,0,0.00,0.000005,0.000000,55.80
2,20.17,45.09,3.79,58.41,0,0,0.00,0.000123,0.000000,53.28
3,18.05,62.13,15.20,43.92,0,0,0.00,0.001930,0.000000,57.17
4,20.47,47.22,5.32,94.26,0,0,0.00,0.018316,0.000000,51.41
5,19.53,44.47,8.90,58.68,0,0,0.00,0.105399,0.000000,52.19
6,20.76,77.90,10.17,43.18,0,0,0.00,0.367879,0.000000,65.66
7,20.67,60.84,16.91,58.00,0,0,6.45,0.778801,0.000000,78.59
8,16.94,79.79,13.34,46.75,0,0,14.41,1.000000,0.000000,89.60
9,19.07,59.69,16.65,36.86,0,0,22.80,0.778801,0.000000,75.79
10,19.62,45.22,10.80,39.54,0,0,27.12,0.367879,0.000000,63.26
11,18.27,66.51,14.97,68.53,0,0,20.55,0.105399,0.000000,57.82
12,19.50,76.55,11.36,23.73,0,0,36.78,0.018316,0.000005,59.20
13,20.55,50.80,16.79,27.07,0,0,34.42,0.001930,0.000123,54.82
14,18.92,59.38,8.16,30.75,0,0,29.75,0.000123,0.001930,47.66
15,19.22,57.14,10.43,85.85,0,0,10.81,0.000005,0.018316,56.88
16,19.59,50.47,15.12,20.32,0,0,18.98,0.000000,0.105399,51.03
17,17.72,52.89,15.57,37.56,0,0,8.28,0.000000,0.367879,72.77
18,17.92,61.90,10.69,39.32,0,0,0.00,0.000000,0.778801,85.46
19,19.82,58.90,16.46,63.66,0,0,0.00,0.000000,1.000000,102.19
20,17.43,66.37,3.91,22.42,0,0,0.00,0.000000,0.778801,88.52
21,18.27,60.57,9.39,59.53,0,0,0.00,0.000000,0.367879,68.48
22,17.45,46.75,14.19,49.28,0,0,0.00,0.000000,0.105399,55.95
23,17.31,70.06,12.92,40.14,0,0,0.00,0.000000,0.018316,55.05
0,17.38,58.64,15.37,64.40,0,0,0.00,0.000000,0.000000,61.02
1,18.36,72.18,14.96,76.00,0,0,0.00,0.000005,0.000000,57.82
2,19.26,52.04,16.99,79.47,0,0,0.00,0.000123,0.000000,57.23
3,18.64,48.34,17.27,83.58,0,0,0.00,0.001930,0.000000,57.15
4,19.81,55.55,12.16,20.77,0,0,0.00,0.018316,0.000000,55.35
5,19.43,74.07,7.29,65.76,0,0,0.00,0.105399,0.000000,62.90
6,16.70,55.70,14.01,39.07,0,0,0.00,0.367879,0.000000,69.56
7,18.34,77.40,13.42,68.68,0,0,5.49,0.778801,0.000000,78.98
8,20.64,50.19,16.78,53.43,0,0,13.25,1.000000,0.000000,83.62
9,17.40,66.88,13.24,78.59,0,0,12.58,0.778801,0.000000,86.28
10,18.35,63.70,9.43,56.71,0,0,21.97,0.367879,0.000000,66.16
11,19.90,44.35,6.53,49.82,0,0,26.81,0.105399,0.000000,50.07
12,16.89,63.09,7.46,15.40,0,0,39.67,0.018316,0.000005,50.83
13,17.09,64.56,19.06,78.12,0,0,17.35,0.001930,0.000123,58.23
14,17.44,76.37,20.11,74.27,0,0,16.71,0.000123,0.001930,64.69
15,18.01,77.92,8.25,17.55,0,0,27.52,0.000005,0.018316,52.37
16,19.45,50.70,8.61,52.49,0,0,13.41,0.000000,0.105399,53.96
17,20.14,77.88,20.56,68.49,0,0,5.51,0.000000,0.367879,77.65
18,18.75,59.47,10.36,76.72,0,0,0.00,0.000000,0.778801,92.95
19,18.46,53.40,13.55,84.47,0,0,0.00,0.000000,1.000000,98.48
20,18.84,78.60,3.64,24.21,0,0,0.00,0.000000,0.778801,87.84
21,18.63,67.49,9.23,81.09,0,0,0.00,0.000000,0.367879,73.65
22,19.35,55.38,9.25,29.28,0,0,0.00,0.000000,0.105399,58.55
23,20.43,79.83,16.50,86.90,0,0,0.00,0.000000,0.018316,62.26
0,17.54,71.64,4.56,24.90,1,0,0.00,0.000000,0.000000,59.69
1,19.00,75.96,16.15,17.65,1,0,0.00,0.000005,0.000000,64.22
2,19.10,75.21,18.23,52.99,1,0,0.00,0.000123,0.000000,62.22
3,18.18,77.54,9.19,88.43,1,0,0.00,0.001930,0.000000,69.97
4,16.68,46.07,5.41,66.61,1,0,0.00,0.018316,0.000000,64.04
5,18.59,73.99,15.86,85.86,1,0,0.00,0.105399,0.000000,74.59
6,19.36,69.19,4.96,30.17,1,0,0.00,0.367879,0.000000,73.74
7,17.06,55.61,20.20,91.73,1,0,3.43,0.778801,0.000000,94.95
8,18.34,45.65,18.69,44.89,1,0,14.73,1.000000,0.000000,87.41
9,18.95,72.38,19.14,23.86,1,0,25.98,0.778801,0.000000,90.50
10,17.52,66.01,14.27,90.77,1,0,11.76,0.367879,0.000000,80.93
11,20.39,79.32,19.76,84.75,1,0,15.13,0.105399,0.000000,72.93
12,19.61,56.87,20.93,88.61,1,0,14.33,0.018316,0.000005,65.00
13,18.78,52.59,3.77,49.81,1,0,26.81,0.001930,0.000123,59.03
14,20.19,76.65,17.28,91.09,1,0,11.66,0.000123,0.001930,67.07
15,18.78,79.06,9.03,47.69,1,0,20.15,0.000005,0.018316,60.66
16,17.86,79.28,15.61,55.30,1,0,12.93,0.000000,0.105399,73.57
17,16.68,69.79,3.20,92.75,1,0,3.34,0.000000,0.367879,79.69
18,16.75,51.31,6.25,55.95,1,0,0.00,0.000000,0.778801,98.11
19,20.15,56.97,3.60,46.85,1,0,0.00,0.000000,1.000000,100.43
20,18.85,68.04,12.50,73.01,1,0,0.00,0.000000,0.778801,101.82
21,18.06,63.17,11.40,41.08,1,0,0.00,0.000000,0.367879,83.68
22,19.60,78.83,19.59,55.66,1,0,0.00,0.000000,0.105399,74.00
23,19.84,68.57,3.72,81.80,1,0,0.00,0.000000,0.018316,63.37
0,19.27,50.79,14.68,50.19,1,0,0.00,0.000000,0.000000,58.82
1,16.60,69.27,14.60,84.85,1,0,0.00,0.000005,0.000000,65.61
2,17.09,55.44,19.36,88.98,1,0,0.00,0.000123,0.000000,64.53
3,17.27,49.79,12.28,91.84,1,0,0.00,0.001930,0.000000,62.45
4,17.49,45.74,19.32,94.55,1,0,0.00,0.018316,0.000000,61.44
5,18.88,67.24,15.27,88.10,1,0,0.00,0.105399,0.000000,68.98
6,19.45,74.09,16.60,83.38,1,0,0.00,0.367879,0.000000,82.07
7,16.43,72.65,4.07,68.31,1,0,5.53,0.778801,0.000000,89.88
8,19.81,65.31,6.38,42.50,1,0,15.14,1.000000,0.000000,93.34
9,17.98,61.73,8.08,67.60,1,0,15.27,0.778801,0.000000,88.11
10,19.55,59.24,16.23,63.77,1,0,19.85,0.367879,0.000000,70.25
11,16.57,73.84,6.41,78.77,1,0,17.13,0.105399,0.000000,72.81
12,16.41,66.06,20.45,80.06,1,0,17.29,0.018316,0.000005,72.50
13,17.21,46.36,16.11,34.10,1,0,32.07,0.001930,0.000123,64.34
14,17.02,60.39,5.37,81.04,1,0,14.68,0.000123,0.001930,64.03
15,18.61,53.73,5.55,29.42,1,0,24.62,0.000005,0.018316,61.24
16,20.29,75.26,4.80,56.75,1,0,12.68,0.000000,0.105399,63.74
17,19.94,75.45,12.20,32.41,1,0,8.74,0.000000,0.367879,79.71
18,17.78,71.06,16.10,71.60,1,0,0.00,0.000000,0.778801,102.53
19,19.86,59.83,10.06,51.95,1,0,0.00,0.000000,1.000000,106.62
20,18.98,49.00,5.85,73.62,1,0,0.00,0.000000,0.778801,94.42
21,18.00,68.90,4.54,36.63,1,0,0.00,0.000000,0.367879,83.08
22,17.00,48.85,9.55,79.15,1,0,0.00,0.000000,0.105399,72.09
23,17.92,70.23,12.55,21.11,1,0,0.00,0.000000,0.018316,60.17
0,16.52,69.92,20.24,66.64,0,0,0.00,0.000000,0.000000,63.97
1,19.08,64.01,12.41,16.64,0,0,0.00,0.000005,0.000000,53.33
2,17.71,64.92,17.08,90.03,0,0,0.00,0.000123,0.000000,62.36
3,16.74,45.29,9.87,89.20,0,0,0.00,0.001930,0.000000,57.56
4,17.58,61.72,3.55,46.73,0,0,0.00,0.018316,0.000000,53.15
5,19.52,53.03,4.41,32.15,0,0,0.00,0.105399,0.000000,53.05
6,19.27,52.64,6.72,33.29,0,0,0.00,0.367879,0.000000,64.62
7,17.75,64.80,12.30,63.86,0,0,5.93,0.778801,0.000000,77.37
8,18.91,78.36,5.97,37.73,0,0,15.97,1.000000,0.000000,90.34
9,18.55,66.33,19.69,70.68,0,0,14.52,0.778801,0.000000,80.05
10,19.48,73.95,9.51,36.79,0,0,27.94,0.367879,0.000000,61.62
11,16.59,45.01,12.71,35.15,0,0,31.71,0.105399,0.000000,58.65
12,16.36,75.10,8.96,53.44,0,0,26.50,0.018316,0.000005,55.08
13,17.02,53.90,13.84,85.49,0,0,14.88,0.001930,0.000123,59.19
14,17.04,50.93,18.83,90.56,0,0,11.82,0.000123,0.001930,54.21
15,17.01,50.87,17.33,38.50,0,0,22.40,0.000005,0.018316,57.64
16,18.78,57.53,13.10,75.10,0,0,9.50,0.000000,0.105399,57.88
17,18.58,63.05,18.85,69.97,0,0,5.38,0.000000,0.367879,74.06
18,20.12,79.13,8.53,48.70,0,0,0.00,0.000000,0.778801,88.94
19,16.30,67.66,10.00,79.49,0,0,0.00,0.000000,1.000000,104.18
20,16.61,73.42,14.29,90.51,0,0,0.00,0.000000,0.778801,94.89
21,19.90,67.15,5.74,24.45,0,0,0.00,0.000000,0.367879,68.89
22,19.50,72.33,5.81,40.98,0,0,0.00,0.000000,0.105399,61.56
23,17.48,49.47,14.63,26.94,0,0,0.00,0.000000,0.018316,51.54
0,16.49,61.70,13.52,36.01,0,0,0.00,0.000000,0.000000,57.63
1,16.06,69.13,12.41,92.01,0,0,0.00,0.000005,0.000000,55.57
2,19.92,53.19,15.70,25.57,0,0,0.00,0.000123,0.000000,55.26
3,18.82,62.73,10.67,20.31,0,0,0.00,0.001930,0.000000,48.71
4,16.06,49.44,12.11,62.61,0,0,0.00,0.018316,0.000000,54.36
5,17.92,68.64,6.10,39.25,0,0,0.00,0.105399,0.000000,56.45
6,18.44,73.39,12.21,33.89,0,0,0.00,0.367879,0.000000,63.54
7,17.95,64.22,19.38,57.98,0,0,6.45,0.778801,0.000000,76.48
8,17.79,45.04,3.05,47.55,0,0,14.27,1.000000,0.000000,79.30
9,19.19,66.68,16.20,78.42,0,0,12.62,0.778801,0.000000,86.27
10,19.13,51.83,17.76,39.12,0,0,27.24,0.367879,0.000000,67.62
11,16.90,49.71,16.69,92.31,0,0,12.60,0.105399,0.000000,61.48
12,16.39,64.60,9.01,92.42,0,0,13.01,0.018316,0.000005,57.95
13,18.44,74.41,15.77,87.15,0,0,14.33,0.001930,0.000123,60.98
14,17.07,44.43,9.13,79.36,0,0,15.18,0.000123,0.001930,55.18
15,17.64,58.69,17.34,58.07,0,0,17.61,0.000005,0.018316,54.07
16,16.91,53.54,6.71,89.27,0,0,7.05,0.000000,0.105399,56.60
17,19.88,66.09,6.44,61.96,0,0,6.10,0.000000,0.367879,71.99
18,19.36,64.14,4.55,86.88,0,0,0.00,0.000000,0.778801,90.28
19,16.60,69.46,13.29,80.15,0,0,0.00,0.000000,1.000000,100.89
20,17.36,50.58,13.41,55.80,0,0,0.00,0.000000,0.778801,92.02
21,17.53,76.89,10.00,21.91,0,0,0.00,0.000000,0.367879,76.30
22,19.46,54.63,7.10,94.59,0,0,0.00,0.000000,0.105399,62.11
23,19.26,79.85,11.87,87.12,0,0,0.00,0.000000,0.018316,59.16
0,17.40,50.11,3.99,80.90,0,0,0.00,0.000000,0.000000,58.68
1,19.03,79.37,16.58,78.54,0,0,0.00,0.000005,0.000000,55.70
2,16.75,54.34,6.01,71.06,0,0,0.00,0.000123,0.000000,54.21
3,19.52,65.91,9.79,76.66,0,0,0.00,0.001930,0.000000,52.39
4,16.85,72.01,15.48,21.96,0,0,0.00,0.018316,0.000000,57.52
5,19.73,73.44,15.49,48.36,0,0,0.00,0.105399,0.000000,59.39
6,15.89,56.35,8.18,15.30,0,0,0.00,0.367879,0.000000,67.99
7,18.94,59.92,13.52,59.24,0,0,6.34,0.778801,0.000000,75.09
8,17.30,56.99,8.45,74.94,0,0,9.53,1.000000,0.000000,84.48
9,18.91,77.74,5.69,84.28,0,0,11.19,0.778801,0.000000,86.18
10,17.40,50.68,4.32,82.53,0,0,14.23,0.367879,0.000000,69.24
11,18.37,57.96,5.00,86.20,0,0,14.64,0.105399,0.000000,58.82
12,19.10,78.52,13.22,78.64,0,0,17.78,0.018316,0.000005,62.21
13,17.22,79.01,13.11,61.93,0,0,22.76,0.001930,0.000123,57.21
14,18.43,60.65,13.18,52.20,0,0,23.32,0.000123,0.001930,51.88
15,17.40,52.41,8.32,68.58,0,0,15.03,0.000005,0.018316,55.35
16,16.90,75.38,13.23,74.36,0,0,9.63,0.000000,0.105399,67.06
17,17.37,77.51,20.51,37.54,0,0,8.28,0.000000,0.367879,73.49
18,17.48,65.66,9.20,29.65,0,0,0.00,0.000000,0.778801,88.35
19,16.18,61.66,3.32,72.87,0,0,0.00,0.000000,1.000000,106.00
20,17.63,45.95,12.57,22.19,0,0,0.00,0.000000,0.778801,90.43
21,18.55,51.14,8.31,33.16,0,0,0.00,0.000000,0.367879,67.97
22,17.14,72.19,12.01,52.33,0,0,0.00,0.000000,0.105399,62.84
23,18.73,74.37,12.64,40.03,0,0,0.00,0.000000,0.018316,52.19
0,16.38,70.28,18.88,35.22,0,0,0.00,0.000000,0.000000,60.28
1,18.82,66.14,3.08,65.93,0,0,0.00,0.000005,0.000000,53.26
2,19.19,63.46,8.27,52.23,0,0,0.00,0.000123,0.000000,50.82
3,16.29,50.59,9.39,53.84,0,0,0.00,0.001930,0.000000,56.64
4,16.00,74.92,19.79,32.81,0,0,0.00,0.018316,0.000000,55.37
5,18.23,51.19,17.01,77.24,0,0,0.00,0.105399,0.000000,56.47
6,16.13,71.25,11.08,45.46,0,0,0.00,0.367879,0.000000,71.56
7,16.10,58.97,16.71,65.08,0,0,5.82,0.778801,0.000000,84.34
8,17.69,56.71,17.14,54.37,0,0,13.09,1.000000,0.000000,86.34
9,16.37,56.65,18.06,78.36,0,0,12.64,0.778801,0.000000,86.12
10,16.94,46.65,8.58,40.41,0,0,26.86,0.367879,0.000000,65.88
11,17.69,62.56,19.49,77.60,0,0,17.52,0.105399,0.000000,58.56
12,16.81,50.52,7.84,94.66,0,0,12.23,0.018316,0.000005,59.66
13,17.61,65.84,3.25,48.55,0,0,27.23,0.001930,0.000123,52.50
14,15.93,79.05,7.92,55.58,0,0,22.31,0.000123,0.001930,55.66
15,18.65,62.26,14.71,62.57,0,0,16.51,0.000005,0.018316,53.50
16,17.12,71.00,20.99,22.07,0,0,18.68,0.000000,0.105399,66.34
17,15.83,54.15,17.62,22.07,0,0,9.67,0.000000,0.367879,69.66
18,16.22,46.14,7.27,18.58,0,0,0.00,0.000000,0.778801,85.62
19,17.93,56.50,9.37,87.25,0,0,0.00,0.000000,1.000000,105.87
20,17.37,51.38,18.92,81.01,0,0,0.00,0.000000,0.778801,96.73
21,19.37,64.76,20.40,20.20,0,0,0.00,0.000000,0.367879,67.08
22,16.43,54.34,20.91,57.22,0,0,0.00,0.000000,0.105399,64.82
23,18.08,76.22,13.59,44.44,0,0,0.00,0.000000,0.018316,60.03
0,15.62,63.48,14.74,19.66,0,0,0.00,0.000000,0.000000,56.58
1,16.33,78.76,7.97,64.65,0,0,0.00,0.000005,0.000000,56.97
2,16.27,50.34,17.32,34.27,0,0,0.00,0.000123,0.000000,52.18
3,18.93,59.65,8.92,68.82,0,0,0.00,0.001930,0.000000,54.47
4,19.21,67.87,7.19,24.43,0,0,0.00,0.018316,0.000000,49.53
5,18.87,78.62,16.00,48.52,0,0,0.00,0.105399,0.000000,63.70
6,15.69,53.20,12.06,76.88,0,0,0.00,0.367879,0.000000,65.19
7,18.02,60.06,20.38,26.58,0,0,9.27,0.778801,0.000000,82.22
8,17.51,72.34,4.26,22.22,0,0,18.65,1.000000,0.000000,84.22
9,18.39,64.65,5.54,61.07,0,0,16.87,0.778801,0.000000,83.11
10,19.02,53.65,4.45,32.07,0,0,29.36,0.367879,0.000000,61.92
11,18.01,64.93,11.28,84.47,0,0,15.22,0.105399,0.000000,62.47
12,17.85,73.66,15.52,91.92,0,0,13.18,0.018316,0.000005,60.15
13,18.77,45.35,20.25,22.63,0,0,35.90,0.001930,0.000123,50.09
14,19.06,76.14,8.98,39.46,0,0,27.14,0.000123,0.001930,50.55
15,16.76,45.72,8.25,64.54,0,0,16.02,0.000005,0.018316,50.69
16,15.71,66.78,5.37,26.22,0,0,17.96,0.000000,0.105399,59.88
17,17.47,67.45,16.75,65.74,0,0,5.76,0.000000,0.367879,70.96
18,18.75,44.14,5.16,32.53,0,0,0.00,0.000000,0.778801,88.65
19,18.58,74.65,4.71,30.85,0,0,0.00,0.000000,1.000000,102.58
20,19.16,54.45,20.46,25.09,0,0,0.00,0.000000,0.778801,90.94
21,17.25,72.53,16.09,78.97,0,0,0.00,0.000000,0.367879,79.58
22,16.85,70.38,12.02,79.64,0,0,0.00,0.000000,0.105399,66.63
23,17.52,65.73,5.09,94.37,0,0,0.00,0.000000,0.018316,56.82
0,18.88,71.37,6.30,42.17,1,0,0.00,0.000000,0.000000,60.40
1,18.51,59.81,5.43,49.50,1,0,0.00,0.000005,0.000000,61.62
2,15.46,74.47,11.84,56.07,1,0,0.00,0.000123,0.000000,70.46
3,15.70,74.41,19.00,82.34,1,0,0.00,0.001930,0.000000,68.02
4,17.70,65.96,3.27,45.27,1,0,0.00,0.018316,0.000000,61.37
5,17.15,72.21,12.93,60.81,1,0,0.00,0.105399,0.000000,68.73
6,17.92,51.47,10.37,38.31,1,0,0.00,0.367879,0.000000,70.22
7,17.61,47.17,16.80,58.35,1,0,6.42,0.778801,0.000000,90.61
8,18.83,67.71,12.30,32.29,1,0,16.91,1.000000,0.000000,92.73
9,17.61,71.27,9.85,21.68,1,0,26.51,0.778801,0.000000,84.99
10,18.61,56.11,3.05,31.90,1,0,29.41,0.367879,0.000000,66.34
11,18.84,45.25,6.57,59.34,1,0,23.63,0.105399,0.000000,58.59
12,19.15,69.25,13.10,23.74,1,0,36.78,0.018316,0.000005,62.55
13,18.31,63.83,17.99,22.80,1,0,35.84,0.001930,0.000123,62.91
14,17.54,56.05,17.51,63.96,1,0,19.80,0.000123,0.001930,59.72
15,18.89,68.00,19.15,75.82,1,0,13.26,0.000005,0.018316,66.21
16,16.55,69.27,10.43,33.17,1,0,16.76,0.000000,0.105399,64.94
17,17.44,60.34,13.36,77.13,1,0,4.74,0.000000,0.367879,78.18
18,15.47,68.80,10.94,91.87,1,0,0.00,0.000000,0.778801,101.70
19,18.36,50.06,8.12,41.55,1,0,0.00,0.000000,1.000000,103.83
20,17.53,47.16,6.27,36.80,1,0,0.00,0.000000,0.778801,96.06
21,15.58,65.46,13.29,20.47,1,0,0.00,0.000000,0.367879,82.12
22,17.79,69.97,17.57,79.07,1,0,0.00,0.000000,0.105399,69.18
23,17.80,75.62,18.31,18.91,1,0,0.00,0.000000,0.018316,62.08
0,18.08,45.59,16.34,63.41,1,0,0.00,0.000000,0.000000,65.16
1,15.48,58.89,18.74,48.23,1,0,0.00,0.000005,0.000000,61.16
2,15.28,69.21,9.74,49.46,1,0,0.00,0.000123,0.000000,63.77
3,18.75,70.29,8.97,66.25,1,0,0.00,0.001930,0.000000,65.09
4,18.17,78.09,19.74,65.99,1,0,0.00,0.018316,0.000000,65.11
5,17.64,77.26,10.23,64.82,1,0,0.00,0.105399,0.000000,71.41
6,15.95,75.60,20.96,31.55,1,0,0.00,0.367879,0.000000,79.55
7,18.28,75.61,17.94,93.38,1,0,3.28,0.778801,0.000000,88.08
8,18.63,55.59,5.34,56.26,1,0,12.76,1.000000,0.000000,87.28
9,15.46,48.72,20.01,41.93,1,0,21.56,0.778801,0.000000,85.04
10,15.77,78.90,3.40,63.62,1,0,19.90,0.367879,0.000000,82.17
11,17.23,60.80,8.01,31.60,1,0,32.90,0.105399,0.000000,65.23
12,17.01,79.04,12.61,43.24,1,0,30.03,0.018316,0.000005,65.62
13,17.17,49.26,19.83,81.79,1,0,16.12,0.001930,0.000123,67.01
14,19.04,74.37,13.08,51.13,1,0,23.64,0.000123,0.001930,59.23
15,17.97,70.80,18.96,24.35,1,0,25.86,0.000005,0.018316,64.40
16,17.43,50.25,15.46,57.34,1,0,12.58,0.000000,0.105399,64.60
17,16.50,74.43,16.07,21.82,1,0,9.69,0.000000,0.367879,84.93
18,18.15,59.53,6.40,87.70,1,0,0.00,0.000000,0.778801,102.47
19,17.89,79.08,11.25,44.88,1,0,0.00,0.000000,1.000000,109.06
20,18.46,45.82,5.84,80.99,1,0,0.00,0.000000,0.778801,99.41
21,18.53,49.29,10.56,36.83,1,0,0.00,0.000000,0.367879,81.06
22,19.02,48.64,12.14,30.78,1,0,0.00,0.000000,0.105399,61.53
23,17.96,74.54,15.95,47.09,1,0,0.00,0.000000,0.018316,66.03
0,18.29,64.47,8.71,47.23,0,0,0.00,0.000000,0.000000,50.81
1,15.11,52.49,11.78,35.09,0,0,0.00,0.000005,0.000000,50.59
2,18.17,51.29,7.61,23.37,0,0,0.00,0.000123,0.000000,55.97
3,16.77,56.63,4.00,15.82,0,0,0.00,0.001930,0.000000,56.14
4,15.20,70.58,16.03,87.38,0,0,0.00,0.018316,0.000000,57.05
5,18.41,55.18,15.82,64.41,0,0,0.00,0.105399,0.000000,54.45
6,15.93,78.73,20.10,73.06,0,0,0.00,0.367879,0.000000,74.13
7,15.53,54.27,8.13,22.85,0,0,9.60,0.778801,0.000000,79.72
8,18.51,78.23,12.44,29.15,0,0,17.45,1.000000,0.000000,87.17
9,18.41,68.64,6.79,44.61,0,0,20.90,0.778801,0.000000,79.47
10,15.25,70.57,7.30,19.50,0,0,33.13,0.367879,0.000000,67.31
11,16.12,76.63,9.72,94.85,0,0,11.75,0.105399,0.000000,62.73
12,16.18,64.58,17.33,46.38,0,0,28.95,0.018316,0.000005,62.48
13,17.67,55.34,13.03,42.56,0,0,29.24,0.001930,0.000123,56.89
14,15.15,75.25,10.79,41.63,0,0,26.49,0.000123,0.001930,53.47
15,18.02,57.27,6.97,39.57,0,0,22.13,0.000005,0.018316,52.88
16,16.46,50.93,18.83,61.63,0,0,11.83,0.000000,0.105399,61.07
17,14.99,47.45,7.92,85.97,0,0,3.94,0.000000,0.367879,72.50
18,18.33,54.98,19.33,36.07,0,0,0.00,0.000000,0.778801,86.22
19,18.36,77.86,19.44,36.39,0,0,0.00,0.000000,1.000000,104.43
20,17.27,50.18,3.53,82.98,0,0,0.00,0.000000,0.778801,86.90
21,18.85,61.36,6.39,52.40,0,0,0.00,0.000000,0.367879,73.40
22,17.39,62.69,9.08,57.56,0,0,0.00,0.000000,0.105399,64.48
23,16.40,50.74,4.52,17.70,0,0,0.00,0.000000,0.018316,49.38
0,16.88,57.08,20.49,76.15,0,0,0.00,0.000000,0.000000,58.08
1,18.64,54.19,11.23,29.47,0,0,0.00,0.000005,0.000000,56.50
2,15.59,71.47,20.37,33.10,0,0,0.00,0.000123,0.000000,55.45
3,14.87,64.86,7.84,47.12,0,0,0.00,0.001930,0.000000,54.84
4,17.76,50.09,6.21,73.31,0,0,0.00,0.018316,0.000000,54.97
5,16.50,69.07,7.17,42.70,0,0,0.00,0.105399,0.000000,54.46
6,16.53,78.20,9.24,20.77,0,0,0.00,0.367879,0.000000,72.11
7,17.69,52.05,10.19,81.00,0,0,4.39,0.778801,0.000000,76.57
8,16.60,55.11,20.23,39.79,0,0,15.61,1.000000,0.000000,82.21
9,15.39,76.94,7.66,67.18,0,0,15.38,0.778801,0.000000,79.41
10,18.40,67.80,8.34,64.54,0,0,19.62,0.367879,0.000000,64.87
11,16.02,68.35,17.90,79.30,0,0,16.95,0.105399,0.000000,63.06
12,17.16,77.91,15.03,79.84,0,0,17.36,0.018316,0.000005,62.33
13,14.84,75.76,19.71,59.33,0,0,23.63,0.001930,0.000123,56.08
14,15.67,45.72,20.39,76.45,0,0,16.05,0.000123,0.001930,55.38
15,18.66,45.31,12.32,92.26,0,0,9.24,0.000005,0.018316,58.59
16,16.77,45.58,14.87,62.91,0,0,11.61,0.000000,0.105399,57.28
17,16.04,44.92,12.31,84.95,0,0,4.04,0.000000,0.367879,74.34
18,17.88,67.26,7.88,37.18,0,0,0.00,0.000000,0.778801,87.23
19,16.88,71.90,8.29,48.98,0,0,0.00,0.000000,1.000000,103.78
20,18.58,49.85,16.19,91.48,0,0,0.00,0.000000,0.778801,88.51
21,14.94,45.63,15.03,79.89,0,0,0.00,0.000000,0.367879,70.21
22,15.86,57.23,5.07,26.46,0,0,0.00,0.000000,0.105399,60.75
23,15.09,44.13,8.30,34.15,0,0,0.00,0.000000,0.018316,53.56
0,16.99,78.50,7.29,51.79,0,0,0.00,0.000000,0.000000,55.06
1,17.69,47.11,9.35,79.48,0,0,0.00,0.000005,0.000000,54.57
2,17.39,50.56,5.04,94.52,0,0,0.00,0.000123,0.000000,53.35
3,17.74,48.81,3.23,19.35,0,0,0.00,0.001930,0.000000,49.62
4,17.99,49.77,4.94,28.78,0,0,0.00,0.018316,0.000000,49.60
5,14.87,75.50,18.05,93.17,0,0,0.00,0.105399,0.000000,64.59
6,16.68,53.37,16.94,85.72,0,0,0.00,0.367879,0.000000,71.81
7,17.95,48.69,13.30,34.96,0,0,8.52,0.778801,0.000000,80.76
8,17.75,74.01,10.50,26.29,0,0,17.95,1.000000,0.000000,88.90
9,16.52,67.08,10.57,20.32,0,0,26.85,0.778801,0.000000,79.09
10,15.23,65.10,9.02,25.76,0,0,31.25,0.367879,0.000000,70.66
11,17.91,73.32,5.13,29.02,0,0,33.77,0.105399,0.000000,54.27
12,17.73,47.42,8.30,94.07,0,0,12.44,0.018316,0.000005,56.95
13,17.06,76.85,20.41,23.72,0,0,35.53,0.001930,0.000123,52.67
14,15.06,55.26,15.66,23.64,0,0,31.88,0.000123,0.001930,56.94
15,14.88,77.00,11.66,39.38,0,0,22.18,0.000005,0.018316,60.26
16,17.43,68.21,7.89,62.50,0,0,11.68,0.000000,0.105399,56.06
17,18.05,62.11,11.54,36.89,0,0,8.34,0.000000,0.367879,66.44
18,15.92,57.36,7.07,19.62,0,0,0.00,0.000000,0.778801,89.90
19,17.17,73.99,11.72,45.22,0,0,0.00,0.000000,1.000000,98.53
20,14.70,77.94,9.82,26.62,0,0,0.00,0.000000,0.778801,91.25
21,17.26,53.99,6.97,61.38,0,0,0.00,0.000000,0.367879,71.89
22,16.74,47.54,6.78,50.49,0,0,0.00,0.000000,0.105399,55.27
23,15.15,54.47,12.93,84.30,0,0,0.00,0.000000,0.018316,60.31
0,15.14,56.36,13.60,20.40,0,0,0.00,0.000000,0.000000,51.45
1,16.45,62.55,7.37,50.54,0,0,0.00,0.000005,0.000000,58.65
2,17.47,76.59,10.54,43.29,0,0,0.00,0.000123,0.000000,61.00
3,16.04,57.39,11.92,42.18,0,0,0.00,0.001930,0.000000,55.04
4,18.30,54.65,10.54,62.79,0,0,0.00,0.018316,0.000000,50.32
5,14.42,78.56,5.90,35.76,0,0,0.00,0.105399,0.000000,62.82
6,15.58,52.71,20.89,88.86,0,0,0.00,0.367879,0.000000,72.17
7,17.65,65.67,14.42,59.60,0,0,6.31,0.778801,0.000000,82.66
8,17.96,45.21,17.01,16.53,0,0,19.64,1.000000,0.000000,81.15
9,17.05,75.40,14.16,51.58,0,0,19.20,0.778801,0.000000,77.77
10,16.82,57.80,11.97,86.34,0,0,13.09,0.367879,0.000000,70.93
11,17.36,45.97,14.22,44.36,0,0,28.63,0.105399,0.000000,58.33
12,16.79,79.02,10.00,81.20,0,0,16.89,0.018316,0.000005,64.82
13,15.83,68.26,18.41,75.85,0,0,18.10,0.001930,0.000123,58.48
14,15.21,72.69,3.77,70.01,0,0,17.98,0.000123,0.001930,53.60
15,16.06,68.38,14.54,73.89,0,0,13.73,0.000005,0.018316,61.57
16,14.63,62.64,9.34,41.62,0,0,15.30,0.000000,0.105399,62.18
17,16.37,44.17,5.98,61.29,0,0,6.16,0.000000,0.367879,70.60
18,15.89,47.93,15.41,69.60,0,0,0.00,0.000000,0.778801,95.90
19,15.42,54.29,17.82,54.74,0,0,0.00,0.000000,1.000000,98.02
20,18.11,59.95,15.48,52.88,0,0,0.00,0.000000,0.778801,86.59
21,15.80,53.82,8.06,74.50,0,0,0.00,0.000000,0.367879,71.02
22,15.14,77.67,13.74,55.33,0,0,0.00,0.000000,0.105399,62.79
23,15.60,77.89,4.60,65.33,0,0,0.00,0.000000,0.018316,58.50
0,15.22,52.58,20.38,83.27,0,0,0.00,0.000000,0.000000,59.14
1,15.15,44.97,19.60,18.96,0,0,0.00,0.000005,0.000000,49.36
2,15.58,47.27,13.77,59.08,0,0,0.00,0.000123,0.000000,60.33
3,16.07,67.39,16.26,28.09,0,0,0.00,0.001930,0.000000,61.22
4,16.67,46.28,7.21,36.39,0,0,0.00,0.018316,0.000000,50.95
5,15.32,70.20,3.80,37.95,0,0,0.00,0.105399,0.000000,58.59
6,16.92,78.12,6.14,22.69,0,0,0.00,0.367879,0.000000,62.64
7,16.77,65.52,11.40,17.39,0,0,10.09,0.778801,0.000000,79.45
8,15.05,51.09,3.39,33.59,0,0,16.69,1.000000,0.000000,82.21
9,14.62,70.89,12.71,73.93,0,0,13.72,0.778801,0.000000,84.87
10,15.92,78.22,3.38,64.89,0,0,19.52,0.367879,0.000000,65.11
11,17.95,57.44,15.76,49.29,0,0,26.99,0.105399,0.000000,62.46
12,16.39,48.53,3.89,38.06,0,0,31.82,0.018316,0.000005,54.80
13,16.90,68.14,10.50,40.39,0,0,29.96,0.001930,0.000123,55.21
14,16.41,64.20,14.89,37.90,0,0,27.61,0.000123,0.001930,58.98
15,16.24,75.43,10.27,59.64,0,0,17.22,0.000005,0.018316,57.64
16,17.14,67.78,18.07,21.87,0,0,18.71,0.000000,0.105399,58.04
17,14.29,52.58,15.87,82.62,0,0,4.25,0.000000,0.367879,72.39
18,16.98,49.18,17.61,65.12,0,0,0.00,0.000000,0.778801,89.58
19,17.49,74.70,14.17,76.54,0,0,0.00,0.000000,1.000000,101.94
20,16.33,69.93,12.18,57.06,0,0,0.00,0.000000,0.778801,89.22
21,17.04,61.79,15.22,23.47,0,0,0.00,0.000000,0.367879,71.67
22,16.79,64.22,11.20,91.07,0,0,0.00,0.000000,0.105399,59.54
23,15.39,55.63,14.89,53.54,0,0,0.00,0.000000,0.018316,60.36
0,16.66,68.42,9.65,52.22,1,0,0.00,0.000000,0.000000,62.26
1,14.75,79.10,20.03,70.54,1,0,0.00,0.000005,0.000000,71.63
2,15.47,61.74,17.65,94.77,1,0,0.00,0.000123,0.000000,63.94
3,16.63,52.66,12.52,49.74,1,0,0.00,0.001930,0.000000,59.42
4,14.17,58.65,4.39,75.61,1,0,0.00,0.018316,0.000000,61.69
5,15.64,44.76,17.03,80.85,1,0,0.00,0.105399,0.000000,65.58
6,17.35,70.57,15.39,78.04,1,0,0.00,0.367879,0.000000,81.21
7,15.74,51.30,19.63,23.20,1,0,9.57,0.778801,0.000000,91.58
8,17.59,58.85,12.16,66.24,1,0,11.03,1.000000,0.000000,93.11
9,15.64,63.05,13.69,59.37,1,0,17.29,0.778801,0.000000,87.90
10,15.82,45.18,18.41,79.65,1,0,15.10,0.367879,0.000000,77.58
11,15.94,47.44,5.22,43.67,1,0,28.86,0.105399,0.000000,67.50
12,14.05,69.34,14.29,74.10,1,0,19.35,0.018316,0.000005,70.31
13,16.58,70.34,8.50,27.69,1,0,34.21,0.001930,0.000123,65.18
14,16.61,48.70,11.87,86.81,1,0,12.95,0.000123,0.001930,61.54
15,15.67,76.31,10.58,71.17,1,0,14.40,0.000005,0.018316,67.38
16,15.92,54.10,19.78,30.68,1,0,17.19,0.000000,0.105399,71.56
17,15.24,73.85,7.70,58.91,1,0,6.37,0.000000,0.367879,80.16
18,17.65,50.12,17.51,55.25,1,0,0.00,0.000000,0.778801,97.14
19,15.25,47.47,20.88,66.35,1,0,0.00,0.000000,1.000000,115.67
20,16.92,57.87,9.03,71.28,1,0,0.00,0.000000,0.778801,102.87
21,17.95,63.91,16.80,15.23,1,0,0.00,0.000000,0.367879,81.68
22,15.96,65.50,9.23,28.90,1,0,0.00,0.000000,0.105399,70.35
23,14.65,59.02,9.17,19.24,1,0,0.00,0.000000,0.018316,63.89
0,16.83,76.74,12.33,50.08,1,0,0.00,0.000000,0.000000,68.43
1,14.95,79.46,11.65,64.21,1,0,0.00,0.000005,0.000000,64.78
2,15.29,49.48,15.45,50.72,1,0,0.00,0.000123,0.000000,65.02
3,17.21,73.43,15.73,62.27,1,0,0.00,0.001930,0.000000,69.85
4,16.78,65.32,5.19,29.41,1,0,0.00,0.018316,0.000000,61.07
5,15.16,51.77,6.39,30.30,1,0,0.00,0.105399,0.000000,61.20
6,15.30,68.85,11.40,55.76,1,0,0.00,0.367879,0.000000,82.58
7,16.44,78.31,4.40,54.18,1,0,6.79,0.778801,0.000000,91.37
8,16.11,76.57,8.88,24.42,1,0,18.27,1.000000,0.000000,99.46
9,15.10,68.09,15.92,57.52,1,0,17.74,0.778801,0.000000,87.37
10,15.46,74.67,18.90,37.71,1,0,27.67,0.367879,0.000000,73.79
11,16.11,64.36,15.73,40.70,1,0,29.86,0.105399,0.000000,64.71
12,17.30,71.29,14.96,24.38,1,0,36.56,0.018316,0.000005,66.87
13,15.36,50.02,3.39,39.85,1,0,30.14,0.001930,0.000123,57.77
14,14.89,74.44,8.02,80.22,1,0,14.92,0.000123,0.001930,67.14
15,17.55,61.87,7.77,58.58,1,0,17.48,0.000005,0.018316,62.57
16,16.12,59.47,5.49,51.82,1,0,13.53,0.000000,0.105399,70.58
17,16.23,46.44,15.31,15.36,1,0,10.27,0.000000,0.367879,79.84
18,15.62,75.03,9.03,24.30,1,0,0.00,0.000000,0.778801,100.07
19,14.27,54.10,3.21,88.96,1,0,0.00,0.000000,1.000000,114.56
20,14.82,56.35,20.44,40.91,1,0,0.00,0.000000,0.778801,104.65
21,17.34,45.86,9.59,60.48,1,0,0.00,0.000000,0.367879,76.39
22,17.72,75.81,19.90,82.87,1,0,0.00,0.000000,0.105399,77.22
23,15.24,62.74,14.73,26.56,1,0,0.00,0.000000,0.018316,68.53
0,15.74,65.53,13.08,56.15,0,0,0.00,0.000000,0.000000,58.58
1,17.34,57.94,20.39,80.55,0,0,0.00,0.000005,0.000000,62.51
2,14.14,76.56,19.09,53.92,0,0,0.00,0.000123,0.000000,61.16
3,17.36,61.96,16.23,30.70,0,0,0.00,0.001930,0.000000,58.86
4,15.49,57.84,12.04,32.70,0,0,0.00,0.018316,0.000000,60.50
5,16.44,71.00,11.97,72.98,0,0,0.00,0.105399,0.000000,65.44
6,15.89,73.76,19.59,83.43,0,0,0.00,0.367879,0.000000,68.94
7,14.46,70.12,16.84,44.61,0,0,7.65,0.778801,0.000000,87.15
8,16.48,68.44,15.42,79.69,0,0,8.71,1.000000,0.000000,95.05
9,17.45,77.41,20.34,19.22,0,0,27.11,0.778801,0.000000,81.58
10,14.81,63.82,15.05,29.24,0,0,30.21,0.367879,0.000000,66.79
11,14.96,57.65,10.47,89.18,0,0,13.65,0.105399,0.000000,56.96
12,16.49,74.84,19.07,87.55,0,0,14.69,0.018316,0.000005,65.14
13,16.69,79.47,15.98,21.84,0,0,36.16,0.001930,0.000123,51.99
14,15.24,44.79,15.06,17.24,0,0,33.80,0.000123,0.001930,52.76
15,16.06,74.36,10.53,77.36,0,0,12.89,0.000005,0.018316,56.46
16,15.24,48.15,9.22,40.82,0,0,15.43,0.000000,0.105399,61.28
17,14.60,69.90,5.51,42.88,0,0,7.80,0.000000,0.367879,72.97
18,15.88,53.14,11.31,81.06,0,0,0.00,0.000000,0.778801,96.44
19,16.71,72.40,5.88,75.57,0,0,0.00,0.000000,1.000000,102.97
20,13.90,74.47,6.42,57.56,0,0,0.00,0.000000,0.778801,96.93
21,16.48,61.49,12.38,59.83,0,0,0.00,0.000000,0.367879,76.86
22,16.45,65.06,8.60,76.57,0,0,0.00,0.000000,0.105399,65.62
23,16.53,62.30,20.46,38.32,0,0,0.00,0.000000,0.018316,57.70
0,14.98,56.68,18.38,76.66,0,0,0.00,0.000000,0.000000,59.75
1,13.91,69.81,13.62,35.42,0,0,0.00,0.000005,0.000000,57.68
2,14.99,69.08,7.67,42.27,0,0,0.00,0.000123,0.000000,53.77
3,15.36,60.39,13.76,62.21,0,0,0.00,0.001930,0.000000,62.28
4,16.52,63.37,15.31,94.27,0,0,0.00,0.018316,0.000000,59.22
5,15.20,69.81,3.69,77.47,0,0,0.00,0.105399,0.000000,62.19
6,16.21,49.33,10.70,77.11,0,0,0.00,0.367879,0.000000,72.36
7,14.69,50.79,11.50,65.71,0,0,5.76,0.778801,0.000000,85.40
8,15.63,61.34,10.39,30.69,0,0,17.19,1.000000,0.000000,84.47
9,14.83,64.18,19.46,65.12,0,0,15.88,0.778801,0.000000,84.73
10,16.48,60.12,17.32,26.69,0,0,30.97,0.367879,0.000000,70.55
11,15.10,50.45,14.68,60.89,0,0,23.11,0.105399,0.000000,56.75
12,15.86,44.45,8.26,88.81,0,0,14.26,0.018316,0.000005,58.89
13,15.13,50.10,18.31,37.59,0,0,30.90,0.001930,0.000123,59.67
14,14.51,77.39,19.20,89.32,0,0,12.19,0.000123,0.001930,66.70
15,15.67,50.45,13.44,43.24,0,0,21.24,0.000005,0.018316,58.57
16,15.52,69.05,20.76,85.47,0,0,7.71,0.000000,0.105399,66.87
17,15.94,76.37,10.40,21.76,0,0,9.70,0.000000,0.367879,72.72
18,15.10,77.59,5.95,33.03,0,0,0.00,0.000000,0.778801,89.29
19,15.45,47.91,4.87,66.14,0,0,0.00,0.000000,1.000000,100.04
20,14.76,74.94,12.11,17.05,0,0,0.00,0.000000,0.778801,91.49
21,16.91,51.70,4.23,74.88,0,0,0.00,0.000000,0.367879,71.66
22,14.60,47.56,17.43,94.87,0,0,0.00,0.000000,0.105399,61.38
23,14.38,67.78,8.16,45.85,0,0,0.00,0.000000,0.018316,62.99
0,14.89,64.01,17.66,60.26,0,0,0.00,0.000000,0.000000,61.83
1,16.72,53.86,13.34,58.56,0,0,0.00,0.000005,0.000000,57.43
2,15.78,69.89,12.09,93.76,0,0,0.00,0.000123,0.000000,60.24
3,14.08,46.85,3.27,63.53,0,0,0.00,0.001930,0.000000,57.07
4,13.95,65.59,19.25,69.78,0,0,0.00,0.018316,0.000000,61.51
5,15.85,62.64,16.39,40.38,0,0,0.00,0.105399,0.000000,62.65
6,14.81,61.52,9.61,28.03,0,0,0.00,0.367879,0.000000,70.26
7,13.99,73.36,11.54,30.51,0,0,8.91,0.778801,0.000000,84.71
8,15.45,46.56,10.66,93.65,0,0,6.29,1.000000,0.000000,88.96
9,14.57,64.37,19.42,79.28,0,0,12.42,0.778801,0.000000,86.31
10,15.59,47.90,16.43,89.04,0,0,12.28,0.367879,0.000000,68.83
11,14.87,44.40,19.28,82.91,0,0,15.74,0.105399,0.000000,64.26
12,14.82,77.24,6.85,87.85,0,0,14.59,0.018316,0.000005,56.50
13,13.65,44.80,13.62,91.05,0,0,13.02,0.001930,0.000123,57.15
14,14.68,64.42,3.27,42.05,0,0,26.36,0.000123,0.001930,53.19
15,13.59,44.47,7.98,52.04,0,0,19.08,0.000005,0.018316,60.64
16,14.68,65.30,7.60,71.28,0,0,10.16,0.000000,0.105399,66.57
17,15.35,44.20,4.28,30.20,0,0,8.94,0.000000,0.367879,64.00
18,14.28,45.70,10.40,25.61,0,0,0.00,0.000000,0.778801,87.78
19,15.52,57.52,17.01,56.73,0,0,0.00,0.000000,1.000000,100.12
20,16.77,70.51,20.33,62.34,0,0,0.00,0.000000,0.778801,91.42
21,15.52,61.43,3.30,84.28,0,0,0.00,0.000000,0.367879,73.93
22,13.61,72.16,10.81,40.65,0,0,0.00,0.000000,0.105399,60.81
23,15.48,45.82,7.51,43.84,0,0,0.00,0.000000,0.018316,53.60
0,13.97,62.54,17.55,38.46,0,0,0.00,0.000000,0.000000,58.47
1,16.91,70.86,8.00,37.19,0,0,0.00,0.000005,0.000000,52.35
2,16.77,56.54,11.78,60.70,0,0,0.00,0.000123,0.000000,60.31
3,14.19,69.84,20.28,43.28,0,0,0.00,0.001930,0.000000,64.49
4,16.49,44.87,14.89,19.70,0,0,0.00,0.018316,0.000000,53.93
5,16.38,64.87,11.51,17.42,0,0,0.00,0.105399,0.000000,60.51
6,13.44,49.97,16.26,74.31,0,0,0.00,0.367879,0.000000,70.88
7,15.32,60.62,9.54,43.68,0,0,7.73,0.778801,0.000000,77.87
8,15.01,72.84,9.97,77.81,0,0,9.03,1.000000,0.000000,93.68
9,15.86,79.87,4.59,67.73,0,0,15.24,0.778801,0.000000,85.39
10,13.87,51.98,9.47,30.96,0,0,29.69,0.367879,0.000000,67.20
11,13.26,52.84,16.15,15.02,0,0,38.44,0.105399,0.000000,62.70
12,15.53,62.87,13.23,91.89,0,0,13.19,0.018316,0.000005,62.05
13,14.19,64.50,4.95,72.33,0,0,19.28,0.001930,0.000123,58.81
14,15.35,54.23,15.08,81.79,0,0,14.45,0.000123,0.001930,58.59
15,13.64,75.87,17.26,64.51,0,0,16.03,0.000005,0.018316,61.31
16,14.81,54.98,9.90,51.95,0,0,13.51,0.000000,0.105399,59.28
17,15.85,69.92,11.19,77.93,0,0,4.67,0.000000,0.367879,72.59
18,15.55,48.36,17.42,86.33,0,0,0.00,0.000000,0.778801,96.99
19,14.71,61.28,17.10,91.83,0,0,0.00,0.000000,1.000000,104.27
20,14.39,51.63,3.27,51.59,0,0,0.00,0.000000,0.778801,88.41
21,16.92,63.00,16.33,24.87,0,0,0.00,0.000000,0.367879,70.16
22,13.23,61.57,19.12,16.46,0,0,0.00,0.000000,0.105399,59.89
23,14.80,61.88,12.62,90.20,0,0,0.00,0.000000,0.018316,59.80
0,14.59,77.00,5.35,91.13,0,0,0.00,0.000000,0.000000,62.76
1,12.86,76.18,4.85,84.56,0,0,0.00,0.000005,0.000000,65.94
2,16.19,76.52,3.59,28.95,0,0,0.00,0.000123,0.000000,56.28
3,14.50,78.85,11.91,19.29,0,0,0.00,0.001930,0.000000,58.80
4,16.52,65.64,8.16,72.31,0,0,0.00,0.018316,0.000000,55.31
5,14.42,48.82,5.54,19.50,0,0,0.00,0.105399,0.000000,51.49
6,15.04,61.13,8.70,37.72,0,0,0.00,0.367879,0.000000,69.22
7,12.93,62.07,17.99,36.38,0,0,8.39,0.778801,0.000000,83.33
8,12.94,62.69,8.78,65.92,0,0,11.09,1.000000,0.000000,86.58
9,15.71,55.92,6.91,82.12,0,0,11.72,0.778801,0.000000,78.66
10,14.06,54.70,18.15,77.11,0,0,15.86,0.367879,0.000000,66.93
11,14.07,46.10,3.01,51.98,0,0,26.09,0.105399,0.000000,59.61
12,16.68,74.72,4.27,73.56,0,0,19.54,0.018316,0.000005,57.63
13,13.58,44.90,14.36,68.74,0,0,20.48,0.001930,0.000123,54.03
14,14.46,50.17,11.84,47.44,0,0,24.75,0.000123,0.001930,56.09
15,15.18,69.02,10.36,76.14,0,0,13.18,0.000005,0.018316,58.96
16,13.56,71.13,20.72,44.82,0,0,14.74,0.000000,0.105399,66.43
17,16.11,46.37,11.08,44.81,0,0,7.63,0.000000,0.367879,70.24
18,15.34,68.78,16.73,94.09,0,0,0.00,0.000000,0.778801,94.61
19,15.51,70.56,4.64,41.74,0,0,0.00,0.000000,1.000000,104.28
20,15.73,69.33,11.41,51.02,0,0,0.00,0.000000,0.778801,90.03
21,14.98,69.64,20.76,37.74,0,0,0.00,0.000000,0.367879,72.41
22,14.96,76.92,4.54,91.32,0,0,0.00,0.000000,0.105399,63.57
23,16.41,46.72,12.28,50.90,0,0,0.00,0.000000,0.018316,53.14
0,14.91,65.63,3.49,56.95,1,0,0.00,0.000000,0.000000,66.53
1,15.68,54.79,7.05,93.60,1,0,0.00,0.000005,0.000000,61.33
2,14.09,51.68,8.78,82.12,1,0,0.00,0.000123,0.000000,64.92
3,15.63,63.23,19.47,90.96,1,0,0.00,0.001930,0.000000,66.91
4,13.45,51.03,13.08,31.66,1,0,0.00,0.018316,0.000000,65.13
5,14.57,46.13,14.93,33.82,1,0,0.00,0.105399,0.000000,66.27
6,13.99,78.57,10.32,25.33,1,0,0.00,0.367879,0.000000,74.11
7,12.94,63.18,17.32,46.10,1,0,7.52,0.778801,0.000000,94.83
8,16.15,71.83,9.10,39.70,1,0,15.63,1.000000,0.000000,93.38
9,16.20,76.84,9.83,28.27,1,0,24.90,0.778801,0.000000,90.06
10,14.51,50.10,9.17,21.27,1,0,32.60,0.367879,0.000000,68.25
11,13.28,61.16,11.95,50.89,1,0,26.45,0.105399,0.000000,66.25
12,13.56,52.26,12.96,53.95,1,0,26.33,0.018316,0.000005,61.17
13,16.52,55.63,8.83,80.95,1,0,16.40,0.001930,0.000123,60.27
14,13.30,54.66,20.70,47.12,1,0,24.85,0.000123,0.001930,61.96
15,13.44,65.14,20.24,52.08,1,0,19.07,0.000005,0.018316,70.34
16,13.57,77.10,11.21,51.38,1,0,13.61,0.000000,0.105399,70.66
17,15.44,63.20,4.60,64.41,1,0,5.88,0.000000,0.367879,83.92
18,13.72,70.43,8.74,93.34,1,0,0.00,0.000000,0.778801,106.60
19,16.22,48.43,4.24,24.86,1,0,0.00,0.000000,1.000000,104.66
20,15.35,77.37,11.39,92.95,1,0,0.00,0.000000,0.778801,107.64
21,15.69,71.32,15.47,39.35,1,0,0.00,0.000000,0.367879,77.75
22,13.83,71.63,6.99,92.38,1,0,0.00,0.000000,0.105399,70.40
23,13.51,51.15,7.70,69.77,1,0,0.00,0.000000,0.018316,69.06
0,15.06,67.18,17.22,28.88,1,0,0.00,0.000000,0.000000,70.07
1,15.92,50.39,5.31,55.47,1,0,0.00,0.000005,0.000000,62.05
2,16.44,79.96,18.15,90.80,1,0,0.00,0.000123,0.000000,69.72
3,14.93,67.28,6.80,36.61,1,0,0.00,0.001930,0.000000,62.69
4,15.20,72.81,10.13,90.54,1,0,0.00,0.018316,0.000000,64.84
5,12.98,72.22,15.69,89.97,1,0,0.00,0.105399,0.000000,72.71
6,14.59,62.61,5.09,16.29,1,0,0.00,0.367879,0.000000,77.17
7,13.06,66.87,17.65,21.53,1,0,9.72,0.778801,0.000000,86.85
8,14.72,56.03,10.58,50.31,1,0,13.79,1.000000,0.000000,97.55
9,12.90,59.89,10.79,79.79,1,0,12.29,0.778801,0.000000,94.16
10,16.04,55.35,4.71,90.64,1,0,11.80,0.367879,0.000000,76.40
11,13.73,79.53,17.52,63.56,1,0,22.21,0.105399,0.000000,72.27
12,16.35,70.72,9.06,90.51,1,0,13.67,0.018316,0.000005,67.57
13,14.01,69.48,20.69,24.03,1,0,35.43,0.001930,0.000123,67.48
14,13.77,70.54,3.45,79.94,1,0,15.01,0.000123,0.001930,71.68
15,15.04,58.58,15.36,26.90,1,0,25.23,0.000005,0.018316,60.36
16,14.15,73.00,11.08,62.70,1,0,11.65,0.000000,0.105399,68.23
17,15.96,53.49,20.54,72.62,1,0,5.14,0.000000,0.367879,82.77
18,16.02,78.27,10.45,73.35,1,0,0.00,0.000000,0.778801,104.49
19,13.37,46.24,17.64,35.09,1,0,0.00,0.000000,1.000000,111.51
20,13.31,73.64,13.19,78.75,1,0,0.00,0.000000,0.778801,100.29
21,13.25,44.80,14.09,57.59,1,0,0.00,0.000000,0.367879,79.59
22,14.36,70.46,12.14,61.66,1,0,0.00,0.000000,0.105399,70.28
23,15.67,52.99,18.04,83.42,1,0,0.00,0.000000,0.018316,72.24
0,13.54,71.19,19.37,34.62,0,0,0.00,0.000000,0.000000,55.30
1,15.52,52.88,20.18,23.18,0,0,0.00,0.000005,0.000000,60.10
2,15.53,46.38,19.24,86.77,0,0,0.00,0.000123,0.000000,55.70
3,12.59,45.65,18.07,35.80,0,0,0.00,0.001930,0.000000,57.94
4,14.07,76.51,13.68,88.42,0,0,0.00,0.018316,0.000000,68.18
5,15.23,53.19,7.67,51.02,0,0,0.00,0.105399,0.000000,62.75
6,13.80,55.09,7.07,33.52,0,0,0.00,0.367879,0.000000,71.45
7,13.68,51.27,18.05,32.34,0,0,8.75,0.778801,0.000000,77.65
8,15.14,45.09,7.60,53.82,0,0,13.19,1.000000,0.000000,83.18
9,12.58,63.51,8.44,16.64,0,0,27.75,0.778801,0.000000,76.90
10,13.06,79.53,5.05,75.01,0,0,16.48,0.367879,0.000000,77.12
11,14.99,69.31,12.55,73.84,0,0,18.78,0.105399,0.000000,57.96
12,14.71,45.97,15.00,90.06,0,0,13.82,0.018316,0.000005,56.59
13,14.86,57.96,12.74,93.57,0,0,12.18,0.001930,0.000123,64.40
14,15.82,59.64,19.34,82.67,0,0,14.19,0.000123,0.001930,64.15
15,12.72,69.32,10.85,49.50,0,0,19.70,0.000005,0.018316,56.72
16,13.22,69.48,10.10,49.93,0,0,13.86,0.000000,0.105399,60.20
17,14.06,54.70,11.83,41.22,0,0,7.95,0.000000,0.367879,75.88
18,14.74,73.20,17.39,92.37,0,0,0.00,0.000000,0.778801,95.74
19,15.36,72.51,17.31,54.13,0,0,0.00,0.000000,1.000000,102.76
20,12.46,72.82,18.27,66.80,0,0,0.00,0.000000,0.778801,98.63
21,15.41,73.91,17.03,52.91,0,0,0.00,0.000000,0.367879,80.22
22,14.82,53.89,9.64,17.78,0,0,0.00,0.000000,0.105399,58.22
23,15.37,72.37,19.44,61.01,0,0,0.00,0.000000,0.018316,59.34
0,13.96,79.52,8.27,22.11,0,0,0.00,0.000000,0.000000,55.69
1,13.03,67.99,14.97,40.16,0,0,0.00,0.000005,0.000000,60.10
2,14.58,55.18,15.77,22.24,0,0,0.00,0.000123,0.000000,60.40
3,13.06,62.94,17.37,36.70,0,0,0.00,0.001930,0.000000,54.51
4,12.76,49.82,14.62,34.46,0,0,0.00,0.018316,0.000000,57.34
5,15.37,78.81,3.41,89.62,0,0,0.00,0.105399,0.000000,62.64
6,12.27,61.52,13.91,20.42,0,0,0.00,0.367879,0.000000,71.11
7,16.08,55.69,7.54,84.10,0,0,4.11,0.778801,0.000000,80.36
8,15.67,76.17,5.61,51.66,0,0,13.56,1.000000,0.000000,92.89
9,12.23,57.71,4.41,48.78,0,0,19.88,0.778801,0.000000,80.31
10,12.94,49.53,11.36,80.99,0,0,14.69,0.367879,0.000000,72.10
11,14.51,47.61,17.49,59.93,0,0,23.43,0.105399,0.000000,59.37
12,12.53,62.67,6.84,86.77,0,0,14.96,0.018316,0.000005,56.91
13,14.60,53.16,9.99,56.76,0,0,24.49,0.001930,0.000123,53.51
14,15.26,74.65,19.97,81.50,0,0,14.54,0.000123,0.001930,61.43
15,15.43,55.68,5.31,52.89,0,0,18.87,0.000005,0.018316,55.36
16,15.46,72.80,4.75,19.73,0,0,19.09,0.000000,0.105399,56.68
17,13.16,75.87,18.26,16.50,0,0,10.17,0.000000,0.367879,79.20
18,15.57,59.78,11.82,26.89,0,0,0.00,0.000000,0.778801,93.88
19,15.39,54.03,17.77,88.85,0,0,0.00,0.000000,1.000000,107.48
20,14.04,54.27,4.94,65.46,0,0,0.00,0.000000,0.778801,89.25
21,14.03,76.14,16.08,24.39,0,0,0.00,0.000000,0.367879,72.73
22,15.73,51.68,7.42,62.65,0,0,0.00,0.000000,0.105399,63.91
23,13.76,55.16,15.74,89.15,0,0,0.00,0.000000,0.018316,60.34
0,13.92,71.12,12.76,69.96,0,0,0.00,0.000000,0.000000,64.55
1,14.06,45.26,3.29,33.89,0,0,0.00,0.000005,0.000000,51.92
2,12.58,63.36,3.09,34.04,0,0,0.00,0.000123,0.000000,54.00
3,13.70,45.56,3.79,88.42,0,0,0.00,0.001930,0.000000,58.19
4,12.69,58.24,14.05,55.47,0,0,0.00,0.018316,0.000000,64.57
5,12.27,45.83,13.55,89.09,0,0,0.00,0.105399,0.000000,59.82
6,13.51,70.37,6.54,62.62,0,0,0.00,0.367879,0.000000,68.18
7,12.00,70.88,7.65,18.08,0,0,10.03,0.778801,0.000000,83.65
8,12.07,66.23,20.48,56.12,0,0,12.79,1.000000,0.000000,97.61
9,15.19,56.76,19.73,84.69,0,0,11.09,0.778801,0.000000,86.64
10,15.65,53.30,4.50,31.22,0,0,29.61,0.367879,0.000000,66.79
11,12.04,55.16,5.45,61.79,0,0,22.81,0.105399,0.000000,62.08
12,13.04,65.68,14.30,25.08,0,0,36.32,0.018316,0.000005,54.21
13,13.50,67.73,12.04,28.50,0,0,33.94,0.001930,0.000123,54.29
14,13.70,60.15,14.41,48.73,0,0,24.36,0.000123,0.001930,61.27
15,13.54,63.33,13.33,49.12,0,0,19.80,0.000005,0.018316,60.72
16,14.78,45.07,10.01,54.77,0,0,13.02,0.000000,0.105399,63.96
17,13.62,75.01,19.71,42.82,0,0,7.81,0.000000,0.367879,74.08
18,15.88,55.18,16.88,65.85,0,0,0.00,0.000000,0.778801,94.58
19,15.55,69.25,8.42,53.63,0,0,0.00,0.000000,1.000000,101.27
20,15.44,65.16,4.85,51.06,0,0,0.00,0.000000,0.778801,94.71
21,12.95,71.41,13.58,80.85,0,0,0.00,0.000000,0.367879,82.43
22,12.58,49.68,20.10,33.21,0,0,0.00,0.000000,0.105399,64.82
23,13.73,64.77,6.78,61.71,0,0,0.00,0.000000,0.018316,61.92
0,12.22,50.05,8.34,22.95,0,0,0.00,0.000000,0.000000,59.46
1,15.02,60.18,9.23,74.46,0,0,0.00,0.000005,0.000000,58.18
2,13.43,47.34,7.82,92.86,0,0,0.00,0.000123,0.000000,54.29
3,12.67,57.88,6.21,38.35,0,0,0.00,0.001930,0.000000,52.94
4,12.54,75.99,4.12,88.86,0,0,0.00,0.018316,0.000000,60.71
5,15.21,59.58,11.03,49.51,0,0,0.00,0.105399,0.000000,55.05
6,15.46,65.69,13.02,74.67,0,0,0.00,0.367879,0.000000,65.94
7,12.38,57.52,12.61,56.08,0,0,6.62,0.778801,0.000000,84.48
8,13.51,55.89,7.07,40.79,0,0,15.44,1.000000,0.000000,85.11
9,12.66,74.14,17.89,85.03,0,0,11.01,0.778801,0.000000,90.76
10,13.58,72.27,6.06,68.63,0,0,18.40,0.367879,0.000000,69.46
11,13.28,79.16,12.82,93.43,0,0,12.23,0.105399,0.000000,71.48
12,14.08,66.72,6.04,87.71,0,0,14.64,0.018316,0.000005,59.59
13,11.94,53.23,9.98,92.47,0,0,12.55,0.001930,0.000123,64.72
14,12.79,79.02,10.33,24.47,0,0,31.63,0.000123,0.001930,60.08
15,15.41,70.52,13.50,89.02,0,0,10.03,0.000005,0.018316,63.30
16,14.97,55.77,18.27,19.20,0,0,19.18,0.000000,0.105399,58.60
17,11.96,46.80,20.14,51.25,0,0,7.06,0.000000,0.367879,79.34
18,15.22,71.40,17.06,29.84,0,0,0.00,0.000000,0.778801,96.30
19,14.25,61.90,18.10,57.67,0,0,0.00,0.000000,1.000000,102.80
20,14.27,46.91,18.53,50.85,0,0,0.00,0.000000,0.778801,93.03
21,13.02,57.17,20.38,76.93,0,0,0.00,0.000000,0.367879,78.24
22,12.82,69.98,13.59,58.14,0,0,0.00,0.000000,0.105399,65.61
23,12.13,62.09,16.39,94.68,0,0,0.00,0.000000,0.018316,68.19
0,14.24,68.76,14.48,72.49,0,0,0.00,0.000000,0.000000,59.30
1,12.03,66.65,6.16,38.18,0,0,0.00,0.000005,0.000000,57.44
2,15.32,54.93,11.58,77.46,0,0,0.00,0.000123,0.000000,54.80
3,12.10,58.56,11.68,34.51,0,0,0.00,0.001930,0.000000,60.10
4,13.05,44.13,3.98,40.61,0,0,0.00,0.018316,0.000000,54.62
5,14.71,45.72,17.76,58.81,0,0,0.00,0.105399,0.000000,57.34
6,14.17,68.90,20.42,71.77,0,0,0.00,0.367879,0.000000,76.10
7,15.41,56.96,7.18,70.32,0,0,5.35,0.778801,0.000000,79.55
8,12.74,68.38,4.84,36.07,0,0,16.26,1.000000,0.000000,90.47
9,14.40,79.70,4.48,61.20,0,0,16.84,0.778801,0.000000,80.24
10,11.70,67.12,5.48,25.58,0,0,31.30,0.367879,0.000000,70.48
11,12.74,68.38,3.53,60.26,0,0,23.32,0.105399,0.000000,64.59
12,13.65,74.21,9.99,48.62,0,0,28.17,0.018316,0.000005,54.86
13,14.98,76.69,18.09,47.25,0,0,27.67,0.001930,0.000123,60.93
14,12.76,63.95,19.33,23.44,0,0,31.95,0.000123,0.001930,54.45
15,15.15,69.61,10.14,67.13,0,0,15.39,0.000005,0.018316,56.95
16,12.63,48.53,13.30,49.09,0,0,14.00,0.000000,0.105399,59.35
17,13.36,76.53,20.07,33.13,0,0,8.68,0.000000,0.367879,79.92
18,14.28,54.70,14.62,75.35,0,0,0.00,0.000000,0.778801,91.40
19,12.90,78.81,5.16,57.41,0,0,0.00,0.000000,1.000000,108.89
20,14.67,68.79,4.14,50.95,0,0,0.00,0.000000,0.778801,90.81
21,14.53,65.64,14.21,94.19,0,0,0.00,0.000000,0.367879,74.20
22,13.13,64.20,3.72,19.59,0,0,0.00,0.000000,0.105399,61.90
23,15.30,65.76,17.90,65.99,0,0,0.00,0.000000,0.018316,65.39
0,11.69,46.61,12.98,42.07,1,0,0.00,0.000000,0.000000,62.41
1,15.19,47.64,14.12,36.15,1,0,0.00,0.000005,0.000000,63.04
2,12.32,70.56,10.88,33.89,1,0,0.00,0.000123,0.000000,70.28
3,12.44,73.17,7.43,72.92,1,0,0.00,0.001930,0.000000,69.37
4,12.13,47.99,6.92,88.25,1,0,0.00,0.018316,0.000000,70.42
5,14.62,48.32,7.99,68.87,1,0,0.00,0.105399,0.000000,66.56
6,11.86,65.95,4.92,66.49,1,0,0.00,0.367879,0.000000,82.39
7,13.76,70.19,8.10,58.25,1,0,6.43,0.778801,0.000000,89.71
8,14.55,51.89,14.68,49.59,1,0,13.92,1.000000,0.000000,99.69
9,12.70,67.08,15.50,38.95,1,0,22.29,0.778801,0.000000,94.32
10,11.90,56.68,5.27,38.18,1,0,27.53,0.367879,0.000000,79.13
11,11.92,76.58,8.97,81.47,1,0,16.23,0.105399,0.000000,75.93
12,13.76,70.51,18.78,50.95,1,0,27.36,0.018316,0.000005,63.87
13,14.22,67.39,12.00,77.39,1,0,17.59,0.001930,0.000123,66.67
14,15.13,66.33,18.39,46.58,1,0,25.01,0.000123,0.001930,64.92
15,11.62,60.76,10.60,91.51,1,0,9.42,0.000005,0.018316,73.62
16,14.37,51.17,3.49,67.93,1,0,10.74,0.000000,0.105399,70.43
17,13.30,72.27,3.78,18.65,1,0,9.98,0.000000,0.367879,81.82
18,13.95,70.39,6.26,63.97,1,0,0.00,0.000000,0.778801,103.50
19,13.73,60.08,5.31,73.78,1,0,0.00,0.000000,1.000000,107.38
20,11.86,68.85,11.31,49.36,1,0,0.00,0.000000,0.778801,99.18
21,12.70,79.44,20.87,87.19,1,0,0.00,0.000000,0.367879,87.04
22,12.91,52.06,3.11,79.89,1,0,0.00,0.000000,0.105399,66.14
23,13.88,44.69,9.42,40.41,1,0,0.00,0.000000,0.018316,61.99
0,12.50,67.63,11.52,17.74,1,0,0.00,0.000000,0.000000,69.07
1,11.98,60.13,13.86,87.91,1,0,0.00,0.000005,0.000000,67.54
2,12.25,53.72,15.10,59.71,1,0,0.00,0.000123,0.000000,72.16
3,14.16,63.11,10.50,29.87,1,0,0.00,0.001930,0.000000,67.07
4,14.07,73.81,18.54,88.86,1,0,0.00,0.018316,0.000000,74.30
5,13.47,62.18,6.30,36.64,1,0,0.00,0.105399,0.000000,66.43
6,13.07,71.57,7.97,70.49,1,0,0.00,0.367879,0.000000,76.84
7,13.19,65.13,3.18,62.41,1,0,6.06,0.778801,0.000000,89.83
8,14.42,49.01,20.75,51.68,1,0,13.55,1.000000,0.000000,95.73
9,11.57,51.40,12.28,66.94,1,0,15.44,0.778801,0.000000,86.81
10,13.61,46.18,4.42,65.41,1,0,19.36,0.367879,0.000000,75.09
11,12.72,66.09,3.47,17.33,1,0,37.67,0.105399,0.000000,70.63
12,14.42,72.24,4.36,90.05,1,0,13.83,0.018316,0.000005,71.01
13,14.86,69.92,7.59,29.53,1,0,33.59,0.001930,0.000123,67.30
14,13.68,66.31,11.40,37.85,1,0,27.62,0.000123,0.001930,61.59
15,14.73,65.95,8.26,58.56,1,0,17.49,0.000005,0.018316,67.32
16,12.22,72.93,20.06,87.09,1,0,7.43,0.000000,0.105399,79.32
17,12.60,75.29,13.12,20.50,1,0,9.81,0.000000,0.367879,81.18
18,14.72,48.68,5.82,76.60,1,0,0.00,0.000000,0.778801,100.97
19,13.03,45.44,14.94,94.62,1,0,0.00,0.000000,1.000000,113.32
20,14.94,74.09,10.08,93.91,1,0,0.00,0.000000,0.778801,99.84
21,14.56,57.32,11.92,54.62,1,0,0.00,0.000000,0.367879,85.90
22,11.99,73.28,14.04,33.26,1,0,0.00,0.000000,0.105399,76.85
23,12.80,46.72,4.59,59.31,1,0,0.00,0.000000,0.018316,67.89
0,12.98,77.58,18.30,83.61,0,0,0.00,0.000000,0.000000,68.30
1,12.02,66.27,19.56,79.97,0,0,0.00,0.000005,0.000000,61.07
2,14.81,78.68,18.63,53.19,0,0,0.00,0.000123,0.000000,65.84
3,14.63,66.63,13.03,19.35,0,0,0.00,0.001930,0.000000,60.40
4,13.17,64.62,6.10,91.95,0,0,0.00,0.018316,0.000000,58.98
5,11.01,47.35,20.19,30.17,0,0,0.00,0.105399,0.000000,58.54
6,13.23,78.93,6.61,41.23,0,0,0.00,0.367879,0.000000,67.60
7,14.21,76.08,3.95,15.25,0,0,10.28,0.778801,0.000000,83.22
8,11.47,53.56,13.56,25.91,0,0,18.02,1.000000,0.000000,88.79
9,13.22,69.22,7.00,30.38,0,0,24.38,0.778801,0.000000,83.13
10,14.70,56.70,9.87,73.41,0,0,16.96,0.367879,0.000000,65.54
11,14.05,55.69,19.41,41.56,0,0,29.57,0.105399,0.000000,56.44
12,14.00,57.95,5.71,41.37,0,0,30.68,0.018316,0.000005,53.95
13,12.04,67.49,10.44,93.47,0,0,12.22,0.001930,0.000123,64.75
14,13.75,64.14,10.84,25.93,0,0,31.20,0.000123,0.001930,59.77
15,10.96,55.22,7.05,32.91,0,0,23.76,0.000005,0.018316,54.30
16,13.34,49.05,8.49,91.26,0,0,6.70,0.000000,0.105399,65.31
17,13.58,68.76,19.88,22.41,0,0,9.64,0.000000,0.367879,77.95
18,12.26,63.99,5.19,72.69,0,0,0.00,0.000000,0.778801,97.77
19,13.47,76.82,6.15,61.98,0,0,0.00,0.000000,1.000000,108.03
20,11.96,71.78,9.02,65.22,0,0,0.00,0.000000,0.778801,97.04
21,13.04,70.28,15.04,15.35,0,0,0.00,0.000000,0.367879,79.07
22,12.64,60.61,13.56,42.54,0,0,0.00,0.000000,0.105399,68.14
23,12.57,59.70,11.08,15.58,0,0,0.00,0.000000,0.018316,53.28
0,12.32,60.17,17.85,42.26,0,0,0.00,0.000000,0.000000,57.06
1,13.03,54.86,4.06,89.44,0,0,0.00,0.000005,0.000000,53.96
2,13.96,71.45,19.09,47.58,0,0,0.00,0.000123,0.000000,58.65
3,12.25,72.31,5.11,35.34,0,0,0.00,0.001930,0.000000,58.22
4,11.54,59.42,11.00,37.53,0,0,0.00,0.018316,0.000000,62.14
5,12.12,53.96,5.32,59.77,0,0,0.00,0.105399,0.000000,56.31
6,11.39,74.41,9.90,93.70,0,0,0.00,0.367879,0.000000,76.24
7,13.19,71.47,14.07,69.00,0,0,5.46,0.778801,0.000000,83.16
8,11.61,58.60,14.08,84.45,0,0,7.88,1.000000,0.000000,90.06
9,13.75,72.67,4.90,69.60,0,0,14.78,0.778801,0.000000,85.46
10,12.54,75.87,4.12,84.66,0,0,13.59,0.367879,0.000000,74.91
11,11.76,72.72,16.07,18.66,0,0,37.23,0.105399,0.000000,60.14
12,11.76,51.05,19.67,73.52,0,0,19.55,0.018316,0.000005,62.55
13,12.46,59.50,15.97,88.27,0,0,13.95,0.001930,0.000123,65.59
14,11.68,56.77,11.64,50.91,0,0,23.71,0.000123,0.001930,62.47
15,12.13,73.18,15.65,72.25,0,0,14.14,0.000005,0.018316,59.57
16,11.89,48.51,9.04,68.98,0,0,10.56,0.000000,0.105399,62.18
17,13.52,76.67,10.86,92.77,0,0,3.34,0.000000,0.367879,81.26
18,13.34,67.35,17.32,54.44,0,0,0.00,0.000000,0.778801,99.37
19,11.80,49.28,19.39,24.47,0,0,0.00,0.000000,1.000000,100.19
20,13.20,72.20,12.40,84.68,0,0,0.00,0.000000,0.778801,95.79
21,14.31,79.83,5.02,29.56,0,0,0.00,0.000000,0.367879,69.74
22,13.83,66.19,20.65,40.92,0,0,0.00,0.000000,0.105399,69.40
23,13.78,72.68,14.64,93.43,0,0,0.00,0.000000,0.018316,62.36
0,13.17,44.64,19.89,80.27,0,0,0.00,0.000000,0.000000,60.91
1,11.98,56.96,18.83,32.61,0,0,0.00,0.000005,0.000000,60.60
2,12.49,79.99,9.72,90.27,0,0,0.00,0.000123,0.000000,62.57
3,13.88,56.58,3.31,79.18,0,0,0.00,0.001930,0.000000,60.89
4,11.10,55.55,10.33,79.02,0,0,0.00,0.018316,0.000000,61.97
5,11.81,61.27,7.38,34.05,0,0,0.00,0.105399,0.000000,64.44
6,11.17,45.75,3.47,17.13,0,0,0.00,0.367879,0.000000,63.89
7,10.62,57.88,3.16,50.52,0,0,7.12,0.778801,0.000000,77.30
8,13.03,79.70,9.07,88.65,0,0,7.16,1.000000,0.000000,92.80
9,12.13,77.91,15.03,83.64,0,0,11.35,0.778801,0.000000,90.32
10,13.43,73.85,13.01,92.22,0,0,11.32,0.367879,0.000000,77.67
11,13.78,53.43,5.92,86.27,0,0,14.62,0.105399,0.000000,60.88
12,12.64,69.90,18.91,86.14,0,0,15.18,0.018316,0.000005,60.83
13,13.17,69.31,6.14,73.34,0,0,18.94,0.001930,0.000123,60.09
14,14.57,79.66,11.05,36.04,0,0,28.17,0.000123,0.001930,59.07
15,11.41,61.70,11.36,57.13,0,0,17.84,0.000005,0.018316,58.79
16,11.27,61.05,14.41,28.04,0,0,17.65,0.000000,0.105399,63.34
17,11.40,48.98,15.55,63.21,0,0,5.98,0.000000,0.367879,71.47
18,11.90,44.14,3.26,16.05,0,0,0.00,0.000000,0.778801,92.86
19,13.73,50.10,9.72,54.64,0,0,0.00,0.000000,1.000000,106.01
20,12.75,74.47,14.60,27.42,0,0,0.00,0.000000,0.778801,92.33
21,14.33,78.55,7.35,24.80,0,0,0.00,0.000000,0.367879,77.73
22,13.70,49.11,11.53,38.62,0,0,0.00,0.000000,0.105399,65.41
23,12.90,49.43,4.81,93.26,0,0,0.00,0.000000,0.018316,59.55
0,12.67,52.48,19.38,58.62,0,0,0.00,0.000000,0.000000,62.19
1,13.65,55.87,4.47,78.55,0,0,0.00,0.000005,0.000000,55.66
2,12.95,69.67,17.88,67.04,0,0,0.00,0.000123,0.000000,64.70
3,13.46,77.64,12.81,51.87,0,0,0.00,0.001930,0.000000,62.10
4,11.95,62.34,13.65,91.22,0,0,0.00,0.018316,0.000000,66.19
5,13.63,70.96,12.54,81.07,0,0,0.00,0.105399,0.000000,65.23
6,14.04,55.33,12.23,16.71,0,0,0.00,0.367879,0.000000,69.25
7,10.59,60.24,12.51,41.11,0,0,7.96,0.778801,0.000000,84.42
8,13.79,45.47,13.43,54.40,0,0,13.08,1.000000,0.000000,89.40
9,12.43,63.78,3.71,78.85,0,0,12.52,0.778801,0.000000,85.53
10,14.16,48.53,3.57,78.94,0,0,15.31,0.367879,0.000000,63.62
11,10.49,51.66,6.69,42.49,0,0,29.26,0.105399,0.000000,57.04
12,14.36,53.28,7.03,92.94,0,0,12.83,0.018316,0.000005,55.42
13,13.66,46.32,14.79,44.58,0,0,28.56,0.001930,0.000123,59.75
14,12.29,61.89,20.74,84.45,0,0,13.66,0.000123,0.001930,60.57
15,10.61,62.96,17.52,85.87,0,0,10.80,0.000005,0.018316,60.82
16,12.53,47.45,8.51,76.01,0,0,9.34,0.000000,0.105399,61.84
17,11.84,73.12,4.39,52.20,0,0,6.97,0.000000,0.367879,73.87
18,13.43,57.04,7.52,77.89,0,0,0.00,0.000000,0.778801,98.40
19,12.06,70.12,4.72,91.27,0,0,0.00,0.000000,1.000000,108.85
20,12.31,79.73,13.50,60.27,0,0,0.00,0.000000,0.778801,100.20
21,12.72,52.95,18.46,67.12,0,0,0.00,0.000000,0.367879,78.95
22,12.29,52.30,7.09,54.67,0,0,0.00,0.000000,0.105399,61.84
23,13.30,66.15,6.21,41.46,0,0,0.00,0.000000,0.018316,56.31
0,11.54,55.52,11.66,68.22,0,0,0.00,0.000000,0.000000,58.39
1,12.23,79.29,11.90,67.71,0,0,0.00,0.000005,0.000000,61.95
2,12.69,71.98,9.65,31.27,0,0,0.00,0.000123,0.000000,61.07
3,13.93,65.58,13.19,51.49,0,0,0.00,0.001930,0.000000,54.66
4,12.88,58.03,16.76,43.29,0,0,0.00,0.018316,0.000000,57.79
5,13.20,58.72,10.56,34.37,0,0,0.00,0.105399,0.000000,60.79
6,12.81,54.81,11.14,40.31,0,0,0.00,0.367879,0.000000,68.74
7,11.59,50.35,14.15,81.37,0,0,4.36,0.778801,0.000000,79.56
8,13.83,59.30,7.75,62.71,0,0,11.65,1.000000,0.000000,86.31
9,11.23,52.79,6.52,82.48,0,0,11.63,0.778801,0.000000,86.49
10,11.91,63.98,8.01,61.67,0,0,20.49,0.367879,0.000000,75.54
11,12.43,71.61,16.99,18.26,0,0,37.36,0.105399,0.000000,61.48
12,12.68,48.98,20.75,29.65,0,0,34.74,0.018316,0.000005,55.82
13,13.23,58.26,9.68,75.37,0,0,18.27,0.001930,0.000123,55.46
14,13.70,70.49,16.96,80.82,0,0,14.74,0.000123,0.001930,57.93
15,10.72,46.66,6.58,74.36,0,0,13.62,0.000005,0.018316,58.46
16,13.04,73.06,6.36,85.64,0,0,7.68,0.000000,0.105399,64.31
17,10.33,47.60,17.73,73.66,0,0,5.05,0.000000,0.367879,78.35
18,11.60,66.25,15.32,85.75,0,0,0.00,0.000000,0.778801,101.41
19,12.12,59.40,15.95,26.74,0,0,0.00,0.000000,1.000000,102.44
20,11.22,79.55,7.12,44.72,0,0,0.00,0.000000,0.778801,100.98
21,11.83,56.42,12.60,37.14,0,0,0.00,0.000000,0.367879,73.81
22,10.57,48.55,8.48,73.56,0,0,0.00,0.000000,0.105399,61.92
23,11.52,73.50,7.57,85.33,0,0,0.00,0.000000,0.018316,59.39
0,13.60,53.12,8.74,90.37,1,0,0.00,0.000000,0.000000,62.21
1,10.38,77.76,6.15,15.49,1,0,0.00,0.000005,0.000000,71.39
2,11.32,74.51,20.59,78.17,1,0,0.00,0.000123,0.000000,75.70
3,12.37,64.72,3.76,35.47,1,0,0.00,0.001930,0.000000,62.01
4,10.18,65.92,10.72,36.74,1,0,0.00,0.018316,0.000000,70.13
5,11.10,72.01,18.56,84.12,1,0,0.00,0.105399,0.000000,77.04
6,13.35,52.91,8.16,90.21,1,0,0.00,0.367879,0.000000,82.89
7,12.56,75.64,9.78,41.04,1,0,7.97,0.778801,0.000000,94.17
8,11.13,60.45,20.96,75.08,1,0,9.51,1.000000,0.000000,100.54
9,10.35,50.23,3.01,21.28,1,0,26.61,0.778801,0.000000,89.03
10,10.38,66.20,5.87,80.48,1,0,14.84,0.367879,0.000000,77.57
11,11.14,65.06,15.57,34.65,1,0,31.88,0.105399,0.000000,67.56
12,12.97,53.71,7.30,26.98,1,0,35.66,0.018316,0.000005,61.60
13,13.55,53.78,5.04,22.79,1,0,35.85,0.001930,0.000123,63.60
14,11.14,44.01,8.86,38.18,1,0,27.53,0.000123,0.001930,66.30
15,13.64,45.53,6.80,80.93,1,0,12.01,0.000005,0.018316,62.33
16,11.42,56.59,5.12,65.42,1,0,11.18,0.000000,0.105399,67.02
17,11.65,77.97,3.35,90.53,1,0,3.54,0.000000,0.367879,91.05
18,13.14,66.92,18.21,35.06,1,0,0.00,0.000000,0.778801,99.08
19,12.39,75.08,10.12,39.37,1,0,0.00,0.000000,1.000000,118.01
20,10.79,55.54,9.33,44.92,1,0,0.00,0.000000,0.778801,97.95
21,13.10,68.64,17.27,71.13,1,0,0.00,0.000000,0.367879,84.85
22,13.67,67.90,14.73,27.01,1,0,0.00,0.000000,0.105399,72.31
23,10.77,74.80,4.21,72.84,1,0,0.00,0.000000,0.018316,74.08
0,11.37,52.76,20.71,42.20,1,0,0.00,0.000000,0.000000,70.10
1,11.38,57.34,8.80,20.86,1,0,0.00,0.000005,0.000000,68.62
2,10.25,48.12,8.62,83.98,1,0,0.00,0.000123,0.000000,66.73
3,12.40,64.23,18.64,47.97,1,0,0.00,0.001930,0.000000,69.63
4,10.74,61.72,9.90,88.36,1,0,0.00,0.018316,0.000000,72.15
5,10.90,78.14,11.32,33.18,1,0,0.00,0.105399,0.000000,75.78
6,12.61,60.54,11.35,79.79,1,0,0.00,0.367879,0.000000,84.74
7,10.12,48.09,9.14,53.89,1,0,6.82,0.778801,0.000000,86.01
8,12.10,72.26,16.13,54.02,1,0,13.15,1.000000,0.000000,97.97
9,10.85,57.64,3.99,45.11,1,0,20.78,0.778801,0.000000,86.06
10,10.10,52.03,14.23,52.92,1,0,23.11,0.367879,0.000000,83.38
11,11.34,56.67,20.20,45.26,1,0,28.34,0.105399,0.000000,74.40
12,12.02,44.29,8.80,28.60,1,0,35.10,0.018316,0.000005,64.38
13,10.51,59.19,8.84,78.60,1,0,17.19,0.001930,0.000123,70.04
14,13.19,59.38,8.93,69.55,1,0,18.12,0.000123,0.001930,64.25
15,11.23,59.03,16.60,76.15,1,0,13.18,0.000005,0.018316,68.78
16,10.73,70.07,8.26,34.94,1,0,16.45,0.000000,0.105399,67.79
17,13.64,47.01,10.59,33.36,1,0,8.66,0.000000,0.367879,79.92
18,10.89,75.91,17.58,40.11,1,0,0.00,0.000000,0.778801,104.00
19,12.38,53.48,11.87,50.80,1,0,0.00,0.000000,1.000000,108.92
20,12.86,62.29,12.65,20.62,1,0,0.00,0.000000,0.778801,102.73
21,10.60,73.06,5.35,87.14,1,0,0.00,0.000000,0.367879,92.15
22,10.35,66.19,14.62,40.66,1,0,0.00,0.000000,0.105399,71.37
23,13.74,72.59,10.29,17.53,1,0,0.00,0.000000,0.018316,65.22
0,10.03,61.79,20.24,47.13,0,0,0.00,0.000000,0.000000,63.70
1,12.61,70.51,20.96,59.94,0,0,0.00,0.000005,0.000000,62.69
2,12.58,75.43,5.00,30.20,0,0,0.00,0.000123,0.000000,58.02
3,11.82,65.02,3.32,52.23,0,0,0.00,0.001930,0.000000,58.32
4,11.28,72.25,9.24,58.21,0,0,0.00,0.018316,0.000000,57.66
5,10.53,66.57,10.30,38.22,0,0,0.00,0.105399,0.000000,59.88
6,12.85,65.11,5.98,35.28,0,0,0.00,0.367879,0.000000,72.02
7,11.13,57.56,14.15,77.46,0,0,4.71,0.778801,0.000000,88.96
8,12.31,65.70,11.31,68.53,0,0,10.64,1.000000,0.000000,87.63
9,12.18,52.48,9.43,15.48,0,0,28.03,0.778801,0.000000,83.50
10,11.12,51.41,8.10,53.17,0,0,23.03,0.367879,0.000000,69.67
11,10.31,73.61,8.22,63.52,0,0,22.23,0.105399,0.000000,62.59
12,10.10,55.97,5.94,34.09,0,0,33.20,0.018316,0.000005,53.25
13,11.29,53.58,20.60,85.43,0,0,14.90,0.001930,0.000123,63.32
14,13.64,51.98,13.55,64.71,0,0,19.57,0.000123,0.001930,56.12
15,13.59,49.42,14.47,37.75,0,0,22.58,0.000005,0.018316,61.53
16,11.91,74.21,14.80,45.47,0,0,14.63,0.000000,0.105399,66.13
17,12.10,51.13,3.23,23.93,0,0,9.50,0.000000,0.367879,75.80
18,13.26,75.72,20.49,88.25,0,0,0.00,0.000000,0.778801,100.95
19,11.85,70.47,14.11,68.25,0,0,0.00,0.000000,1.000000,108.45
20,12.58,69.48,6.26,65.17,0,0,0.00,0.000000,0.778801,92.37
21,9.92,64.75,17.86,76.09,0,0,0.00,0.000000,0.367879,83.86
22,12.74,74.92,6.59,65.82,0,0,0.00,0.000000,0.105399,65.34
23,10.62,71.27,4.64,88.32,0,0,0.00,0.000000,0.018316,59.08
0,9.63,54.45,16.25,50.41,0,0,0.00,0.000000,0.000000,63.08
1,12.26,65.40,15.01,64.60,0,0,0.00,0.000005,0.000000,62.16
2,11.25,76.55,5.45,32.82,0,0,0.00,0.000123,0.000000,58.69
3,9.51,58.84,3.01,87.88,0,0,0.00,0.001930,0.000000,65.49
4,11.97,69.34,14.52,42.58,0,0,0.00,0.018316,0.000000,58.53
5,10.88,45.47,7.23,35.76,0,0,0.00,0.105399,0.000000,55.93
6,12.12,70.13,13.88,82.47,0,0,0.00,0.367879,0.000000,77.70
7,12.41,57.23,8.55,18.02,0,0,10.03,0.778801,0.000000,81.86
8,11.38,50.16,3.64,64.51,0,0,11.33,1.000000,0.000000,92.69
9,12.68,78.06,17.01,79.20,0,0,12.43,0.778801,0.000000,83.38
10,11.82,66.78,12.92,56.31,0,0,22.09,0.367879,0.000000,72.62
11,12.57,59.44,4.61,55.08,0,0,25.05,0.105399,0.000000,55.58
12,13.24,56.16,14.64,86.94,0,0,14.91,0.018316,0.000005,62.57
13,12.71,62.09,7.93,17.79,0,0,37.52,0.001930,0.000123,52.58
14,12.77,68.98,11.67,31.91,0,0,29.41,0.000123,0.001930,62.09
15,12.55,65.91,10.57,50.38,0,0,19.49,0.000005,0.018316,62.65
16,13.41,60.84,9.76,25.34,0,0,18.11,0.000000,0.105399,60.76
17,11.05,47.08,10.83,83.83,0,0,4.14,0.000000,0.367879,71.49
18,9.77,59.70,9.47,59.12,0,0,0.00,0.000000,0.778801,94.20
19,13.11,46.09,20.07,51.94,0,0,0.00,0.000000,1.000000,100.77
20,9.48,67.30,13.09,68.43,0,0,0.00,0.000000,0.778801,95.17
21,12.21,60.45,13.24,37.82,0,0,0.00,0.000000,0.367879,73.90
22,12.40,56.32,10.80,16.15,0,0,0.00,0.000000,0.105399,61.34
23,10.32,64.20,8.19,44.40,0,0,0.00,0.000000,0.018316,61.31
0,9.47,58.14,20.69,59.51,0,0,0.00,0.000000,0.000000,64.86
1,9.30,61.17,12.86,46.06,0,0,0.00,0.000005,0.000000,62.04
2,9.35,67.99,15.42,76.51,0,0,0.00,0.000123,0.000000,65.43
3,11.61,63.66,14.45,33.32,0,0,0.00,0.001930,0.000000,58.66
4,12.20,54.94,19.91,31.99,0,0,0.00,0.018316,0.000000,59.27
5,9.58,76.52,10.34,93.34,0,0,0.00,0.105399,0.000000,73.41
6,11.02,56.04,18.88,58.42,0,0,0.00,0.367879,0.000000,72.05
7,11.83,73.36,7.27,20.34,0,0,9.82,0.778801,0.000000,77.96
8,10.21,67.43,20.43,20.32,0,0,18.98,1.000000,0.000000,93.34
9,11.28,47.73,9.29,86.94,0,0,10.54,0.778801,0.000000,80.42
10,12.07,77.86,9.18,27.53,0,0,30.72,0.367879,0.000000,70.03
11,11.73,60.21,13.82,75.09,0,0,18.36,0.105399,0.000000,68.50
12,9.80,45.28,3.91,87.48,0,0,14.72,0.018316,0.000005,61.25
13,12.79,71.47,5.57,28.23,0,0,34.03,0.001930,0.000123,53.37
14,10.79,47.92,3.62,64.55,0,0,19.62,0.000123,0.001930,58.75
15,12.50,65.23,13.93,90.50,0,0,9.67,0.000005,0.018316,66.37
16,13.20,62.76,9.62,90.46,0,0,6.84,0.000000,0.105399,62.07
17,10.17,76.85,6.81,48.04,0,0,7.34,0.000000,0.367879,74.39
18,12.95,70.52,12.58,88.88,0,0,0.00,0.000000,0.778801,99.94
19,10.76,45.43,18.91,27.42,0,0,0.00,0.000000,1.000000,105.29
20,12.77,75.12,19.98,84.80,0,0,0.00,0.000000,0.778801,95.65
21,11.54,74.82,19.44,42.23,0,0,0.00,0.000000,0.367879,80.82
22,12.46,75.68,19.30,89.39,0,0,0.00,0.000000,0.105399,72.16
23,11.08,76.87,5.03,35.00,0,0,0.00,0.000000,0.018316,57.17
0,10.80,70.96,16.42,49.61,0,0,0.00,0.000000,0.000000,65.76
1,12.66,73.74,16.85,23.45,0,0,0.00,0.000005,0.000000,56.18
2,12.78,54.90,15.43,93.87,0,0,0.00,0.000123,0.000000,61.82
3,12.86,71.26,5.45,93.05,0,0,0.00,0.001930,0.000000,57.85
4,12.64,49.53,4.48,34.10,0,0,0.00,0.018316,0.000000,52.45
5,12.15,59.97,15.22,85.56,0,0,0.00,0.105399,0.000000,67.76
6,11.68,78.29,10.35,28.17,0,0,0.00,0.367879,0.000000,67.66
7,10.55,75.25,3.34,42.54,0,0,7.84,0.778801,0.000000,80.41
8,10.34,53.01,9.48,87.14,0,0,7.42,1.000000,0.000000,87.17
9,10.48,55.28,9.52,16.86,0,0,27.69,0.778801,0.000000,81.29
10,12.54,75.56,9.13,36.31,0,0,28.09,0.367879,0.000000,65.52
11,11.69,70.86,11.10,90.61,0,0,13.17,0.105399,0.000000,61.77
12,9.30,60.93,12.81,70.88,0,0,20.46,0.018316,0.000005,59.51
13,11.64,55.88,13.18,58.39,0,0,23.94,0.001930,0.000123,56.42
14,9.63,56.57,12.05,92.97,0,0,11.10,0.000123,0.001930,65.66
15,12.36,76.34,5.25,56.23,0,0,18.06,0.000005,0.018316,62.28
16,12.86,66.70,19.06,39.75,0,0,15.62,0.000000,0.105399,69.30
17,9.50,62.89,17.12,83.55,0,0,4.16,0.000000,0.367879,80.76
18,12.49,51.88,3.49,79.39,0,0,0.00,0.000000,0.778801,94.63
19,12.51,59.73,3.02,42.86,0,0,0.00,0.000000,1.000000,104.55
20,12.90,53.33,17.10,46.18,0,0,0.00,0.000000,0.778801,97.55
21,9.50,63.09,12.40,15.37,0,0,0.00,0.000000,0.367879,79.28
22,12.18,70.97,10.36,74.10,0,0,0.00,0.000000,0.105399,71.14
23,10.17,50.41,13.16,44.31,0,0,0.00,0.000000,0.018316,57.66
0,9.76,62.48,16.28,94.11,0,0,0.00,0.000000,0.000000,60.11
1,11.73,79.66,9.34,77.45,0,0,0.00,0.000005,0.000000,65.12
2,11.12,60.55,8.57,69.62,0,0,0.00,0.000123,0.000000,61.98
3,9.30,51.13,12.05,90.00,0,0,0.00,0.001930,0.000000,64.35
4,11.55,55.79,19.98,21.73,0,0,0.00,0.018316,0.000000,56.38
5,12.28,61.92,8.29,55.19,0,0,0.00,0.105399,0.000000,61.06
6,9.01,70.69,18.90,26.48,0,0,0.00,0.367879,0.000000,71.20
7,10.53,45.54,10.52,75.98,0,0,4.84,0.778801,0.000000,84.33
8,11.70,68.63,18.48,74.54,0,0,9.60,1.000000,0.000000,98.90
9,12.51,75.64,8.00,43.15,0,0,21.26,0.778801,0.000000,79.98
10,10.40,53.22,17.73,75.71,0,0,16.28,0.367879,0.000000,69.60
11,10.98,45.79,11.56,47.91,0,0,27.45,0.105399,0.000000,61.82
12,11.43,49.27,16.53,70.11,0,0,20.73,0.018316,0.000005,58.63
13,9.48,76.95,15.65,55.12,0,0,25.04,0.001930,0.000123,64.16
14,10.89,57.97,12.99,61.10,0,0,20.66,0.000123,0.001930,62.26
15,10.87,61.41,5.39,42.16,0,0,21.50,0.000005,0.018316,60.95
16,12.10,45.62,6.67,35.67,0,0,16.33,0.000000,0.105399,55.54
17,11.44,73.50,9.50,52.94,0,0,6.90,0.000000,0.367879,80.17
18,9.52,53.47,9.76,32.49,0,0,0.00,0.000000,0.778801,94.34
19,11.41,59.75,8.85,51.49,0,0,0.00,0.000000,1.000000,102.32
20,11.35,78.53,20.33,19.89,0,0,0.00,0.000000,0.778801,98.23
21,10.98,45.77,7.39,50.49,0,0,0.00,0.000000,0.367879,73.05
22,11.70,47.64,8.90,41.36,0,0,0.00,0.000000,0.105399,64.63
23,8.94,69.36,16.77,61.28,0,0,0.00,0.000000,0.018316,63.89
0,12.55,57.74,15.21,80.05,1,0,0.00,0.000000,0.000000,70.96
1,12.05,54.34,20.82,48.86,1,0,0.00,0.000005,0.000000,68.85
2,10.71,77.00,6.17,89.84,1,0,0.00,0.000123,0.000000,68.91
3,10.14,46.58,7.24,42.89,1,0,0.00,0.001930,0.000000,63.07
4,11.34,69.49,9.63,25.80,1,0,0.00,0.018316,0.000000,64.08
5,9.47,67.91,20.93,59.26,1,0,0.00,0.105399,0.000000,73.64
6,10.19,74.00,18.16,64.55,1,0,0.00,0.367879,0.000000,83.42
7,11.34,70.66,3.42,50.05,1,0,7.16,0.778801,0.000000,88.48
8,12.48,78.00,15.50,40.88,1,0,15.42,1.000000,0.000000,101.68
9,8.85,63.83,11.21,89.67,1,0,9.87,0.778801,0.000000,91.56
10,11.09,63.06,3.56,66.52,1,0,19.03,0.367879,0.000000,79.17
11,10.48,73.77,18.77,24.82,1,0,35.17,0.105399,0.000000,76.69
12,9.36,71.67,9.62,43.90,1,0,29.80,0.018316,0.000005,68.63
13,10.02,62.11,18.11,71.56,1,0,19.54,0.001930,0.000123,72.70
14,10.13,64.82,3.02,48.20,1,0,24.52,0.000123,0.001930,69.41
15,11.12,49.07,5.40,59.24,1,0,17.32,0.000005,0.018316,61.41
16,9.34,74.25,7.86,69.60,1,0,10.45,0.000000,0.105399,77.47
17,11.89,50.52,13.44,42.97,1,0,7.80,0.000000,0.367879,84.67
18,11.33,69.18,15.16,89.18,1,0,0.00,0.000000,0.778801,102.35
19,9.16,69.40,19.48,38.84,1,0,0.00,0.000000,1.000000,112.57
20,12.72,61.95,4.94,51.69,1,0,0.00,0.000000,0.778801,96.21
21,9.33,55.78,20.81,44.19,1,0,0.00,0.000000,0.367879,85.97
22,8.97,50.73,13.03,21.51,1,0,0.00,0.000000,0.105399,70.23
23,9.13,69.61,12.18,94.48,1,0,0.00,0.000000,0.018316,70.08
0,8.86,52.56,15.51,48.59,1,0,0.00,0.000000,0.000000,73.02
1,12.28,48.47,14.77,82.17,1,0,0.00,0.000005,0.000000,66.86
2,12.04,45.08,5.46,16.17,1,0,0.00,0.000123,0.000000,62.48
3,8.92,75.07,9.39,28.58,1,0,0.00,0.001930,0.000000,74.31
4,11.36,65.63,6.12,53.33,1,0,0.00,0.018316,0.000000,71.78
5,11.82,62.71,18.19,60.16,1,0,0.00,0.105399,0.000000,67.70
6,10.42,61.72,16.75,81.73,1,0,0.00,0.367879,0.000000,85.01
7,10.14,55.59,7.41,62.03,1,0,6.09,0.778801,0.000000,87.14
8,11.35,57.86,16.69,68.80,1,0,10.59,1.000000,0.000000,103.02
9,10.90,56.10,15.40,68.52,1,0,15.05,0.778801,0.000000,91.24
10,12.54,49.88,6.00,46.52,1,0,25.02,0.367879,0.000000,72.66
11,12.25,69.02,15.04,68.11,1,0,20.69,0.105399,0.000000,74.68
12,11.34,54.63,18.34,29.72,1,0,34.71,0.018316,0.000005,67.22
13,9.05,53.09,5.52,93.24,1,0,12.29,0.001930,0.000123,71.14
14,11.32,71.03,4.59,15.62,1,0,34.29,0.000123,0.001930,60.37
15,12.34,71.93,10.26,79.56,1,0,12.35,0.000005,0.018316,69.80
16,8.75,59.83,12.91,52.41,1,0,13.43,0.000000,0.105399,73.33
17,8.80,79.28,20.71,58.18,1,0,6.43,0.000000,0.367879,93.99
18,10.14,48.56,16.22,33.81,1,0,0.00,0.000000,0.778801,98.34
19,10.84,79.60,16.71,75.15,1,0,0.00,0.000000,1.000000,116.72
20,11.00,55.04,20.21,73.75,1,0,0.00,0.000000,0.778801,107.16
21,8.63,51.69,10.65,17.48,1,0,0.00,0.000000,0.367879,82.52
22,9.06,58.17,20.75,25.81,1,0,0.00,0.000000,0.105399,74.76
23,12.30,70.68,5.48,31.92,1,0,0.00,0.000000,0.018316,67.83
0,11.55,48.03,17.29,40.50,0,0,0.00,0.000000,0.000000,57.65
1,10.39,50.68,21.00,94.22,0,0,0.00,0.000005,0.000000,63.14
2,11.38,79.62,13.53,65.06,0,0,0.00,0.000123,0.000000,60.18
3,9.91,48.88,16.20,49.39,0,0,0.00,0.001930,0.000000,58.78
4,10.97,67.83,6.68,70.35,0,0,0.00,0.018316,0.000000,65.31
5,12.14,76.36,18.13,21.72,0,0,0.00,0.105399,0.000000,63.90
6,8.90,47.25,16.31,82.22,0,0,0.00,0.367879,0.000000,73.14
7,8.99,70.82,13.99,51.96,0,0,6.99,0.778801,0.000000,89.94
8,11.89,48.24,17.04,25.70,0,0,18.05,1.000000,0.000000,91.77
9,9.97,57.39,12.92,83.65,0,0,11.34,0.778801,0.000000,81.84
10,9.45,74.05,18.44,64.69,0,0,19.58,0.367879,0.000000,78.22
11,9.72,58.62,11.30,35.76,0,0,31.51,0.105399,0.000000,63.72
12,8.46,54.92,6.08,41.75,0,0,30.55,0.018316,0.000005,59.82
13,12.22,60.77,6.90,69.17,0,0,20.34,0.001930,0.000123,62.91
14,9.60,48.57,9.45,58.46,0,0,21.45,0.000123,0.001930,57.86
15,8.86,52.28,16.15,86.25,0,0,10.71,0.000005,0.018316,64.17
16,9.34,60.17,18.13,49.84,0,0,13.87,0.000000,0.105399,61.90
17,11.81,48.75,8.49,79.48,0,0,4.53,0.000000,0.367879,74.10
18,10.30,45.53,16.80,23.37,0,0,0.00,0.000000,0.778801,87.96
19,10.75,54.38,20.85,52.71,0,0,0.00,0.000000,1.000000,108.97
20,10.11,62.39,17.36,37.55,0,0,0.00,0.000000,0.778801,96.40
21,11.32,49.34,11.66,81.89,0,0,0.00,0.000000,0.367879,72.12
22,9.59,47.42,12.76,93.25,0,0,0.00,0.000000,0.105399,69.37
23,10.72,68.23,15.64,65.94,0,0,0.00,0.000000,0.018316,63.94
0,10.58,60.30,9.97,86.61,0,0,0.00,0.000000,0.000000,58.86
1,11.16,68.47,13.77,87.72,0,0,0.00,0.000005,0.000000,58.73
2,10.61,75.87,9.25,51.96,0,0,0.00,0.000123,0.000000,64.77
3,9.76,75.96,16.41,65.47,0,0,0.00,0.001930,0.000000,69.16
4,10.82,49.00,11.30,49.95,0,0,0.00,0.018316,0.000000,63.01
5,9.28,52.51,9.85,50.34,0,0,0.00,0.105399,0.000000,61.01
6,9.06,76.17,15.71,56.81,0,0,0.00,0.367879,0.000000,79.10
7,9.36,71.66,9.93,42.44,0,0,7.84,0.778801,0.000000,86.16
8,9.23,69.98,12.27,29.21,0,0,17.44,1.000000,0.000000,95.83
9,10.46,74.97,13.14,39.44,0,0,22.17,0.778801,0.000000,87.59
10,9.94,59.68,7.68,20.41,0,0,32.85,0.367879,0.000000,68.49
11,9.09,58.08,12.62,84.39,0,0,15.25,0.105399,0.000000,67.21
12,8.71,67.96,14.01,33.82,0,0,33.29,0.018316,0.000005,61.54
13,10.22,66.22,12.21,67.94,0,0,20.75,0.001930,0.000123,62.50
14,10.27,45.55,4.22,42.30,0,0,26.29,0.000123,0.001930,54.83
15,8.49,68.10,11.48,48.32,0,0,19.99,0.000005,0.018316,66.64
16,8.42,72.89,6.11,23.02,0,0,18.52,0.000000,0.105399,68.73
17,9.24,69.99,13.23,87.75,0,0,3.79,0.000000,0.367879,82.05
18,11.61,72.36,14.91,61.66,0,0,0.00,0.000000,0.778801,95.75
19,9.58,65.27,10.10,68.16,0,0,0.00,0.000000,1.000000,102.82
20,10.77,45.92,20.44,31.96,0,0,0.00,0.000000,0.778801,98.21
21,11.03,75.58,15.04,50.54,0,0,0.00,0.000000,0.367879,80.71
22,10.55,55.27,17.40,42.18,0,0,0.00,0.000000,0.105399,64.46
23,9.30,54.74,11.41,82.99,0,0,0.00,0.000000,0.018316,58.42
0,9.17,69.60,18.93,23.26,0,0,0.00,0.000000,0.000000,58.31
1,10.84,67.42,20.41,29.90,0,0,0.00,0.000005,0.000000,58.96
2,11.39,65.25,5.45,20.54,0,0,0.00,0.000123,0.000000,59.59
3,10.37,61.02,7.03,32.13,0,0,0.00,0.001930,0.000000,61.27
4,8.45,59.24,8.08,85.17,0,0,0.00,0.018316,0.000000,64.41
5,10.71,78.93,12.04,21.03,0,0,0.00,0.105399,0.000000,66.84
6,11.09,67.83,7.33,89.63,0,0,0.00,0.367879,0.000000,70.57
7,9.89,69.65,11.94,63.53,0,0,5.96,0.778801,0.000000,89.79
8,11.02,53.51,3.87,17.62,0,0,19.45,1.000000,0.000000,83.14
9,8.35,46.44,5.99,94.28,0,0,8.74,0.778801,0.000000,89.11
10,8.44,76.12,15.41,87.71,0,0,12.68,0.367879,0.000000,74.63
11,9.94,75.25,7.35,41.55,0,0,29.57,0.105399,0.000000,64.35
12,9.30,63.49,14.74,87.44,0,0,14.73,0.018316,0.000005,63.23
13,11.01,59.99,11.78,78.79,0,0,17.12,0.001930,0.000123,58.86
14,8.04,61.54,6.06,64.97,0,0,19.49,0.000123,0.001930,58.70
15,9.91,63.33,19.37,60.46,0,0,17.02,0.000005,0.018316,62.53
16,11.30,51.94,17.11,33.93,0,0,16.63,0.000000,0.105399,61.57
17,8.32,68.83,3.01,52.42,0,0,6.95,0.000000,0.367879,78.56
18,8.94,54.83,17.48,58.51,0,0,0.00,0.000000,0.778801,101.56
19,10.82,49.91,7.56,89.91,0,0,0.00,0.000000,1.000000,104.95
20,11.50,48.22,10.48,66.11,0,0,0.00,0.000000,0.778801,95.84
21,10.63,52.39,6.78,54.28,0,0,0.00,0.000000,0.367879,76.89
22,8.21,50.92,5.67,47.09,0,0,0.00,0.000000,0.105399,68.95
23,10.90,60.56,15.72,18.54,0,0,0.00,0.000000,0.018316,57.28
0,10.30,52.53,9.30,92.82,0,0,0.00,0.000000,0.000000,65.82
1,11.15,56.60,10.62,16.07,0,0,0.00,0.000005,0.000000,53.30
2,9.47,60.29,13.13,16.93,0,0,0.00,0.000123,0.000000,55.94
3,11.08,46.94,16.19,22.16,0,0,0.00,0.001930,0.000000,59.61
4,8.03,76.95,13.67,87.02,0,0,0.00,0.018316,0.000000,62.96
5,8.38,44.35,20.26,48.54,0,0,0.00,0.105399,0.000000,63.44
6,8.66,46.21,19.50,89.78,0,0,0.00,0.367879,0.000000,73.72
7,11.44,72.35,16.97,82.52,0,0,4.25,0.778801,0.000000,92.30
8,8.60,66.89,5.25,25.40,0,0,18.10,1.000000,0.000000,92.00
9,10.89,57.84,12.11,39.22,0,0,22.22,0.778801,0.000000,81.00
10,10.78,72.65,17.82,44.46,0,0,25.64,0.367879,0.000000,74.02
11,9.18,62.41,15.84,63.06,0,0,22.38,0.105399,0.000000,63.50
12,11.22,68.45,19.18,24.68,0,0,36.46,0.018316,0.000005,59.36
13,9.48,47.71,14.48,17.75,0,0,37.53,0.001930,0.000123,53.11
14,10.50,60.21,18.46,63.21,0,0,20.02,0.000123,0.001930,65.69
15,11.57,46.31,19.94,87.93,0,0,10.30,0.000005,0.018316,58.80
16,11.19,79.43,5.63,35.84,0,0,16.30,0.000000,0.105399,60.78
17,8.58,64.79,16.63,45.09,0,0,7.61,0.000000,0.367879,74.30
18,8.11,68.76,11.46,74.03,0,0,0.00,0.000000,0.778801,100.84
19,8.38,58.93,11.86,30.38,0,0,0.00,0.000000,1.000000,109.84
20,7.92,75.22,8.64,77.40,0,0,0.00,0.000000,0.778801,95.99
21,9.62,79.11,20.69,82.72,0,0,0.00,0.000000,0.367879,88.57
22,9.40,54.35,12.47,40.30,0,0,0.00,0.000000,0.105399,62.63
23,8.87,71.11,17.80,56.88,0,0,0.00,0.000000,0.018316,69.04
0,9.27,61.56,6.85,89.13,0,0,0.00,0.000000,0.000000,59.47
1,10.49,68.24,16.39,78.23,0,0,0.00,0.000005,0.000000,59.77
2,9.35,72.84,15.85,48.91,0,0,0.00,0.000123,0.000000,64.07
3,8.04,72.35,5.72,33.24,0,0,0.00,0.001930,0.000000,57.69
4,8.47,51.28,6.90,27.44,0,0,0.00,0.018316,0.000000,59.71
5,7.77,53.50,4.76,43.46,0,0,0.00,0.105399,0.000000,58.45
6,9.89,76.01,7.10,28.14,0,0,0.00,0.367879,0.000000,70.82
7,9.35,79.36,12.21,18.84,0,0,9.96,0.778801,0.000000,86.29
8,10.43,51.03,13.01,43.64,0,0,14.95,1.000000,0.000000,91.89
9,9.58,60.10,3.66,81.49,0,0,11.87,0.778801,0.000000,83.09
10,11.56,74.45,11.39,66.60,0,0,19.00,0.367879,0.000000,73.97
11,8.15,68.64,18.89,15.39,0,0,38.32,0.105399,0.000000,62.79
12,8.01,45.14,4.55,46.24,0,0,28.99,0.018316,0.000005,57.18
13,10.28,57.83,8.39,18.68,0,0,37.22,0.001930,0.000123,61.01
14,9.89,47.09,15.22,84.39,0,0,13.67,0.000123,0.001930,60.11
15,11.64,56.55,4.05,36.37,0,0,22.92,0.000005,0.018316,59.14
16,11.41,44.58,4.06,48.84,0,0,14.05,0.000000,0.105399,56.60
17,8.67,56.25,11.22,78.09,0,0,4.65,0.000000,0.367879,81.45
18,10.00,65.67,16.85,27.78,0,0,0.00,0.000000,0.778801,98.98
19,9.53,55.04,5.44,63.44,0,0,0.00,0.000000,1.000000,103.84
20,10.34,62.11,16.63,84.47,0,0,0.00,0.000000,0.778801,100.74
21,8.68,69.07,7.95,50.37,0,0,0.00,0.000000,0.367879,78.81
22,10.03,67.85,15.86,18.69,0,0,0.00,0.000000,0.105399,68.72
23,10.79,72.42,16.82,35.99,0,0,0.00,0.000000,0.018316,61.52
0,8.77,63.80,4.02,87.93,1,0,0.00,0.000000,0.000000,74.55
1,8.38,67.67,14.57,38.63,1,0,0.00,0.000005,0.000000,69.36
2,11.14,53.55,8.20,70.15,1,0,0.00,0.000123,0.000000,72.22
3,8.88,49.53,13.24,40.21,1,0,0.00,0.001930,0.000000,72.44
4,9.73,63.74,7.43,87.26,1,0,0.00,0.018316,0.000000,73.07
5,10.24,52.41,12.97,33.27,1,0,0.00,0.105399,0.000000,72.54
6,10.63,47.94,4.16,39.05,1,0,0.00,0.367879,0.000000,75.74
7,8.95,62.47,8.63,83.87,1,0,4.13,0.778801,0.000000,99.18
8,9.73,70.29,15.35,25.52,1,0,18.08,1.000000,0.000000,99.86
9,10.37,55.74,19.73,73.15,1,0,13.92,0.778801,0.000000,90.54
10,7.77,47.80,18.71,27.39,1,0,30.76,0.367879,0.000000,77.41
11,11.05,52.44,17.73,62.97,1,0,22.41,0.105399,0.000000,67.30
12,8.86,68.65,5.38,74.33,1,0,19.27,0.018316,0.000005,68.17
13,7.85,79.73,8.20,49.42,1,0,26.94,0.001930,0.000123,75.26
14,11.08,68.73,6.47,23.28,1,0,31.99,0.000123,0.001930,69.27
15,11.28,79.73,14.83,66.68,1,0,15.50,0.000005,0.018316,77.22
16,9.77,54.04,17.41,80.23,1,0,8.61,0.000000,0.105399,72.33
17,10.22,51.92,12.59,68.10,1,0,5.55,0.000000,0.367879,88.92
18,10.95,59.76,6.02,73.04,1,0,0.00,0.000000,0.778801,101.20
19,9.00,56.40,4.42,66.71,1,0,0.00,0.000000,1.000000,110.62
20,7.57,66.46,12.11,85.17,1,0,0.00,0.000000,0.778801,105.16
21,11.50,72.35,9.40,67.74,1,0,0.00,0.000000,0.367879,85.47
22,9.77,72.94,6.52,55.40,1,0,0.00,0.000000,0.105399,73.35
23,9.51,44.82,17.27,57.34,1,0,0.00,0.000000,0.018316,65.98
0,7.93,79.04,11.10,42.42,1,0,0.00,0.000000,0.000000,75.99
1,11.18,45.50,4.00,48.45,1,0,0.00,0.000005,0.000000,64.35
2,9.64,76.55,8.48,69.43,1,0,0.00,0.000123,0.000000,73.73
3,10.59,58.48,11.92,52.46,1,0,0.00,0.001930,0.000000,70.25
4,9.30,69.13,11.67,69.14,1,0,0.00,0.018316,0.000000,72.21
5,8.65,67.98,16.60,48.48,1,0,0.00,0.105399,0.000000,74.52
6,7.96,69.35,16.77,67.01,1,0,0.00,0.367879,0.000000,82.64
7,8.36,74.25,8.18,85.79,1,0,3.96,0.778801,0.000000,99.94
8,10.50,70.19,19.61,36.79,1,0,16.13,1.000000,0.000000,105.52
9,9.09,71.80,8.40,64.66,1,0,15.99,0.778801,0.000000,92.36
10,8.65,46.55,14.48,21.55,1,0,32.51,0.367879,0.000000,77.57
11,10.59,74.61,9.64,60.55,1,0,23.22,0.105399,0.000000,71.89
12,7.87,47.42,7.79,40.70,1,0,30.91,0.018316,0.000005,66.63
13,7.83,75.99,9.17,52.83,1,0,25.80,0.001930,0.000123,70.73
14,7.79,60.99,6.89,23.73,1,0,31.86,0.000123,0.001930,70.50
15,9.21,54.93,14.67,34.82,1,0,23.30,0.000005,0.018316,69.08
16,9.30,61.40,9.24,30.06,1,0,17.30,0.000000,0.105399,70.73
17,11.10,68.46,10.13,84.74,1,0,4.06,0.000000,0.367879,85.28
18,11.29,56.11,13.03,35.99,1,0,0.00,0.000000,0.778801,99.30
19,10.42,48.27,6.10,28.89,1,0,0.00,0.000000,1.000000,108.82
20,8.91,76.63,17.29,19.51,1,0,0.00,0.000000,0.778801,109.07
21,7.89,60.83,18.32,37.38,1,0,0.00,0.000000,0.367879,85.75
22,11.09,56.36,13.30,16.59,1,0,0.00,0.000000,0.105399,75.20
23,9.43,48.97,11.87,60.79,1,0,0.00,0.000000,0.018316,69.29
0,9.83,77.03,18.44,83.63,0,0,0.00,0.000000,0.000000,68.29
1,11.05,76.06,7.31,51.27,0,0,0.00,0.000005,0.000000,57.71
2,9.76,49.43,9.36,24.83,0,0,0.00,0.000123,0.000000,59.62
3,8.67,49.35,9.90,16.26,0,0,0.00,0.001930,0.000000,62.26
4,9.09,79.66,19.69,75.61,0,0,0.00,0.018316,0.000000,65.35
5,8.13,53.78,7.41,53.72,0,0,0.00,0.105399,0.000000,66.37
6,9.86,56.07,15.91,18.45,0,0,0.00,0.367879,0.000000,66.39
7,8.50,52.74,12.64,19.45,0,0,9.90,0.778801,0.000000,81.30
8,7.59,78.45,8.88,71.23,0,0,10.17,1.000000,0.000000,93.66
9,8.25,62.98,7.39,23.46,0,0,26.08,0.778801,0.000000,83.08
10,9.84,63.84,5.69,34.56,0,0,28.61,0.367879,0.000000,70.43
11,8.86,79.36,5.24,70.56,0,0,19.87,0.105399,0.000000,64.11
12,7.64,67.23,6.83,79.57,0,0,17.46,0.018316,0.000005,68.09
13,9.59,68.97,9.72,52.91,0,0,25.78,0.001930,0.000123,62.29
14,11.14,50.61,13.96,25.38,0,0,31.36,0.000123,0.001930,59.01
15,7.46,46.13,10.01,56.70,0,0,17.94,0.000005,0.018316,60.03
16,7.18,47.97,14.72,61.56,0,0,11.85,0.000000,0.105399,63.05
17,7.87,58.47,10.33,84.14,0,0,4.11,0.000000,0.367879,77.11
18,8.32,44.16,19.16,79.95,0,0,0.00,0.000000,0.778801,94.29
19,10.93,58.84,14.14,62.15,0,0,0.00,0.000000,1.000000,108.67
20,8.53,47.40,6.69,37.66,0,0,0.00,0.000000,0.778801,91.87
21,10.13,75.52,20.00,15.05,0,0,0.00,0.000000,0.367879,76.86
22,10.49,65.48,12.91,23.11,0,0,0.00,0.000000,0.105399,61.07
23,8.00,44.09,6.16,44.41,0,0,0.00,0.000000,0.018316,56.32
0,7.18,65.98,13.93,85.97,0,0,0.00,0.000000,0.000000,68.88
1,10.16,54.06,15.34,91.79,0,0,0.00,0.000005,0.000000,59.25
2,10.11,64.47,10.83,43.01,0,0,0.00,0.000123,0.000000,59.80
3,9.53,69.01,11.28,42.09,0,0,0.00,0.001930,0.000000,63.41
4,8.44,72.34,9.32,51.97,0,0,0.00,0.018316,0.000000,66.87
5,8.23,62.10,17.49,83.79,0,0,0.00,0.105399,0.000000,72.78
6,9.30,73.44,12.61,18.39,0,0,0.00,0.367879,0.000000,74.58
7,10.34,78.45,20.03,21.14,0,0,9.75,0.778801,0.000000,90.80
8,9.22,57.29,7.85,91.12,0,0,6.73,1.000000,0.000000,98.07
9,10.89,69.10,15.35,77.62,0,0,12.82,0.778801,0.000000,87.56
10,7.71,57.02,13.79,36.85,0,0,27.93,0.367879,0.000000,74.31
11,9.50,55.66,15.37,85.41,0,0,14.91,0.105399,0.000000,70.27
12,9.06,62.31,10.90,65.63,0,0,22.28,0.018316,0.000005,59.55
13,10.11,49.59,12.71,65.90,0,0,21.43,0.001930,0.000123,59.21
14,10.33,62.13,14.45,55.41,0,0,22.36,0.000123,0.001930,56.77
15,8.37,73.93,19.59,37.98,0,0,22.52,0.000005,0.018316,62.95
16,9.87,70.79,20.72,76.61,0,0,9.24,0.000000,0.105399,67.83
17,7.52,56.64,14.97,87.57,0,0,3.80,0.000000,0.367879,78.65
18,9.33,56.41,10.51,34.60,0,0,0.00,0.000000,0.778801,95.53
19,9.12,75.39,15.29,19.43,0,0,0.00,0.000000,1.000000,105.80
20,7.98,54.92,13.90,32.88,0,0,0.00,0.000000,0.778801,90.72
21,10.49,52.12,9.76,55.73,0,0,0.00,0.000000,0.367879,75.27
22,10.00,76.86,11.72,57.25,0,0,0.00,0.000000,0.105399,71.56
23,8.54,50.43,12.73,49.30,0,0,0.00,0.000000,0.018316,57.15
0,10.18,48.35,19.48,17.65,0,0,0.00,0.000000,0.000000,59.51
1,10.18,45.53,18.23,29.31,0,0,0.00,0.000005,0.000000,55.14
2,6.86,59.06,9.14,43.35,0,0,0.00,0.000123,0.000000,58.68
3,10.16,75.93,18.75,77.02,0,0,0.00,0.001930,0.000000,69.19
4,7.44,51.69,19.37,34.31,0,0,0.00,0.018316,0.000000,66.58
5,10.21,58.23,10.32,24.81,0,0,0.00,0.105399,0.000000,61.57
6,10.40,58.72,17.04,52.19,0,0,0.00,0.367879,0.000000,69.26
7,7.48,75.60,8.73,88.53,0,0,3.72,0.778801,0.000000,88.78
8,9.61,54.92,5.62,52.72,0,0,13.38,1.000000,0.000000,90.94
9,7.87,50.79,3.79,84.36,0,0,11.17,0.778801,0.000000,89.99
10,9.97,73.92,13.11,22.99,0,0,32.08,0.367879,0.000000,75.28
11,9.10,74.88,7.59,74.87,0,0,18.43,0.105399,0.000000,68.99
12,7.37,73.73,11.40,16.97,0,0,39.13,0.018316,0.000005,64.70
13,9.01,68.41,5.23,56.36,0,0,24.62,0.001930,0.000123,56.40
14,9.66,53.86,18.97,65.24,0,0,19.41,0.000123,0.001930,57.79
15,6.90,75.57,12.43,88.95,0,0,10.05,0.000005,0.018316,68.01
16,10.57,69.91,9.14,56.22,0,0,12.77,0.000000,0.105399,62.43
17,8.36,76.16,13.92,85.00,0,0,4.03,0.000000,0.367879,86.72
18,9.04,76.37,9.73,30.18,0,0,0.00,0.000000,0.778801,98.12
19,8.14,52.58,15.77,76.79,0,0,0.00,0.000000,1.000000,107.98
20,9.01,66.80,5.64,39.53,0,0,0.00,0.000000,0.778801,91.36
21,8.14,44.78,7.74,24.79,0,0,0.00,0.000000,0.367879,73.57
22,8.87,74.07,11.70,74.43,0,0,0.00,0.000000,0.105399,69.80
23,8.20,44.06,14.96,69.48,0,0,0.00,0.000000,0.018316,62.25
0,8.80,59.87,20.69,36.14,0,0,0.00,0.000000,0.000000,58.37
1,6.94,65.00,14.99,16.42,0,0,0.00,0.000005,0.000000,60.57
2,9.89,45.44,13.97,27.22,0,0,0.00,0.000123,0.000000,54.83
3,8.99,63.30,5.87,62.01,0,0,0.00,0.001930,0.000000,57.36
4,8.47,51.56,17.98,62.44,0,0,0.00,0.018316,0.000000,60.55
5,9.64,61.08,20.32,80.28,0,0,0.00,0.105399,0.000000,71.07
6,6.98,76.62,7.90,32.30,0,0,0.00,0.367879,0.000000,76.64
7,9.88,73.62,17.13,45.43,0,0,7.58,0.778801,0.000000,85.39
8,7.94,44.33,5.81,76.70,0,0,9.22,1.000000,0.000000,95.94
9,10.31,51.38,15.63,43.68,0,0,21.13,0.778801,0.000000,82.54
10,10.58,48.27,5.34,75.96,0,0,16.20,0.367879,0.000000,70.16
11,7.84,60.63,12.34,38.39,0,0,30.63,0.105399,0.000000,61.19
12,10.44,51.07,7.38,83.10,0,0,16.24,0.018316,0.000005,59.44
13,6.95,76.91,7.15,18.27,0,0,37.36,0.001930,0.000123,61.31
14,9.77,63.31,16.63,32.24,0,0,29.31,0.000123,0.001930,57.45
15,10.14,65.17,13.41,64.34,0,0,16.07,0.000005,0.018316,64.80
16,8.94,46.92,19.27,66.00,0,0,11.08,0.000000,0.105399,66.66
17,10.32,79.43,10.54,63.74,0,0,5.94,0.000000,0.367879,84.23
18,7.17,47.79,9.96,36.72,0,0,0.00,0.000000,0.778801,95.44
19,10.13,49.17,11.29,40.79,0,0,0.00,0.000000,1.000000,107.67
20,8.62,47.53,8.76,55.99,0,0,0.00,0.000000,0.778801,92.81
21,9.19,56.20,16.24,94.03,0,0,0.00,0.000000,0.367879,76.89
22,7.66,46.79,4.49,59.97,0,0,0.00,0.000000,0.105399,65.06
23,9.29,51.83,8.58,46.69,0,0,0.00,0.000000,0.018316,58.73
0,9.11,75.81,5.60,88.71,0,0,0.00,0.000000,0.000000,67.23
1,10.41,70.92,19.89,62.53,0,0,0.00,0.000005,0.000000,62.93
2,7.10,45.64,3.62,52.18,0,0,0.00,0.000123,0.000000,57.27
3,8.08,58.41,20.94,94.29,0,0,0.00,0.001930,0.000000,70.61
4,8.02,76.34,6.06,77.86,0,0,0.00,0.018316,0.000000,67.30
5,10.27,69.91,19.11,82.16,0,0,0.00,0.105399,0.000000,67.25
6,9.26,64.16,19.78,49.89,0,0,0.00,0.367879,0.000000,74.57
7,6.88,56.90,13.00,71.71,0,0,5.22,0.778801,0.000000,87.65
8,9.48,61.31,5.65,43.67,0,0,14.94,1.000000,0.000000,91.89
9,7.27,73.14,8.34,76.96,0,0,12.98,0.778801,0.000000,85.23
10,8.84,56.43,14.15,56.32,0,0,22.09,0.367879,0.000000,74.55
11,7.40,46.93,18.66,62.48,0,0,22.58,0.105399,0.000000,67.89
12,7.37,61.29,13.44,37.86,0,0,31.89,0.018316,0.000005,58.69
13,9.17,59.06,8.16,21.13,0,0,36.40,0.001930,0.000123,58.47
14,9.14,57.73,11.84,86.48,0,0,13.05,0.000123,0.001930,63.44
15,8.06,62.20,16.44,68.20,0,0,15.13,0.000005,0.018316,62.28
16,8.94,74.71,13.37,86.62,0,0,7.51,0.000000,0.105399,67.18
17,10.33,59.00,7.72,81.96,0,0,4.30,0.000000,0.367879,78.34
18,10.32,57.11,8.73,68.26,0,0,0.00,0.000000,0.778801,95.72
19,9.85,60.80,16.72,20.78,0,0,0.00,0.000000,1.000000,103.31
20,8.39,75.14,4.53,92.69,0,0,0.00,0.000000,0.778801,101.03
21,8.05,49.91,9.67,82.82,0,0,0.00,0.000000,0.367879,77.59
22,8.39,55.17,11.53,30.76,0,0,0.00,0.000000,0.105399,63.71
23,9.75,50.60,12.64,30.26,0,0,0.00,0.000000,0.018316,56.15
