day_index,hour,is_weekend,is_holiday,distance_km,traffic_index,rain_mm,temperature_c,parcels_on_route,driver_experience_months,pickup_queue_min,zone_density,delivery_zone,service_level,incident_type,actual_duration_min
0,7,0,1,8.96,52.12,0,0.87,10,22.03,16.15,60.32,residential,express,none,43.72
0,8,0,1,6.35,82.43,0,3.73,2,0,10,72.43,residential,bulky,none,53.19
0,9,0,1,8.25,80.24,0,0.13,14,9.64,24.31,80.26,central,standard,none,66.17
0,10,0,1,11.3,46.16,6,-0.11,16,39.59,7.32,26.68,peripheral,express,none,45.11
0,11,0,1,1.72,57.3,3.04,-3.75,18,23.53,12.03,45.6,residential,standard,none,36.19
0,12,0,1,6.56,36.62,0,-1.2,6,26.97,5.33,44.58,peripheral,standard,none,20.44
0,13,0,1,6.19,57.78,0,0.94,1,8.95,5.95,50.27,residential,bulky,none,37.03
0,14,0,1,8.4,36,5.32,7.2,16,31.04,9.16,19.3,peripheral,standard,none,44.57
0,15,0,1,1.68,43.34,0.13,0.61,14,11.32,7.87,52.49,residential,express,none,20.37
0,16,0,1,26.58,55.93,5.37,3.3,14,20.97,7.12,5,peripheral,standard,none,73.51
0,17,0,1,16.24,76.93,2.38,-0.84,8,32.79,21.09,44.19,residential,bulky,none,85.11
0,18,0,1,7.61,91.21,0.66,-1.7,11,36.46,7.74,100,central,express,none,38.46
0,7,0,1,5.9,12.94,3.45,12.74,3,12.04,17.23,33.6,peripheral,bulky,none,39.96
0,8,0,1,11.16,79.62,0,2.8,20,16.05,19.62,78.86,central,standard,none,70.76
0,9,0,1,1.99,79.3,0,3.83,1,14.64,13.54,52.14,residential,bulky,none,35.31
0,10,0,1,8.36,45.55,0,2.08,7,5.13,0,20.82,residential,bulky,none,35.32
0,11,0,1,2.42,35.45,0,3.65,12,26.93,2.6,37.42,residential,standard,none,20.26
0,12,0,1,3.74,44.34,5.11,1.12,13,5.46,6.19,86.39,central,standard,customer_absent,38.22
0,13,0,1,9.4,32.39,4.12,-0.92,14,42.92,0,19.93,peripheral,standard,none,28.04
0,14,0,1,5.89,32.16,0,5.26,15,18.72,15.27,40.47,residential,express,none,24.91
0,15,0,1,13.25,44.7,0,-3.21,9,23.5,18.4,73.35,residential,standard,none,51.33
0,16,0,1,7.38,46.41,0,-4.06,14,32.7,1.45,96.15,central,standard,none,32.37
0,17,0,1,12.96,83.13,0.73,3.99,14,17.65,13.91,42.69,residential,express,none,49.55
0,18,0,1,9.6,71.25,0,1.97,16,34.12,20.18,41.51,residential,standard,none,57.68
0,7,0,1,6.1,38.34,0,-1.64,20,26.97,8.65,63.89,residential,standard,none,37.96
0,8,0,1,9.5,73.57,1.56,-0.77,13,25.3,14.07,47.48,peripheral,standard,none,56.93
0,9,0,1,27.42,82.9,3.19,2.69,7,26.61,19.47,49.92,residential,bulky,none,120.04
0,10,0,1,8.09,72.04,3.06,3.11,16,34.49,0.37,95.62,central,standard,none,41.62
0,11,0,1,26.84,48.29,5.5,0.12,16,30.7,16.55,55.78,residential,standard,none,93.56
0,12,0,1,14.82,52.49,13.81,1.6,11,45.56,5.33,100,central,standard,none,50.09
0,13,0,1,12.98,32.32,3.67,-7.51,9,0,13.15,27.27,peripheral,standard,none,48.89
0,14,0,1,12.72,23.74,1.34,5.5,20,17.25,15.22,13.63,peripheral,standard,none,61.93
0,15,0,1,5.73,53.6,0.67,2.35,18,39.39,0.58,48.63,residential,express,none,15.81
0,16,0,1,13.33,50.49,7.76,2.46,5,0,3.69,52.57,residential,bulky,none,65.99
0,17,0,1,9.4,92.7,0,8.71,20,21.63,25.7,66.51,central,express,none,69.61
0,18,0,1,11.21,98,7.86,5.82,11,39.99,20.62,95.51,central,standard,none,79.57
0,7,0,1,30.89,52.87,0,-3.81,13,18.49,17.6,49.6,residential,standard,none,103.96
0,8,0,1,7.62,83.09,5.54,-1.05,15,24.68,9.83,80.93,central,express,none,44.25
0,9,0,1,14.33,74.17,11.21,2.04,1,46.08,17.6,31.19,residential,bulky,none,76.33
0,10,0,1,11.47,32.29,4.31,3.71,21,17.67,0,40.73,residential,express,none,28.48
1,11,0,0,3.95,17.54,1.34,-2.75,9,8.32,8.17,23.31,peripheral,bulky,none,29.41
1,12,0,0,5.59,47.91,0,2.3,3,2.84,14.97,68.3,residential,bulky,none,40.72
1,13,0,0,14.62,26.14,0.62,-3.36,17,0,2.86,74.3,residential,standard,none,43.64
1,14,0,0,9.87,47.1,3.06,0.41,6,26.21,10.51,62.61,residential,bulky,none,52.53
1,15,0,0,5.99,22.32,1.15,6.44,17,50.45,6.84,39.01,peripheral,express,none,23.97
1,16,0,0,2.64,43.69,3.48,5.53,9,7.31,12.99,52.41,residential,standard,none,36.8
1,17,0,0,8.2,75.61,0,-0.3,5,7.4,17.37,62.46,residential,express,none,46.11
1,18,0,0,9.52,70.36,2.57,5.02,23,17.46,8.05,83.02,central,standard,none,61.83
1,7,0,0,5.33,25.76,0.14,5.55,16,0,9.31,42.87,peripheral,standard,none,38.28
1,8,0,0,2.41,79.48,4.26,6.79,15,37.64,8.67,63.64,residential,express,none,27.04
1,9,0,0,10.13,63.89,0,-3.22,11,22.09,17.08,32.25,peripheral,express,none,55.76
1,10,0,0,5.03,35.19,4.95,4.55,12,8.71,8.32,30.84,residential,standard,none,26.83
1,11,0,0,10.41,30.08,2.73,-1.77,18,22.49,6.09,38.97,peripheral,standard,none,34.17
1,12,0,0,11.38,51.26,2.16,-3.6,24,49.24,13.11,45.05,residential,standard,none,57.44
1,13,0,0,5.42,25.31,6.22,3.77,7,19.64,8.78,60.29,residential,bulky,none,43.02
1,14,0,0,9.11,40,2.86,-2.49,15,26.63,13.09,47.12,residential,standard,none,55.13
1,15,0,0,11.14,39.96,5.11,5.97,8,9.53,5.36,16.51,peripheral,bulky,none,58.08
1,16,0,0,16.68,50.64,0,1.43,15,15.39,0,69.14,central,express,none,38.81
1,17,0,0,5.42,60.95,0.21,3.53,12,6.79,15.99,32.08,peripheral,express,none,45.57
1,18,0,0,16.83,74.07,1.46,-1.9,15,19.36,20.05,61.8,residential,standard,none,81.92
1,7,0,0,12.61,33.88,0,1.63,14,43.44,6.56,66.18,residential,express,none,40.75
1,8,0,0,8.33,71.54,0.9,2.5,13,0,8.46,70.38,residential,standard,none,41.62
1,9,0,0,9.82,70.04,4.92,-4.73,2,0.16,9.95,66.24,residential,bulky,none,49.59
1,10,0,0,6.69,47.76,9.29,-1.99,14,25.96,6.58,46.9,residential,express,roadwork,38.68
1,11,0,0,14.63,39.24,2.06,-1.39,13,41.45,10.32,73.78,residential,standard,none,54.68
1,12,0,0,10.82,48.9,0,3.77,11,20.92,6.48,92.84,central,standard,none,40.09
1,13,0,0,3.26,31.94,1.81,2.8,13,34.65,0.11,36.77,peripheral,express,none,9.1
1,14,0,0,5.43,53.28,0,6.04,8,33.37,6.01,71.45,central,standard,none,31.19
1,15,0,0,13.63,38.67,6.22,0.85,10,16.59,5.69,72.71,residential,express,none,39.92
1,16,0,0,31.19,49,1.23,0.06,18,11.72,10.87,66.38,residential,express,none,84.05
1,17,0,0,7.35,74.81,0,-3.67,17,30.99,17.48,53.08,peripheral,standard,none,54.16
1,18,0,0,4.52,73.54,3.7,-6.18,16,15.44,10.87,55.25,residential,standard,none,36.05
1,7,0,0,11.48,35.17,0,3.91,7,0,8.42,12.1,peripheral,bulky,none,58.45
1,8,0,0,15.4,69.81,4.09,7.01,20,22.79,26.8,45.24,residential,standard,none,78.36
1,9,0,0,15.74,57.84,0,0.25,13,23.98,21.22,49.43,peripheral,standard,none,80.97
1,10,0,0,10.96,31.92,0,-2.66,13,6.38,0,57.85,residential,standard,none,38.23
1,11,0,0,7.31,51.54,3.85,3.92,14,0,4.25,67.95,central,standard,none,46.64
1,12,0,0,3.91,49.76,0.53,2.21,10,24.25,11.31,94.16,central,express,none,36.73
1,13,0,0,13.59,35.13,3.77,1.28,3,29.65,8.6,68.94,residential,bulky,none,50.08
1,14,0,0,0.5,50.55,1.55,5.86,12,2.57,3.85,43.71,residential,standard,none,22.03
2,15,0,0,12.42,44.03,2.92,0.47,4,6.37,17.09,84.68,residential,bulky,none,67.8
2,16,0,0,18.49,39.27,5.79,4.34,18,27.33,8.34,93.3,central,standard,none,66.78
2,17,0,0,9.56,91.67,3.62,0.58,12,0,21.03,87.01,central,standard,none,72.36
2,18,0,0,0.65,63.66,0,10.37,15,6.07,7.64,55.96,residential,standard,none,18.32
2,7,0,0,10.3,46.81,1.16,3.73,22,21.73,3.12,95.53,central,standard,none,46.04
2,8,0,0,9.23,98,3.95,5,15,31,7.8,65.58,central,express,none,39.55
2,9,0,0,7.6,68.6,1.26,-1.21,17,9.32,25.1,12.3,peripheral,express,none,56.19
2,10,0,0,0.5,53.52,6.36,-2.66,9,44.74,0,97.6,central,express,none,10.39
2,11,0,0,7.15,35.54,5.2,0.66,14,0,6.58,59.84,residential,standard,none,42.14
2,12,0,0,0.88,41.17,0.9,3.04,7,0,11.13,73.16,residential,standard,none,37.54
2,13,0,0,3.92,56.02,3.56,-0.92,12,12.99,0.31,77.41,central,express,none,28.44
2,14,0,0,7.38,20.81,0.8,-3.21,14,28.45,17.21,15.09,peripheral,standard,none,44.98
2,15,0,0,10.39,49.93,0,1.89,8,4.24,17.29,75.96,residential,standard,none,59.84
2,16,0,0,10.36,55.55,3.33,-2.61,16,18.67,9.05,100,central,standard,none,50.4
2,17,0,0,15.41,75.13,0.47,2.17,12,6.75,17.58,79.42,central,standard,none,74.81
2,18,0,0,12.86,73.99,7.33,6.01,10,21.32,10.22,49.7,residential,bulky,none,69.44
2,7,0,0,17.15,57,0,0.95,16,11.62,16.6,65.78,central,standard,none,69.96
2,8,0,0,1.73,98,0.5,5.52,14,12.58,20.04,74.33,central,standard,none,42.86
2,9,0,0,1.76,73.51,8.01,-1.9,8,20.88,22.8,39.07,residential,standard,none,51.51
2,10,0,0,6.53,35.61,0,0.49,16,27.55,2.99,57.14,residential,express,none,21.97
2,11,0,0,14.45,44,0.36,7.86,11,21.55,3.84,47.91,residential,standard,none,45.7
2,12,0,0,10.52,30.39,0.39,6.93,18,13.04,13.57,27.82,peripheral,standard,none,54.74
2,13,0,0,11.8,55.54,0.55,5.86,10,11.92,10.98,78.71,central,standard,none,57.15
2,14,0,0,7.2,51.28,2.1,5.19,15,0,0,89.18,central,standard,none,43.08
2,15,0,0,1.8,44.67,4.92,0.29,10,24.52,4.96,47.66,residential,standard,none,32.28
2,16,0,0,14.55,51.31,6.79,1.6,9,12.27,10.05,98.02,central,bulky,none,75.54
2,17,0,0,9.29,87.3,9.36,10.26,20,20.44,15.19,46.8,residential,standard,none,64.57
2,18,0,0,10.37,81.05,0,6.04,1,0,17.45,79.05,residential,bulky,none,65.91
2,7,0,0,6.34,38.11,4.84,5.82,11,49.78,15.8,43.25,peripheral,standard,none,44.76
2,8,0,0,7.39,94.89,8.74,1.83,9,6.41,0.48,78.11,central,express,none,35.66
2,9,0,0,7.1,87.81,3.72,0.77,8,22.24,18.3,98.76,central,standard,none,49.83
2,10,0,0,5.62,41.54,0,0.54,5,39.63,6.23,60.96,residential,bulky,none,43.66
2,11,0,0,4.17,59.16,1.17,-0.43,10,3.68,0,72.85,central,express,none,15.07
2,12,0,0,3.62,36.55,1.71,7.86,17,0,16.17,46.43,residential,express,none,35.92
2,13,0,0,14.71,33.43,0.36,2.79,11,20.91,0,38.75,peripheral,standard,none,44.87
2,14,0,0,15.08,46.09,0.86,4.93,14,52.83,8.16,76.47,central,standard,none,62.78
2,15,0,0,6.56,38,0,5.86,14,0,9.64,100,central,standard,none,46.14
2,16,0,0,18.46,51.06,2.19,-0.43,8,6.86,4.85,67.17,central,express,none,52.86
2,17,0,0,14.79,79.3,0,4.81,11,0,10.88,100,central,standard,none,74.18
2,18,0,0,17.44,94.68,4.89,4.34,10,22.9,17.5,44.74,residential,standard,none,86.59
3,7,0,0,2.21,37.95,2.21,5.94,8,13.58,6.36,58.66,residential,bulky,none,36.85
3,8,0,0,8.66,78.97,0,3.36,3,13.67,23.05,88.78,central,bulky,none,77.98
3,9,0,0,1.05,62.88,0,5.81,15,13.32,19.91,28.69,peripheral,standard,none,43.49
3,10,0,0,5.23,53.46,2.53,2.03,14,10.49,6.77,92.27,central,standard,none,32.28
3,11,0,0,9.87,13.11,2.61,1.34,11,7.4,2.54,8.09,peripheral,standard,none,30.37
3,12,0,0,10.52,53.22,0,-3.31,14,12.42,6.67,86.94,central,standard,none,40.25
3,13,0,0,3.83,35.58,0,0.68,16,25.44,9.36,49.63,residential,express,none,43.03
3,14,0,0,12.8,39.09,0,0.89,9,3.04,0.23,92.72,central,standard,customer_absent,49.97
3,15,0,0,26.45,48.6,3.77,4.45,3,36.35,2.25,65.72,residential,bulky,none,81.77
3,16,0,0,14.21,39.34,0,3.61,15,0,9.38,23.38,peripheral,express,none,53.23
3,17,0,0,4,72.81,6.97,-2.36,10,32.58,18.56,52.1,residential,standard,none,52.85
3,18,0,0,5.52,98,8.52,0.81,16,38.86,4.49,71.94,central,express,none,33.72
3,7,0,0,11.3,36.61,0.65,-1.65,7,28.97,11.88,31.2,peripheral,standard,none,45.54
3,8,0,0,8.99,88.87,2.45,-4.45,18,3.14,21.29,65.04,central,standard,none,69.45
3,9,0,0,7.1,70.09,0,-0.88,11,38.53,25.86,72.36,central,standard,none,62.2
3,10,0,0,12.21,29.86,0,0.36,14,24.33,0.78,37.63,residential,standard,none,23.13
3,11,0,0,6.01,23.75,0,-2.86,19,12.65,10.53,13.54,peripheral,standard,none,28.69
3,12,0,0,5.14,54.37,0,2.03,24,20.04,0,90.13,central,express,none,27.3
3,13,0,0,4.74,39.68,7.62,1.63,10,4.23,10.42,52.31,residential,express,none,30.9
3,14,0,0,11.68,42.66,3.42,4.34,2,0,14.09,61.66,residential,bulky,none,64.57
3,15,0,0,15.18,49.24,0.74,-3.79,3,22.32,8.35,86.25,central,bulky,none,64.98
3,16,0,0,13.58,50.21,0,-1.04,20,0,6.58,66.7,central,standard,none,52.74
3,17,0,0,2.41,74.75,15.74,-1.14,12,23.42,14.92,48.47,residential,express,none,37.1
3,18,0,0,10.77,92.53,0,6.02,10,10.65,15.17,69.28,central,express,none,54.51
3,7,0,0,11.45,31.38,9.64,-2.12,12,12.52,1.16,13.12,peripheral,standard,none,37.47
3,8,0,0,28.43,61.19,0,-0.63,15,32.93,18.95,46.95,peripheral,standard,none,96.99
3,9,0,0,13.15,70.54,8.5,5,11,41.72,7.06,50.79,residential,standard,none,63.69
3,10,0,0,5.55,33.19,6.07,7.99,23,1.59,16.61,49.66,residential,express,none,43.21
3,11,0,0,11.3,23.91,0.05,3.74,18,0.3,12.64,23.05,peripheral,standard,none,50.06
3,12,0,0,7.63,36.73,7.51,1.89,21,34.29,2.73,29.37,residential,standard,none,37.67
3,13,0,0,2.87,52.66,4.03,1.02,9,5.07,18.61,100,central,standard,none,48.69
3,14,0,0,10.22,58.12,0,4.68,15,45.92,19.76,45.19,residential,standard,none,55.33
3,15,0,0,0.5,30.84,9.62,-0.08,12,28.6,13.76,5.94,peripheral,standard,none,30.79
3,16,0,0,7.71,27.9,2.11,3.56,17,15.26,6.7,67.22,residential,express,none,47.75
3,17,0,0,4.7,65.41,2.68,0.26,16,40.7,23.99,66.28,residential,express,none,45.6
3,18,0,0,4.43,77.24,0,-4.21,9,33.03,21.83,45.83,residential,express,none,49.96
3,7,0,0,17.02,41.09,0.54,3.37,19,46.02,10.35,32.6,residential,standard,none,55.48
3,8,0,0,3.21,73.36,0.48,5.78,21,37.07,23.79,45.98,residential,standard,none,51.04
3,9,0,0,8.12,85.19,8.91,2.64,13,7.62,14.32,100,central,standard,none,65.43
3,10,0,0,8.01,26.33,1.52,-2.12,1,30.65,7.61,9.32,peripheral,bulky,none,37.87
4,11,0,0,7.34,35.41,6.06,-0.79,14,47.51,8.94,75,residential,standard,none,40.91
4,12,0,0,7.28,43.56,0,7.08,12,0,4.4,35.33,residential,standard,none,31.16
4,13,0,0,20.9,30.86,7.26,5.36,8,30.36,3.49,79.02,residential,bulky,none,65.07
4,14,0,0,10.28,36.34,7.95,4.53,14,25.82,11.55,83.78,central,standard,none,49.16
4,15,0,0,14.29,32.01,0,-1.56,10,10.38,6.5,17.68,peripheral,standard,none,47.39
4,16,0,0,7.95,37.67,6.96,-4,20,0,7.54,15.25,peripheral,express,none,38.13
4,17,0,0,18.91,76.84,0,1.65,16,38.42,18.12,31.97,residential,standard,none,82.47
4,18,0,0,16.64,53.7,1.82,-2.6,14,13.37,17.47,5,peripheral,standard,none,76.74
4,7,0,0,10.3,35.46,0.63,-1.41,16,34.27,4.55,42.9,residential,standard,none,42.5
4,8,0,0,6.64,95.09,9.52,-4.51,17,25.91,6.32,60.44,residential,standard,none,47.52
4,9,0,0,10.71,76.87,2.57,2.38,5,32.47,0.88,59.35,residential,bulky,none,52.11
4,10,0,0,1.79,58.71,3.36,9.83,12,28.52,13.3,94.36,central,express,none,36.72
4,11,0,0,2.43,38.4,0,2.9,10,3.85,0,30.43,peripheral,standard,none,22.11
4,12,0,0,16.47,25.49,0,4.89,14,0,9.39,45.4,residential,express,none,53.34
4,13,0,0,5.68,10.31,0,1.07,5,16.06,4.72,41.77,peripheral,bulky,none,30.39
4,14,0,0,12.81,22.62,0.83,5.94,15,14.07,0.8,72.62,residential,express,none,28.23
4,15,0,0,0.5,22.39,0.49,3.24,10,47.22,0,8.22,peripheral,standard,none,8.03
4,16,0,0,23.15,41.43,2.76,1.24,12,35.57,8.74,52.46,residential,standard,none,67.57
4,17,0,0,2.88,72.66,0,2,21,2.31,13.73,70.83,central,express,none,34.83
4,18,0,0,5.58,81.33,0,5.46,11,7.06,14.92,42.97,residential,bulky,none,57.94
4,7,0,0,9.82,47.66,0,6.24,10,21.79,0,37.38,residential,standard,none,29.42
4,8,0,0,6.42,78.77,3.15,-1.27,16,11.03,6.84,21.97,peripheral,standard,none,43.32
4,9,0,0,8.62,68.07,2,-0.3,11,15.51,21.48,36.23,peripheral,standard,none,45.58
4,10,0,0,11.4,29.13,0,-0.22,13,9.26,12.16,20.42,peripheral,bulky,none,57.69
4,11,0,0,10.22,57.87,6.28,0.46,16,19.76,11.14,88.26,central,standard,none,53.6
4,12,0,0,16.61,42.11,4.92,7.38,16,0,10.58,65.37,residential,express,none,54.32
4,13,0,0,2.54,46.26,0,1.68,15,0,11.39,52.81,residential,standard,none,39.37
4,14,0,0,12.61,48.72,11.75,-6.29,14,27.13,4.04,44.37,residential,standard,none,49.19
4,15,0,0,7.86,54.46,5.2,-3.97,15,14.11,8.01,58.05,residential,standard,none,44.04
4,16,0,0,4.98,26.66,1,5.33,13,0.43,15.81,33.78,residential,standard,none,37.04
4,17,0,0,9.51,78.16,12.14,6.17,17,0.93,23.58,50.07,residential,standard,none,71.98
4,18,0,0,8.4,72.68,1.73,7.36,16,27,25.29,67.8,residential,standard,none,69.03
4,7,0,0,10.36,22.44,14.24,1.67,14,13.04,16.69,10.93,peripheral,express,none,47.6
4,8,0,0,0.61,74.81,5.73,0.13,4,28.94,15.52,24.47,peripheral,bulky,none,30.61
4,9,0,0,11.8,74.06,5.16,-5.22,10,15.82,24.47,92.98,central,standard,none,73.76
4,10,0,0,7.96,33.02,0.72,0.83,13,32.46,0,48.67,residential,standard,none,27.76
4,11,0,0,7.5,42.84,0,0.61,9,20.34,7.28,68.99,residential,standard,none,37.13
4,12,0,0,17.68,31,1.18,-4.98,16,25.7,4.4,18.83,residential,standard,none,49.62
4,13,0,0,2.59,26.86,7.67,2.77,14,23.45,4.33,39.32,peripheral,standard,none,32.9
4,14,0,0,5.91,33.53,0,0.79,12,30.8,0,62.2,residential,standard,none,27.88
5,15,1,0,9.19,21.93,4.49,4.5,15,37.81,5.82,54.31,residential,express,none,32.27
5,16,1,0,13.7,12.78,0,2.77,14,36.38,4.28,13.84,peripheral,express,none,26.21
5,17,1,0,9.68,66.84,6.78,5.81,12,11.58,18.64,36.6,residential,standard,roadwork,71.95
5,18,1,0,8.7,42.84,5.24,-1.86,5,0.27,25.93,19.04,peripheral,bulky,none,64.66
5,7,1,0,4.09,28.4,0.94,4.65,12,0.22,7.39,30.25,peripheral,standard,none,28.43
5,8,1,0,13.66,90.99,10.72,-1.96,16,42.15,22.59,88.16,central,standard,none,86.28
5,9,1,0,7.3,84.31,1.96,3.19,8,8.76,15.95,50.87,central,bulky,none,67.83
5,10,1,0,3.82,26.35,6.43,6.08,13,35.17,8.84,27.63,peripheral,standard,none,40.89
5,11,1,0,9.02,29.6,0,-0.55,13,15.61,7.31,44.17,residential,standard,roadwork,63.98
5,12,1,0,6.24,24.31,13.32,2.8,6,21.55,12.59,54.02,peripheral,bulky,none,44.02
5,13,1,0,4.96,37.03,3.72,2.61,12,1.32,8.74,86.78,central,express,none,33.63
5,14,1,0,9.32,16,0,2.57,19,38.72,1.74,41.16,peripheral,standard,none,32.78
5,15,1,0,12.54,23.82,2.47,-2.05,10,29.55,0.13,63.56,residential,standard,none,38.13
5,16,1,0,3,29.12,0.47,2.42,12,25.9,9.01,100,central,standard,none,30.96
5,17,1,0,5.37,76.68,2.71,1.01,14,37.31,14.81,76.97,residential,express,none,44.71
5,18,1,0,4.62,73.94,12.1,1.37,10,18.89,22.21,100,central,standard,none,57.06
5,7,1,0,15.48,41.82,3.61,-3.18,1,31.36,0,61.44,residential,bulky,none,50.9
5,8,1,0,13.71,93.93,6.3,0.23,14,0,5.91,93.38,central,express,none,62.06
5,9,1,0,10.1,65.08,0,1.65,14,0,20.05,73.73,residential,standard,vehicle,100.7
5,10,1,0,6.31,33.63,4.66,-0.78,2,13.45,14.82,63.77,residential,bulky,none,57.54
5,11,1,0,3.63,34.29,0.82,-0.54,14,32.76,9.86,76.73,central,standard,none,39.58
5,12,1,0,10.82,16.51,1.77,7.09,11,0,2.77,45.43,peripheral,standard,none,29.71
5,13,1,0,23.9,30.46,4.51,-1.87,12,7.68,0.42,46.98,residential,standard,none,63.36
5,14,1,0,9.61,29.5,0,2.75,14,31.23,5.7,63.82,residential,standard,none,33.81
5,15,1,0,9.28,28.89,0,1.76,17,16.05,9.02,61.3,residential,standard,none,41.57
5,16,1,0,15.63,26.23,2.65,4.15,15,38.32,8.84,29.66,peripheral,standard,none,55.76
5,17,1,0,8.45,70.97,4,4.43,10,28.31,24.58,88.33,central,standard,none,64.97
5,18,1,0,6.08,58.29,6.27,2.27,6,9.91,17.67,29.27,peripheral,express,none,42.06
5,7,1,0,10.5,33.21,1.81,1.13,3,16.54,0,57.8,residential,bulky,none,47.54
5,8,1,0,6.88,78.53,1.9,2.81,13,9.2,16.72,100,central,express,none,54.38
5,9,1,0,7.21,54.54,2.93,2.47,14,0,20.07,21.52,peripheral,express,none,57.31
5,10,1,0,13.62,25.19,4.18,4.72,16,13.98,0,41.56,residential,express,none,30.56
5,11,1,0,7.58,39.26,0,0.35,18,35.91,0,74.12,residential,standard,none,32.18
5,12,1,0,9.2,31.53,0,6.23,22,20.73,17.49,47.81,residential,standard,none,52.35
5,13,1,0,10.57,26.78,5.21,-0.55,16,21.35,8.87,16.3,peripheral,express,none,30.81
5,14,1,0,7.12,36.57,1.98,3.33,18,29.85,0,47.22,residential,standard,none,30.6
5,15,1,0,6.64,16.26,0,4.45,5,0,14.67,12.5,peripheral,bulky,customer_absent,59.75
5,16,1,0,8.3,30.25,7.67,-4.69,13,30.55,4.94,10.98,peripheral,bulky,none,40.44
5,17,1,0,9.98,58.66,6.32,1.27,12,0,22.83,59.1,residential,standard,none,56.43
5,18,1,0,5.5,84.7,3.36,-0.95,10,13.52,17.02,100,central,standard,none,53.98
6,7,1,0,14.23,41.72,1.83,-2.01,17,29.94,9.22,85.49,residential,express,none,53.83
6,8,1,0,10.89,77.28,0,3.37,21,14.59,20.42,46.07,residential,standard,none,65.57
6,9,1,0,7.03,72.46,0,3.62,10,11.99,11.92,68.56,residential,standard,none,47.15
6,10,1,0,0.5,47.41,0,3.02,12,37.22,11.86,100,central,express,customer_absent,34.36
6,11,1,0,1.99,21.2,6.2,-4.7,13,0,6.32,57.16,residential,express,none,21.47
6,12,1,0,16.68,20.1,0,7.95,6,7.11,0,24.8,peripheral,standard,none,39.57
6,13,1,0,8.75,29.07,0,1.93,20,15.44,5.05,22.71,peripheral,express,none,34.6
6,14,1,0,8.67,37.44,5.14,3.86,18,18.71,18.46,50.09,residential,standard,none,60.77
6,15,1,0,12.56,30.36,7.12,2.74,11,6.18,5.55,51.99,residential,standard,none,43.13
6,16,1,0,6.77,43.24,9.08,-2.33,19,0,6.42,80.77,central,express,none,48.66
6,17,1,0,10.46,89.8,0.05,-1.25,16,0,20.64,85.1,central,standard,none,69.24
6,18,1,0,28.05,70.19,0.76,2.34,10,40.01,10.5,51.32,residential,standard,none,92.4
6,7,1,0,9.1,36.07,7.05,0.28,10,0,6.3,51.85,residential,express,none,39.26
6,8,1,0,5.22,74.9,0,4.13,14,17.22,12.31,71.85,residential,standard,none,49.19
6,9,1,0,6.6,66.7,0,1.17,10,44.96,16.66,32.7,peripheral,express,none,38.65
6,10,1,0,6.46,49.56,0,2.75,20,25.5,7.6,21.74,peripheral,standard,none,48.64
6,11,1,0,6.61,38.77,2.57,7.35,1,20.95,9.1,77.81,residential,bulky,none,51.39
6,12,1,0,5.63,31.78,6.54,4.99,16,29.07,1.76,62.54,residential,express,none,35.37
6,13,1,0,6.01,40.9,3.97,1.03,8,21.67,0,100,central,express,none,30.52
6,14,1,0,11.23,48.37,0,6.51,7,4.4,5.08,100,central,standard,none,53.57
6,15,1,0,21.54,35.62,4.73,-0.02,9,0,1.77,30.13,peripheral,bulky,none,61.05
6,16,1,0,2.61,8,3.31,-0.96,10,33.23,3.2,47.34,peripheral,standard,none,22.13
6,17,1,0,8.61,60.71,5.18,3.88,20,18.51,15.32,67.15,residential,standard,none,53.43
6,18,1,0,8.13,60.78,0,-6.49,4,21.04,14.3,23.71,residential,bulky,none,45.43
6,7,1,0,25.07,56.08,0,2.87,17,0,6.78,93.33,central,standard,none,79.08
6,8,1,0,9.14,65.72,2.64,2.47,10,0.53,10.66,20.84,peripheral,standard,none,54.85
6,9,1,0,12.96,70.86,12.17,-1.71,20,4.53,11.08,73.06,central,standard,none,73.64
6,10,1,0,6.4,28.71,0,-0.62,13,31.97,0.9,46.58,residential,express,none,30.16
6,11,1,0,6.75,46.9,0.31,-3.42,13,7.05,4.72,91.34,central,standard,none,40.16
6,12,1,0,15.09,39.76,2.16,5.73,15,10.11,13.52,89.19,central,standard,none,64.06
6,13,1,0,12.58,26.01,1.81,-0.44,1,41.24,14.49,27.07,peripheral,bulky,none,50.81
6,14,1,0,27.16,29.15,5.24,-0.65,7,0,6.65,18.97,peripheral,standard,none,66.26
6,15,1,0,6.7,33.64,4.56,5.01,14,30.67,4.9,80.19,central,standard,none,33.34
6,16,1,0,13.54,26.65,4.16,2.71,11,6.29,11.04,18.43,peripheral,standard,none,48.24
6,17,1,0,12.92,76.82,0,2.96,10,20.89,14.04,80.82,central,standard,none,66.99
6,18,1,0,8.78,57.65,0.66,-1.41,13,31.24,23.06,55.13,residential,standard,none,52.65
6,7,1,0,7.76,59.02,7.91,3.2,18,36.01,0,100,central,standard,vehicle,76.27
6,8,1,0,7.63,73.48,0,5.2,14,4.43,15.99,64.37,residential,express,none,51.36
6,9,1,0,15.12,61.07,3.16,0.02,18,0,13.62,23.12,peripheral,standard,none,74.19
6,10,1,0,12.57,34.9,0.41,-5.68,19,23.9,7.83,87.08,central,express,none,50.28
7,11,0,0,3.99,66.27,3.69,-0.62,16,28.71,2.14,100,central,standard,none,39.35
7,12,0,0,0.5,38.4,0,-1.42,8,34,7.32,15.06,peripheral,express,none,20.7
7,13,0,0,9.49,28.6,0,8.31,16,11.51,9.13,37.88,residential,express,none,31.52
7,14,0,0,35.81,53.35,5.62,7.5,14,35.9,4.65,100,central,standard,none,103.01
7,15,0,0,13.1,44.4,3.38,1.44,20,17.31,13.73,56.63,residential,standard,none,64.15
7,16,0,0,8.04,45.57,0.53,1.55,21,50.86,9.37,70.21,residential,standard,none,49.56
7,17,0,0,0.5,79.05,9.39,0.26,19,40.38,4.32,100,central,express,none,24.72
7,18,0,0,10.06,82.08,6.74,2.61,16,49.73,18.46,48.84,residential,standard,none,66.38
7,7,0,0,16.18,34.46,3.78,-0.05,7,29.91,6.87,58.09,residential,standard,none,50.76
7,8,0,0,7.23,71.25,3.33,-3.31,21,0,10.38,30.07,peripheral,standard,none,48.92
7,9,0,0,13.29,83.8,0,-6.11,8,5.47,11.33,55.39,residential,bulky,none,76.01
7,10,0,0,15.42,14.13,2.38,-2.12,11,4.42,5.47,24.22,peripheral,standard,none,42.97
7,11,0,0,14.5,43.01,0,-2.79,14,17.3,0,45.57,residential,standard,none,37.52
7,12,0,0,23.2,42.54,0,6.05,16,30.79,9.31,68.57,residential,standard,none,77.21
7,13,0,0,5.46,56.9,0,3.42,1,9.48,1.05,100,central,bulky,none,38.28
7,14,0,0,9.55,23.99,1.9,2.16,17,18.93,5,27.17,peripheral,standard,none,33.38
7,15,0,0,12.42,47.58,3.88,4.26,7,10.37,12.84,46.69,residential,standard,none,50.78
7,16,0,0,8.63,36.18,0,8.83,10,21.23,3.12,51.77,residential,standard,none,45.21
7,17,0,0,6.54,92.19,0,7.76,3,24.79,20.14,91.22,central,bulky,none,64.63
7,18,0,0,12.53,86.87,0,3.63,15,1.74,25.69,73.92,central,express,none,75.82
7,7,0,0,10.33,30.98,0,4.16,18,20.16,4.58,82.25,residential,standard,none,45.08
7,8,0,0,8.61,64.62,1.68,3.54,9,15.1,20.07,32.91,peripheral,bulky,none,61.48
7,9,0,0,10.19,97.63,0,1.17,14,0,20.25,82.45,central,standard,none,68.61
7,10,0,0,17.3,62.92,0,-1.96,10,15.4,4.95,98.63,central,express,none,60.81
7,11,0,0,8.75,51.93,5.29,5.95,17,12.91,16.11,94.77,central,standard,none,66.52
7,12,0,0,4.55,58.6,13.1,8.09,7,0,4.82,95.29,central,standard,none,42.19
7,13,0,0,6.64,40.01,10.16,0.98,16,6.2,21.05,58.78,residential,express,none,46.01
7,14,0,0,9.95,35.55,4.77,2.29,15,9.05,17.53,40.87,residential,express,none,55.08
7,15,0,0,12.31,54.72,0.89,2.8,14,17.22,16.38,96.38,central,bulky,none,72.22
7,16,0,0,9.64,34.34,8.02,0.5,4,15.19,12.55,42.62,peripheral,bulky,none,62.1
7,17,0,0,1.41,76.64,5.86,0.92,13,29.63,19,45.39,residential,express,none,32.56
7,18,0,0,11.66,94.43,0,1.42,15,4.42,18.1,88.85,central,express,none,64.56
7,7,0,0,3.4,40.64,2.66,-3.15,19,24.78,1.01,54.23,residential,standard,none,26.45
7,8,0,0,0.5,93.02,1.36,4.13,12,3.38,8.39,86.2,central,standard,none,28.28
7,9,0,0,8.62,83.66,8.83,-0.82,14,38.35,21.41,58.69,residential,standard,none,59.72
7,10,0,0,12.65,45.18,0,-1.33,14,25.73,1.02,39.06,residential,standard,none,39.06
7,11,0,0,3.42,45.15,1.42,-1.52,6,22,11.49,70.31,residential,bulky,none,37.57
7,12,0,0,12.73,35.12,7.35,5.88,9,14.7,5.89,23.62,peripheral,standard,none,34.48
7,13,0,0,13.37,42.48,7.66,-3.73,13,0,14.37,47.68,peripheral,standard,none,59.32
7,14,0,0,4.85,44.27,4.52,0.41,11,3.96,21.75,92.92,central,express,none,48.61
8,15,0,0,6.46,42.92,0.91,4.47,16,4.67,8.98,39.68,residential,standard,none,37.4
8,16,0,0,10.59,64.02,0.68,2.35,16,41.91,0,90.15,central,standard,none,39.74
8,17,0,0,9.44,57.05,9.06,-2.09,13,1.34,18.87,22.27,peripheral,standard,none,65.54
8,18,0,0,8.19,76.09,13.89,-2.49,14,33.07,11.79,32.45,peripheral,express,none,46.52
8,7,0,0,7.12,63.17,0,2.84,6,20.3,0,91.26,central,standard,none,30.87
8,8,0,0,4.26,58.84,5.08,5.49,16,15.9,24.29,13.78,peripheral,standard,none,53.37
8,9,0,0,7.05,98,6.65,1.71,16,25.82,20.3,79.36,central,express,vehicle,96.23
8,10,0,0,9.07,37.69,0,0.02,14,18.65,7.46,56.7,residential,standard,none,40.54
8,11,0,0,14.85,26.79,0.01,2.28,11,12.3,0,33.44,peripheral,standard,none,32.31
8,12,0,0,10.39,38.01,6.88,4.06,11,21.2,18.59,46.72,residential,bulky,none,60.85
8,13,0,0,4.47,18.84,0,-3.03,16,11.75,12.3,36.28,peripheral,standard,roadwork,33.52
8,14,0,0,12.03,48.23,6.05,0.9,15,6.07,18.64,68.4,central,standard,none,61.82
8,15,0,0,2.13,38.4,4.94,0.32,17,31.61,4.28,92.48,central,standard,none,36.49
8,16,0,0,7.58,38,4.85,-0.66,20,15.56,13.84,54.68,residential,standard,none,47.89
8,17,0,0,5.52,86.68,1.22,-0.3,19,11.51,8.1,49.99,residential,standard,none,41.83
8,18,0,0,25.74,75.56,1.86,7.77,10,6.41,28.12,62.78,residential,express,none,102.72
8,7,0,0,0.97,51.07,0,6.2,14,24.58,6.77,58.26,residential,express,none,12.31
8,8,0,0,10.4,92.5,2.06,0.4,10,0,4.11,95.57,central,standard,none,54.55
8,9,0,0,8.85,63.5,0,-1.33,12,29.6,21.03,29.07,peripheral,standard,none,57.21
8,10,0,0,10.87,37.44,5.94,0.36,11,28.8,12.98,49.79,residential,standard,none,52.98
8,11,0,0,10.43,31.82,0.42,7.78,9,25.76,5.27,21.36,peripheral,standard,vehicle,34.85
8,12,0,0,8.76,30.13,0,8.51,11,32.08,0,66.99,residential,standard,none,34.88
8,13,0,0,8.04,50.63,3.98,-6.57,5,23.92,15.65,88.19,central,bulky,none,55.01
8,14,0,0,6.31,8,5.3,8.63,19,21.02,0,32.28,peripheral,standard,vehicle,68.33
8,15,0,0,8.96,46.31,0,6.31,12,19.3,0,51.37,residential,express,none,29.35
8,16,0,0,0.89,31.87,6.65,0.39,12,13.57,0,5,peripheral,standard,none,17.58
8,17,0,0,12.86,90.69,0.81,6.35,16,14.17,22.47,64.62,central,standard,none,70.89
8,18,0,0,4.31,87.24,6.86,-1.18,2,17.91,13.25,94.48,central,standard,none,43.56
8,7,0,0,0.5,43.22,7.16,3.35,17,8.81,0,92.48,central,standard,none,22.62
8,8,0,0,16.08,85.8,1.71,-2.14,22,0,15.68,94.3,central,standard,none,82.15
8,9,0,0,4.02,59.83,3.1,-1.21,12,24.51,12.59,53.26,residential,standard,none,41.71
8,10,0,0,24.77,33.28,2.25,-0.36,17,12.13,0.08,34.06,residential,standard,none,72.17
8,11,0,0,14.99,40.96,7.97,-2.49,10,16.72,13.78,56.85,residential,standard,customer_absent,65.55
8,12,0,0,9.62,40.17,6.1,1.69,13,8.26,0,49.52,residential,standard,none,38.95
8,13,0,0,14.94,26.8,0,1.43,13,20.39,17.05,34.42,residential,standard,none,51.25
8,14,0,0,8.49,33.48,4.74,-3.7,16,13.31,5.64,69.69,central,standard,none,43.74
8,15,0,0,9.7,59.13,0,4.05,15,2.98,4.33,83.72,central,express,none,37.42
8,16,0,0,8.58,32.06,0.05,3.75,8,0,16.24,52.66,residential,standard,none,49.78
8,17,0,0,3.61,86.15,0.9,4.54,14,12.49,4.72,40.34,residential,standard,none,34.9
8,18,0,0,6.43,48.52,0,5.25,19,0,27.94,36.99,peripheral,standard,none,64.6
9,7,0,0,14.52,58.4,6.74,0.16,15,12.14,4.01,52.81,residential,standard,none,59.01
9,8,0,0,10.4,82.94,6.01,2.13,16,30.9,19.21,61.64,residential,standard,none,64.3
9,9,0,0,5.91,73.81,3.62,5.14,15,25.37,22.33,68.62,residential,standard,none,58.03
9,10,0,0,4.13,36.84,0,3.91,19,18.45,9.19,60.45,residential,express,none,36.34
9,11,0,0,8.14,59.17,1.59,-2.81,12,16.58,15.15,100,central,bulky,none,64.62
9,12,0,0,18.61,35.7,0,1.82,15,11.44,11.65,54.44,residential,express,none,56
9,13,0,0,9.45,34.76,1.07,0.28,17,8.77,8.1,76.18,residential,standard,none,47.87
9,14,0,0,1.5,46.71,3.98,2.48,13,7.56,13.02,64.04,residential,standard,none,39.21
9,15,0,0,4.56,63.91,3.64,1.64,17,18.84,0,100,central,standard,none,33.92
9,16,0,0,2.25,31.72,2.03,2.21,11,0,2.98,26.52,peripheral,standard,none,25.32
9,17,0,0,11.36,84.53,0,-2.24,9,19.19,13.78,63.78,residential,standard,none,70.77
9,18,0,0,9.09,94.2,3.51,1.48,13,9.7,18.49,76.57,central,standard,none,65.09
9,7,0,0,4.65,25.39,0,1.7,4,19.16,8.8,19.94,peripheral,bulky,none,42.84
9,8,0,0,1.6,73.73,3.07,-4.42,3,20.72,20.55,70.72,residential,bulky,none,44.47
9,9,0,0,4.57,78.77,5.67,3.03,13,4.13,4.48,59.22,residential,standard,none,42.35
9,10,0,0,1.09,64.77,12.64,6.34,14,21.54,6.44,98.28,central,standard,vehicle,76.1
9,11,0,0,12.81,27.06,8.81,-4.8,12,0,8.07,43.13,peripheral,standard,none,52.93
9,12,0,0,7.3,32.78,0.36,7.26,17,24.04,6.29,13.46,peripheral,standard,none,43.09
9,13,0,0,8.23,28.97,3.6,-0.14,6,20.52,8.02,12.12,peripheral,bulky,none,32.69
9,14,0,0,13.92,40.44,11.79,3.66,11,4.03,17.99,68.95,residential,express,none,61.86
9,15,0,0,15.86,47.36,9.7,-1.83,11,48.36,8.51,36.84,peripheral,standard,none,53.57
9,16,0,0,11.05,70.46,0,4.43,16,12.5,3.09,100,central,standard,none,51.75
9,17,0,0,0.5,78.54,6.96,0.92,13,0,9.71,41.82,residential,standard,none,28
9,18,0,0,28.41,56.12,3.22,4.72,7,9.72,9.26,5,peripheral,standard,none,89.05
9,7,0,0,3.91,26.27,0,1.85,15,16.22,22.8,19.69,peripheral,express,none,40.65
9,8,0,0,7.01,59.16,9.4,4.33,13,12.42,13.08,50.05,residential,standard,none,51.08
9,9,0,0,16.7,97.49,10.63,3.19,10,0,21.62,83.75,central,standard,none,87.31
9,10,0,0,11.05,53.52,1.37,0.78,1,5.66,8.7,79.81,central,bulky,none,52.99
9,11,0,0,8.46,22.12,8.36,-0.72,7,4.41,0,31.41,peripheral,express,none,24.77
9,12,0,0,15.69,39.86,8.61,7.52,16,6.5,2.07,58.42,peripheral,standard,none,48.93
9,13,0,0,9.24,13.09,0,5.03,12,10.81,2.26,12.4,peripheral,standard,none,33.12
9,14,0,0,9.3,39.14,7.4,0.02,11,21.28,1.76,74.25,residential,standard,none,49.22
9,15,0,0,0.5,23.46,0,2.95,19,11.75,6.56,39.96,peripheral,standard,none,38.53
9,16,0,0,8.08,42.73,0,-2.31,19,27.77,4.72,93.84,central,standard,none,32.51
9,17,0,0,5.72,79.03,9.73,-1.47,14,39.21,26.73,99.46,central,standard,none,64.38
9,18,0,0,28.64,81.09,8,-0.21,14,45.95,21.65,69.79,residential,standard,none,107.96
9,7,0,0,4.15,46.51,6.33,1.01,10,32.02,9.05,32.49,residential,standard,none,30.87
9,8,0,0,3.5,61.61,8.51,1.97,2,22.61,9.02,26.9,peripheral,bulky,none,39.39
9,9,0,0,14.74,72.18,1.33,-0.13,10,28.85,18.9,99.13,central,express,none,70.16
9,10,0,0,27.46,38.53,2.84,5.7,12,18.46,17.33,63.75,residential,standard,none,90.98
10,11,0,0,14.45,59.86,9.33,3.86,10,9.81,6.02,100,central,standard,none,58.98
10,12,0,0,2,37.36,2.39,-2.39,19,32.28,0,87.01,central,express,none,11.47
10,13,0,0,8.21,42.23,2.29,-0.44,13,12.49,2.37,56.65,residential,standard,customer_absent,43.83
10,14,0,0,8.64,43.05,0,4.6,10,30.13,8.68,80.73,central,standard,none,32.65
10,15,0,0,1.5,24.13,0,-1.26,15,36.43,13.67,34.18,peripheral,standard,none,25.94
10,16,0,0,24.31,44.08,9.87,1.24,10,0,2.33,30.33,peripheral,standard,none,66.2
10,17,0,0,10.62,88.3,2.25,2.52,16,16.19,14.71,63.95,residential,express,none,59.19
10,18,0,0,9.63,57.57,11.55,3.04,12,33.01,16.93,39.03,peripheral,standard,none,57.8
10,7,0,0,9.27,30.24,2.73,1.78,16,15.32,8.93,62.6,residential,express,vehicle,68.52
10,8,0,0,8.75,77.68,3.69,1.88,13,0,8.99,19.24,peripheral,standard,none,42.82
10,9,0,0,11.72,92.55,0,2.19,19,38.43,23.07,81.38,central,standard,none,80.2
10,10,0,0,11.44,39.21,0,6.59,14,12.47,7.33,41.06,residential,standard,none,55.68
10,11,0,0,5.92,32.64,3.29,10.96,8,23.59,10.51,70.57,residential,standard,none,36.67
10,12,0,0,9.96,41.15,3.98,3.55,17,21.83,11.13,56.36,residential,express,none,44.56
10,13,0,0,9.5,47.01,2.34,6.63,12,37.14,13.4,57.57,residential,standard,none,52.75
10,14,0,0,46.81,35.66,0,6.18,8,8.17,9.96,67.24,residential,bulky,none,115.76
10,15,0,0,5.47,38.25,3.73,2.43,12,12.85,7.62,36.48,residential,standard,vehicle,72.9
10,16,0,0,8.14,35.17,5.98,0.25,16,22.65,11.33,49.23,residential,standard,none,47.9
10,17,0,0,17.05,61.92,0,1.41,18,8.39,8.78,61.58,residential,standard,none,53.91
10,18,0,0,13.53,89.2,4.1,4.85,18,8.62,13.66,81.6,central,standard,none,70.92
10,7,0,0,8.65,42.61,0,-0.29,11,4.96,2.59,100,central,standard,none,38.01
10,8,0,0,9.2,83.09,16.16,1.22,8,50.43,25.68,70.91,central,standard,none,66.59
10,9,0,0,10.8,70.22,0,-1.81,13,31.05,16.18,15.81,peripheral,express,none,47.78
10,10,0,0,10.48,27.49,2.5,4.77,16,0,4.22,65.03,residential,express,none,40.22
10,11,0,0,1.04,45.37,3.08,3.46,21,9.41,10.18,45.08,residential,standard,none,36.55
10,12,0,0,23.54,36.54,5.27,0.23,10,0,10.75,17.82,peripheral,standard,none,75.5
10,13,0,0,11.02,33.96,4.55,0.8,17,0,8.26,24.04,peripheral,standard,none,37.65
10,14,0,0,7.37,56.03,4.85,2.18,9,37.78,9.76,55.96,residential,express,none,33.25
10,15,0,0,9.87,42.98,0,6.12,14,0,0,82.67,central,standard,none,38.77
10,16,0,0,12.28,43.13,5.63,2.15,16,20.07,14.8,48.39,peripheral,express,none,57.67
10,17,0,0,12.2,77.02,7.37,6.5,8,29.8,12.22,63.72,residential,bulky,none,67.49
10,18,0,0,31.15,78.45,0,2.97,5,25.73,16.1,59.1,residential,bulky,none,123.38
10,7,0,0,7.2,30.6,0,7.22,12,9.56,0,44.1,residential,bulky,none,44.33
10,8,0,0,8.38,73.19,0,1.26,4,24.05,17.53,61.61,residential,bulky,none,60.93
10,9,0,0,29.75,90.45,0.33,4.06,18,2.84,21.08,75.9,central,standard,none,131.33
10,10,0,0,10.53,18.26,3.4,4.31,10,14.4,4.58,20.45,peripheral,express,none,29.5
10,11,0,0,18.45,23.97,0.59,-3.31,13,11.65,7.03,23.43,peripheral,standard,none,51.11
10,12,0,0,9.64,48.85,3.5,2.32,16,6.66,10.71,5,peripheral,standard,none,56.89
10,13,0,0,5.82,49.51,5.42,7.25,13,7.22,6.35,46.84,residential,standard,none,44.14
10,14,0,0,4.51,27.23,4,4.12,13,9.79,3.81,42.42,residential,standard,none,26.28
11,15,0,0,2.02,44.53,1.75,5.57,15,1.22,5.35,8.84,peripheral,standard,none,31.5
11,16,0,0,10.27,30.52,10.14,0.3,15,0,10.54,53.21,residential,express,roadwork,66.43
11,17,0,0,10.35,61.28,3.19,3.12,11,7.23,12.36,54.75,peripheral,standard,none,53.77
11,18,0,0,2.56,80.04,2.5,3.82,12,34.68,10.79,47.37,residential,express,none,28.22
11,7,0,0,13.31,51.6,2.13,10.63,6,20.78,0,100,central,bulky,none,51.46
11,8,0,0,11.02,53.32,0.02,3.79,14,20.1,19.53,16.3,peripheral,express,none,49.64
11,9,0,0,10.53,80.7,6.46,-3.65,13,32.58,27.54,77.1,residential,standard,none,74.27
11,10,0,0,6.28,45.09,0.85,1.4,14,21.23,2.01,19.04,peripheral,standard,none,26.52
11,11,0,0,14.23,17.61,10.84,8.12,12,6.79,11.09,27.31,peripheral,standard,none,52.48
11,12,0,0,7.09,35.14,0,4.06,16,0,16.81,52.12,residential,standard,none,54.66
11,13,0,0,4.64,37.08,3.58,-5.28,11,23.13,17.03,47.04,peripheral,standard,customer_absent,61.01
11,14,0,0,9.18,56.11,6.23,6.28,14,21.38,13.85,86.74,central,standard,none,49.87
11,15,0,0,12.35,36.86,1.12,0.92,12,0,0,43.83,peripheral,express,none,32.24
11,16,0,0,2.53,37.38,3.62,1.15,9,0,5.45,100,central,standard,none,33.32
11,17,0,0,4.21,95.84,1.55,-3.43,14,16.13,20.96,99.65,central,standard,none,57.16
11,18,0,0,37.43,97.48,6.54,7.55,8,27.74,20.01,57.64,residential,bulky,none,154.71
11,7,0,0,0.5,48.43,0,0.45,11,28.12,22.56,75.28,residential,standard,none,45
11,8,0,0,7.66,69.8,0,1.78,12,31.52,12.87,51.88,residential,standard,none,44.06
11,9,0,0,3.54,87.33,0,-3.57,13,20.94,15.55,83.3,central,express,none,40.02
11,10,0,0,11.11,23.38,1.46,1.68,18,18,14.34,34.31,peripheral,express,none,48.09
11,11,0,0,14.56,63.77,2.19,1.48,16,24.99,3.2,78.01,central,express,none,47.53
11,12,0,0,8.97,49.76,5.41,0.96,9,10.78,10.03,74.23,central,bulky,none,52.41
11,13,0,0,2.12,42.5,2.47,0.96,12,27.45,0,46.23,residential,express,none,10.88
11,14,0,0,21.65,57.33,1.22,3.46,12,18.92,0,84.06,central,standard,none,63.49
11,15,0,0,12.05,32.64,0,0.46,16,30.66,11.82,48.78,residential,standard,roadwork,73.88
11,16,0,0,15.42,21.17,6.02,1.1,12,10.99,12.79,55.82,peripheral,express,none,54.38
11,17,0,0,26.21,79.42,1.46,-4.72,3,16.63,18.57,93.82,central,bulky,none,107.03
11,18,0,0,6.82,81.69,0,4.14,11,3.76,2.96,53.94,residential,standard,none,44.96
11,7,0,0,4.86,42.04,2.58,1.78,13,23.36,10.27,47.53,residential,standard,none,47.37
11,8,0,0,5.84,66.76,0,5.6,11,12.04,20.5,42.23,residential,standard,none,52.39
11,9,0,0,10.31,66.4,6.34,-5.64,10,20.93,17.71,96.78,central,express,none,58.44
11,10,0,0,17.12,44.63,0,-0.18,15,0,8.36,51,residential,standard,none,68.17
11,11,0,0,11.53,41.51,0,2.93,17,48.79,6.1,24.08,peripheral,standard,none,42.33
11,12,0,0,10.29,32.29,1.68,7.5,20,32.39,2.52,45.35,residential,express,none,34.93
11,13,0,0,8.76,38.81,8.94,2.39,17,14.65,2.68,61.31,residential,standard,none,39.82
11,14,0,0,7.88,16.14,0,3.16,7,9.92,8.09,24.16,peripheral,bulky,none,43.6
11,15,0,0,12.1,45.33,8.06,2.54,19,10.81,14.4,81.3,residential,standard,none,64.54
11,16,0,0,4.53,37.86,0,-0.27,13,18.25,0.52,39.78,residential,standard,none,18.93
11,17,0,0,15.53,80.43,0,7.91,1,0,20.81,62.17,residential,bulky,none,84.84
11,18,0,0,8.28,71.11,12.34,7.9,18,22.61,16.43,57.83,residential,standard,none,70.79
12,7,1,0,8.72,34.99,14.31,0.61,19,19.63,0,14.97,peripheral,express,none,30.78
12,8,1,0,2.28,87.81,7.77,0.39,18,26.81,18.87,93.01,central,standard,none,38.06
12,9,1,0,5.88,77.74,0,3.09,13,16.83,10.55,71.46,central,standard,none,31.28
12,10,1,0,9.31,29.98,0.43,1.27,19,0,1.64,30.97,peripheral,standard,none,25.68
12,11,1,0,5.67,37.93,0,2.8,13,31.86,9.29,55.84,residential,standard,none,34.67
12,12,1,0,12.64,48.59,0,1.36,16,20.42,5.02,91.95,central,standard,none,58.42
12,13,1,0,6.24,27.98,5,6.35,24,34.64,7.91,59.25,residential,standard,none,47.58
12,14,1,0,6.35,20.83,5.81,4.58,14,7.21,8.01,51.84,peripheral,express,none,34.94
12,15,1,0,12.12,36.73,6.53,1.76,17,29.27,5.92,98.48,central,standard,none,36.08
12,16,1,0,12.4,23.97,0,1.23,17,29.59,3.17,5,peripheral,standard,none,28.29
12,17,1,0,14.2,71.06,0,1.41,18,32.25,13.14,42.1,peripheral,standard,none,62.63
12,18,1,0,7.03,88.22,5.2,-0.08,11,34.35,14.99,88.43,central,express,none,46.93
12,7,1,0,10.72,27.95,2.21,1.35,11,23.6,4.77,50.66,residential,standard,none,40.62
12,8,1,0,10.67,63.83,0.02,5.44,12,0,11.05,75.06,residential,standard,none,57.04
12,9,1,0,0.5,49.76,6.44,2.82,13,42.44,13.23,18.82,peripheral,express,none,27.03
12,10,1,0,14.43,33.42,2.25,2.58,17,9.39,7.76,29.53,peripheral,standard,none,54.23
12,11,1,0,13.69,44.66,0,9.97,18,11.59,7.21,75.69,central,standard,none,56.32
12,12,1,0,4.59,30.5,9.64,-0.55,18,11.02,11.82,37.52,residential,standard,none,41.98
12,13,1,0,15.35,40.12,1.2,1.92,14,13.65,17.77,35.57,residential,standard,none,63.65
12,14,1,0,7.55,41.44,3.18,0.99,2,5.75,3.69,68.27,residential,bulky,none,39.46
12,15,1,0,7.54,36.36,4.26,-2.38,18,8.86,7.83,50.68,residential,express,none,40
12,16,1,0,5.12,42.29,0,6.7,14,19.82,16.31,76.59,central,standard,none,40.61
12,17,1,0,26.97,76.41,0.63,6.79,15,9.28,26.99,70.14,residential,standard,none,119.98
12,18,1,0,8.64,76.1,0,2.37,6,26.55,9.2,26.54,peripheral,express,none,34.52
12,7,1,0,9.18,34.36,0,1.48,25,0,16.09,33.97,peripheral,express,none,43.05
12,8,1,0,12.14,91.95,2.74,-3.49,9,28.42,11.53,94.19,central,standard,none,67.9
12,9,1,0,9.97,45.32,0,-2.88,15,30.17,11.81,23.95,peripheral,standard,none,41.74
12,10,1,0,19.97,34.13,9.99,1.98,9,8.99,10.97,53.65,residential,express,none,57.57
12,11,1,0,0.5,50.93,0.95,6.21,13,15.52,0,84.53,central,express,none,13.72
12,12,1,0,11.98,27.32,0,1.63,21,38.27,7.49,37.24,peripheral,standard,none,39.53
12,13,1,0,0.65,31.21,1.43,4.28,12,22.3,0,80.76,central,standard,none,14.58
12,14,1,0,0.82,27.44,8.95,-0.86,15,26.53,8.62,11.55,peripheral,express,none,17.94
12,15,1,0,13.58,39.56,1.88,-1.37,11,46.35,7.43,9.42,peripheral,standard,none,43.8
12,16,1,0,1.1,37.5,4.04,3.58,19,30.81,5.14,50.19,residential,standard,none,32.85
12,17,1,0,7.02,59.28,9.69,-2.51,15,18.18,13.15,40.86,residential,standard,none,44.18
12,18,1,0,1.96,67.27,4.53,2.85,11,2.15,24.94,62.23,residential,express,none,47.46
12,7,1,0,7.31,44.84,6.83,3.96,14,16.59,4,56.94,residential,express,none,24.63
12,8,1,0,5.57,70.22,0.99,0.11,10,0,13.75,20.26,peripheral,standard,none,42.14
12,9,1,0,4.26,58.59,0,3.45,9,23.75,9.86,31.72,residential,standard,none,26.22
12,10,1,0,13.7,23.31,0,-0.99,15,41.46,14.77,15.73,peripheral,standard,none,53.83
13,11,1,0,5.47,15.46,9.23,-6.8,8,18.9,5.08,5,peripheral,express,none,28.46
13,12,1,0,14.2,35.2,1.82,-3.51,13,14.51,0,85.73,central,express,none,39.78
13,13,1,0,7.21,46.61,5.77,0.64,8,23.63,6.59,92.61,central,standard,none,32.43
13,14,1,0,8.8,50.71,1.77,7.35,14,7.62,1.18,95.11,central,standard,none,40.47
13,15,1,0,9.42,56.21,0,3.78,13,26.39,14.78,66.91,central,standard,none,57.5
13,16,1,0,6.51,45.04,0,7.83,17,16.6,8.3,43.04,residential,express,none,41.09
13,17,1,0,9.89,82.27,0.82,5.42,18,17.62,12.63,71.12,residential,standard,none,62.15
13,18,1,0,10.14,58.95,14.3,1.34,10,12.56,17.43,35.82,peripheral,standard,none,57.19
13,7,1,0,28.16,50.68,5.98,0.02,13,16.74,0.9,100,central,standard,none,72.22
13,8,1,0,10.14,69.28,6.5,5.48,20,9.6,17.34,71.39,residential,express,none,55.84
13,9,1,0,7.17,63.06,0.96,3.89,19,1.55,21.9,5,peripheral,standard,none,59.86
13,10,1,0,12.29,16.34,4.54,-4.32,13,4.34,3.93,21.12,peripheral,standard,none,42.07
13,11,1,0,25.89,22.01,0,-1.48,11,13.01,8,22.48,peripheral,standard,none,67.43
13,12,1,0,5.7,53.99,0,-1.16,10,16.39,10.01,88.11,central,standard,none,44.45
13,13,1,0,3.2,24.12,0,6.32,8,20.77,0,67.24,residential,standard,none,30.82
13,14,1,0,3.18,17.34,11.89,7.65,14,54.3,7.76,32.82,peripheral,standard,none,41.83
13,15,1,0,14.61,25.71,0,5.3,17,36.74,9.06,49.27,residential,express,none,47.68
13,16,1,0,7.15,51.56,0.17,1.79,19,50.54,1.63,86.4,central,express,none,33.12
13,17,1,0,40.94,76.69,7.09,6.57,17,23.11,27.53,93.97,central,standard,none,153.51
13,18,1,0,9.6,88.92,9.38,1.37,16,5.85,24.47,45.22,residential,standard,none,84.44
13,7,1,0,6.29,33.13,0.44,-0.41,13,19.01,11.39,70.23,residential,standard,none,43.88
13,8,1,0,8.98,73.94,0.4,-0.9,16,30.83,19.61,82.62,central,standard,none,61.69
13,9,1,0,1.97,75.48,2.19,-0.97,15,0.93,10.6,35.42,peripheral,standard,none,36.04
13,10,1,0,6.7,32.58,6.12,-0.58,6,17.72,5.69,67.55,residential,standard,none,35.64
13,11,1,0,8.7,22.29,2.25,-5.74,9,18.89,9.57,53.39,residential,standard,none,38.58
13,12,1,0,9.71,34.06,2.43,0.09,10,4.07,0,22.22,peripheral,standard,none,30.8
13,13,1,0,8.26,21.71,1.22,3.11,14,17.45,10.01,53.04,residential,express,none,38.41
13,14,1,0,20.91,42.74,0,2,12,11.51,4.85,76.6,central,bulky,none,67.56
13,15,1,0,12.7,19.36,0,3.67,16,0,21.98,25.88,peripheral,standard,none,55.72
13,16,1,0,15,26.89,0,5.28,16,0,9.44,59.4,residential,standard,none,49.13
13,17,1,0,25.57,54.64,0.98,0.23,10,22.52,17.61,15.6,peripheral,standard,none,84.96
13,18,1,0,15.45,69.86,4.28,-3.56,12,14.38,22.95,64.94,residential,standard,none,77.67
13,7,1,0,7.51,40,0,2.95,17,19.74,7.52,47.49,residential,standard,none,38.3
13,8,1,0,18.94,71.31,0,1.48,2,24.4,18.41,46.99,residential,standard,none,79.08
13,9,1,0,2.55,61.03,0,-0.01,11,0,29.53,31.43,peripheral,bulky,none,66.99
13,10,1,0,13.23,37.44,6.22,-0.32,11,12.31,17.14,50.18,residential,standard,none,57.58
13,11,1,0,7.61,51.52,5.12,2.6,14,35.87,13.02,77.74,central,standard,none,41.69
13,12,1,0,5.3,38.16,3.99,7.74,14,15.97,11.34,17.26,peripheral,standard,none,33.97
13,13,1,0,0.5,37.78,1.77,1.92,15,6.84,18.35,89.96,central,express,none,34.95
13,14,1,0,8.26,30,7.79,-1.21,11,23.04,25.71,82.48,central,express,none,50.48
14,15,0,0,4.35,36.33,4.33,0.81,11,58.38,0.67,5,peripheral,bulky,none,42.07
14,16,0,0,7.06,29.98,2.4,11.36,18,13.13,9.77,45.85,residential,standard,none,50.18
14,17,0,0,6.38,91.57,8.77,2.48,15,43.42,22.34,66.37,central,express,none,51.25
14,18,0,0,11.99,82.02,0,1.82,14,17.29,13.85,71.96,residential,express,none,56.58
14,7,0,0,10.15,60.3,0,0.33,9,1.08,3.05,74.13,central,standard,none,39.96
14,8,0,0,7.27,92.48,1.97,1.78,8,0,13.24,96.68,central,standard,none,56.86
14,9,0,0,3.79,92.38,1.44,1.25,14,30.62,24.51,88.71,central,standard,none,59.71
14,10,0,0,0.5,41.55,6.12,4.15,13,29.63,8.8,46.7,residential,standard,none,22.05
14,11,0,0,13,36.47,9.12,2.8,12,0,3.83,42.34,residential,standard,none,46.31
14,12,0,0,5.36,10.02,0.97,0.12,18,5.61,3.88,20.1,peripheral,standard,none,21.65
14,13,0,0,5.61,52.19,13.12,0.68,15,21.68,4.47,63.29,residential,standard,none,37.05
14,14,0,0,11.04,50.93,1.06,-1.78,8,0.12,16.13,92.66,residential,express,none,53.21
14,15,0,0,17.72,40.38,0,7.45,7,23.66,0,51.66,residential,standard,none,47.34
14,16,0,0,12.92,50.65,0,2.72,13,0,5.26,79.05,central,standard,none,54.94
14,17,0,0,10.84,95.64,11.41,7.36,14,36.07,11.45,60.9,central,standard,none,61.59
14,18,0,0,20.44,79.87,4.07,-0.14,17,0.4,23.55,100,central,standard,none,101.23
14,7,0,0,10.96,39.71,6.47,-3.48,15,9.07,8.16,54.62,peripheral,standard,none,45.72
14,8,0,0,6.06,71.29,0,6.47,1,9.78,23.27,11.33,peripheral,bulky,none,61.46
14,9,0,0,31.34,91.94,1.05,3.42,14,17.26,21.96,75.08,central,standard,none,127.05
14,10,0,0,7.29,51.26,0,5.51,19,16.07,3.54,73.23,residential,standard,none,42.77
14,11,0,0,16.52,45.37,0,2.54,11,15.07,9.05,66.62,residential,express,none,52.7
14,12,0,0,8.14,57.52,6.45,9.2,15,8.1,10.19,51.2,residential,standard,none,48.02
14,13,0,0,10.79,52.41,0.42,-0.22,9,29.32,17.34,92.97,central,express,none,52.69
14,14,0,0,1.39,38.49,5.37,-1.48,6,26.25,4.61,64.23,central,express,none,17.57
14,15,0,0,7.34,41.05,0,-2.96,9,16.16,0,88.54,central,standard,none,29.14
14,16,0,0,3.93,49.58,0,7.06,16,17.16,9.21,97.18,central,standard,none,35.64
14,17,0,0,9.06,71.31,1.44,11.12,20,37.83,11.96,88.72,central,standard,none,51.31
14,18,0,0,19.57,81.21,1.45,-0.27,11,19.43,18.18,22.77,residential,standard,none,87.2
14,7,0,0,14.02,54.23,0,-2.65,7,1.41,2.2,93.33,central,express,none,44.5
14,8,0,0,0.5,68.8,5.64,-2.31,6,42.74,21.46,20,residential,bulky,none,47.18
14,9,0,0,8.45,72.81,9.83,1.24,12,10.22,14.45,37.81,residential,express,none,47.87
14,10,0,0,3.85,34.02,1.36,1.75,17,35.43,11.42,31.08,peripheral,standard,none,34.43
14,11,0,0,2.56,33.09,0,5.65,17,15.03,10.03,47.49,residential,standard,none,32.17
14,12,0,0,10.72,34.06,0,1.9,22,7.14,9.27,49.68,residential,standard,none,50.46
14,13,0,0,7.54,51.35,0,-1.32,14,22.56,16.28,59.15,residential,standard,none,53
14,14,0,0,12.37,29.68,0,4.48,17,9.85,17.89,45.23,residential,express,none,54.45
14,15,0,0,0.5,18.8,0,6.7,18,0,2.78,42.19,peripheral,standard,none,24.51
14,16,0,0,0.5,39.97,0,-0.44,16,23.5,0,76.29,residential,standard,none,13.9
14,17,0,0,20.66,84,0.99,1.9,11,54.8,19.53,67.69,residential,standard,none,94.84
14,18,0,0,6.35,72.27,1.33,1.6,13,28.92,22.98,5,peripheral,standard,none,52.1
15,7,0,0,7.56,27.4,4.82,5.11,10,22.85,5.31,45.98,residential,standard,none,39.48
15,8,0,0,12.61,84.04,0,4.93,14,27.89,15.73,75.54,central,standard,roadwork,102.04
15,9,0,0,12.26,69.88,7.31,2.52,5,9.58,25.17,5,peripheral,bulky,none,84.86
15,10,0,0,7.78,56.37,2.31,4.81,14,46.65,8.99,61.17,residential,standard,none,40.49
15,11,0,0,8.54,43.15,0,2.5,7,14.69,15.18,90.38,central,bulky,none,44.36
15,12,0,0,9.61,27.35,6.61,-1.81,18,23.89,15.39,22.44,peripheral,standard,none,53.93
15,13,0,0,16.38,67.73,0,-1.76,15,19.39,3.38,60.45,central,standard,none,57.79
15,14,0,0,11.94,44.91,0,-2.49,7,24.45,6.42,44.54,residential,standard,none,48.31
15,15,0,0,6.42,41.8,0,0.71,14,3.4,8.08,58.88,residential,standard,none,38.74
15,16,0,0,5.7,49.1,0,-1.02,17,4.3,8.28,72.19,residential,standard,none,49.23
15,17,0,0,11.42,84.32,5.11,4.62,15,0,14.33,83.07,residential,standard,none,62.68
15,18,0,0,10.09,63.37,0,0.54,8,0.52,19.98,5,peripheral,standard,none,66.41
15,7,0,0,9.8,39.35,0,2.84,10,2.14,3.59,75.78,residential,standard,none,34.58
15,8,0,0,4.74,65.62,3.67,-4.72,13,14.57,27.6,73.74,residential,standard,none,53.52
15,9,0,0,1.78,73.68,0,5.17,8,22.98,21.25,37.98,peripheral,express,none,33.75
15,10,0,0,7.07,53.16,5.62,-4.62,17,5.34,1.4,77.22,residential,standard,none,41.7
15,11,0,0,9.5,65.84,3.29,5.02,13,37.43,3.45,86.72,central,standard,none,38.29
15,12,0,0,20.22,31.3,2.81,3.77,11,7.25,11.06,78.25,residential,standard,none,68.7
15,13,0,0,0.5,38.37,0,-2.43,2,8.01,15.96,55.06,residential,bulky,vehicle,57.69
15,14,0,0,12.11,49.5,0,2.94,12,22.18,11.28,69.82,central,standard,none,50.28
15,15,0,0,1.49,50.09,6.45,-0.67,13,5.98,5.93,100,central,express,none,27.44
15,16,0,0,8.47,28.1,2.39,6.59,18,16.56,6.92,44.46,peripheral,express,none,39.7
15,17,0,0,12.66,76.64,0,-5.17,11,23.04,26.91,49.16,residential,standard,none,76.41
15,18,0,0,3.45,91.91,0.21,3.29,16,15.23,13.13,68.82,central,express,none,41.26
15,7,0,0,3.77,61.35,3.49,3.18,19,33.83,0.29,90.42,central,standard,none,30.73
15,8,0,0,3.38,76.44,0,6.57,13,36.76,13.59,95.61,central,standard,none,34.51
15,9,0,0,7.75,66.47,7.8,-2.48,9,10.72,21.72,31.32,residential,standard,none,53.56
15,10,0,0,0.5,15.01,0,8.16,14,26.98,0.13,17.07,peripheral,express,none,10.72
15,11,0,0,9.99,48.99,5.56,-1.32,4,11.35,3.58,97.41,central,bulky,none,45.41
15,12,0,0,1.83,19.51,0,2.78,13,15.18,3.33,47.91,residential,express,none,15.15
15,13,0,0,13.86,51.48,0.86,0.96,12,0,7.58,76.91,central,standard,none,56.2
15,14,0,0,16.01,28.67,0,2.43,7,31.27,6.73,12.93,peripheral,bulky,none,60.67
15,15,0,0,10.02,27.96,4.34,0.79,22,38.78,10.19,51.61,residential,standard,none,52.63
15,16,0,0,24.46,50.8,5.45,5.93,6,20.71,4.37,53.62,residential,bulky,none,76.13
15,17,0,0,8.49,77.84,6.84,7.14,15,35.74,4.55,92.38,central,express,none,33.71
15,18,0,0,12.78,58.63,7.43,6.06,16,8.58,22.44,38.72,residential,standard,none,77.32
15,7,0,0,12.08,40.3,0,2.23,15,28.2,10.16,69.22,residential,standard,none,50.59
15,8,0,0,19.56,87.14,5.31,5.14,15,14.28,30.56,90.12,central,standard,none,114.75
15,9,0,0,6.1,74.62,3.58,7.23,17,17.99,15.8,53.3,residential,standard,none,46.73
15,10,0,0,7.23,54.12,2.32,2.55,8,33.24,14.59,39.83,residential,standard,none,39.9
16,11,0,0,0.5,38.2,4.58,5.45,16,11.37,7.29,64.48,residential,standard,none,33.6
16,12,0,0,9.24,42.88,0.09,4.45,17,36.28,0,83.01,central,standard,none,27.88
16,13,0,0,5.12,43.87,3.12,3.45,16,27.67,14.39,60.78,residential,express,none,37.4
16,14,0,0,9.34,37.88,1.86,-4.6,12,0,2.61,71.62,residential,standard,none,38.71
16,15,0,0,13.38,58.44,0,-1.54,7,17.09,0,75.03,central,bulky,none,48.94
16,16,0,0,8.32,61.6,4.07,6.78,11,0,1.16,80.67,central,standard,customer_absent,42.48
16,17,0,0,20.42,67.76,0.04,4.97,2,0,14.13,56.73,residential,standard,none,76.1
16,18,0,0,10.04,85.01,8.15,4.45,21,27.47,14.71,100,central,standard,none,66.82
16,7,0,0,4.24,37.81,0,3.95,14,16.09,1.1,57.07,residential,express,none,23.88
16,8,0,0,4.16,50.68,4.47,2.01,10,14.55,25.21,39.81,peripheral,standard,none,53.9
16,9,0,0,6.21,77.6,3.27,1.06,13,39.44,22.76,37.55,peripheral,standard,none,59.82
16,10,0,0,19.88,31.22,3.13,3.84,14,20.85,2.52,58.29,residential,standard,none,48.49
16,11,0,0,8.92,31.58,2.01,-1.44,12,0,0.32,62.2,residential,express,none,32.39
16,12,0,0,10.05,39.61,0.44,-0.84,20,11.78,3.38,20.96,peripheral,standard,none,40.24
16,13,0,0,25.49,28.5,0.48,9.08,6,3.03,9.63,70.52,residential,bulky,none,83.73
16,14,0,0,15.76,70.9,0,-3.24,15,9.1,10.69,95.72,central,standard,none,69.91
16,15,0,0,4.29,56.79,3.35,2.98,8,29.31,4.54,60.6,residential,express,none,21.29
16,16,0,0,30.11,27.99,9.78,7,13,33.18,11.59,27.47,peripheral,standard,none,78.99
16,17,0,0,8.55,95.91,3.05,-0.41,1,14.32,20.3,100,central,bulky,none,66.86
16,18,0,0,3.55,74.07,2.1,-0.58,11,22.68,18.61,46.2,residential,express,none,41.72
16,7,0,0,22,42.91,7.34,2.69,4,22.51,12.29,61.13,residential,bulky,none,78.44
16,8,0,0,9.27,63.01,0,-1.16,1,19.56,19.84,67.45,residential,bulky,none,69.2
16,9,0,0,11.29,55.83,2.14,5.66,10,5.78,19.75,17.09,peripheral,standard,vehicle,79.21
16,10,0,0,16.55,32.81,6.34,-3.56,8,7.12,13.07,23.77,peripheral,standard,none,52.35
16,11,0,0,12.27,47.25,0,4.43,18,20.35,11.73,93.72,central,standard,none,55.6
16,12,0,0,12.36,36.64,6.75,0.16,18,49.01,0,29.65,peripheral,standard,none,40.61
16,13,0,0,13.12,31.78,4.19,1.03,3,19.95,7.8,24.25,peripheral,standard,none,43.21
16,14,0,0,14.67,36.94,0.49,3.17,12,29.15,8.73,44.65,residential,standard,none,52.02
16,15,0,0,15.68,43.2,3.8,-5.29,7,12.06,5.33,45.31,residential,bulky,none,57.17
16,16,0,0,11.06,41.55,3.43,7.93,11,31.04,11.65,100,central,standard,none,47.73
16,17,0,0,5.81,95.96,3.33,2.49,4,24.75,7.54,94.48,central,bulky,none,54.07
16,18,0,0,10.94,46.63,1.17,-0.56,2,5.05,21.98,31.45,residential,bulky,none,69.08
16,7,0,0,11.06,41.4,3.05,3.06,13,18.3,10.98,48.72,residential,standard,none,48.8
16,8,0,0,14.43,93.52,9.13,2.34,9,25.05,33.34,97.8,central,standard,none,92.89
16,9,0,0,0.5,86.99,1.57,6.78,15,19.71,19.61,49.96,residential,standard,none,37.36
16,10,0,0,3.45,24.92,5.32,9,17,0,10.83,22.39,peripheral,standard,none,39.07
16,11,0,0,10.84,46.5,7.46,1.02,25,10.42,10.41,90.03,central,express,none,54.61
16,12,0,0,2.29,44.8,10.09,5.52,22,9.2,18.53,71.31,residential,standard,none,44.77
16,13,0,0,2.61,28.22,1.59,2.57,11,0,6.18,27.71,peripheral,standard,none,31.27
16,14,0,0,30.35,33.91,10.76,-0.07,14,0,14.22,61.71,residential,standard,none,88.78
17,15,0,0,9.69,49.9,0,1.99,17,15.52,8.85,93.65,central,standard,none,46.08
17,16,0,0,11.16,53.81,3.9,6.59,11,36.64,15.93,100,central,express,none,53.86
17,17,0,0,0.5,78.77,0,8.38,17,16.7,21.66,54.85,residential,standard,none,44.41
17,18,0,0,9.95,71.4,8.54,2.38,23,38.36,16.46,68.04,residential,standard,none,68.55
17,7,0,0,2.57,42.37,2.58,0.23,10,23.9,9.04,77.64,residential,standard,none,29.08
17,8,0,0,13.15,82.11,1.91,5.99,17,44.07,18.28,44.81,residential,standard,none,74.68
17,9,0,0,7.11,92.4,0.04,3.25,16,19.91,15.57,100,central,standard,none,54.48
17,10,0,0,19.44,25.55,6.22,3.73,18,5,5.81,17.12,peripheral,standard,none,54.49
17,11,0,0,9.7,46.47,0,5.29,17,0,1.38,56.02,residential,standard,none,45.26
17,12,0,0,0.78,46.64,8.1,9.79,9,42.52,0,67.99,residential,standard,none,13.43
17,13,0,0,5.17,42.84,3.2,0.84,15,23.29,14.7,64.1,residential,standard,none,41.64
17,14,0,0,17.3,35.48,0,-0.35,16,3.6,11.84,55.15,residential,standard,none,61.24
17,15,0,0,13.44,29.21,0,4.14,2,41.22,8.81,9.28,peripheral,bulky,none,45.96
17,16,0,0,8.78,56.77,5.88,5.73,13,3.82,12.97,46.5,residential,standard,none,49.53
17,17,0,0,8.73,85.69,0,-2.87,13,22.06,24.27,86.63,central,standard,none,66.55
17,18,0,0,7.03,73.91,1.32,4.22,17,6.97,11.51,57.18,peripheral,standard,none,44.2
17,7,0,0,12.17,28.86,0,3.21,14,17.83,10.59,39.04,residential,standard,none,54.17
17,8,0,0,13.79,61.17,0.19,3.03,16,22.27,23.57,20.82,peripheral,standard,none,73.67
17,9,0,0,12.7,79.63,3.23,1.71,5,20.17,13.85,49,residential,bulky,none,64.76
17,10,0,0,15.18,38.71,0,-3.11,9,12.43,1.91,42.79,residential,standard,none,38.83
17,11,0,0,7.67,38.11,4.47,0.17,5,28.75,0,29.24,residential,standard,none,27.64
17,12,0,0,0.5,51.93,0.12,1.3,16,23.58,8.37,40.14,residential,standard,none,15.15
17,13,0,0,3.24,55.81,7.03,6.51,8,1.75,15.08,51.37,residential,standard,none,41.69
17,14,0,0,15.04,21.97,2.08,-4.98,13,11.36,4.05,17.63,peripheral,standard,none,38.15
17,15,0,0,12.11,58.21,0,5.86,1,18.35,8.55,68.15,residential,standard,none,53.73
17,16,0,0,6.43,46.66,11.22,3.75,13,19.89,0,5.07,peripheral,express,none,30.7
17,17,0,0,8.79,67.6,0.83,3.58,14,16.23,21.76,24.32,peripheral,standard,none,62.46
17,18,0,0,0.5,62.62,0,-4.45,11,17.63,20.2,60.64,peripheral,standard,none,40.8
17,7,0,0,29.86,58.26,1.47,-1.38,2,25.26,4.04,85.5,central,bulky,none,92.26
17,8,0,0,14.22,83.74,0,-0.29,11,7.24,11.63,86.01,central,standard,none,79.18
17,9,0,0,8.41,68.29,8.61,-1.49,11,9.73,12.16,75.03,residential,standard,none,55.43
17,10,0,0,2.9,63.4,4.06,-0.83,5,15.92,7.33,69.8,central,bulky,none,34.72
17,11,0,0,5.41,43.49,4.17,0.89,17,0.77,0,58.39,residential,standard,none,36.01
17,12,0,0,3.39,39.53,10.08,-3.36,13,12.55,8.8,95.5,central,standard,customer_absent,44.48
17,13,0,0,8.52,57.23,3.71,10.9,6,9.59,5.36,71.37,central,standard,none,44.74
17,14,0,0,10.82,49.91,0,2.96,17,5.38,8.58,80.88,central,standard,none,50.34
17,15,0,0,3.9,30.01,9.2,7.04,16,11.58,20.57,31.44,peripheral,standard,none,53.2
17,16,0,0,7.4,33.21,3.06,-1.64,5,28.37,6.09,7.99,peripheral,bulky,none,40.7
17,17,0,0,0.5,93.92,0,1.2,15,20.9,6.87,83.63,central,standard,none,17.28
17,18,0,0,11.11,70.38,12.36,0.72,12,40.2,13.15,22.2,peripheral,express,none,52.84
18,7,0,0,6.71,27.61,1.08,6.3,9,16.94,20.02,33.37,peripheral,standard,none,50.16
18,8,0,0,11.02,86.68,0.14,-5.74,14,12.96,26.2,64.08,central,standard,none,81.7
18,9,0,0,9.96,62.06,0.68,11.15,22,4.57,15.08,5,peripheral,standard,none,56.13
18,10,0,0,9.28,55.41,0.95,6.24,15,39.86,10.28,85.1,central,express,none,40.22
18,11,0,0,12.45,53.59,0,2.62,18,0.89,4.96,87.32,central,standard,none,60.73
18,12,0,0,5.94,50.95,7.99,-1.73,10,32.31,12.85,100,central,bulky,none,55.44
18,13,0,0,12.75,37.09,1.58,6.81,18,42.22,0,5,peripheral,standard,none,41.04
18,14,0,0,14.52,32.06,5.18,2.43,13,0,25.14,63.91,residential,express,none,60.66
18,15,0,0,4.03,27.54,2.16,3.92,20,2.4,20.43,66.23,residential,standard,none,55.06
18,16,0,0,8.2,50.88,12.48,6.67,11,0.71,1.06,60.29,residential,express,none,43.53
18,17,0,0,29.04,90.28,2.2,3.65,19,14.16,17.15,88.87,central,standard,none,122.95
18,18,0,0,8.42,54.36,4.38,1.65,13,36.08,19.87,68.88,residential,express,none,47.1
18,7,0,0,4.14,29.57,0,-0.82,18,46.96,6.34,30.46,peripheral,standard,none,32.56
18,8,0,0,7.94,65.44,7.02,4.37,20,9.52,17.86,35.82,residential,standard,none,60.54
18,9,0,0,13.08,84.88,4.13,-0.19,14,38.65,18,100,central,express,none,64.17
18,10,0,0,11.95,49.84,0,2.93,13,0,21.89,82.5,central,standard,none,63.18
18,11,0,0,4.04,30.3,11.22,3.26,5,0,7.53,54.13,residential,bulky,none,46.73
18,12,0,0,12.55,54.62,5.59,0.39,18,7.62,8.07,56.9,residential,standard,none,58.44
18,13,0,0,8.61,55.58,0,6.23,12,24.49,0.4,66.97,residential,standard,none,32.73
18,14,0,0,11.01,34.37,2.3,-3.76,20,9.76,16.84,42.23,residential,standard,none,55.47
18,15,0,0,5.33,44.46,0,2.66,17,17.17,7.2,56.73,residential,standard,none,42.73
18,16,0,0,9.25,54.54,0,8.13,14,17.66,0,100,central,express,none,28.27
18,17,0,0,6.44,80.41,4.26,4.6,23,9.93,19.83,65.03,central,standard,none,67.72
18,18,0,0,9.92,98,2.96,1.82,13,15.2,20.86,87.38,central,standard,none,76.81
18,7,0,0,12.06,67.98,4.45,6.64,10,0,3.71,83.24,central,standard,none,51.62
18,8,0,0,10.9,62.08,0.27,5.14,2,15.42,14.52,5,peripheral,bulky,none,56.87
18,9,0,0,8.31,73.93,0,5.54,7,10.96,25.57,60.72,central,standard,none,59.35
18,10,0,0,10.03,49.91,7.87,-1.62,11,34.72,6.32,84.52,central,express,none,35.03
18,11,0,0,13.41,47.02,6.17,4.91,1,49.36,9.91,57.09,residential,bulky,none,49.79
18,12,0,0,6.75,46.8,4.55,1.8,5,30.48,0,41.78,residential,express,none,23.95
18,13,0,0,1.68,51.97,10.15,3.96,14,18.55,6.22,37.48,residential,standard,none,22.14
18,14,0,0,11.49,45.95,0,-0.74,16,20.85,3.23,80.64,central,standard,none,34.95
18,15,0,0,5.15,50.67,0,3.92,17,32.4,7.18,83.66,central,standard,none,41.97
18,16,0,0,6.47,57.23,14.02,4.62,6,22.02,7.79,60.17,residential,bulky,none,51.97
18,17,0,0,8.46,66.11,1.38,10.13,1,12.43,13.87,63.5,residential,bulky,none,54.97
18,18,0,0,12.05,75.63,0,5.8,8,15.55,17.98,50.14,residential,standard,none,65.25
18,7,0,0,10.87,39.77,2.67,0.15,8,13.98,9.31,46.59,residential,express,none,34.44
18,8,0,0,29.76,95.64,0,3.63,13,37.41,20.42,75.75,central,standard,none,118.6
18,9,0,0,8.73,88.6,10,-0.72,15,10.95,24.73,78.06,central,express,none,66.16
18,10,0,0,20.84,33.2,6.46,-2.09,22,34,5.29,14.02,peripheral,express,none,51.3
19,11,1,0,3.41,36.03,2.7,6.07,19,29.37,0.02,55.89,residential,standard,none,30.85
19,12,1,0,2.76,47.07,9.89,3.84,18,33.44,20.87,86.2,central,standard,vehicle,51.93
19,13,1,0,10.68,41.42,0,7.14,11,0,4.12,66.25,central,standard,none,40.15
19,14,1,0,8.97,31.41,4.69,3.05,15,22.88,3.1,75.92,residential,standard,none,36.8
19,15,1,0,17.38,54.09,0,1.63,18,50.79,15.33,45,residential,express,none,64.21
19,16,1,0,17.84,18.16,0,0.91,6,39.04,5.18,13.16,peripheral,bulky,none,60.68
19,17,1,0,17.84,54.1,0,0.68,5,7.05,33.12,5,peripheral,express,none,81.48
19,18,1,0,9.4,69.7,0,1.79,10,12.19,15.27,42.56,residential,bulky,none,60.68
19,7,1,0,4.33,59.27,7.6,2.31,15,20.62,12.15,88.91,central,standard,none,48.37
19,8,1,0,11.19,65.3,11.1,1.37,15,23.44,14.19,15.12,peripheral,standard,none,56.54
19,9,1,0,14.73,72.86,0,1.37,5,11.33,12.05,74.13,residential,express,roadwork,78.49
19,10,1,0,23.79,35.46,2.26,0.44,20,17.34,6.08,34.95,residential,express,none,58.84
19,11,1,0,8.6,34.31,0,-2.51,10,12.78,5.14,34.35,peripheral,express,none,34.57
19,12,1,0,11.87,9.95,3.03,0.78,16,24.76,12.92,28.85,peripheral,express,none,37.81
19,13,1,0,5.32,33.49,7.42,4.82,12,24.59,3.93,30.63,residential,express,none,19.98
19,14,1,0,13.1,46.76,2,-2.73,18,19.96,3.71,85.88,central,standard,none,48.13
19,15,1,0,5.79,29.08,0,1.74,18,27.99,0,25.64,peripheral,standard,none,37.08
19,16,1,0,32.76,8,8.54,3.9,14,9.84,6.71,33.28,peripheral,standard,none,64.16
19,17,1,0,12.38,98,0,5.23,12,19.39,18.74,88.81,central,express,none,69.69
19,18,1,0,1.59,60.98,0,3.44,13,10.74,10.73,12.31,peripheral,standard,none,38.33
19,7,1,0,6.96,53.65,11.49,2.92,3,7.19,5.7,100,central,express,none,30.74
19,8,1,0,10.65,58.01,4.74,6.76,6,3.14,21.5,77.96,residential,bulky,none,62.31
19,9,1,0,16.66,63.28,6.31,4.71,18,17.89,9.32,58.55,central,standard,none,68.76
19,10,1,0,6.88,54.44,3.08,5.41,9,21.76,10.3,78.95,central,express,none,33.21
19,11,1,0,6.78,16.88,0.77,-1.12,16,16.79,2.37,58.78,peripheral,express,none,31.79
19,12,1,0,10.31,42.69,0,3.78,13,32.07,6.06,55.51,residential,standard,none,40.46
19,13,1,0,22.38,32.98,7.39,4.51,20,32.65,10.02,74.51,residential,standard,none,73.6
19,14,1,0,12.01,36.89,0,2.48,8,40.34,3.37,72.16,residential,standard,none,38.51
19,15,1,0,4.54,16.02,0,-4.6,15,4.72,1.75,9.79,peripheral,standard,none,25.5
19,16,1,0,22.49,54.8,0,1.31,13,0,0,94.42,central,standard,none,68.57
19,17,1,0,11.77,66.21,0,-1.31,18,19.49,17.87,33.77,peripheral,express,none,63.06
19,18,1,0,9.25,66.75,4.8,-1.26,9,2.66,19.1,23.21,peripheral,standard,none,50.12
19,7,1,0,3.47,59.45,8.73,3.97,20,34.98,2.18,60.62,residential,express,none,26.33
19,8,1,0,12.04,64.2,0,-2.21,13,16.91,12.54,45.86,residential,standard,vehicle,101.77
19,9,1,0,9.83,85.92,2.44,9.01,21,35.47,12.33,90.67,central,express,none,50.8
19,10,1,0,10.41,29.78,4.41,0.31,1,19.48,6.88,32.49,peripheral,bulky,none,47.91
19,11,1,0,8.73,21.58,9,2.14,21,15.59,10.41,37.51,peripheral,standard,none,53.7
19,12,1,0,9.47,11.81,3.98,0.57,3,28.94,2.93,24.72,peripheral,bulky,none,37.1
19,13,1,0,8,57.83,2.67,2.86,8,18.53,18.26,66.32,central,express,none,45.77
19,14,1,0,15.9,33.82,0,0.44,5,13.69,6.26,45.28,peripheral,bulky,none,57.51
20,15,1,0,7.39,48.9,2.38,-1.79,12,25.99,7.91,91.97,central,standard,none,45.53
20,16,1,0,8.68,40.81,0,2.87,17,28.98,7.1,97.43,central,standard,roadwork,55.13
20,17,1,0,12.54,74.14,0,-2.2,14,33.59,14.29,47.71,residential,standard,none,60.92
20,18,1,0,7.73,81.84,0,5.26,22,35.43,19.22,44.55,residential,standard,none,63.86
20,7,1,0,5.9,35.31,1.35,-1.05,4,24.43,0,38.01,residential,express,none,19.08
20,8,1,0,10.48,71.48,0,1.88,11,40.45,23.97,68.32,residential,standard,none,67.57
20,9,1,0,8.94,80.96,4.57,1.15,13,18.07,10.56,87.03,central,standard,none,50.27
20,10,1,0,12.52,26.23,0,-0.17,14,14.73,0,35.98,peripheral,express,none,26.55
20,11,1,0,5.16,47.15,2.83,6.48,13,9.62,16.22,60.55,residential,standard,none,43.07
20,12,1,0,13.84,41.3,1.43,6.9,10,16.13,13.43,34.21,peripheral,express,none,48.91
20,13,1,0,9.47,48.12,14.32,4.28,13,14.14,0.95,97.74,central,standard,none,46.07
20,14,1,0,10.57,22.66,0,1.54,10,0,7.26,6.48,peripheral,standard,none,44.22
20,15,1,0,22.21,36.11,0,5.16,14,9.39,12.36,69.77,residential,standard,none,68.66
20,16,1,0,9.06,39.33,0.25,1.96,9,12.65,16.63,74.13,central,standard,none,47.37
20,17,1,0,3.89,79.38,8.45,-0.26,17,24.83,13.08,91.76,central,standard,none,45.5
20,18,1,0,8.87,62.32,1.45,2.68,12,16.74,14.2,53.46,residential,standard,none,51.59
20,7,1,0,5.92,16.31,0,5.41,13,0,12.29,17.92,peripheral,standard,none,34.48
20,8,1,0,14.05,44.82,12.39,2.45,10,12.6,12.28,56.1,residential,standard,customer_absent,59.22
20,9,1,0,16,77.11,2.11,1.97,17,6.65,11.27,82.73,central,express,none,65.73
20,10,1,0,1.87,44.79,1.4,-1.04,7,0,0,78.88,central,bulky,none,30.74
20,11,1,0,7.86,13.68,12.59,-0.41,19,19.58,5.76,27.61,peripheral,standard,none,44.41
20,12,1,0,4.82,42.31,2.87,4.37,15,29.77,13.18,91.41,central,standard,none,41.25
20,13,1,0,8.68,40.5,3.91,1.08,11,27.73,15.66,99.78,central,standard,none,55.12
20,14,1,0,2.59,28.1,10.31,1.68,14,6.42,0,46.78,residential,standard,none,30.64
20,15,1,0,11.85,32.69,5.85,-4.03,15,20.93,4.55,22.23,peripheral,standard,none,41.71
20,16,1,0,14.59,45.81,5.21,2.34,15,10.15,9.7,100,central,express,none,49.53
20,17,1,0,4.07,64.94,4.76,2.89,8,22.34,11.1,55.67,residential,bulky,none,43.66
20,18,1,0,13.29,76.62,7.87,4.77,13,20.58,15.21,100,central,standard,none,69.12
20,7,1,0,27.73,24.02,4.66,7.25,11,43.99,0,18.88,peripheral,standard,none,64.21
20,8,1,0,7.02,76.12,1.73,4.45,11,0,19.67,100,central,express,none,49.75
20,9,1,0,10.53,63.04,4.07,10.37,12,10.66,23.42,100,central,standard,none,63.24
20,10,1,0,5.04,48,8.34,4.19,12,20.14,7.69,79.16,central,express,none,27.85
20,11,1,0,9.06,27.99,1.32,-1.66,13,16.32,9.76,56.32,residential,standard,none,52.35
20,12,1,0,18.21,36.19,7.13,2.64,11,14.22,7.2,20.21,peripheral,express,none,44.2
20,13,1,0,6.03,22.18,3.51,7.22,5,35.38,0,66.07,residential,bulky,none,32
20,14,1,0,4.61,13.59,11.15,1.77,14,26.34,13.82,42.25,peripheral,express,none,39.67
20,15,1,0,11.82,37.62,0,2.52,6,10.83,2.83,97.24,central,bulky,none,44.02
20,16,1,0,4.66,39.44,0,2.53,19,21.56,7.94,97.46,central,standard,none,46.06
20,17,1,0,14.44,73.15,8.96,7.06,13,22.61,18.98,27.77,peripheral,standard,none,77.12
20,18,1,0,0.5,81.16,5.86,-2.35,18,13.27,11.46,75.86,central,standard,none,41.85
21,7,0,0,0.5,36.96,0.18,0.33,11,31.52,7.59,31.33,peripheral,express,none,18.55
21,8,0,0,5.34,93.57,0.07,2.48,18,43.99,10.05,92.25,central,standard,none,52.17
21,9,0,0,18.21,47.64,0,0.95,5,0,19.94,44.12,peripheral,bulky,none,75.66
21,10,0,0,4.79,45.55,0,-1.07,23,23.11,2.56,92.56,central,standard,none,34.24
21,11,0,0,22.14,45.77,4.4,2.99,19,26.34,14.35,90.27,central,standard,none,80.37
21,12,0,0,13.92,52.07,0.28,1.39,11,6.99,0,91.49,central,standard,none,46.3
21,13,0,0,15.82,46.61,0.43,-5.28,7,35.57,5.73,83.88,residential,bulky,none,62.34
21,14,0,0,8.43,45.81,9.66,4.09,15,17.56,8.28,70.82,residential,standard,none,43.37
21,15,0,0,7.73,38.33,4.76,3.74,10,24.72,12.58,61.96,residential,bulky,none,55.55
21,16,0,0,7.31,45.08,0,-1.42,13,41.97,13.2,39.44,residential,express,none,36.37
21,17,0,0,8.35,72.49,3.45,-2.36,21,13.87,15.56,57.58,residential,standard,none,59.3
21,18,0,0,8.33,76.81,5.23,-0.1,20,15.6,11.63,81.07,residential,standard,none,51.07
21,7,0,0,4.44,30.98,3.07,6.51,9,20.71,11.86,44.01,peripheral,express,none,21.17
21,8,0,0,9.47,80.84,3.79,-2.75,16,11.4,14.76,83.72,residential,standard,none,62.09
21,9,0,0,15.06,85.16,4.37,2.9,11,33.62,12.23,100,central,standard,none,78.04
21,10,0,0,4.58,32.63,2.98,-0.15,19,18.02,6.8,67.6,residential,standard,none,41.52
21,11,0,0,10.83,66.71,0,-1.26,24,9.34,12.42,100,central,standard,none,51.38
21,12,0,0,13.25,48.73,0,-2.99,2,37.66,0.74,77.97,central,bulky,none,49.14
21,13,0,0,4.06,49.07,5.05,4.21,16,38.3,16.87,27.17,peripheral,standard,none,42.69
21,14,0,0,7.22,38.34,2.83,1.29,15,4.11,23.51,63.68,central,standard,none,60.76
21,15,0,0,33.08,30.18,0,1.43,15,19.94,3.57,18.81,peripheral,standard,none,76.72
21,16,0,0,13.91,37.76,9.95,6.3,16,0,4.73,80.29,residential,standard,none,46.19
21,17,0,0,11.2,75.29,7.34,6.68,24,13.71,19.48,18.39,peripheral,express,none,65.39
21,18,0,0,5.14,72.83,5.57,-0.03,14,11.3,16.14,55.03,residential,standard,none,55
21,7,0,0,2.18,44.53,0,2.54,14,37.91,6.09,97.98,central,express,none,32.44
21,8,0,0,5.13,82.81,7.55,-7.55,14,12.08,15.09,70.43,residential,standard,none,54.63
21,9,0,0,4.09,69.2,0,1.93,14,32.8,12.44,60.32,residential,standard,none,41.28
21,10,0,0,12.93,39.91,1.21,0.42,16,7.03,6.88,25.07,peripheral,standard,none,41.59
21,11,0,0,10.23,36.54,9.11,1.18,17,25.87,12.66,28.79,peripheral,standard,none,52.7
21,12,0,0,10.59,34.63,6.87,-1.4,12,30.93,0,28.95,peripheral,standard,none,34.28
21,13,0,0,14.57,37.82,3.05,1.66,1,6.47,0.45,65.06,residential,bulky,none,49.44
21,14,0,0,5.13,26,4.87,-2.31,14,33.24,12.02,28.78,peripheral,express,none,19.98
21,15,0,0,6.19,36.82,2.47,7.12,10,4.43,11.83,23.68,peripheral,standard,none,35.8
21,16,0,0,1.73,31.73,0,5.67,14,18.8,5.83,41.58,peripheral,standard,none,30.55
21,17,0,0,3.04,75.75,0.24,7.2,11,40.07,24.4,79.46,central,bulky,none,57.52
21,18,0,0,12.95,57.28,1.34,8.75,16,26.76,14.09,58.89,residential,express,none,56.35
21,7,0,0,12.75,48.22,1.64,4.94,18,0,5.97,61.38,residential,standard,none,54.29
21,8,0,0,3.73,64.75,1.1,-1.67,14,6.85,18.44,30.32,peripheral,standard,none,44.03
21,9,0,0,8.16,90.56,0,4.12,16,31.94,17.93,83.28,central,standard,none,58.75
21,10,0,0,13.34,50.82,5.41,0.07,18,46.77,3.87,39.74,residential,standard,none,53.91
22,11,0,0,6.36,44.23,6.56,2.09,8,28.68,8.52,100,central,standard,none,34.73
22,12,0,0,8.02,27.58,0,-1.07,14,24.99,7.88,29.88,peripheral,standard,none,38.05
22,13,0,0,0.5,27.53,0,3.9,18,40.53,0,33.26,peripheral,express,none,8
22,14,0,0,7.76,40.21,3.79,5.34,14,20.42,15.09,61.32,residential,express,none,38.32
22,15,0,0,9.29,48.4,14.86,5.95,14,18.3,10.29,41.09,residential,standard,none,54.22
22,16,0,0,9.52,50.63,0,-2.6,11,32.77,1.14,47.8,residential,express,none,24.02
22,17,0,0,9.88,82.73,3.66,2.11,6,45.23,13.95,73.75,residential,bulky,none,63.47
22,18,0,0,19.41,74.28,0,2.11,9,12.97,17.24,60.62,residential,standard,none,77.63
22,7,0,0,11.33,25.31,2.55,-2.31,12,24.24,9.89,15.55,peripheral,express,none,43.17
22,8,0,0,12.43,93.55,4.27,5.13,15,0,14.63,100,central,standard,none,71.6
22,9,0,0,11.68,66.54,3.61,7.89,18,7.74,19.19,30.95,peripheral,standard,customer_absent,83.25
22,10,0,0,12.3,52.23,4.23,-3.28,1,10.64,0,80.96,central,bulky,none,53.21
22,11,0,0,11.16,25.43,2.69,2.33,19,35.42,7.45,40.26,peripheral,standard,none,44.21
22,12,0,0,9.24,35.55,0,0.73,16,21.06,12.71,35.18,residential,standard,none,46.62
22,13,0,0,13.18,37.39,15.13,-2.95,12,16.56,11.02,66.86,residential,express,none,52.63
22,14,0,0,10.13,45.17,9.9,1.54,10,26.63,7.47,69.49,residential,standard,none,48.66
22,15,0,0,10.83,49.39,5.28,4.45,3,35.52,0,57.08,residential,bulky,none,41.86
22,16,0,0,5.97,43.89,0.62,2.41,1,28.07,6.41,29.79,peripheral,bulky,none,39.47
22,17,0,0,3.37,64.43,4.48,0.88,2,0,13.99,23.8,peripheral,bulky,none,43.32
22,18,0,0,5.76,85.98,1.75,2.99,12,23.63,13.76,100,central,standard,none,44.03
22,7,0,0,16.77,41.33,2.69,6.81,14,18.21,0,67.79,residential,standard,none,46.1
22,8,0,0,11.7,84.31,0,4.09,4,16.9,17.96,56.37,residential,bulky,none,70.03
22,9,0,0,7.49,63.41,0.51,5.99,12,19.39,10.06,40.98,peripheral,express,none,38.04
22,10,0,0,6.61,59.56,3.57,-2.67,12,1.9,1.99,93.66,central,standard,none,43.36
22,11,0,0,8.69,50.08,0,0.78,13,32.85,7.84,65.68,central,standard,none,37.38
22,12,0,0,6.25,45.87,3.05,3.81,19,22.16,11.67,100,central,standard,none,43.42
22,13,0,0,7.58,30.09,3.72,4.86,27,0,17.17,68.89,residential,standard,none,58.55
22,14,0,0,4.66,51.04,0,5.98,12,39.5,5.45,56.26,residential,standard,none,21.12
22,15,0,0,6.8,40.88,0,8.25,15,40.74,13.93,50.92,residential,express,none,36.64
22,16,0,0,6.58,44.89,5.93,-0.75,8,38.08,5.95,65.09,residential,standard,none,29.33
22,17,0,0,2.06,74.19,6.83,3.12,15,0,22.91,39.36,residential,standard,none,47.88
22,18,0,0,10.36,79.21,5.32,-0.71,17,24.94,24.37,51.29,residential,express,none,65.55
22,7,0,0,6.21,28.45,1.05,1.86,9,21.77,0,42.21,residential,express,none,24.49
22,8,0,0,27.7,86.87,0,1.83,18,8.11,17.18,61.61,residential,standard,none,114.38
22,9,0,0,15.06,78.11,0.86,7.72,8,32.98,23.77,52.42,residential,standard,none,67.86
22,10,0,0,7.84,13.02,4.83,1.68,12,26.53,9.45,19.23,peripheral,standard,none,39.69
22,11,0,0,12.33,54.58,3.3,4.83,18,0,8.75,76.81,central,standard,roadwork,81.34
22,12,0,0,3.36,63.69,0,0.39,15,23.37,10.84,77.65,central,standard,none,38.97
22,13,0,0,6.54,55.91,1.09,4.82,18,0,0,76.5,central,standard,none,32.57
22,14,0,0,6.62,55.71,0,-2.89,1,28.94,12.08,78.37,central,bulky,none,56.66
23,15,0,0,2.23,40.93,7.26,3.65,3,40.35,11.67,48.44,residential,bulky,none,34.63
23,16,0,0,18.41,35.85,12.17,-5.14,16,7.1,12.92,55.84,residential,standard,none,66.69
23,17,0,0,9.06,79.8,0,2.84,18,24.39,8.91,96.93,central,standard,vehicle,88.73
23,18,0,0,12.03,78.71,1.61,1.28,10,9.96,23,85.28,central,express,none,63.85
23,7,0,0,6.12,77.22,1.34,-1.24,1,0,6.95,67.93,central,bulky,none,45.02
23,8,0,0,0.99,88.45,0,4.67,8,14.51,13.99,53.52,residential,standard,none,28.05
23,9,0,0,16.29,62.57,1.56,7.71,13,0,18.35,32.9,peripheral,express,none,68.56
23,10,0,0,9.71,29.39,0,1.32,12,5.1,20.6,44.12,residential,standard,none,58.08
23,11,0,0,5.04,64.26,0,3.2,18,14.59,0.88,67.55,central,express,none,31.55
23,12,0,0,11.56,57.14,1.96,2.34,17,12.12,7.16,92.25,central,standard,none,56.96
23,13,0,0,12.33,56.81,0,-0.24,1,28.87,8.71,100,central,bulky,none,54.79
23,14,0,0,0.5,50.69,7.21,1.74,14,20.44,3.67,70.07,central,standard,none,26.36
23,15,0,0,7.21,64.94,9.63,5.96,13,19.31,7.24,77.32,central,standard,none,50.82
23,16,0,0,4.04,56.5,9.75,6.52,12,14.91,14.78,100,central,standard,none,48.35
23,17,0,0,10.42,70.19,1.45,2.21,13,18.75,25.41,81.46,central,standard,none,66.65
23,18,0,0,4.69,90,0.75,6.59,14,42.34,17.85,88.61,central,standard,none,40.19
23,7,0,0,10.72,45.62,0,2.5,14,0,8.84,55.4,residential,standard,none,48.7
23,8,0,0,9.74,82.59,0,0.81,12,4.21,13.15,60.25,residential,standard,none,54.5
23,9,0,0,7.97,66.83,7.39,5.64,13,37.61,14.13,20.52,peripheral,standard,none,56.84
23,10,0,0,6.69,26.03,0,1.68,14,28.13,7.53,74.07,central,standard,none,30.94
23,11,0,0,13.52,46.14,1.81,7.8,11,10.5,10.86,78.42,central,standard,none,54.89
23,12,0,0,13.18,41.12,0,5.44,11,18.82,10.24,29.08,peripheral,standard,none,56.34
23,13,0,0,10.94,23.78,6.74,3.24,16,35.22,13,58.47,residential,standard,none,43.15
23,14,0,0,8.8,24.92,0,-2.31,1,34.72,6.83,41.65,peripheral,bulky,roadwork,60.09
23,15,0,0,11.23,30.95,9.26,5.25,5,5.15,11.25,71.01,residential,standard,none,47.72
23,16,0,0,11.17,54.61,6.1,2.56,13,0,6.9,53.38,residential,standard,none,45.62
23,17,0,0,0.5,81.16,0,6.54,17,31.09,7.03,20.66,peripheral,standard,none,26.51
23,18,0,0,1.57,72.85,11.46,-1.82,12,4.62,15.11,65.69,residential,standard,none,42.45
23,7,0,0,18.61,51.6,1.46,-0.79,18,48.34,1.77,42.99,residential,express,none,49.9
23,8,0,0,7.59,69.68,0,13.21,8,20.52,16.39,36.26,peripheral,standard,none,37.59
23,9,0,0,20.9,64.31,4.66,4.42,8,1.63,25.97,65.48,residential,standard,none,88.55
23,10,0,0,8.66,54.98,4.13,2.09,19,29.84,15.34,74.44,central,standard,none,59.45
23,11,0,0,14.11,21.38,0,5.63,7,25.67,0,55.99,residential,standard,none,41
23,12,0,0,8.07,39.79,13.19,-1.13,7,29.07,0,62.47,central,standard,none,34.2
23,13,0,0,2.86,10.53,0,3.82,8,25.67,5.66,31.19,peripheral,bulky,none,24.72
23,14,0,0,18.11,53.12,0,1.86,4,27.32,19.26,95.3,central,bulky,none,76.15
23,15,0,0,13.99,27.98,0.22,6.66,13,36.48,0,40.73,residential,express,none,32.18
23,16,0,0,4.53,38.8,3.47,2.31,13,20.39,0,88.83,central,express,none,26.52
23,17,0,0,14.72,87.79,0,-1.25,16,45.83,2.95,76.49,central,standard,none,66.65
23,18,0,0,9.53,66.67,5.08,6.34,13,21.69,20.24,41.02,residential,bulky,none,75.64
24,7,0,0,9.8,46.98,1.17,4.36,14,26.49,8.04,73.39,central,standard,vehicle,93.08
24,8,0,0,9.92,65.43,2.3,2.59,8,5.11,19.26,45.36,residential,bulky,none,65.93
24,9,0,0,5.6,64.96,4.53,4.38,12,22.55,20.18,48.91,peripheral,standard,none,57.2
24,10,0,0,6.22,33.96,2.84,5.87,9,0,0.49,98.81,central,bulky,none,36.9
24,11,0,0,14.65,48.9,4.1,1.14,10,45.67,0.45,77.4,central,standard,none,45.82
24,12,0,0,10.95,65.16,0,5.46,17,20.02,0,77.49,central,express,none,40.63
24,13,0,0,8.36,44.17,7.83,1.18,13,4.03,13.12,50.41,residential,standard,none,56.12
24,14,0,0,9.22,37.46,14.1,2.35,12,33.26,4.37,22.95,peripheral,express,none,27.4
24,15,0,0,7.39,29.1,4.65,2.32,13,31.83,11.22,5,peripheral,standard,none,30.61
24,16,0,0,17.74,44.01,3.7,2.02,7,28.3,6.09,55.42,residential,bulky,none,65.8
24,17,0,0,4.75,83.24,4.1,5.43,12,16.21,17.26,72.42,central,standard,none,48.72
24,18,0,0,8.2,60.04,2.16,5.47,12,18.83,11.03,41.21,peripheral,express,none,30.47
24,7,0,0,0.9,37.7,0,2.63,23,11.55,3.2,60.49,residential,express,none,22.2
24,8,0,0,11.49,73.53,5.36,5.73,14,29.17,22.89,54.03,residential,standard,none,73.06
24,9,0,0,14.04,92.4,0,1.61,13,7.65,19.05,49.37,residential,standard,none,81.13
24,10,0,0,5.86,35.54,6.43,-3.57,18,2.94,0,25.29,peripheral,standard,none,33.01
24,11,0,0,1.55,74.62,0,-0.21,7,22.37,13.31,95.77,central,bulky,none,45.65
24,12,0,0,8.49,20.8,4.74,4.31,16,19.36,22.44,24.89,peripheral,express,none,39
24,13,0,0,16.77,43.56,0,1.16,3,17,10.36,70.26,residential,bulky,none,71.9
24,14,0,0,10.57,53.23,13.22,-1.47,11,51.41,9.83,100,central,standard,none,52.36
24,15,0,0,9.91,35.36,0,0.98,19,4.3,0,75.39,residential,standard,none,40.97
24,16,0,0,10.44,33.28,0,2.59,17,3.01,8.32,27.06,peripheral,standard,none,44.66
24,17,0,0,6.55,85.72,1.94,2.52,17,36.18,13.15,49.25,residential,standard,none,51.22
24,18,0,0,35.51,59.73,10.45,4.14,13,12.54,17.49,21.33,peripheral,standard,none,121.6
24,7,0,0,11.64,28.42,1.6,-3.2,13,17.96,2.63,66.17,residential,standard,none,41.84
24,8,0,0,6.03,64.96,2.28,-0.62,5,11.39,18.86,56.24,residential,bulky,none,56.26
24,9,0,0,5.22,73.44,6.19,0.18,6,9.97,15.42,39.54,residential,standard,none,43.28
24,10,0,0,13.9,31.83,0,-3.68,19,8.68,6.66,28.6,peripheral,standard,none,52.05
24,11,0,0,5.88,51.95,1.27,6.73,18,30.31,0,86.01,central,standard,none,35.57
24,12,0,0,18.59,34.75,6.93,-2.92,17,34.81,1.44,77.62,central,standard,none,52
24,13,0,0,18.08,46.3,3.61,-3.04,13,0,11.06,100,central,standard,none,72.86
24,14,0,0,3.94,48.66,0,6.55,18,0,10.19,88.78,central,standard,none,48.85
24,15,0,0,13.24,65.98,0,4.5,5,17.42,13.85,86.43,central,bulky,none,75.45
24,16,0,0,10.6,42.31,4.02,2.49,17,1.78,4.83,51.07,residential,express,none,43.74
24,17,0,0,9.25,98,5.66,-0.84,20,22.27,22.21,33.13,residential,standard,none,64.9
24,18,0,0,16.39,89.84,8.28,3.69,14,34.71,14.15,100,central,standard,none,81.07
24,7,0,0,10.26,27.04,3.06,4.78,18,28.61,0.97,23.57,peripheral,standard,none,36.4
24,8,0,0,9.64,79.16,1.82,4.11,11,34.24,10.92,34.42,residential,bulky,none,62.4
24,9,0,0,10.34,76.24,0,4.82,7,34.53,15.74,23.9,peripheral,bulky,none,75.23
24,10,0,0,9.9,40.27,4.82,-2.53,15,0,9.93,61.09,residential,standard,none,46.81
25,11,0,0,6.53,49.28,10.48,3.6,18,25.54,9.83,95.25,central,express,none,48.62
25,12,0,0,6.14,40.96,9.82,7.25,13,19.28,11.43,44.17,peripheral,standard,none,39.64
25,13,0,0,10.14,39.43,0,2.34,15,39.25,12.38,83.95,residential,express,none,41.31
25,14,0,0,16.22,39.53,9.86,-0.53,16,27.11,7.65,30.93,peripheral,express,none,59.07
25,15,0,0,5.74,52.95,5.4,10.05,14,9.37,0,55.44,central,standard,none,30.51
25,16,0,0,2.93,42.49,2.38,5.74,10,30.16,0,66.34,residential,standard,none,17.83
25,17,0,0,1.12,79.17,1.89,2.07,13,16.23,18.99,50.4,residential,standard,none,37.15
25,18,0,0,13.53,74.52,0.37,1.41,3,18.21,9.96,20.87,peripheral,bulky,none,62.58
25,7,0,0,5.16,52.51,0,-0.5,13,36.51,1.3,74.3,central,express,none,12.05
25,8,0,0,1.43,47.35,9.38,3.62,15,22.19,14.11,37.61,peripheral,express,none,33.19
25,9,0,0,9.03,90.75,4.44,1.36,11,37.58,19.21,52.3,residential,express,none,56.75
25,10,0,0,12.39,47.58,3.91,7.42,13,19.64,6.61,40.76,residential,standard,none,54.88
25,11,0,0,9.32,32,11.09,0.94,7,15.2,3.53,47.35,residential,standard,none,35.61
25,12,0,0,6.83,54.34,8.42,0.13,12,25.31,22.03,88.21,central,bulky,none,57.78
25,13,0,0,3.64,38.82,0,2.33,19,19.01,9.13,12.33,residential,express,none,19.84
25,14,0,0,12.86,42.32,0,4.34,17,15.9,5.84,22.81,peripheral,standard,none,50.67
25,15,0,0,9.04,33.88,3.03,3.42,14,46.09,17.87,42.28,peripheral,standard,none,48.18
25,16,0,0,15.05,47.43,10.64,5.79,21,35.52,5.87,87.78,central,standard,none,57.94
25,17,0,0,15.38,92.05,0.49,5.49,18,38.04,11.46,76.74,central,standard,none,67.57
25,18,0,0,6.35,75.63,0.11,8.22,15,24.42,23.13,64.58,residential,standard,none,62.29
25,7,0,0,13.68,21.77,6.44,5.44,1,5.99,8.16,11.5,peripheral,bulky,none,58.09
25,8,0,0,8.24,77.24,0.14,-0.1,1,6.01,21.3,22.18,peripheral,bulky,none,68.18
25,9,0,0,10.42,66.84,0,0.24,11,5.35,27.46,27.57,peripheral,standard,none,68.04
25,10,0,0,8.06,31.09,2.14,6.32,1,35.14,11.44,14.85,peripheral,bulky,none,39.73
25,11,0,0,14.73,60.08,16.29,0.41,13,22.45,9.27,69.47,central,standard,none,62.89
25,12,0,0,2.17,52.41,12.56,-5.48,9,38.31,12.39,65.47,residential,standard,none,26.18
25,13,0,0,6.8,47.87,7.51,3.14,9,43.58,9.89,82.24,central,standard,none,46.29
25,14,0,0,11.86,48.99,1.96,9.66,9,25.95,8.94,64.62,residential,standard,none,56.3
25,15,0,0,4.83,46.19,5.77,3.05,18,3.47,12.97,29,peripheral,standard,none,42.27
25,16,0,0,19.23,36.03,7.97,-2.86,10,26.07,1.81,19.57,peripheral,standard,none,47.83
25,17,0,0,5.55,71.65,0.58,0.57,11,0,24.36,73.49,residential,standard,none,61.69
25,18,0,0,12.33,68.33,18.86,2.12,17,5.63,4.06,41.94,residential,express,none,47.75
25,7,0,0,5.34,41.02,2.53,3.79,12,10.68,10.26,87.44,central,standard,none,44.18
25,8,0,0,7.06,64.81,2.36,6.16,13,28.2,18.85,60.32,residential,express,none,40.05
25,9,0,0,8.22,92.94,0.02,7.35,14,36.15,14.47,93.85,central,standard,none,54.35
25,10,0,0,5.62,46.89,8.39,5.24,22,10.4,12.89,52.71,residential,standard,none,48.31
25,11,0,0,11.28,37.11,5.18,-1.58,9,10.61,14.42,60.69,residential,standard,none,49.93
25,12,0,0,7.32,14.98,6.89,-1.45,10,29.2,8.24,34.95,peripheral,standard,none,34.45
25,13,0,0,2.65,48.48,0,3.59,8,12.94,5.16,82.15,central,standard,none,22.57
25,14,0,0,25.53,44.28,9.85,1.23,20,21.69,11.95,78.89,central,standard,none,79.83
26,15,1,0,5.01,15.85,0,1.49,5,0,14.21,13.06,peripheral,bulky,none,44.08
26,16,1,0,12.29,32.09,0,2.61,13,16.1,0,38.73,residential,standard,none,39.93
26,17,1,0,5.27,61.59,4.6,4.61,14,33.41,15.87,30.54,peripheral,standard,none,39.68
26,18,1,0,8.08,72.74,2.34,-0.68,14,34.1,21.56,59.74,residential,express,none,45.2
26,7,1,0,4.17,22.72,0,4.04,16,56.97,0,49.9,residential,standard,none,21.69
26,8,1,0,3.2,82.17,0,8.04,11,28.22,16.56,63.1,residential,express,customer_absent,52.23
26,9,1,0,1.37,71,0,4.58,16,6.89,25.57,60.79,residential,standard,none,53.47
26,10,1,0,7.95,53.93,3.64,0.51,11,18.92,19.1,82.16,central,standard,none,57.68
26,11,1,0,13.59,36.27,0,-4.41,14,0,2.14,88.11,central,standard,none,44.38
26,12,1,0,12.04,25.06,1.22,6.13,14,8.29,5.03,69.46,residential,standard,none,52.2
26,13,1,0,4.02,20.03,0,4.33,18,31.34,26.53,35.85,peripheral,express,vehicle,84.07
26,14,1,0,9.35,39.88,1.29,2.36,8,11.9,9.39,89.41,central,bulky,none,61.3
26,15,1,0,8.48,34.84,0,5.63,5,12.98,5.47,59.63,residential,bulky,none,44.93
26,16,1,0,7.05,37.22,3.1,8.37,17,37.05,4.54,39.45,residential,standard,none,38.23
26,17,1,0,29.08,74.35,5.14,2.61,11,34.33,19.82,92.1,central,standard,none,114.67
26,18,1,0,4.65,76.19,10.42,3.93,19,7.52,18.17,100,central,standard,none,51.17
26,7,1,0,14.73,48.79,4.72,0.85,6,28.44,6.5,95.29,central,express,none,52.41
26,8,1,0,8.4,70.23,10.01,-4.78,7,14.91,25.15,22.2,residential,standard,none,57.42
26,9,1,0,8.95,73.1,4.23,4.93,18,24.38,21.28,49.67,peripheral,express,none,47.86
26,10,1,0,5.68,44.03,0.54,-0.39,6,37.77,4.67,78.59,central,standard,none,45.1
26,11,1,0,11.45,50.6,0.59,6.52,14,3.99,2.86,42.14,residential,standard,none,53.98
26,12,1,0,12.88,16.64,0,-1.86,15,2.64,0,27.76,peripheral,express,none,28.22
26,13,1,0,0.5,38.91,0,3.94,1,43.63,0.11,90.28,central,bulky,none,24.8
26,14,1,0,3.34,18.45,10.8,4.57,12,20.9,0.95,5,peripheral,standard,none,20.81
26,15,1,0,16,57.66,2.36,6.96,12,36.3,9.31,100,central,standard,none,66.09
26,16,1,0,4.92,35.29,0,3.38,11,17.41,0,55.42,residential,standard,none,24.41
26,17,1,0,5.65,86.45,0.43,1.92,11,9.23,11.9,100,central,standard,none,51.11
26,18,1,0,17.58,77.26,3.73,3.4,18,14.5,18.31,42.81,residential,standard,none,78.58
26,7,1,0,13.73,25.89,0,-3.45,2,23.12,7.29,45.12,peripheral,bulky,none,58.72
26,8,1,0,11.85,51.85,7.92,3.53,15,0,1.81,34.36,peripheral,express,none,39.49
26,9,1,0,13.69,74.26,0,1.38,14,19.35,7.63,56.34,residential,express,none,58.71
26,10,1,0,11.03,32.09,9.21,2.4,12,9.11,0,71.75,residential,standard,none,33.24
26,11,1,0,8.7,31.01,5.04,1.37,13,28.45,19.89,16.87,peripheral,standard,none,53.2
26,12,1,0,7.68,51.46,5.75,2.5,11,26.59,19.68,77.66,central,standard,none,47.99
26,13,1,0,2.01,47.31,10.73,0.91,12,47.01,7.68,76.08,central,standard,none,29.01
26,14,1,0,5.93,28.5,2.55,0.62,19,17.15,9.65,69.19,residential,standard,none,36.02
26,15,1,0,10.71,27.59,1.21,2.63,5,6.79,11.65,27.72,peripheral,bulky,customer_absent,50.35
26,16,1,0,9.97,33.74,5.37,7.51,11,0,8.39,86.78,central,standard,none,43.77
26,17,1,0,10.33,56.66,0,0.29,15,34.68,17.74,22.85,peripheral,standard,none,57.57
26,18,1,0,0.5,64.56,0,9.08,9,9.42,14.94,69.45,residential,standard,none,36.42
27,7,1,0,10.73,38.14,4.63,0.91,8,0.2,2.18,21.12,peripheral,standard,none,33.11
27,8,1,0,16.62,79.38,0,5.17,10,11.71,9.81,69.06,residential,standard,none,68.14
27,9,1,0,7.46,81.86,9.63,1.61,10,9.09,26.53,50.52,residential,standard,none,72.79
27,10,1,0,12.07,33.59,0,2.18,12,24.87,4.88,94.9,central,standard,none,46.04
27,11,1,0,10.17,8,0,6.33,9,9.81,13.08,17.66,peripheral,standard,none,41.6
27,12,1,0,8.14,47.93,0,1.09,16,17.95,2.98,37.51,residential,standard,none,41.74
27,13,1,0,12.29,37.91,3.52,-1.37,11,30.28,0,71.55,residential,standard,none,39.67
27,14,1,0,5.27,19.43,12.64,0.74,16,24.6,9.15,51.8,residential,standard,none,41.92
27,15,1,0,7.22,22.57,0,0.46,7,47.22,0,52.59,residential,bulky,none,38.96
27,16,1,0,12.59,23.82,7.03,-0.01,10,3.34,2.72,18.58,peripheral,standard,none,31.4
27,17,1,0,8.41,64.85,0,6.44,20,7.47,19.76,58.03,residential,express,none,53.23
27,18,1,0,16.59,67.77,1.95,2.84,13,24.9,23.09,84.25,central,standard,none,88.16
27,7,1,0,12.45,41.85,7.35,6.34,6,30.46,4.58,88.23,central,standard,none,43.59
27,8,1,0,16.32,76.22,0.15,6.09,7,8.04,14.18,93.59,central,express,none,64.43
27,9,1,0,16.33,74.59,4.58,0.52,20,25.99,12.47,67.04,residential,standard,none,74.02
27,10,1,0,7.49,30.03,4.01,3.43,10,0,4.07,62.87,residential,standard,none,32.56
27,11,1,0,10.1,17.36,0,7.02,15,1.69,10.36,55.43,residential,standard,none,51.47
27,12,1,0,10.08,38.94,7.97,6.06,19,29.12,0,88.85,central,standard,none,37.24
27,13,1,0,17.63,45.99,0,-0.66,21,21.56,10.13,100,central,standard,none,63.45
27,14,1,0,10.06,41.71,3.1,-1.52,22,25.58,0,39.28,residential,express,none,31.24
27,15,1,0,6.93,19.61,0,2.33,15,19.19,11.7,38.14,residential,standard,none,29.91
27,16,1,0,3.76,22.98,2.57,3.94,14,19.98,15.96,15.99,peripheral,standard,none,29.68
27,17,1,0,9.57,89.64,0.14,3.34,16,16.64,15.58,81.04,central,express,none,57.92
27,18,1,0,14.98,79.18,2.21,3.77,16,18.86,24.06,75.8,central,standard,none,81.3
27,7,1,0,27.31,34.05,0,1.97,17,32.67,12.86,74.5,central,express,none,74.07
27,8,1,0,5.33,84.27,3.41,1.53,18,10.25,16.69,100,central,express,none,48.24
27,9,1,0,6.63,50.64,0,5.19,11,27.43,9.47,73.46,residential,standard,none,35.56
27,10,1,0,2.63,21.99,0,1.15,14,20.51,7.53,46.6,peripheral,express,none,21.2
27,11,1,0,5.61,46.53,0,1.67,19,43.76,12.62,64.67,residential,express,none,45.44
27,12,1,0,0.69,13.85,10.53,6.55,12,0,0.82,67.03,residential,express,none,22.63
27,13,1,0,11.98,22.91,4.12,5.37,15,19.48,11.69,32.09,residential,standard,none,51.85
27,14,1,0,14.31,16.49,0.85,4.47,14,7.65,19.77,65.9,residential,standard,none,55.01
27,15,1,0,12.35,13.88,3.19,6.76,19,34.15,0,25.4,peripheral,standard,none,33.75
27,16,1,0,6.61,21.79,9.19,-0.8,11,0,11.83,50.8,residential,standard,none,40.41
27,17,1,0,19.03,88.25,0.65,5.27,11,18.79,6.93,96.58,central,standard,none,80.46
27,18,1,0,14.99,85.13,0.88,2.3,1,11.53,17,80.4,central,bulky,none,79.5
27,7,1,0,7.19,15.24,0,3.43,9,3.06,15.12,13.05,peripheral,standard,none,41.18
27,8,1,0,20.19,55.73,5.37,3.96,12,0,12.14,27.58,peripheral,express,none,71.75
27,9,1,0,9.73,70.76,0,6.52,24,16.63,3.02,58.29,residential,standard,vehicle,91.05
27,10,1,0,12.68,24.74,0,3.11,12,17.85,0.88,73.76,residential,express,none,40
28,11,0,0,27.86,57.11,0,6.45,19,27.78,3.5,94.84,central,standard,none,90.35
28,12,0,0,21.97,57.19,6.31,5.04,16,31.83,13.08,41.29,residential,standard,none,88.3
28,13,0,0,6.78,42.4,7.79,1.98,18,21.17,16.51,94.65,central,express,none,49.51
28,14,0,0,2.07,62.05,7.5,0.48,16,17.65,14.53,80.93,central,standard,none,42.45
28,15,0,0,17.86,52.76,0,3.93,9,11.45,6.6,89.23,central,express,none,52.55
28,16,0,0,12.79,46.89,4.9,2.74,4,13.65,2.61,21.62,peripheral,bulky,none,46
28,17,0,0,6.18,97,1.05,0.44,13,16.61,22.62,100,central,standard,none,54.47
28,18,0,0,14.08,75.77,0,-5.03,17,34.05,11.47,5,peripheral,standard,none,61.68
28,7,0,0,19.82,31.79,6.1,3.53,14,41.64,1.04,75.03,central,express,none,49.62
28,8,0,0,12.58,74.53,4.63,-2.29,15,40.68,16.25,28.47,residential,express,none,57.75
28,9,0,0,7.17,84.11,0,5.34,25,0,24.93,46.37,residential,express,none,65.4
28,10,0,0,0.5,28.39,8.79,-2.95,16,0,16.14,32.91,peripheral,standard,none,35.63
28,11,0,0,16.23,40.22,0,3.84,20,30.27,6.55,49.63,residential,standard,none,57.36
28,12,0,0,9.77,34.41,6.51,6.12,15,27.96,13.03,30.08,peripheral,standard,none,45.15
28,13,0,0,25.01,24.17,0,8.96,15,9.77,6.95,5,peripheral,standard,none,59.29
28,14,0,0,12.17,24.87,5.12,1.48,3,11.88,2.54,28.9,peripheral,express,none,28.65
28,15,0,0,10.97,55.68,0,2.49,10,15.69,16.97,97.62,central,standard,none,58.3
28,16,0,0,7.22,36.49,8.7,-0.1,17,19.15,2.19,71.43,residential,express,none,21.08
28,17,0,0,35.14,67.45,13.55,2.77,13,23.87,16.06,100,central,standard,none,119.34
28,18,0,0,5.87,67.06,7.55,2.22,10,23.33,21.02,25.57,peripheral,standard,none,47.78
28,7,0,0,8.5,20.9,9.16,3.7,11,13.25,10.04,25.36,peripheral,standard,none,38.92
28,8,0,0,12.81,69.89,0.18,1.49,20,19.64,14.66,21.25,peripheral,express,none,57.47
28,9,0,0,1.76,90.39,4.57,2.13,13,0.71,22.42,88.89,central,express,none,44.8
28,10,0,0,7.59,27.76,0.95,4.6,10,9.95,7.03,30.14,peripheral,express,none,28.02
28,11,0,0,6.15,28.42,5.92,2.86,19,10.92,0.79,20.47,peripheral,express,none,18.32
28,12,0,0,4.49,69.06,0,2.09,3,19.65,12.16,65.64,residential,bulky,none,39.38
28,13,0,0,9.8,30.71,0.59,0.42,19,45.4,0,63.44,residential,express,none,29.85
28,14,0,0,13.42,44.49,0,12.19,16,22.95,7.17,52.7,residential,standard,none,52.17
28,15,0,0,8.62,28.61,2.65,7.49,11,39.57,18.9,23,peripheral,standard,none,43.55
28,16,0,0,13.49,61.76,5.5,0.71,17,31.73,2.39,51.71,residential,express,none,45.34
28,17,0,0,14.28,65.14,7.5,3.54,10,38.22,26.7,67.59,central,standard,none,82.18
28,18,0,0,7.97,74.27,0,1.15,6,0,11.82,30.68,peripheral,standard,none,45.09
28,7,0,0,5.81,32.03,1.9,5.02,2,8.17,2.73,68,residential,bulky,none,39.06
28,8,0,0,8.86,76.98,0,7.67,6,2.35,15.05,44.22,residential,standard,vehicle,69.28
28,9,0,0,13.92,80.41,10.74,1.62,15,1.57,19.61,98.75,central,express,none,72.8
28,10,0,0,4.31,13.95,10.74,-1.86,12,21.32,0.63,37.78,peripheral,standard,none,29.53
28,11,0,0,5.94,11.03,2.1,4.71,12,12.84,16.89,28.53,peripheral,standard,none,42.25
28,12,0,0,2.71,45.09,0.46,3.33,17,0,0,46.88,residential,standard,none,30.04
28,13,0,0,14.29,46.23,0,2.19,10,35.77,12.39,65.82,residential,express,none,51.95
28,14,0,0,16.56,51.03,5.94,2.65,12,26.98,4.62,100,central,express,none,41.5
29,15,0,0,8.7,34.48,0,3.82,8,39.15,2.15,63.9,residential,standard,none,26.96
29,16,0,0,7.07,66.17,1.41,0.14,6,30.9,0,75.53,central,bulky,none,37.47
29,17,0,0,6.25,66.6,12.07,-0.92,11,36.19,12.78,15.53,peripheral,standard,none,47.05
29,18,0,0,6.45,85.47,6.91,-1.43,17,39.93,14.41,80.15,residential,standard,none,47.64
29,7,0,0,4.59,55.62,2.45,4.26,11,18.33,1.22,47.37,residential,standard,none,20.69
29,8,0,0,5.63,74.34,0.36,4.35,15,13.66,14.88,29.45,residential,standard,none,46.34
29,9,0,0,8.35,59.34,9.24,6.8,11,20.61,20.91,17.6,peripheral,standard,none,51.06
29,10,0,0,8.78,36.16,0.15,1.38,13,25.61,0,32.82,peripheral,express,none,29.18
29,11,0,0,7,71.62,0,7,16,21.37,0,62.63,residential,standard,none,45.22
29,12,0,0,9.23,67.4,0,5.47,12,26.78,7.88,64.74,central,express,none,44.06
29,13,0,0,5.29,31.78,8.21,-1.17,11,13.8,14.23,37.1,peripheral,standard,none,43.6
29,14,0,0,11.43,45.85,0,-0.18,15,25.84,12.01,80.21,central,standard,none,55.97
29,15,0,0,10.52,31.27,3.39,2.2,16,7.51,8.26,39.61,peripheral,express,none,38.6
29,16,0,0,3.65,30.14,7.01,1.04,12,15.89,3.69,23.99,peripheral,standard,none,34.58
29,17,0,0,14.63,74.7,9.35,-1.34,18,16.44,12.04,34.35,peripheral,express,none,65.75
29,18,0,0,8.27,88.88,7.98,2.98,15,8.3,11.64,55.27,residential,express,none,59.68
29,7,0,0,5.61,55.3,0,3.89,13,34.08,4.39,38.26,residential,express,none,32.1
29,8,0,0,9.09,71.24,0,2.07,14,12.12,29.96,57.88,residential,standard,none,72.12
29,9,0,0,20.48,72.17,1.57,7.49,14,6.28,21.02,12.4,peripheral,express,none,77.69
29,10,0,0,9.04,43.38,0,8.06,15,25.63,9.13,29.36,peripheral,standard,none,48.95
29,11,0,0,8.98,62.64,0.81,4.45,1,9.28,0.85,62.98,residential,bulky,none,44.3
29,12,0,0,6.49,43.67,0.77,-3.66,11,11.25,4.79,64.42,residential,standard,none,39.86
29,13,0,0,26.23,50.63,5.05,3.96,13,15.44,4.51,39.79,residential,standard,none,77.73
29,14,0,0,12.78,38.7,0,1.65,9,24.14,14.3,76.85,central,bulky,none,67.09
29,15,0,0,34.33,49.21,4.64,9.39,18,24.73,4.48,61.18,residential,standard,none,97.02
29,16,0,0,10.92,32.69,12.58,0.89,10,27.93,16.06,63.45,residential,bulky,none,67.72
29,17,0,0,6.35,76.9,0,6.42,4,19.01,15.98,49.36,residential,bulky,none,55.38
29,18,0,0,17.05,68.75,0,2.48,16,25.67,20.23,32.21,peripheral,express,none,61.25
29,7,0,0,10.59,38.83,3.33,6.64,6,13.3,4.26,31.31,peripheral,bulky,none,45.73
29,8,0,0,0.7,79.67,0,1.89,16,19.48,12.85,81.11,residential,standard,none,36.93
29,9,0,0,35.39,64.08,4.75,2.13,4,5.56,10.23,5.17,peripheral,bulky,none,117.41
29,10,0,0,11.19,43.18,2.25,6.93,19,12.6,5.54,35.73,residential,express,none,39.29
29,11,0,0,4.85,36.49,0,4.15,3,32.17,10.4,29.62,peripheral,bulky,customer_absent,51.69
29,12,0,0,1.39,39.83,0,5.18,17,1.45,13.73,98.12,central,standard,none,38.17
29,13,0,0,8.7,38.4,0,0.05,20,0,12.94,61.98,residential,express,none,40.27
29,14,0,0,12.63,16.73,1.22,3.09,9,22.58,7.37,16.05,peripheral,standard,none,40.6
29,15,0,0,4,25.42,0,2.4,11,27.61,8.2,29.18,residential,bulky,none,33.83
29,16,0,0,9.58,42.35,5.38,1.09,15,0,6.61,25.07,peripheral,standard,none,43.24
29,17,0,0,5.91,66.25,2.71,-4.17,18,31.4,13.33,70.02,residential,standard,none,47.61
29,18,0,0,7.77,98,1.24,3.07,3,46.68,9.89,46.91,residential,bulky,none,55.61
30,7,0,0,3.65,35.74,0.65,-0.13,14,28.6,16.53,48.87,residential,bulky,none,59.83
30,8,0,0,16.97,77.25,0,2.04,19,35.99,19.17,47.78,residential,standard,none,72.94
30,9,0,0,10.82,83.06,0,2.05,6,28.41,14.89,100,central,bulky,none,65.85
30,10,0,0,9.08,42.52,0,2.31,18,0,5.73,48.09,residential,standard,none,45.41
30,11,0,0,12.75,63.13,1.65,-1.9,5,30.31,0,81.24,central,standard,none,42.89
30,12,0,0,8.66,30.48,3.39,4.9,13,13.09,4.29,26.26,peripheral,express,none,33.29
30,13,0,0,4.75,57.36,0,8.28,17,0,0,63.58,residential,standard,none,34.22
30,14,0,0,8.95,44.16,1.35,0.85,15,31.15,8.65,42.95,residential,standard,none,42.62
30,15,0,0,6.17,28.03,7.22,-2.57,8,11.22,4.17,25.8,peripheral,bulky,none,39.54
30,16,0,0,7.87,32.69,2.94,2.92,13,18.4,4.05,69.37,central,express,none,24.02
30,17,0,0,15.1,75.48,0.56,4.11,8,26.43,22.47,30.29,residential,bulky,none,74.58
30,18,0,0,15.22,84.13,2.17,-2.8,11,24.46,18.05,40.27,residential,standard,none,65.55
30,7,0,0,2.99,35.59,5.59,3.38,13,26.48,10.07,35.17,peripheral,standard,none,32.5
30,8,0,0,9.02,66.38,1.88,5.74,17,31.03,15.25,5,peripheral,standard,none,49.7
30,9,0,0,9.13,64.82,0,1.22,15,37.69,22.8,42.86,residential,standard,none,65.16
30,10,0,0,8.55,24.09,0.57,7.18,22,9.92,7.14,31.83,peripheral,standard,none,44.05
30,11,0,0,7.95,52.66,9.11,6.52,18,44.62,0.31,61.44,residential,standard,none,43.69
30,12,0,0,9.62,41.22,0,3.06,11,6.87,6.65,81.22,residential,standard,none,42.62
30,13,0,0,0.5,32.1,6.53,7.63,15,0,8.27,58.4,residential,express,none,26.59
30,14,0,0,11.09,48.37,0,2.17,16,25.57,17.93,67.52,residential,express,none,52.19
30,15,0,0,0.55,34.57,5.75,3.43,13,32.3,6.69,88,residential,express,none,20.81
30,16,0,0,4.33,37.88,3.95,1.08,13,15.78,8.33,68.68,residential,express,none,28.84
30,17,0,0,13.72,61.36,8.59,6.25,11,0,15.49,33.65,peripheral,standard,none,58.39
30,18,0,0,9.85,88.14,4.46,5.4,20,29.05,19.91,59.68,residential,express,none,54.03
30,7,0,0,9.12,52.7,5.3,1.4,13,26.9,11.7,80.81,central,standard,none,54.64
30,8,0,0,7.2,70.35,0,-0.04,16,25.25,25.71,25.74,peripheral,standard,none,56.91
30,9,0,0,7.97,76.78,2.6,6.22,8,10.1,19.08,96.55,central,bulky,none,64.44
30,10,0,0,0.5,46.26,1.86,3.94,14,7.31,3.98,84.84,central,standard,none,36.08
30,11,0,0,8.66,55.43,3.36,-2.66,18,38.97,13.64,63.44,residential,standard,none,50.17
30,12,0,0,8.6,48.94,0.2,4.11,17,27.32,6.53,93.9,central,express,none,40.95
30,13,0,0,0.5,57.68,0,4.1,17,15.66,10.96,81.99,residential,standard,none,31.24
30,14,0,0,7.03,41.09,0,-2.53,1,24.59,8.4,97.56,central,bulky,none,53.83
30,15,0,0,4.75,45.67,9.3,7.18,12,6.65,4.94,69.54,residential,express,none,26.68
30,16,0,0,11.25,57.58,12.71,4.15,16,16.63,10.99,61.46,central,standard,none,68.1
30,17,0,0,13.53,67.18,5.34,4.61,18,22.29,10.93,48.36,residential,standard,none,56.21
30,18,0,0,9.2,70.25,5.56,3.27,11,21.19,10.15,22.39,peripheral,standard,none,51.4
30,7,0,0,16.43,62.84,1.72,3.86,20,25.39,0,97.71,central,standard,none,70.48
30,8,0,0,6.74,73.53,0,-0.69,4,8.2,23.24,33.61,residential,standard,none,54.45
30,9,0,0,0.5,73.61,0,7.43,13,25.3,22.37,71.79,residential,express,none,36.71
30,10,0,0,11.57,50.13,4.03,7.66,19,12.2,0,91.47,central,standard,none,48.02
31,11,0,0,11.03,43.87,5.42,4.13,11,19.8,9.55,36.72,residential,standard,none,43.12
31,12,0,0,16.53,28.6,0,1.59,11,13.58,11.35,67.65,residential,standard,none,48.86
31,13,0,0,13.86,51.55,8.77,3.21,8,0,4.6,68.53,central,standard,vehicle,65.67
31,14,0,0,4.12,28.22,10.15,3.43,12,4.96,12.68,64.13,residential,bulky,none,47.64
31,15,0,0,5.54,49.4,0.24,3.37,19,46.13,5.39,37.29,residential,express,none,28.67
31,16,0,0,12.04,45.92,0,3.55,17,27.45,15.27,100,central,express,none,54.46
31,17,0,0,10.77,79.56,1.04,2.69,17,9.34,10.18,89.69,central,standard,none,69.94
31,18,0,0,16.01,60.83,0,1.94,14,28.03,13.53,32.55,peripheral,standard,none,70.6
31,7,0,0,9.46,34.1,0,4.74,10,17.73,16.26,68.01,residential,standard,none,49
31,8,0,0,9.94,75.5,10.02,8.71,13,17.07,20.71,45.13,residential,standard,none,60.04
31,9,0,0,17.59,89.56,0,1,19,16.05,19.35,88.73,central,standard,none,90.62
31,10,0,0,8.61,56.34,0.84,0.58,16,20.82,9.94,48.48,residential,standard,none,52.39
31,11,0,0,8.86,61.32,0,0.39,11,30.94,0,50.08,residential,standard,none,28.13
31,12,0,0,27.94,53.15,5,3.79,13,25.53,6.34,100,central,standard,none,90.03
31,13,0,0,11.42,55.78,12.18,6.91,21,30.93,13.65,100,central,standard,none,66.38
31,14,0,0,8.58,20.29,18.94,9.15,16,10.95,3.96,5,peripheral,standard,none,47.02
31,15,0,0,9.04,39.69,0,0.87,13,31.02,0,73.36,residential,standard,none,26.95
31,16,0,0,6.37,40.91,6.92,6.9,9,14.18,8.41,67.88,residential,standard,none,42.72
31,17,0,0,7.62,81.78,0,3.08,21,25.49,14.53,69.56,residential,standard,none,51.89
31,18,0,0,0.94,63.45,1.35,1.5,6,19.46,28.3,23.31,peripheral,bulky,none,55.33
31,7,0,0,5.93,44.59,5.3,6.05,15,0,6.53,100,central,standard,none,41.47
31,8,0,0,13.71,70.1,0.07,8.99,19,25.12,16.86,27.92,peripheral,standard,none,68.01
31,9,0,0,17.99,77.69,2.54,5.62,13,0,12.38,51.83,residential,standard,none,80.98
31,10,0,0,9.72,52.61,3.92,6.87,12,23.5,8.75,90.67,central,standard,none,59.42
31,11,0,0,4.69,51.65,3.24,2.31,15,21.64,5.51,75.7,central,standard,none,33.55
31,12,0,0,8.17,42.21,0,5.53,11,24.03,7.84,78.06,central,standard,none,31.56
31,13,0,0,10.09,36.96,0,3.83,14,14.27,3.02,78.44,residential,express,none,36.5
31,14,0,0,8.84,29.46,1.78,-0.45,6,26.63,10.77,39.75,residential,express,none,34.84
31,15,0,0,1.89,44.96,1.17,-0.22,2,0,0,71.58,central,bulky,none,32.19
31,16,0,0,3.71,52.82,0,4.94,20,1.32,5.41,56.98,residential,express,none,26.22
31,17,0,0,4.32,59.04,0,2.71,11,44.37,22.72,34.43,peripheral,standard,none,43.74
31,18,0,0,7.03,73.6,0,5.4,16,26.92,15.56,28.23,peripheral,standard,none,51.68
31,7,0,0,11.37,58.28,0,6.72,8,11.15,7,92.18,central,standard,none,47.08
31,8,0,0,16.78,87.52,0,3.5,16,42.06,15.18,100,central,express,none,83.22
31,9,0,0,13.03,80.37,2.29,0.63,12,26.79,2.95,85.76,central,standard,none,58.03
31,10,0,0,17.15,44.46,2.52,-2.85,8,0.71,5.68,100,central,standard,none,59.05
31,11,0,0,28.07,36.37,0,6.98,15,13.77,8.13,48.56,residential,express,none,67.86
31,12,0,0,20.23,42.92,7.23,0.93,10,0.73,2.63,74.98,residential,bulky,roadwork,90.39
31,13,0,0,3.41,48.92,3.73,1.92,7,22,9.64,72.84,central,standard,none,33.85
31,14,0,0,6.77,57.82,0,5.68,7,27.51,0,99.63,central,standard,none,31.89
32,15,0,0,2.98,44.59,1.09,8.78,16,15.87,6.96,100,central,standard,none,37.64
32,16,0,0,10.79,54.63,4.37,3.45,10,2.46,10.93,100,central,standard,none,47.71
32,17,0,0,6.31,55.36,0,2.02,3,7.68,19.42,57.27,residential,bulky,none,59.34
32,18,0,0,11.11,93.3,1.89,4.93,14,48.29,18.14,65.38,central,standard,none,65.99
32,7,0,0,1.73,32.9,5.79,0.51,15,27.48,12.1,99.97,central,express,none,25.25
32,8,0,0,5.05,62.4,7.39,7.42,17,31.77,26.61,41.57,peripheral,standard,none,64.79
32,9,0,0,13.11,74.83,0,3.82,17,18.71,17.61,53.33,residential,standard,none,74.28
32,10,0,0,12.25,28.69,2.43,4.24,13,10.6,13.47,8.12,peripheral,standard,none,49.06
32,11,0,0,12.92,46.8,8.01,5.07,7,15.55,4.08,88.76,central,bulky,none,62.72
32,12,0,0,9.72,36.15,2.85,3.22,12,20.14,10.11,38.64,peripheral,standard,none,47.57
32,13,0,0,12.36,28.09,0,10.94,25,16.85,11.77,43.84,peripheral,standard,none,60.88
32,14,0,0,11.48,72.21,3.54,4.09,9,12.49,10.63,63.72,central,standard,none,54.99
32,15,0,0,9.2,50.8,7.32,4.6,18,11.47,2.97,92.9,central,express,none,29.05
32,16,0,0,16.06,48.41,12.97,6.3,14,1.88,6.78,72.76,central,express,none,53.58
32,17,0,0,4.29,73.23,9.31,6.77,16,34.13,35.34,56.52,residential,standard,none,70.03
32,18,0,0,25.79,79.1,3.07,6.22,14,43.22,32.54,52.17,residential,standard,none,118.44
32,7,0,0,18.39,47.89,0.4,0.93,2,31.27,11.67,70.4,residential,bulky,none,63.19
32,8,0,0,9.67,84.48,10.17,-2.07,15,9.05,21.64,79.98,central,standard,none,74.83
32,9,0,0,11.45,62.16,10.81,4.68,13,17.48,15.47,62.42,residential,standard,none,64.61
32,10,0,0,8.25,44.64,4.4,9.75,19,0,8.09,92.58,central,standard,none,44.81
32,11,0,0,7.58,34.02,4.4,-0.31,14,17.23,7.26,34.51,residential,express,none,27.78
32,12,0,0,4.33,63.63,1.21,6.48,4,24.23,6.35,94.02,central,bulky,none,41.04
32,13,0,0,7.34,26.56,4.9,3.42,11,4.37,8.41,14.52,peripheral,standard,none,38.76
32,14,0,0,15.48,37.07,0.41,5.51,9,10.8,12.55,24.35,peripheral,express,none,47.29
32,15,0,0,16.72,39.34,0,5.3,18,26.03,14.75,83.18,residential,standard,none,73.23
32,16,0,0,2.31,43.19,9.61,-1.93,9,39.71,9.02,42.66,peripheral,standard,none,33.26
32,17,0,0,13.12,83.37,0.62,3.64,16,0,11.85,70.38,residential,express,none,61.46
32,18,0,0,3.48,45.04,1.4,6.71,8,15.3,23.85,40.95,peripheral,standard,none,46.68
32,7,0,0,16.01,31.43,2.51,0.05,13,23.05,0,33.29,residential,standard,none,42.56
32,8,0,0,5.62,74.04,0.45,0.47,12,10.67,22.63,72.79,residential,standard,none,61.87
32,9,0,0,14.91,81.39,8.35,3.63,16,10.03,18.62,44.79,residential,standard,none,73.84
32,10,0,0,14.85,40.66,1.07,5.86,5,31.73,8.37,61.46,residential,standard,none,51.22
32,11,0,0,5.06,47.31,0,-2.56,17,21.01,17.32,82.23,central,standard,none,51.34
32,12,0,0,6.67,45.35,3.6,2.73,17,2.97,3.7,64.73,residential,standard,none,34.12
32,13,0,0,24.98,38.27,10.44,3.33,20,36.87,9.37,72.42,residential,standard,none,73.83
32,14,0,0,8.83,56.84,7.82,5.77,21,27.29,17.03,57.74,central,standard,none,56.68
32,15,0,0,21.53,42.29,0.91,8.45,16,17.5,0,46.32,residential,standard,none,60.79
32,16,0,0,3.11,36.87,9.59,-0.49,15,0,4.37,8.16,peripheral,express,none,11.63
32,17,0,0,7.56,74.83,0,3.71,13,13.5,16.12,81.53,central,standard,none,52.29
32,18,0,0,1.88,70.97,0,-2.96,14,22.62,19.5,63.25,residential,express,none,29.33
33,7,1,0,8.7,37.57,5.23,12.58,6,22.56,8.07,79.87,central,bulky,none,49.53
33,8,1,0,2.91,88.99,0,3.33,18,26.72,25.55,100,central,standard,none,52.61
33,9,1,0,5.91,69.12,0.5,7.02,10,24.09,24.21,100,central,standard,none,57.23
33,10,1,0,5.26,17.76,7.15,6.79,20,6.02,2.32,68.56,residential,standard,none,31.05
33,11,1,0,14.95,38.88,3.41,-4.45,18,24.52,17.83,73.67,residential,standard,none,59.2
33,12,1,0,4.15,28.56,6.72,0.02,5,11.13,21.52,49.95,residential,standard,none,47.71
33,13,1,0,5.81,44.56,0,7.64,11,22.48,7.66,100,central,standard,none,42.41
33,14,1,0,3.34,17.69,2.37,0.28,11,39.96,10.62,18.44,peripheral,standard,none,31.02
33,15,1,0,10.04,21.5,2.62,1.05,18,26.05,0,53.55,residential,standard,none,30.1
33,16,1,0,42.75,16.48,4.66,4.95,17,18.19,14.02,24.52,peripheral,express,none,81.06
33,17,1,0,7.14,80.82,2.68,4.56,12,14.65,30.39,42.21,residential,express,none,53.86
33,18,1,0,10.07,98,0,7.74,17,3.5,23.58,64.56,central,standard,none,70.66
33,7,1,0,9.17,43.8,7.85,8.12,13,10.23,16.78,34.96,residential,standard,none,43.84
33,8,1,0,7.35,59.83,6.98,6.46,10,4.69,23.06,12.44,peripheral,standard,none,52.08
33,9,1,0,8.59,83.58,5.16,6.58,16,37.61,17.05,98.34,central,express,none,56.34
33,10,1,0,7.02,28.65,7.69,0.35,13,16.82,10,34.28,residential,standard,none,41.28
33,11,1,0,12.21,15.32,5.24,7.1,13,20.04,17.78,49.78,residential,standard,none,51.99
33,12,1,0,14.9,18.95,2.4,2.15,14,23.19,8.64,35.85,residential,express,none,37.41
33,13,1,0,7.6,27.5,11.9,1.65,19,13.96,2.05,73.26,residential,standard,vehicle,83.33
33,14,1,0,5.4,40.66,14.14,6.25,8,21.58,2.22,100,central,standard,none,30.8
33,15,1,0,6.73,32.88,0,3.37,3,7.7,8.71,60.96,residential,bulky,none,42.22
33,16,1,0,7.31,29.62,2.11,5.26,16,7.38,7.76,69.83,residential,standard,none,40.06
33,17,1,0,10.61,70.14,8.74,7.96,16,27.58,19.81,25.71,peripheral,standard,none,62.94
33,18,1,0,9.98,67.17,9.91,-7.35,15,1.96,16.11,5,peripheral,standard,none,59.27
33,7,1,0,6.94,23.88,8.58,5.84,3,25.84,5.16,63.99,residential,bulky,none,36.33
33,8,1,0,6.98,81.54,0,-1.7,1,28.32,27.26,99.17,central,bulky,none,64.73
33,9,1,0,9.84,60.48,0,3.65,13,34.21,10.86,82.35,residential,express,none,44.71
33,10,1,0,7.4,38.13,0,6.51,16,17.49,6.15,100,central,express,none,33.78
33,11,1,0,14.85,34.58,8.22,0.11,15,16.6,5.1,83.32,residential,standard,none,49.03
33,12,1,0,8.41,22.26,5.28,6.64,12,0,7.09,63.61,residential,standard,none,42.91
33,13,1,0,8.09,60.06,0,7.12,15,8.03,0,95.42,central,standard,none,38.73
33,14,1,0,6.8,32.62,0,1.86,10,48.63,14.95,51.11,residential,standard,none,38.97
33,15,1,0,7.5,17.91,12.48,3.9,8,3,13.04,24.82,peripheral,standard,none,42.64
33,16,1,0,11.47,29.5,0,-0.54,12,33.27,8.02,42.45,peripheral,standard,none,43.71
33,17,1,0,4.1,94,1.48,13.3,22,27.67,12.21,77.63,central,standard,none,47.48
33,18,1,0,5.74,61.48,0,2.52,13,6.1,12.77,10.77,peripheral,standard,none,45.75
33,7,1,0,10.41,24.99,0,8.06,12,8.36,2.96,5.58,peripheral,standard,none,33.51
33,8,1,0,14.38,69.4,0,9.99,15,18.8,17.8,15.4,peripheral,standard,none,63.8
33,9,1,0,8.9,62.61,5.43,10.11,1,36.99,20.8,29.82,peripheral,bulky,none,51.31
33,10,1,0,6.36,37.73,1.44,0.3,16,2.39,7.98,24.02,peripheral,express,none,28.53
34,11,1,0,9.89,24.42,2.85,2.6,15,18.86,8.97,46.33,peripheral,express,none,35.05
34,12,1,0,4.94,35.77,1.91,9.04,19,49.34,0,46.28,residential,express,none,18.24
34,13,1,0,2.17,38.58,4.47,4.57,16,0,17.41,62.56,residential,standard,none,46.22
34,14,1,0,15.38,38.53,1.76,3.33,20,17.75,7.54,54.97,residential,standard,none,55.54
34,15,1,0,14.85,27.35,4.07,-1.93,15,18.06,10.32,63.46,residential,standard,none,50.02
34,16,1,0,6.77,32.6,0.67,10.23,9,28.77,17.93,72.62,residential,standard,none,55.33
34,17,1,0,6.42,65.16,12.74,10.05,14,32.16,10.07,9.34,peripheral,express,none,39.81
34,18,1,0,22.02,71.65,0,4.25,13,25.94,27.93,61.05,residential,express,none,91.2
34,7,1,0,9.56,21.45,4.58,4.2,7,30.04,13.46,9.88,peripheral,standard,vehicle,81.28
34,8,1,0,10.83,78.77,4.32,-0.35,7,9.81,27.53,50.99,residential,standard,none,72.92
34,9,1,0,9.04,45.44,0,3.21,18,50.19,11.19,64.22,residential,standard,none,47.9
34,10,1,0,8.98,19.22,3.87,0.65,18,49.25,16,20.04,peripheral,express,none,43.21
34,11,1,0,13.74,26.63,2.83,12.44,17,11.95,2.98,18.91,peripheral,express,none,32.29
34,12,1,0,23.3,43.01,7.19,-0.13,5,22.07,1.95,52.97,residential,express,none,49.58
34,13,1,0,5.41,33.75,10.13,10.57,5,51.26,4.65,60.41,residential,bulky,none,36.21
34,14,1,0,10.72,12.65,2.89,-4.24,18,32.56,13.62,19.87,peripheral,express,none,37.87
34,15,1,0,12.88,38.05,0,1.4,19,0,3.12,68.16,residential,standard,none,42.44
34,16,1,0,6.54,58.63,5.61,5.45,13,0,9.12,87.03,central,standard,none,52.19
34,17,1,0,33.68,83.32,9.77,6.75,14,0,17.64,32.71,residential,standard,none,125.4
34,18,1,0,5.83,94.16,0,-2.97,12,0,21.93,98.33,central,standard,none,59.71
34,7,1,0,9.48,47.52,0,7.52,9,11.81,3.78,83.03,central,standard,none,43.51
34,8,1,0,2.09,68.89,0,4.49,15,29,16.68,46.37,residential,standard,none,42.65
34,9,1,0,11.29,58.2,0,3.39,12,6.09,12.5,25.22,peripheral,standard,none,57.64
34,10,1,0,5.44,18,0.81,1.25,24,18.39,0,9.84,peripheral,standard,none,36.43
34,11,1,0,14.18,43.89,0,3.98,15,38.06,5.15,86.63,central,express,none,44.56
34,12,1,0,5.82,16.89,7.6,2.25,17,0,13.02,61.58,residential,standard,none,39.88
34,13,1,0,22.84,42.2,13.46,6.64,16,2.71,9.7,97.62,central,standard,none,82.59
34,14,1,0,2.84,32.46,3.82,5.27,8,32.27,2.46,58.5,residential,bulky,none,23.3
34,15,1,0,5.38,45.19,5.21,5.66,14,5.62,4.61,93.5,central,standard,none,33.71
34,16,1,0,7.91,33.02,0,1.65,13,23.84,11.17,62,residential,standard,none,44.37
34,17,1,0,6.23,83.77,0,6.85,11,0,17.23,76.77,central,standard,customer_absent,63.53
34,18,1,0,8.09,71.8,6.42,2.9,18,41.6,21.99,100,central,standard,none,63.72
34,7,1,0,6.58,43.34,8.26,6.16,7,28.2,6.41,54.79,residential,standard,customer_absent,49.91
34,8,1,0,32.62,89.87,4,-1.7,8,6.84,21.39,100,central,express,none,118.05
34,9,1,0,13.68,65.55,7.29,4.78,12,4.6,7.62,95.16,central,standard,none,67.99
34,10,1,0,12.43,25.64,0,5.87,8,31.04,1.71,38.65,peripheral,express,none,25.45
34,11,1,0,10.95,40.01,4.15,9.97,20,35.54,0.09,57.49,residential,standard,none,44.82
34,12,1,0,10.29,41.59,0,3.28,9,7.76,9.11,71.22,residential,standard,none,47.43
34,13,1,0,16.97,25.55,2.03,5.74,16,16.87,7.31,62.01,residential,standard,none,59.15
34,14,1,0,8.78,21.97,0,4.84,22,12.36,12.46,20.66,peripheral,standard,none,51.55
35,15,0,0,13.82,34.87,2.32,10.59,13,0,5.45,96.08,central,standard,none,44.08
35,16,0,0,16.31,35.58,0,4.14,14,21.23,12.76,11.14,peripheral,standard,none,55.66
35,17,0,0,8.38,83.63,8.35,-0.26,16,19.45,13.54,54.59,residential,express,none,43.6
35,18,0,0,7.01,81.41,0.94,-1.29,7,25.18,9.04,72.98,central,express,none,33.99
35,7,0,0,5.7,37.79,0,3.92,13,20.97,11.98,56.62,residential,standard,none,48.82
35,8,0,0,19.11,74.2,0,7.64,16,16.06,12.08,63.83,residential,standard,none,74.28
35,9,0,0,0.5,73.79,2.22,11.34,9,15.25,29.37,100,central,standard,none,61.23
35,10,0,0,11.27,31.25,3.15,4.23,22,36.93,18.09,25.28,peripheral,standard,roadwork,71.47
35,11,0,0,6.69,44.64,0,4.02,14,23.94,12.26,53.46,peripheral,standard,none,49.48
35,12,0,0,6.31,47.43,2.76,9.91,20,39.61,11.95,67.38,residential,standard,none,54.43
35,13,0,0,7.31,47.55,12.4,9.72,3,7.31,11.31,100,central,bulky,none,52.84
35,14,0,0,8.23,44.09,2.28,10.11,21,37.87,11.54,27.16,peripheral,standard,none,49.97
35,15,0,0,8.05,39.02,0.82,7.34,11,34.6,2.53,55.76,residential,express,none,27.85
35,16,0,0,11.95,50.29,8.78,5.25,17,26.33,4.92,81.7,residential,standard,none,42.26
35,17,0,0,5.03,73.65,4.35,7.52,13,26.82,9.72,63.82,residential,standard,none,37.89
35,18,0,0,13.29,64.78,7.83,2.15,12,16,39.87,56.39,residential,standard,none,93.16
35,7,0,0,10.35,55.98,0,0.57,12,14.14,7.32,97.62,central,standard,none,47.1
35,8,0,0,17.36,98,7.82,0.28,4,3.84,15.31,41.96,residential,bulky,none,89.75
35,9,0,0,35.39,76.1,4.66,0.76,14,41.62,17.29,38.78,residential,express,none,116.69
35,10,0,0,13.63,34.79,4.88,5.63,19,8.19,2.13,5,peripheral,standard,none,44.23
35,11,0,0,11.49,37.3,1.13,7.08,19,21.29,6.36,42.02,residential,standard,none,42.36
35,12,0,0,21.51,21.76,0,2.09,8,22.66,5.36,14.15,peripheral,express,none,48.58
35,13,0,0,11.92,48.72,4.36,5.23,19,6.4,8.99,58.54,residential,express,none,57.75
35,14,0,0,12.15,46.74,3.79,5.76,17,0,2.81,59.54,residential,standard,customer_absent,53.25
35,15,0,0,13.13,50.53,0,5.97,7,22.5,7.13,89.28,central,standard,none,49.07
35,16,0,0,8.95,32.77,0,1.99,18,0,25.94,41.65,residential,standard,none,69.55
35,17,0,0,14.05,86.13,8.51,1.28,12,5.1,20.68,98.65,central,standard,none,82.88
35,18,0,0,7.01,62.01,7.85,4.96,3,34.13,23.46,63.43,peripheral,bulky,none,61.55
35,7,0,0,10.1,40.14,7.9,2.55,15,28.01,7.83,22.21,peripheral,express,none,37.41
35,8,0,0,6.35,64.32,9.83,6.02,19,5.99,16.03,46.88,residential,standard,none,49
35,9,0,0,9.49,73.69,0.84,5.1,18,18.65,16.32,39.45,residential,standard,none,58.75
35,10,0,0,20.88,39.94,7.59,4.4,16,29.61,9.86,57.19,residential,standard,none,68.49
35,11,0,0,10.73,37.45,0,4.21,14,14.49,5.46,45.9,residential,standard,none,37.89
35,12,0,0,16.13,52.25,0,7.24,16,7.87,0,5.32,peripheral,express,none,49.33
35,13,0,0,9.2,27.24,0,6.59,10,58.02,8.04,41.06,residential,express,none,32.89
35,14,0,0,14.53,41.26,8.82,8.01,2,24.51,11.98,65.87,residential,bulky,none,66.57
35,15,0,0,24.23,8,4.57,1.55,14,27.69,14.36,25.23,peripheral,standard,none,64.82
35,16,0,0,2.88,42.15,0.07,4.68,11,12.95,4.55,40.89,residential,express,none,21.45
35,17,0,0,11.43,73.33,4.18,-0.41,13,44.57,29.31,39.49,residential,standard,none,74.15
35,18,0,0,7.16,77.83,4.12,5.62,2,43.99,16.41,43.68,residential,bulky,none,54.94
36,7,0,0,10.94,44.49,2.45,7.61,15,22.48,13.22,93,central,express,none,49.36
36,8,0,0,13.33,67.29,0.58,8.47,16,10.13,24.86,21.24,peripheral,express,none,68.02
36,9,0,0,3.55,68.35,5.25,7.22,15,28.49,19.32,21.15,peripheral,standard,none,50.22
36,10,0,0,5.54,51.52,0,-4.94,13,23.65,0,100,central,standard,none,28.57
36,11,0,0,1.71,38.52,0,1.84,14,25.29,11.65,68.17,residential,standard,none,29.7
36,12,0,0,4.22,34.14,2.74,1.94,15,11.4,13.81,82.68,residential,standard,none,39.03
36,13,0,0,8.89,48.96,0,6.37,9,25.5,7.67,91.49,central,standard,none,43.64
36,14,0,0,6.58,59.54,0.61,10.69,18,18.61,4.07,96.87,central,standard,none,43.06
36,15,0,0,0.5,45.38,0,4.72,12,0,1.14,97.68,central,standard,none,13.75
36,16,0,0,4.74,33.72,2.79,5.49,8,11.39,14.17,29.32,residential,standard,none,34.93
36,17,0,0,5.9,76.96,6.38,5.02,14,7.92,21.32,17.56,peripheral,standard,none,49.19
36,18,0,0,4.81,61.55,4.4,6.76,17,52.33,19.82,9.34,peripheral,standard,none,45.85
36,7,0,0,1.33,45.93,2.45,6.86,10,0.1,7.8,60.18,residential,standard,roadwork,54.54
36,8,0,0,12.02,80.63,7.88,4.45,12,41.65,13.11,85.18,central,standard,none,66.92
36,9,0,0,13.61,76.11,1.98,3.79,9,12.34,16.8,56.47,residential,standard,none,63.25
36,10,0,0,17.1,45.02,0,7.71,13,0,9.94,56.96,residential,express,none,52.76
36,11,0,0,7.71,52.28,0,4.25,17,25.8,7.89,76.92,residential,standard,none,38.87
36,12,0,0,10.27,28.25,0,1.13,13,22.62,10.67,27.43,peripheral,standard,none,41.07
36,13,0,0,7.47,62.29,5.31,2.88,16,26.17,9.33,76.18,central,standard,none,44.62
36,14,0,0,12.54,44.83,9.76,6.16,15,0,5.54,57.7,residential,express,none,48.54
36,15,0,0,4.1,29.11,5.84,7.35,12,4.69,8.07,13.74,peripheral,standard,none,27.49
36,16,0,0,15.18,26.89,6.53,6.41,18,4.02,6.54,31.45,peripheral,standard,none,51.41
36,17,0,0,29.77,56.66,0,3.67,18,15.04,6.75,38.92,peripheral,standard,none,90.25
36,18,0,0,6.38,69.72,5.73,0.76,12,25.17,18.09,40.89,peripheral,express,none,49.95
36,7,0,0,8.96,23.59,0.73,-0.03,13,6.96,10.98,21.6,peripheral,standard,none,40.8
36,8,0,0,4.34,64.55,1.96,-2.01,14,38.54,31.46,50.23,residential,standard,none,57.12
36,9,0,0,2.9,70.16,5.26,5.81,1,20.57,13.44,46.33,residential,bulky,none,33.56
36,10,0,0,14.12,54.66,1.28,2.04,6,6.49,0.14,97.21,central,standard,none,47.75
36,11,0,0,3.98,51.6,3.26,4.27,11,34.02,16.15,24.85,peripheral,standard,none,37.38
36,12,0,0,11.44,41.9,5.75,4.71,14,0,2.53,46.47,residential,standard,none,45.72
36,13,0,0,5.75,35.93,0.88,7.84,11,0,13.82,73.31,residential,express,none,32.79
36,14,0,0,11.18,34.33,6.05,8.04,20,30.93,8.5,61.42,residential,standard,none,51.07
36,15,0,0,9.92,42.55,0,1.49,12,22.87,11.06,8.72,peripheral,standard,none,40.54
36,16,0,0,5.32,37.16,4.59,2.7,9,22.95,4.4,27.73,peripheral,express,none,14.69
36,17,0,0,9.55,65.73,0,5.2,12,11.08,17.06,39.49,peripheral,standard,none,58.18
36,18,0,0,13.31,80.02,2.27,8.93,16,0.87,11.2,47.73,residential,standard,none,66.29
36,7,0,0,10.02,25.33,5.66,6.79,16,22.35,1.47,69.85,residential,standard,none,42.16
36,8,0,0,1.9,90.18,12.79,10,13,13.51,23.24,88.61,central,standard,none,42.73
36,9,0,0,6.44,67.32,0,0.07,14,16.77,20.29,52.2,residential,standard,none,46.13
36,10,0,0,0.5,46.2,2.97,5.05,11,23.43,3.38,49.8,residential,standard,none,22.09
37,11,0,0,16.15,49.75,3.93,6.36,20,32.88,0,89.51,central,standard,none,49.62
37,12,0,0,0.5,43.45,3.31,4.78,7,28.47,12.64,67.4,residential,standard,roadwork,60.06
37,13,0,0,20.91,60.22,4.58,8.39,16,0,9.67,71.8,central,standard,none,82.52
37,14,0,0,8.71,55.83,0.76,-2.49,17,8.89,11.69,94.61,central,standard,none,56.1
37,15,0,0,19.13,47.74,0.45,5,16,18.1,8.37,56.84,residential,standard,none,60.6
37,16,0,0,4.54,30.36,0.43,-0.95,16,13.53,7.16,44.35,peripheral,standard,none,30.67
37,17,0,0,1.88,87.27,0,2.41,12,30.44,12.05,96.45,central,standard,none,44.43
37,18,0,0,5.27,74.83,0,1.66,1,15.5,22.64,34,residential,bulky,none,55.48
37,7,0,0,2.58,35.08,3.74,4.33,10,12.94,16.21,25.51,peripheral,bulky,none,49.02
37,8,0,0,12.18,58.8,5.37,1.38,12,18.9,18.09,34.69,peripheral,standard,none,56.32
37,9,0,0,8.96,76.42,1.33,6.89,14,36.86,20.23,17.71,peripheral,standard,none,59.92
37,10,0,0,12.24,38.14,5.93,0.23,15,14.12,9.63,7.67,peripheral,standard,none,53.47
37,11,0,0,28.53,44.36,0,4.41,15,16.33,7.57,40.86,residential,standard,none,77.32
37,12,0,0,7.39,58.52,0,5.89,8,22.02,11.51,61.28,central,standard,none,37.12
37,13,0,0,3.37,39.62,0.19,0.66,8,20.09,17.14,34.69,residential,standard,none,35.03
37,14,0,0,7.7,47.43,7.39,3.98,10,24.28,12.23,85.21,central,express,none,42.77
37,15,0,0,16.68,29.45,0,3.71,25,28.06,11,85.46,central,express,none,53.93
37,16,0,0,12.74,55.32,0.14,4.89,12,15.84,4.02,44.21,residential,express,none,42.91
37,17,0,0,6.44,85.35,0,1.21,10,23.91,17.52,63.74,residential,standard,none,48.26
37,18,0,0,15.25,86.79,0,6.12,15,21.23,13.62,91.37,central,express,none,66.51
37,7,0,0,10.64,53.43,3.66,6.15,14,8.49,5,100,central,bulky,none,64.72
37,8,0,0,16.16,78.85,2.97,-0.79,12,40.66,20.77,68.2,residential,standard,none,86.26
37,9,0,0,35.89,56.36,1.92,5.52,5,17.56,15.24,57.73,residential,bulky,none,125.02
37,10,0,0,8.27,38.44,6.55,2.17,10,9.37,7.44,61.53,residential,express,none,34.6
37,11,0,0,0.5,39.15,0.88,2.66,7,22.23,16.52,31.46,residential,bulky,none,43.41
37,12,0,0,9.58,56.11,9.37,-2.09,16,12.72,12.12,67.17,residential,standard,customer_absent,46.7
37,13,0,0,22.99,42.59,0,8.93,11,0,3.87,64.18,residential,express,none,68.85
37,14,0,0,13.1,17.24,5.43,5.37,11,14.54,1.36,22.72,peripheral,standard,none,33.99
37,15,0,0,6.73,40.04,1.73,1.02,15,47.41,2.07,43.74,residential,standard,none,23.8
37,16,0,0,5.13,18.86,6.27,7.66,1,0,18.69,36.46,residential,bulky,none,57.78
37,17,0,0,10.48,77.12,0,3.94,20,30.78,20.62,88.4,central,standard,none,73.2
37,18,0,0,6.66,68.83,0,2.46,12,28.92,16.25,49.93,residential,standard,none,47.64
37,7,0,0,6.27,24.66,3.31,9.81,12,21.81,10.61,32.68,peripheral,standard,none,41.15
37,8,0,0,6.31,88.81,2.23,5.64,12,25.69,23.23,78.88,central,standard,none,56.83
37,9,0,0,10.07,67.9,0,1.61,4,22.06,21.05,27.91,peripheral,standard,none,63.87
37,10,0,0,1.6,33.77,2.04,-0.63,14,21.94,5.42,56.04,residential,express,none,27.22
37,11,0,0,12.94,43.34,0.9,11.42,11,24.04,0,65.07,residential,express,none,38.45
37,12,0,0,10.22,39.36,4.74,6.81,13,25.27,0,60.8,residential,express,roadwork,63.98
37,13,0,0,2.01,43.18,5.37,6.6,14,11.91,6.11,42.67,peripheral,standard,none,29.89
37,14,0,0,5.87,51.5,3.49,0.24,5,14.04,5.46,92.07,central,express,none,23.82
38,15,0,0,10.53,38.8,0.53,5.84,17,14.98,2.17,80.87,central,express,none,36.13
38,16,0,0,32.62,35.92,0.89,-3.35,19,39.39,1.06,73.69,residential,standard,none,74.78
38,17,0,0,9.14,89.7,0,0.88,12,4.17,29.39,37.58,residential,standard,none,80.69
38,18,0,0,7.68,70.07,4.37,13.48,15,2.07,34.32,60.92,residential,standard,none,80.04
38,7,0,0,10.73,35.05,6.04,4.29,14,12.14,14.39,12.04,peripheral,standard,none,49.18
38,8,0,0,9.16,92.77,4.02,11.55,12,4.75,19.28,40.54,residential,standard,none,65.99
38,9,0,0,6.98,70.14,2.16,10,14,10.98,11.59,52.39,residential,standard,customer_absent,65.56
38,10,0,0,6.92,33.04,2.82,6.25,6,29.2,10.82,25.36,peripheral,standard,none,39.29
38,11,0,0,1.41,48.65,11.45,0.82,14,32.6,0,62.78,residential,express,none,10.72
38,12,0,0,16.24,45.77,0,11.08,16,25.56,0.55,47.82,residential,standard,none,47.59
38,13,0,0,38.72,44.12,0,1.12,15,0,0,33.26,peripheral,standard,none,93.32
38,14,0,0,9.42,31.15,0,2.37,11,31.94,11.48,31.58,peripheral,standard,none,35.55
38,15,0,0,6.63,39.15,0,3.92,22,0,14.33,60.71,residential,express,none,49.32
38,16,0,0,36.62,24.08,6.39,10.59,7,37.44,7.46,42.77,residential,standard,none,83.41
38,17,0,0,9.72,86.49,5.14,8.1,12,25.55,18.02,85.87,central,standard,none,71.56
38,18,0,0,23.88,65.31,11.15,3.61,17,44.64,20.75,5.84,peripheral,standard,none,97.89
38,7,0,0,14.42,31.8,0.7,4.13,16,0,13.22,56.01,residential,express,none,47.63
38,8,0,0,5.48,56.75,5.36,2.6,12,21.17,16.97,21.37,peripheral,standard,none,54.83
38,9,0,0,12.52,82.49,5.44,9.44,1,28.91,19.24,82.02,central,bulky,none,79.73
38,10,0,0,4.83,32.2,8.18,2.31,20,32.8,8.46,30.58,peripheral,standard,none,34.2
38,11,0,0,11.91,34.7,5.95,3.35,15,11.61,5.96,24.69,peripheral,standard,none,39.43
38,12,0,0,8.74,63.57,0,1.7,11,27.23,10.04,76.31,residential,express,none,29.01
38,13,0,0,8.28,37.45,3.95,4.17,13,24.59,3.57,25.32,peripheral,standard,none,41.41
38,14,0,0,8.8,44.05,0,6.27,18,3.35,5.27,58.69,residential,standard,none,43.6
38,15,0,0,1.59,49.56,4.65,6.2,17,24.76,3.85,96.05,central,standard,none,31.66
38,16,0,0,5.85,51.83,0,6.89,13,41.74,20.12,63.75,central,standard,none,53.06
38,17,0,0,9.9,78.17,3.33,4.75,13,36.87,21.6,78.67,residential,bulky,none,76.51
38,18,0,0,12.72,79.74,2.35,0.95,5,0,29.1,83.95,central,bulky,none,96.6
38,7,0,0,8.93,38.99,1.92,-3.26,13,11.53,15.17,59.92,residential,express,none,40.15
38,8,0,0,6.4,81.6,3.98,4.75,4,12.85,15.93,100,central,bulky,none,55.06
38,9,0,0,7.68,55.89,11.88,4.6,20,27.44,5.92,53.92,residential,standard,none,42.82
38,10,0,0,16.12,48.67,0,4.58,22,28.41,11.87,41.53,residential,express,none,53.52
38,11,0,0,6.9,28.48,0,8.73,14,13.07,5,33.02,peripheral,standard,none,38.56
38,12,0,0,10.45,43.47,0,-0.55,18,3.35,2.47,69.74,residential,standard,none,36.69
38,13,0,0,6.08,25.15,0.84,8.41,18,39.08,7.45,10.84,peripheral,standard,none,39.25
38,14,0,0,11.31,41.99,16.19,6.21,6,0,10.5,72.15,residential,bulky,none,70.5
38,15,0,0,1.31,65.93,0,13.12,5,27.06,1.81,80.96,central,bulky,none,21.97
38,16,0,0,12.97,39.55,1.11,8.22,3,0,0.99,89.2,central,bulky,none,49.62
38,17,0,0,7.12,97.33,3.47,7.06,17,48.03,14.36,89.35,central,express,none,49.33
38,18,0,0,35.31,86.66,8.07,5.78,1,22.22,21.97,59.77,residential,bulky,none,137.92
39,7,0,0,9.4,36.89,5.13,3.58,18,14.33,3.02,56.79,residential,standard,none,43.28
39,8,0,0,3.73,74.61,5.51,5.81,8,3.04,14.15,73.03,residential,express,none,33.62
39,9,0,0,10.48,69.87,0,8.72,11,2.42,6.08,47.39,residential,bulky,none,55.01
39,10,0,0,9.71,38.8,0,8.19,20,16.82,0,56.41,residential,standard,none,40.43
39,11,0,0,26.65,33.17,6.38,9.46,18,24.94,2.23,76.26,central,standard,none,71.04
39,12,0,0,6.22,69.05,3.23,9.39,18,23.72,10.49,78.11,central,standard,none,49.24
39,13,0,0,8.15,32.07,0,7.03,14,11.96,5.88,61.14,residential,standard,none,40.97
39,14,0,0,7,43.49,12.83,3.39,10,29.11,7.38,56.86,residential,standard,none,40.12
39,15,0,0,11.23,40.17,9.25,7.49,13,49.5,18.77,79.26,residential,standard,none,53.55
39,16,0,0,8.17,30.31,0,3.33,18,26.15,5.64,24.46,peripheral,standard,none,39.86
39,17,0,0,31.25,69.01,1.03,3.76,6,39.85,13.4,54.06,residential,bulky,none,113.99
39,18,0,0,4.85,92.62,8.65,6.36,15,1.94,21.27,93.75,central,standard,none,59.64
39,7,0,0,6.15,47.42,2.52,2.68,11,12.56,10.08,100,central,express,none,43.15
39,8,0,0,3.55,66,2.06,0.82,20,51.49,23.8,11.48,peripheral,standard,none,43.04
39,9,0,0,12.25,76.51,1.76,3.06,15,18.76,22.06,57.4,residential,standard,none,80.17
39,10,0,0,6.04,38.13,3.53,5.84,11,0,10.09,65.97,residential,standard,none,39.01
39,11,0,0,9.24,62.85,12.45,-1.34,7,26.33,3.28,73.53,central,standard,none,39.63
39,12,0,0,22.1,45.91,0,0.71,7,20.75,6.87,66.52,residential,express,none,61.15
39,13,0,0,6.96,27.82,4.61,9.26,15,15.34,10.67,20.32,peripheral,standard,none,36.75
39,14,0,0,17.16,49.67,1.65,-0.01,16,9.98,8.2,93.66,central,express,none,53.82
39,15,0,0,9.53,49.17,0,2.02,8,20.4,10.92,51.52,residential,standard,none,43.7
39,16,0,0,15.47,32.39,4.42,3.56,18,5.74,3.55,73.18,residential,express,none,47.88
39,17,0,0,4.97,67.76,0,6.82,12,16.29,18.85,24.68,peripheral,standard,none,45.9
39,18,0,0,12.63,87.19,1.47,6.18,19,18.82,17.8,66.07,residential,standard,none,68.31
39,7,0,0,9.35,52.32,8.95,5.11,14,28.29,2.64,40.72,residential,standard,none,46.9
39,8,0,0,5.61,98,0,3.7,8,29.26,24.46,100,central,standard,none,54.84
39,9,0,0,17.71,59.61,0,5.82,10,32.22,20.6,34.91,peripheral,standard,none,61.86
39,10,0,0,10.9,35.41,2.53,11.75,15,8.86,18.5,61.31,residential,express,roadwork,67.85
39,11,0,0,8.26,42.52,1.65,5.81,17,33.98,6.43,40.45,residential,express,none,38.98
39,12,0,0,12.32,34.99,5.18,5.03,5,27.22,4.97,38.56,residential,bulky,none,47.64
39,13,0,0,2.27,34.9,4.24,5.1,11,13.39,14.81,5,peripheral,express,none,32.06
39,14,0,0,6.52,43.64,5.47,4.23,21,28.21,5.79,75.13,central,standard,none,36.9
39,15,0,0,4.11,48.1,2.14,-0.52,18,19.09,14.79,33.33,residential,express,none,35.95
39,16,0,0,5.93,29.42,2.78,3.46,15,18.61,6.87,43.66,residential,standard,none,44.67
39,17,0,0,6.84,89.51,5.6,8.14,9,29.28,13.06,74.47,central,bulky,none,57.21
39,18,0,0,10.03,78.73,0,5.08,10,27.02,6.7,99.12,central,standard,none,51.35
39,7,0,0,4.95,39.53,0,4.95,14,25.39,0.8,97.67,central,standard,none,30
39,8,0,0,4.38,81.38,4.61,-0.7,14,33.23,25.73,56.94,residential,express,none,56.33
39,9,0,0,7.69,76.53,1.22,1.83,7,20.6,24.49,38.21,residential,standard,none,61.62
39,10,0,0,16.21,34.32,0,9.74,13,26.03,15.03,49.54,residential,standard,none,64.17
40,11,1,0,6.35,46.15,0,2.26,17,11.84,8.46,86.92,central,express,none,41.22
40,12,1,0,8.18,32.9,1.76,7.9,12,12.14,1.99,71.14,residential,standard,none,30.93
40,13,1,0,11.18,11.66,8.49,7.01,12,9.47,5.23,31.86,peripheral,standard,none,34.04
40,14,1,0,5,43.18,3.5,7.61,15,47.59,11.93,98.55,central,standard,none,38.97
40,15,1,0,9.03,39.25,8.24,6.83,23,22.02,10.68,89.59,central,express,none,47.79
40,16,1,0,12.84,41.02,2.19,8.05,6,24,7.55,62.61,residential,bulky,none,48.77
40,17,1,0,12.33,72.25,5.05,7.28,15,44.79,18.17,86.03,central,express,none,65.24
40,18,1,0,5.15,57.69,5.29,3.09,13,33.92,13.32,59.94,residential,standard,none,51.1
40,7,1,0,15.81,41.21,6.78,10.76,15,46.78,0,75.61,central,standard,none,57.84
40,8,1,0,11.05,70.88,14.54,5.07,16,29.74,15.35,37.08,residential,express,none,57.31
40,9,1,0,9.99,40.45,0,6.74,16,41.92,10.64,9.95,peripheral,standard,none,51.84
40,10,1,0,4.19,19.39,8.01,6.81,17,14.92,9.01,56.44,residential,standard,none,39.86
40,11,1,0,8.04,23.24,0,9.03,15,18.7,11.6,30.28,peripheral,express,none,43.67
40,12,1,0,3.74,43.99,3.7,6.78,13,25.39,8.27,52.72,residential,standard,none,37.32
40,13,1,0,5.68,31.73,2.47,10.25,13,32.65,7.89,44.61,residential,standard,customer_absent,34.27
40,14,1,0,8.34,32.18,7.55,4.64,13,14.85,4.46,100,central,standard,none,32.3
40,15,1,0,6.28,44.26,0,7.6,20,24.68,16.75,100,central,standard,none,54.41
40,16,1,0,21.61,50.35,0,4.18,14,39.82,9.69,83.6,central,express,none,62.73
40,17,1,0,27.96,98,0,7.15,21,10.22,9.82,100,central,standard,none,106.71
40,18,1,0,12.58,68.61,4.38,1.48,18,21.94,12.4,63.65,residential,standard,none,68.11
40,7,1,0,7.52,54.2,4.48,6.59,13,16.24,9.69,88.46,central,standard,none,41.92
40,8,1,0,7.92,88.64,1.45,6.63,13,19.65,16.71,86.74,central,standard,none,55.37
40,9,1,0,1.4,81.11,3.15,7.39,8,11.53,30.34,79.75,central,bulky,none,69.36
40,10,1,0,9.74,34.98,2.03,3.67,18,26.81,3.7,73.96,central,express,none,35.96
40,11,1,0,15.64,24.97,0,7.48,11,18.13,11.93,35.11,residential,standard,none,53.93
40,12,1,0,6.8,50.67,0.73,4.52,13,16.36,7.89,80.95,central,standard,none,41.19
40,13,1,0,1.6,32.6,3.24,8.7,8,39.82,5.18,5,peripheral,standard,none,16.44
40,14,1,0,16.29,21.53,0.14,5.59,16,25,10.84,36.06,peripheral,express,none,42.88
40,15,1,0,30.56,40.48,0,14.43,13,2.32,3.72,72.79,central,express,none,76.75
40,16,1,0,9.31,37.09,0,4.09,19,9.19,9.6,38.87,residential,standard,none,51.01
40,17,1,0,4.68,72.92,0,7.97,14,1.57,11.93,60.49,residential,standard,none,44.94
40,18,1,0,24.23,73.84,1.02,7.35,10,9.36,24.44,20.23,peripheral,standard,none,103.44
40,7,1,0,10.48,23.56,9.88,1.31,9,31,7.9,49.01,residential,standard,none,45.5
40,8,1,0,7.38,75.75,0,5.18,6,26.63,7.39,87.3,central,standard,none,44.16
40,9,1,0,11.51,68.78,3.02,6.78,7,32.85,21.59,59.36,residential,standard,none,77.78
40,10,1,0,2.4,44,3.98,1.14,13,8.61,16.35,60.18,residential,express,none,44.66
40,11,1,0,9.6,47.92,2.66,2.82,15,6.39,14.74,96.03,central,express,none,44.52
40,12,1,0,24.69,49.8,0,9.93,17,14.41,1.67,73.63,central,standard,none,78.28
40,13,1,0,13.78,52.34,2.63,4.37,14,3,11.53,98.16,central,standard,none,60.91
40,14,1,0,6.27,42.88,0,1.19,16,22.01,2.19,98.23,central,express,none,33.53
41,15,1,0,25.98,31.79,4.31,12.71,11,15.35,6.65,28.06,residential,standard,none,77.33
41,16,1,0,4.15,37.81,0.25,-0.86,20,19.27,7.67,35.27,peripheral,standard,none,36.45
41,17,1,0,4.65,83.81,8.98,10.78,18,24.02,16.38,52.05,residential,standard,none,51.43
41,18,1,0,10.12,84.23,1.86,7.93,18,50.72,16.86,100,central,standard,none,54.13
41,7,1,0,14.65,49.13,11.95,1.86,1,27.83,12.92,90.51,central,bulky,none,69.85
41,8,1,0,6.62,87.58,0,8.24,8,40,23.79,96.25,central,standard,none,47.26
41,9,1,0,10.66,70.65,0,0.43,18,19.48,19.81,62.66,residential,standard,roadwork,74.74
41,10,1,0,2.61,47.27,1.08,-2.19,24,0,0.62,96.2,central,express,none,16.99
41,11,1,0,12.42,34.85,5.28,11.27,12,21.43,10.86,86.84,central,express,none,55.67
41,12,1,0,8.45,58.3,0,8.24,1,0,9.93,64.67,residential,bulky,none,48.51
41,13,1,0,12.33,36.89,0,3.33,16,10.61,15.33,12.76,peripheral,express,none,48.07
41,14,1,0,6.5,57.5,0,7.78,18,39.31,5.96,98.93,central,standard,none,42.15
41,15,1,0,16.24,19.96,2.73,2.58,5,24.63,1.8,23.58,peripheral,bulky,none,54.11
41,16,1,0,11.51,22.2,1.98,9.3,11,18.68,3.65,16.15,peripheral,express,none,29.3
41,17,1,0,30.96,72.95,1.82,4.18,3,14.89,13.09,59.4,residential,bulky,vehicle,135.41
41,18,1,0,16.85,79.21,8.57,0.67,17,29.26,21.51,77.14,central,express,none,74.35
41,7,1,0,3.59,34.22,11.32,6.54,15,37.12,0,52.93,residential,standard,none,19.99
41,8,1,0,3.77,59.41,5.71,4.26,19,5.84,7.66,46.58,peripheral,standard,none,34.48
41,9,1,0,6.64,67.14,0,8.72,20,19.64,10.37,54.46,residential,standard,none,61.31
41,10,1,0,16.77,39.13,8.32,5.17,9,0,4.08,100,central,standard,none,57.8
41,11,1,0,6.96,52.55,0,3.04,13,17.66,0.3,86.41,central,standard,vehicle,52.13
41,12,1,0,9.29,27.71,3.95,3.07,7,21.27,0,75.06,residential,express,none,32.69
41,13,1,0,14.34,35.99,0,2.47,10,9.58,14.11,48.91,residential,bulky,none,63.95
41,14,1,0,15.63,42.49,0,5.33,12,22.09,1.12,54.88,residential,standard,none,42.76
41,15,1,0,6.83,62.33,0,5.59,8,13.26,2.31,76.46,central,bulky,none,46.07
41,16,1,0,5.9,12.11,0,18.69,15,20.3,18.44,35.98,peripheral,standard,none,46.29
41,17,1,0,1.98,71.81,3.33,4.45,22,24.18,24.3,95.45,central,express,none,38.9
41,18,1,0,6.46,89.41,9.65,7.06,16,15.12,19.28,98.67,central,express,none,53.49
41,7,1,0,9.03,53.64,6.05,4.74,12,0,21.08,90.17,central,standard,none,58.71
41,8,1,0,8.08,71.15,3.79,2.13,13,0,18.17,67.41,central,standard,none,62.29
41,9,1,0,6.45,59.48,5.82,8.03,8,32.57,16.1,77.39,central,standard,none,45.82
41,10,1,0,4.03,31.35,7.03,14.22,22,32.17,2.76,37.52,peripheral,standard,none,41.19
41,11,1,0,1.83,59.99,0.63,4.89,5,15.47,5.95,100,central,bulky,none,36.86
41,12,1,0,17.83,24.08,7.36,6.15,10,0,7.07,12.51,peripheral,standard,none,50.54
41,13,1,0,8.08,40.04,0.07,0.1,16,23.52,10.59,81.76,central,express,none,33.91
41,14,1,0,16.14,24.58,2.96,6.58,12,32.4,8.38,72.26,residential,standard,none,53.01
41,15,1,0,19.85,43.27,2.42,10.91,11,0.97,4.44,48,residential,standard,none,66.01
41,16,1,0,23.08,12.48,0,7.3,5,9.01,6.69,14.05,peripheral,bulky,none,60.41
41,17,1,0,6.68,70.26,0,8.25,12,0,26.66,67.79,residential,standard,none,61.73
41,18,1,0,9.95,70.28,12.47,3.91,16,25.56,19.17,100,central,standard,none,70.34
42,7,0,0,26.96,20.01,8.21,12.59,10,15.54,0,29.56,peripheral,standard,none,66.39
42,8,0,0,5.57,95.04,2.23,3.12,7,9.87,26.83,100,central,standard,none,50.4
42,9,0,0,9.54,89.88,2.24,4.07,14,33.5,25.74,84.93,central,express,none,66.66
42,10,0,0,1.42,32.39,10.53,2.85,17,15.14,13.28,30.47,peripheral,standard,none,39.14
42,11,0,0,5.43,34.55,0,5.3,13,42.15,11.8,64.11,residential,standard,none,41.9
42,12,0,0,23.95,44.54,8.48,11.33,14,38.59,13.58,50.36,residential,express,none,69.92
42,13,0,0,14.73,38.58,0,4.34,21,28.39,7.84,47.95,peripheral,standard,none,58.84
42,14,0,0,7.04,40.7,2.62,2.24,19,23.24,1.23,37.39,residential,standard,none,32.9
42,15,0,0,10.35,46.39,0,5.19,10,40.16,0.16,38.68,residential,standard,none,34.15
42,16,0,0,16.87,51,0,6.03,13,7.69,6.68,24.51,peripheral,express,none,50.21
42,17,0,0,13.05,89.89,0,9.47,10,28.4,27.31,85.37,central,standard,none,80.64
42,18,0,0,3.1,72.54,2.06,8.23,15,14.61,20.24,24.78,peripheral,standard,none,42.21
42,7,0,0,9.5,50.35,5.95,1.44,14,23.45,7.61,81.06,central,standard,none,47.17
42,8,0,0,11.93,61.5,5.61,4.18,12,0,7.54,55.37,peripheral,standard,none,58.18
42,9,0,0,8.46,87.6,0,1.65,2,9.31,15.94,66.22,central,bulky,vehicle,91.78
42,10,0,0,16.68,21.39,0,7.35,10,25.44,1.2,59.63,residential,standard,none,38.28
42,11,0,0,2.6,45.67,0.53,4.05,14,3.4,16.67,66.17,central,standard,none,43.54
42,12,0,0,14.01,68.3,0,6.04,11,32.24,3.28,100,central,standard,none,59.86
42,13,0,0,13.25,38.78,0.59,5.77,19,15.95,7.06,50.03,residential,standard,none,53.8
42,14,0,0,13.11,58.92,1.34,5.64,22,26.78,6.62,93.5,central,standard,none,59.03
42,15,0,0,8.39,63.44,0,2.72,14,27.36,5.14,95.48,central,standard,none,44.57
42,16,0,0,5.04,48.84,9.06,-0.19,13,18.72,6.43,99.55,central,standard,none,43.61
42,17,0,0,8.41,77.06,2.47,6.04,21,31.81,19.42,60.12,residential,express,none,54.92
42,18,0,0,8.03,67.86,5.04,6.02,13,12.46,17.32,17.01,peripheral,standard,none,55.02
42,7,0,0,4.84,32.65,0,10.91,13,20.12,9.02,70.27,residential,standard,none,31.18
42,8,0,0,10.4,66.82,7.54,2.93,15,20.21,0,17.95,peripheral,standard,none,45.07
42,9,0,0,17.5,60.2,0.18,8.6,7,13.9,14.67,50.97,residential,bulky,none,78.06
42,10,0,0,1.5,59.89,0,2.72,12,21.12,4.88,96.27,central,standard,none,25.67
42,11,0,0,8.8,45.92,0,8.81,17,61.48,9.12,91.73,central,standard,none,39.81
42,12,0,0,9.33,43.05,2.39,4.18,12,7.04,0.24,27.23,residential,standard,none,28.79
42,13,0,0,8.64,32.53,2.67,11.75,11,31.95,9.22,62.37,residential,express,none,26.39
42,14,0,0,5.34,33.79,0,1.21,12,1.7,0,20.56,peripheral,standard,none,18.85
42,15,0,0,42.53,39.32,0,4.4,10,31.04,2.74,77.41,residential,standard,none,91.96
42,16,0,0,8.14,44.41,0,7.66,13,27.71,24.94,63.47,residential,standard,none,61.73
42,17,0,0,4.73,49.32,0,7.94,1,17.79,19.39,8.4,peripheral,bulky,none,44.44
42,18,0,0,20.59,84.45,5.99,5.25,19,38.83,12.27,64.69,residential,standard,none,92.78
42,7,0,0,0.5,61.89,7.82,8.39,7,33.38,6.61,89.69,central,standard,none,25.53
42,8,0,0,6.11,75.73,1.19,6.46,11,45.95,13.15,14.42,peripheral,standard,none,45.37
42,9,0,0,12.15,68.11,6.87,7.98,16,22.62,23.87,74.46,residential,standard,none,76.06
42,10,0,0,17.14,38.44,13.16,7.32,7,10.54,7.09,86.52,central,bulky,none,71.6
43,11,0,0,6.49,48.5,0,1.5,13,12.57,2.11,80.48,residential,express,none,28.3
43,12,0,0,3.06,33.24,0,-0.58,14,24.97,13.97,69.13,residential,express,none,29.2
43,13,0,0,10.75,47.04,5.79,2.05,13,38.18,10.72,38.61,residential,standard,none,57.87
43,14,0,0,11.48,48.92,9.28,5.83,1,33.23,10.08,42.81,residential,bulky,none,59.7
43,15,0,0,2.06,42.98,2.48,8.26,10,0,14.11,55.64,residential,standard,none,45.09
43,16,0,0,0.5,59.21,1.79,8.71,20,34.39,7.72,100,central,standard,none,29.88
43,17,0,0,6.37,82.13,4.49,10.54,22,25.49,9.47,31.71,residential,express,none,39.33
43,18,0,0,13.02,66.1,1.48,0.71,10,33.79,15.88,26.14,peripheral,standard,none,59.81
43,7,0,0,35.15,32.32,2.42,7.84,12,34.81,1.78,30.49,peripheral,standard,none,79.58
43,8,0,0,6.46,73.31,8.48,1.3,15,23.6,22.85,51.27,residential,standard,none,48.56
43,9,0,0,9.02,72.58,0.68,0.53,18,18.72,13.34,71.24,residential,express,none,52.28
43,10,0,0,9.23,51.19,0,5.3,8,0.02,3.7,53.75,residential,standard,none,47.84
43,11,0,0,3.47,29.73,12.3,7.05,5,18.98,1.01,62.58,residential,bulky,none,31.7
43,12,0,0,9.85,57.49,3.65,9.74,10,19.2,13.29,70.12,central,standard,none,56.07
43,13,0,0,14.29,57.2,0,8.04,8,0,2.64,57.3,central,bulky,none,63.36
43,14,0,0,11.29,56.53,0,2.79,6,0,15.69,53.9,central,bulky,none,58.82
43,15,0,0,18.44,46.64,1.39,2.81,16,15.47,4.85,98.27,central,standard,none,55.03
43,16,0,0,13.62,34.38,0,2.27,17,32.59,5.64,43.67,peripheral,standard,none,55.26
43,17,0,0,26.47,68.26,7.25,6.18,15,14.16,24.26,6.11,peripheral,standard,none,101.58
43,18,0,0,13.24,86.1,0,6.35,14,31.53,12.34,89.07,central,standard,none,67.64
43,7,0,0,10.79,31.2,0,6.28,1,32.7,16.86,16.81,peripheral,bulky,none,47.57
43,8,0,0,8.93,56.43,4.58,11.39,15,15.09,15.13,13.55,peripheral,standard,none,47.56
43,9,0,0,8.71,76.15,11.67,10.46,11,43.79,10.8,14.28,peripheral,express,none,40.04
43,10,0,0,14.59,22.83,0,4.95,14,6.84,0.74,33.26,peripheral,standard,none,39.28
43,11,0,0,5.55,21.44,0,3.81,17,18.61,4.88,5,peripheral,express,none,21.41
43,12,0,0,2.46,54.55,0,6.29,12,26.2,18.16,88.61,central,express,none,33.65
43,13,0,0,6.21,22.47,5.93,2.73,14,24.54,0,9.91,peripheral,standard,none,27.43
43,14,0,0,13.49,42.85,0,0.03,7,25.85,3.38,96.72,central,standard,none,46.83
43,15,0,0,6.84,38.73,0,4.14,1,26.68,14.18,58.89,residential,bulky,roadwork,43.69
43,16,0,0,9.01,59.45,7.01,13.48,20,15.67,4.97,91.92,central,standard,none,57.39
43,17,0,0,10.61,77.57,3.5,5.65,15,21.61,18.94,59.23,residential,standard,none,63.3
43,18,0,0,3.8,52.43,8.46,4.37,20,0,23.56,32.38,residential,standard,none,50.69
43,7,0,0,8.95,51.9,0,6.73,14,15.47,9.11,100,central,standard,none,54.58
43,8,0,0,2.9,74.98,4.14,1.52,8,28.8,11.25,38.9,residential,bulky,none,37.93
43,9,0,0,13.52,91.16,9.01,5.89,9,44.81,22.56,87.94,central,express,none,63.89
43,10,0,0,5.26,52.64,0,4.32,17,12.47,8.68,84.8,central,standard,none,45.16
43,11,0,0,12.37,18.21,2.04,4.87,5,50.55,0.51,16.28,peripheral,standard,none,29.47
43,12,0,0,5.48,34.88,13.16,5.31,15,29.7,3.16,29.42,peripheral,standard,none,34.15
43,13,0,0,6.78,30.05,0,14.27,11,4.18,1.86,61.51,residential,express,none,31.56
43,14,0,0,5.23,37.31,7.05,9.24,18,22.12,5.37,74.81,central,standard,none,30.6
44,15,0,0,6.33,33.29,6.29,5.76,13,10.09,3.69,26.19,peripheral,express,none,25.2
44,16,0,0,15.31,25.18,8.09,5.89,4,9.82,9.23,38.31,peripheral,standard,none,51.15
44,17,0,0,8.22,79.37,0,8.39,12,0,24.56,59.64,central,standard,none,61.68
44,18,0,0,6.06,75.52,3.43,10.96,18,21.11,17.62,47.95,residential,standard,none,49.28
44,7,0,0,10.31,53.86,7.02,0.69,11,0,5.45,71,central,bulky,none,51.06
44,8,0,0,2.36,57.46,2.55,4.95,23,31.99,17.99,11.01,peripheral,standard,none,48.44
44,9,0,0,8.67,94.66,0,7.21,7,36.12,23.17,71.01,central,standard,none,60.34
44,10,0,0,8.46,45.69,0.47,4.87,13,25.48,1.01,76.16,residential,standard,none,36.85
44,11,0,0,12.44,30.74,4.23,7.46,18,0,3.97,31.98,peripheral,standard,none,46.2
44,12,0,0,26.28,35.6,0,6.48,24,1.9,10.76,68.46,residential,standard,none,81.68
44,13,0,0,18.35,51.83,1.45,0.48,20,31.78,9.95,53.45,residential,standard,none,63.52
44,14,0,0,0.5,39.16,0,7.15,17,17.83,10.65,84.79,central,standard,none,34.97
44,15,0,0,0.5,27.23,12.62,9.33,14,5.5,15.47,63.2,residential,express,none,28.18
44,16,0,0,11.59,51.51,3.64,6.98,19,23.65,0,62.17,residential,express,none,45.23
44,17,0,0,12.14,70.07,0,3.34,18,21.83,8.63,68.33,residential,express,none,51.29
44,18,0,0,6.99,85.84,0,7.26,15,29.31,18.67,70.86,residential,standard,none,57.69
44,7,0,0,2.54,36.81,0,3.34,14,16.39,13.78,58.79,residential,standard,none,34.65
44,8,0,0,17.44,67.21,4.01,3.23,12,17.75,8.96,52.48,residential,standard,none,61.63
44,9,0,0,10.18,83.21,10.05,0.09,7,26.57,12.33,87.25,residential,express,none,52
44,10,0,0,10.58,48.03,0,16.31,20,12.18,2.03,81.33,central,standard,none,50.32
44,11,0,0,12.77,35.82,2.93,0.07,19,29.95,1.68,51.06,residential,standard,none,46.72
44,12,0,0,0.5,29.69,1.01,7.69,11,15.74,1.48,39.82,peripheral,standard,none,21.55
44,13,0,0,4.59,36.64,0,4.64,15,32.68,4.51,51.44,residential,standard,none,34.15
44,14,0,0,9.91,44.98,0.23,5.77,16,36.1,8.09,39.52,residential,standard,none,38.46
44,15,0,0,5.97,39.96,0.85,9.99,10,37.7,6.82,56.11,residential,standard,none,30.38
44,16,0,0,19.15,64.78,2.89,2.72,1,9.41,6.61,79.13,central,bulky,none,69.19
44,17,0,0,14.57,68.73,0,0.23,1,31.46,15.88,51.75,residential,bulky,none,73.03
44,18,0,0,8.76,82.42,2.81,11.2,12,4.23,6.35,58.41,residential,standard,none,49.3
44,7,0,0,3.93,45.46,4.25,12.61,10,33.28,6.88,68.03,residential,express,customer_absent,35.49
44,8,0,0,10.79,60.44,8.77,2.07,10,26.67,24.63,22.67,peripheral,standard,none,72.07
44,9,0,0,6.48,78.29,0.31,5.09,15,15.1,13.35,88.39,central,standard,roadwork,64.97
44,10,0,0,8.55,43.32,11.09,9.55,20,7.68,13.76,77.1,central,standard,none,56.53
44,11,0,0,3.28,34.18,6.23,2.79,14,9.85,0.98,53.36,residential,express,none,19.22
44,12,0,0,0.5,27.32,2.6,5.11,21,16.5,4.45,41.52,peripheral,express,none,21.03
44,13,0,0,10.21,30.75,0,2.87,11,29.29,1.86,63.47,residential,standard,none,43.02
44,14,0,0,6.92,45.17,6.85,5.71,12,25.88,9.71,15.79,peripheral,express,none,36.33
44,15,0,0,6.49,22.42,0,2.42,16,20.39,16.66,63.38,residential,standard,none,46.64
44,16,0,0,12.65,49.11,0,5.36,18,13.02,14.93,77.75,central,standard,none,62.88
44,17,0,0,4.09,92.66,0,8.61,9,8.11,37.05,48.43,residential,standard,none,70.62
44,18,0,0,26.88,82.41,12.62,6.55,11,9.27,16.39,54.73,central,standard,none,115.13
45,7,0,0,8.2,52.56,0,2.74,14,10.16,3.74,83.01,central,standard,none,40.84
45,8,0,0,8.24,91.2,0.12,7.26,8,46.5,18.16,100,central,standard,none,53.05
45,9,0,0,6.44,79.4,0,3.16,12,27.88,12.68,37.42,residential,standard,roadwork,70.55
45,10,0,0,9.32,40.69,0,7.9,8,36.16,1.78,78.3,residential,bulky,none,43.78
45,11,0,0,10.6,36.63,8.5,2.51,15,37.6,5.52,57.73,residential,express,none,40.08
45,12,0,0,14.04,46.93,6.17,4.83,15,12.35,18.69,100,central,express,none,58.81
45,13,0,0,6.9,43.02,0,10.35,7,24.47,0,47.47,residential,bulky,none,42.54
45,14,0,0,3.81,37.42,6.4,4.33,5,13.7,5.58,50.44,residential,bulky,customer_absent,47.66
45,15,0,0,6.21,52.26,0,2.25,16,19.72,0.3,97.73,central,standard,none,38.35
45,16,0,0,9.71,34.64,4.51,5.96,10,37.63,11.61,56.22,residential,express,none,35.03
45,17,0,0,8.96,61.4,10.47,3.32,15,19.77,13.05,47.14,residential,standard,none,54.78
45,18,0,0,5.35,73.44,0,4.32,16,54.96,18.15,58.07,residential,express,none,37.21
45,7,0,0,7.7,25.53,11.49,9.45,10,26.68,19.7,31.59,peripheral,standard,none,47.92
45,8,0,0,10.33,76.96,3.65,7.58,12,62.88,18.11,28.91,peripheral,express,none,48.42
45,9,0,0,15.53,65.03,13.48,9.59,17,16.25,21.3,33.23,residential,standard,none,85.23
45,10,0,0,14.96,49.51,4.08,4.79,13,12.76,5.82,76.64,residential,standard,none,52.47
45,11,0,0,8.76,38.37,0,10.19,14,7.89,4.69,61.92,residential,express,none,37.07
45,12,0,0,2.02,46.03,12.19,5.72,9,40.93,15.26,100,central,standard,none,36.96
45,13,0,0,18.24,57.41,9.78,8.98,12,0,9.77,100,central,express,none,57.4
45,14,0,0,17.65,55.32,4.16,9.9,16,39.21,0,83.04,central,standard,none,61.03
45,15,0,0,23.9,51.36,2.77,7.39,13,29.3,11.71,55.1,residential,express,none,72.47
45,16,0,0,18.59,38.96,0.61,9.63,8,0,3.77,85.87,central,standard,none,44.45
45,17,0,0,13.33,85.97,2.73,4.05,8,22.36,24.55,64.02,residential,standard,none,73.79
45,18,0,0,6.94,71.97,6.43,3.17,8,23.72,25.97,23.03,peripheral,bulky,none,69.47
45,7,0,0,5.36,40.73,2.89,7.53,16,19.63,16.61,34.97,residential,standard,none,43.97
45,8,0,0,9.34,95.21,0,8.74,14,28.45,11.11,60.21,central,standard,none,58
45,9,0,0,3.87,89.29,5.5,0.72,13,22.74,17.72,65.62,residential,standard,none,48.69
45,10,0,0,17.06,22.85,2.93,2.24,11,14.52,16.98,23.76,peripheral,standard,none,64.67
45,11,0,0,29.23,24.63,3.54,10.91,10,28.71,8.97,27.63,peripheral,standard,none,75.45
45,12,0,0,22.75,43.07,2.12,5.04,13,35.48,8.08,97.07,central,express,none,55.94
45,13,0,0,7.88,29.18,6.97,7.97,11,3.42,10.9,5,peripheral,express,none,27.66
45,14,0,0,15.51,44.71,7.6,8.75,21,6,0,86.46,central,standard,none,48.84
45,15,0,0,10.36,47.28,4.53,10.8,18,0,5.36,76.11,residential,express,none,42.21
45,16,0,0,5.13,33.81,0,2.54,11,32.84,7.09,49.33,residential,standard,none,29.73
45,17,0,0,8.09,98,0,10.38,14,35.05,10.82,68.95,central,express,none,45.67
45,18,0,0,8.91,78.31,10.37,6.48,10,21.43,20.71,49.51,residential,standard,none,59.64
45,7,0,0,8.21,41.32,0,5.28,2,49.2,0,50.91,residential,bulky,none,40.43
45,8,0,0,12.86,86.8,2.84,5.37,19,2.29,24.53,79.77,central,standard,none,87.49
45,9,0,0,8.7,83.97,5.87,2.83,6,38.84,26.14,78.09,residential,bulky,none,65.48
45,10,0,0,21.1,48.52,3.66,5.61,15,70.97,14.77,50.68,residential,standard,none,69.93
46,11,0,0,4.85,57.8,7.72,2.58,18,36.98,11.09,34.1,residential,express,none,19.83
46,12,0,0,0.5,42.29,5.55,3.1,11,16.82,13.63,43.9,residential,express,none,20.9
46,13,0,0,10.3,55.05,0,9.08,12,21.79,4.48,61.68,central,express,none,43.68
46,14,0,0,0.5,25.26,2.13,8.16,14,11.6,11.48,11.17,peripheral,standard,none,20.04
46,15,0,0,10.06,43.54,5.56,6.75,17,13.06,8.18,100,central,standard,none,50.92
46,16,0,0,3.13,37.75,0,4.49,18,3.9,0,26.73,peripheral,express,none,18.02
46,17,0,0,4.3,85.08,0,14.66,15,14.6,25.82,17.49,peripheral,express,none,49.07
46,18,0,0,9.48,96.7,5.47,-0.3,10,24.81,19.91,94.85,central,standard,none,75
46,7,0,0,26.69,44.76,3.63,5.1,9,0,4.51,37.44,residential,bulky,none,84.67
46,8,0,0,7.54,92.99,0,4.69,16,6.03,23.53,84.57,central,standard,none,67.59
46,9,0,0,9.9,82.2,1.54,5.32,7,25.65,14.23,68.1,central,standard,none,55.41
46,10,0,0,10.28,50.58,3.35,2.92,12,15.61,1.5,96.2,central,standard,none,42.92
46,11,0,0,26.38,23.15,2.79,6.57,11,47.75,0,39.64,residential,bulky,none,59.3
46,12,0,0,14.13,39.22,0.73,1.97,15,17.1,3.22,57.19,residential,standard,none,49.08
46,13,0,0,16.08,57.37,2.42,3.49,19,4.1,6.36,70.92,central,standard,none,67.6
46,14,0,0,8.77,53.92,13.19,5.62,7,4.83,0,83.22,central,standard,none,45.93
46,15,0,0,15.85,33.78,4.61,0.02,13,12.09,12.04,6.89,peripheral,standard,none,61.62
46,16,0,0,10.73,36.42,0.73,1.51,4,0.23,0,28.35,peripheral,bulky,none,41.89
46,17,0,0,0.87,73.79,2.24,8.64,8,36.58,18.1,19.13,peripheral,express,none,25.79
46,18,0,0,7.24,76.18,0,9.41,12,30,24.19,46.29,residential,standard,none,63.82
46,7,0,0,5.97,36.74,0.47,10.97,7,6.76,7.16,70.57,residential,bulky,none,42.86
46,8,0,0,10.53,75.68,9.58,8.71,3,10.22,30.78,42.16,residential,bulky,none,86.41
46,9,0,0,0.5,54.82,0.84,7.4,16,25.49,19.72,24.25,peripheral,standard,none,48.95
46,10,0,0,5.5,41.07,0,2.82,8,2.6,2.64,71.76,central,standard,none,37.4
46,11,0,0,8.74,48.37,7.1,-1.81,4,17.47,14.63,17.33,peripheral,bulky,none,56.28
46,12,0,0,5,34.44,5.02,3.48,8,20.35,8.75,20.77,peripheral,standard,none,36.08
46,13,0,0,9.62,29.56,0,5.02,13,19.76,10.04,27.44,peripheral,standard,none,44.4
46,14,0,0,12.2,60.21,0,12.1,19,41.54,10.98,91.41,central,express,none,47.87
46,15,0,0,11.37,44.67,1.84,-1.97,11,29.54,0,47.75,residential,standard,none,36.45
46,16,0,0,13.78,37.04,11.38,9.01,16,18.95,0,28.07,peripheral,standard,none,41.65
46,17,0,0,2.67,68.79,8.32,3.52,17,0,23.46,60.42,residential,standard,none,57.24
46,18,0,0,7.93,79.72,6.79,5.55,11,14.88,10.14,48.38,residential,standard,none,41.15
46,7,0,0,6.62,45.23,4.48,2.62,13,23.6,4.91,95.51,central,express,none,23.29
46,8,0,0,9.58,91.49,4.62,4.72,10,21.71,15.08,59.45,residential,bulky,none,71.28
46,9,0,0,14.61,68.5,11.04,11.63,12,33.57,17.22,58.33,residential,express,none,62.14
46,10,0,0,15.11,39.13,3.22,17.95,18,29.06,6.67,81.23,central,express,none,45.73
46,11,0,0,2.44,32.39,0.36,4.12,18,11.32,11.2,33.85,peripheral,express,none,22.87
46,12,0,0,8.75,35.73,0,10.72,18,11.48,11.53,19.5,peripheral,standard,none,43.07
46,13,0,0,23.29,57.2,0.45,3.14,15,4.75,8.37,47.24,residential,standard,none,79.53
46,14,0,0,25.76,43.63,9.95,1.59,17,33.95,4.27,86.58,central,standard,none,78.31
47,15,1,0,6.47,22.01,8.22,6.77,1,37.71,4.74,29.52,peripheral,bulky,none,37.57
47,16,1,0,10.9,46.58,4.91,1.17,16,35.64,14.35,44.78,residential,express,none,42.67
47,17,1,0,9.33,70.02,6.46,3.93,14,15.84,23.68,89.72,central,standard,none,65.32
47,18,1,0,6.16,63.2,4.52,6.06,10,0.52,19.26,26.04,peripheral,bulky,none,59.62
47,7,1,0,14.29,22.83,10.59,6.22,16,24.49,6.25,66,residential,express,none,36.17
47,8,1,0,7.03,60.12,4.36,4.74,12,40.01,22.25,34.77,peripheral,express,none,40.8
47,9,1,0,17.35,89.22,2.33,8.91,15,34.34,9.81,70.71,central,express,none,67.11
47,10,1,0,11.06,27.01,1.72,4.86,11,34.25,3.92,56.27,residential,standard,none,43.13
47,11,1,0,6.31,24.47,0,15.15,7,18.62,4.63,37.89,peripheral,standard,none,22.64
47,12,1,0,8.42,28.7,6.4,8.51,17,16.42,7.72,50.83,residential,standard,vehicle,94.71
47,13,1,0,12.85,14.32,4.19,19.77,11,0,0,25.01,peripheral,standard,none,35.69
47,14,1,0,4.63,27.03,1.66,12.94,16,13.66,7.27,13.08,peripheral,standard,none,35.09
47,15,1,0,10.79,27.28,6.28,1.19,9,43.63,17.52,42.86,residential,standard,none,54.35
47,16,1,0,15.74,48.57,3.01,2.33,7,0,2.79,72.92,central,bulky,none,60.99
47,17,1,0,10.23,79.06,0,4.82,14,18.65,18.05,91.85,central,bulky,none,75.35
47,18,1,0,7.9,79.24,0,5.52,12,29.4,19.19,93.68,central,standard,none,48.03
47,7,1,0,18.71,37.76,0.92,4.4,10,7.49,10.39,63.01,residential,standard,none,59.28
47,8,1,0,9.49,91.84,1.31,7.49,18,41.45,18.01,58.13,residential,express,none,54.81
47,9,1,0,6.06,79.9,8.17,3.74,13,52.4,22.34,92.37,central,express,none,58.74
47,10,1,0,5.33,28.8,1.77,4.63,13,24.33,2.53,24.05,peripheral,standard,none,29.91
47,11,1,0,5.66,53.25,9.36,4.98,21,9.83,2.11,62.08,residential,standard,none,37.87
47,12,1,0,6.02,27.03,0,6.26,15,32.9,0,51.55,residential,standard,customer_absent,48.46
47,13,1,0,14.11,42.29,3.16,1.91,13,5.58,3.6,94.33,central,standard,none,57.72
47,14,1,0,9.19,36.4,16.75,9.07,15,18.38,12.67,60.15,residential,standard,none,56.09
47,15,1,0,5.8,35.78,4.73,8.95,15,33.78,23,88.62,central,standard,none,56.38
47,16,1,0,5.84,53.26,7.37,8.16,4,30.61,0,72.42,central,bulky,none,35.96
47,17,1,0,4.18,44.42,9.6,7.92,7,42.28,10.8,48.36,peripheral,standard,none,32.75
47,18,1,0,11.8,74.32,5.16,15.03,7,23.6,16.55,78.87,central,express,none,54.14
47,7,1,0,11.83,40.59,2.85,8.74,16,30.31,14.42,63.36,residential,standard,none,55.15
47,8,1,0,10.53,52.43,4.24,1.6,12,22.09,23.65,36.06,peripheral,standard,none,70.37
47,9,1,0,8.05,75.49,4.96,4.32,18,20.26,17.58,72.33,central,express,none,58.83
47,10,1,0,9.5,18.21,13.51,5.02,13,32,7.22,18.05,peripheral,express,none,33.94
47,11,1,0,6.47,38.37,4.51,3.29,10,21.31,2.33,90.15,central,standard,none,29.49
47,12,1,0,45.7,30.05,0,6.34,12,15.12,0.3,59.05,residential,express,none,88.96
47,13,1,0,13.81,38.14,4.33,1.86,6,37.4,4.96,54.64,residential,express,none,36.14
47,14,1,0,13.17,21.41,2.82,3.04,10,9.76,3.84,24.16,peripheral,standard,vehicle,87.85
47,15,1,0,5.79,28.91,3.2,4.41,1,23.71,8.78,73.99,central,bulky,none,49.17
47,16,1,0,16.69,33.44,1.42,11.66,14,6.15,18.18,49.47,residential,express,none,59.11
47,17,1,0,4.28,75.72,2.82,6.59,12,37.24,6.78,59.92,residential,standard,none,29.91
47,18,1,0,2.51,45.63,4.02,3.69,6,0,10.98,16.05,peripheral,express,none,35.69
48,7,1,0,11.63,37.19,0,7.23,16,30.18,2.54,80.13,central,express,none,41.84
48,8,1,0,9.48,70.72,3.86,3.3,3,58.72,14.03,49.82,residential,bulky,none,58.23
48,9,1,0,17.35,67.89,1.29,6.88,4,3.45,9.8,58.12,residential,bulky,customer_absent,89.59
48,10,1,0,8.67,46.25,0,4.62,12,59.54,0,94.92,central,standard,none,27.82
48,11,1,0,9.87,48.92,3.74,0.9,6,0,0,93.64,central,standard,none,36.44
48,12,1,0,11.01,27.54,0,7.85,10,16,12.52,5,peripheral,bulky,none,46.99
48,13,1,0,37.43,15.96,0.99,5.87,11,34.2,2.42,22.17,peripheral,standard,none,59.25
48,14,1,0,7.16,31.04,0,3.49,17,34.07,6.8,34.45,residential,standard,none,33.02
48,15,1,0,2.51,21.11,10.89,5.77,16,22.64,6.63,67.56,residential,standard,none,23.03
48,16,1,0,10.22,25.65,1.19,0.15,12,24.76,14.12,28.1,peripheral,standard,none,51.27
48,17,1,0,8.4,52.08,0.41,8.92,10,17.13,9.03,53.19,residential,express,none,40.57
48,18,1,0,12.94,69.25,4.76,6.68,7,27.73,10.92,39.92,residential,bulky,none,69.46
48,7,1,0,14.3,43.81,3.42,1.56,17,25.91,4.43,56.99,residential,express,none,53.66
48,8,1,0,6.13,82.15,2.5,4.07,16,14.09,9.63,32.67,residential,standard,none,51.59
48,9,1,0,9.54,89.74,2.22,4.36,14,6.55,18.41,76.3,central,express,none,60.08
48,10,1,0,9.31,44.33,3.13,8.26,12,0,8.7,76.4,central,standard,none,45.13
48,11,1,0,37.45,37.6,4.75,1.57,12,0,4.69,94.52,central,express,none,92.23
48,12,1,0,15.35,27.14,0,11.76,11,13.19,3.5,47.11,peripheral,standard,none,52.29
48,13,1,0,6.51,42.97,0,7.9,16,15.78,15.46,63.84,residential,standard,none,47.5
48,14,1,0,5.8,22.3,0,7.07,11,7.61,8.3,45.78,residential,standard,none,40.71
48,15,1,0,10.46,44.12,4.63,11.21,1,20.39,2.69,80.25,central,bulky,none,49.53
48,16,1,0,11.57,17.18,4.75,-2.14,13,45.64,0,11.24,peripheral,standard,none,35.38
48,17,1,0,6.63,57.1,0,9.51,11,21.15,6.07,35.3,peripheral,express,none,29.63
48,18,1,0,0.5,78.55,0,12.13,13,4.03,14.72,87.66,central,standard,none,38.63
48,7,1,0,14.93,32.71,0.8,9.05,10,21.31,18.98,49.97,residential,express,none,57.16
48,8,1,0,4.11,51.18,0,9.02,10,9.93,20.36,28.5,peripheral,standard,none,47.23
48,9,1,0,5.19,64.77,3.92,4.42,13,41.33,13.54,70.98,residential,standard,none,34.87
48,10,1,0,12.84,15.09,0,-0.51,4,15.23,16.88,43.27,peripheral,bulky,none,62.18
48,11,1,0,7.41,37.1,8.62,10.55,12,16.46,20.03,56.16,peripheral,standard,roadwork,66.15
48,12,1,0,4.52,38.07,0,6.93,18,41.75,6.58,96.1,central,express,roadwork,48.08
48,13,1,0,12.04,46.54,8.07,-3.66,5,36.83,0,64.54,residential,standard,none,32.99
48,14,1,0,15.31,44.64,2.48,3.29,9,12.91,8.96,67.11,residential,express,none,54.15
48,15,1,0,18.51,27.35,5.06,4.45,10,0,5.77,45.13,peripheral,standard,none,48.07
48,16,1,0,15.84,17.51,6.68,-4.9,5,21.52,0,39.63,peripheral,express,none,40.01
48,17,1,0,4.03,55.33,6.42,2.71,13,41.64,19.86,37.5,peripheral,standard,none,48.08
48,18,1,0,12.26,85.32,0,1.23,18,31.37,8.09,96.65,central,standard,none,64.46
48,7,1,0,10.95,9.06,9.5,11.62,8,2.7,12.68,78.11,residential,standard,none,47.94
48,8,1,0,17.4,87.89,9.82,4.67,19,20.23,20.99,99.63,central,standard,none,99.62
48,9,1,0,12.05,87.03,5.29,-0.44,17,5.06,15.68,73.23,central,standard,none,69.44
48,10,1,0,8.08,16.4,9.5,10.87,9,32.47,10.63,21.39,peripheral,express,customer_absent,45.87
49,11,0,0,10.55,18.18,0,10.33,10,11.4,9.98,11.14,peripheral,express,none,33.99
49,12,0,0,3.6,33.34,3.64,9.07,9,3.83,5.83,51.81,residential,standard,customer_absent,32.86
49,13,0,0,6.45,37.43,0,5.32,13,0,0,33.11,peripheral,express,none,20.43
49,14,0,0,9.79,57.82,5.42,7.57,10,0,0,77.56,central,express,none,34.69
49,15,0,0,8.1,61.12,3.91,3.35,9,30.08,17.5,79.6,central,express,none,46.36
49,16,0,0,2.27,51,1.02,6.61,12,13.87,11.74,80.75,central,express,none,33.87
49,17,0,0,6.07,74.06,0,3.88,15,23.68,9.48,55.15,residential,express,none,34.21
49,18,0,0,16.01,75.8,4.2,9.39,16,0,18.05,94.46,central,standard,none,87.35
49,7,0,0,3.27,45.23,0.73,3.97,14,7.09,0,27.49,peripheral,standard,none,22.75
49,8,0,0,7.18,69.3,3.88,3.73,1,0,24.36,57.15,residential,bulky,none,64.13
49,9,0,0,4.69,57.88,4.02,13.85,12,42.24,22.94,59.77,residential,standard,none,50
49,10,0,0,11.95,39.05,4.85,3.84,18,57.26,0,37.47,residential,standard,none,43.93
49,11,0,0,19.76,41.92,0,0.99,13,33.07,11.27,61.28,residential,express,none,50.38
49,12,0,0,6.27,58.88,2.01,7.84,13,14.02,6.57,85.98,central,express,none,28.19
49,13,0,0,10.5,43.22,4.75,13.97,16,17.1,3.79,39.63,peripheral,express,none,44.58
49,14,0,0,12.44,57.45,1,3.68,15,22.41,0,56.53,residential,express,none,33.09
49,15,0,0,17.49,29.52,0.09,-0.01,19,16.36,5.95,64.53,residential,standard,none,63.04
49,16,0,0,4.48,32.64,8.65,10.58,15,11.37,0,60.37,residential,standard,none,27.28
49,17,0,0,2.32,72.56,5.84,11.1,11,20.46,8.48,20.55,peripheral,standard,none,25.36
49,18,0,0,6.28,86.21,13.03,4.39,17,13.26,17.03,52.52,residential,standard,none,48.81
49,7,0,0,5.53,49.93,2.38,-1.86,16,26.69,0.03,73.94,residential,standard,none,35.49
49,8,0,0,4.65,82.59,1.35,5.73,13,22.84,21.58,100,central,express,none,45.13
49,9,0,0,39.03,85.79,3.88,9.31,6,24.3,21.12,63.51,residential,standard,none,146.28
49,10,0,0,3.94,39.61,0,2.64,16,14.52,9.8,70.72,residential,standard,none,43.25
49,11,0,0,10.25,21.05,0,3.65,15,22.69,0,30.87,peripheral,express,none,16.33
49,12,0,0,7.09,33.34,7.91,10.44,13,13.64,4.54,49.78,residential,express,none,20.5
49,13,0,0,6.18,38.94,16.58,2.24,11,31.24,5.03,61.15,residential,standard,none,43.86
49,14,0,0,3.95,40.94,4.98,13.27,17,15.93,0,94.48,central,standard,none,24.1
49,15,0,0,12.64,32.33,0,-1.84,7,40.99,11.86,14.61,peripheral,standard,none,38.24
49,16,0,0,7.08,70.78,4.15,6.14,19,31.47,0,94.58,central,express,none,33.16
49,17,0,0,5.58,42.27,0.61,7.98,19,5.02,20.64,5.92,peripheral,standard,none,57.1
49,18,0,0,3.84,64.55,7.86,5.05,17,29.18,19.83,55.19,residential,standard,roadwork,58.4
49,7,0,0,11.68,40.08,4.32,5.91,10,13.5,3.54,98.37,central,express,none,36.94
49,8,0,0,9.28,90.21,4.27,12.78,18,21.7,11.49,81.45,central,express,none,48.62
49,9,0,0,8.58,95.94,0,1.7,12,13.83,7.19,88.17,central,standard,none,53.18
49,10,0,0,5.13,37.55,0,7.11,10,21.83,11.49,52.71,residential,standard,none,35.44
49,11,0,0,7.01,46.42,3.53,8.67,23,16.68,2.85,43.19,residential,standard,none,43.51
49,12,0,0,6.26,33.69,8.66,0.36,22,22.55,5.58,40.15,residential,standard,none,40.06
49,13,0,0,10.83,44.46,0,8.01,2,0,5.69,79.9,residential,bulky,none,47.86
49,14,0,0,3.62,39.39,9.96,1.11,21,28.86,13.52,86.99,residential,standard,none,41.79
50,15,0,0,9.6,43.65,2.79,7.9,20,0,20.04,52.04,residential,standard,none,58.24
50,16,0,0,5.81,52.34,6.16,10.13,19,35.29,7.82,78.18,central,standard,none,33.5
50,17,0,0,13.32,76.29,7.89,6.31,13,16.62,19.71,60.8,residential,standard,none,71.83
50,18,0,0,12.68,64.86,2.44,11.64,17,37.21,17.04,46.33,residential,express,none,45.15
50,7,0,0,27,16.64,8.2,5.61,8,28.74,5.85,21.65,peripheral,standard,none,56.94
50,8,0,0,4.55,87.07,5.95,1.6,8,19.96,18.41,100,central,express,none,45.77
50,9,0,0,11.12,95.04,1.21,0.3,12,15.38,17.73,74.01,central,standard,none,66.17
50,10,0,0,6.39,45.08,0.22,10.36,15,17.49,7.06,93.26,central,express,none,36.16
50,11,0,0,6.32,45.63,6.5,1.61,1,11.45,7.29,79.87,central,bulky,none,41.78
50,12,0,0,10.18,38.79,6.53,3.82,13,20.58,0,58.46,residential,express,none,19.68
50,13,0,0,7.23,64.72,0,13.57,11,33.53,6.4,70.73,central,standard,vehicle,65.56
50,14,0,0,18.99,39.41,7.22,3.09,20,37.43,0,48.58,residential,express,none,53.54
50,15,0,0,12.22,37.41,14.16,9.18,18,33.29,7.67,51.43,residential,standard,none,55.33
50,16,0,0,9.98,66.67,7.75,4.21,15,40.09,2.89,100,central,standard,none,49.32
50,17,0,0,7.6,85.27,2.24,9.16,10,2.64,26.36,99.53,central,standard,none,56.91
50,18,0,0,26.52,66.48,2.6,8.7,12,18.9,13.22,60.96,residential,standard,none,87.96
50,7,0,0,14.53,54.25,0,6.73,4,35.7,15.15,52.71,residential,bulky,none,72.03
50,8,0,0,0.5,88.25,0.12,6.2,14,10.94,20.84,47.02,residential,express,none,25.1
50,9,0,0,5.58,87.66,7.27,4.98,14,15.29,9.97,69.95,residential,standard,none,43.87
50,10,0,0,32.78,42.43,0,5.57,5,35.13,11.12,59.9,residential,express,none,86.48
50,11,0,0,10.75,40.82,6.65,3.22,14,32.86,14.84,19.25,peripheral,standard,none,51.75
50,12,0,0,18.23,48.31,2.04,4.07,10,37.6,16,74.53,residential,standard,none,74.47
50,13,0,0,5.95,38.68,3.81,7.61,13,7.34,4.19,44.95,residential,standard,none,40.27
50,14,0,0,17.33,37.93,3.87,-2.11,9,13.32,4.07,46,residential,standard,none,58.64
50,15,0,0,10.37,48.81,0.42,4.78,11,28.21,2.12,43.09,residential,express,none,25.42
50,16,0,0,8.35,39.1,0,3.59,10,10.14,11.47,22.31,peripheral,standard,none,33.08
50,17,0,0,13.6,92.77,0,2.48,8,18.88,19.28,94.59,central,standard,none,82.57
50,18,0,0,9.3,73.92,3.51,8.53,16,31.62,15.53,63.51,central,express,none,52.03
50,7,0,0,3.13,62.41,1.68,5.41,16,8.34,17.28,94.93,central,standard,none,47.11
50,8,0,0,1.06,67.27,0.69,14.12,18,5.43,3.34,26.72,peripheral,express,none,10.91
50,9,0,0,8.19,84.12,0.9,8.2,13,16.62,21.44,88.89,central,express,none,53.35
50,10,0,0,4.39,27.51,6.97,8.85,14,22.22,10.7,26.88,peripheral,standard,none,36.8
50,11,0,0,21.93,39,4.15,13.04,19,26.28,7.77,21.77,peripheral,standard,none,62.61
50,12,0,0,13.05,30.75,0.54,6.12,15,18.9,7.35,64.7,residential,standard,none,44.78
50,13,0,0,17.72,21.5,0,6.15,21,8.65,9.96,5,peripheral,standard,none,55.66
50,14,0,0,1.3,44.85,2.62,4.26,11,43.35,0,52.34,residential,bulky,none,22.68
50,15,0,0,8.61,44.88,3.5,3.03,3,20.77,8.56,70.7,central,bulky,none,42.48
50,16,0,0,8.85,62.08,0,6.67,9,17.76,14.22,78.38,central,standard,none,58.13
50,17,0,0,12.34,75.38,0,2.81,18,8.53,16.56,45.49,residential,express,none,56.17
50,18,0,0,5.5,73.32,7.09,7.93,22,10.69,13.04,67.56,residential,standard,none,43.44
51,7,0,0,5.34,51.03,0,5.15,9,25.09,1.13,96.5,central,standard,none,29.91
51,8,0,0,9.46,75.5,3.46,0.22,19,0,23.7,46.25,residential,express,none,65.37
51,9,0,0,10.43,92.86,8.05,7.49,11,35.45,19.8,85.37,central,express,none,62.5
51,10,0,0,4.52,25.58,1.41,10.19,17,1.96,10.83,75.85,residential,express,none,37.41
51,11,0,0,21.29,53.26,0,4.36,10,1.71,14.37,82.64,residential,standard,none,72.57
51,12,0,0,21.26,27.9,0,7.79,16,21.94,0,36.86,peripheral,express,none,47.35
51,13,0,0,26.91,61.51,2.18,3.22,13,25.71,15.42,74.41,central,express,none,86.72
51,14,0,0,2.94,37.25,7.2,6.68,10,5.89,8.29,23.91,peripheral,standard,none,34.62
51,15,0,0,10.47,55.22,0.58,12.04,14,0.04,1.98,87.09,central,standard,customer_absent,50.08
51,16,0,0,11.75,31.72,0,2.96,12,26.35,10.21,39.39,residential,standard,none,48.86
51,17,0,0,7.92,80.2,0.49,12.81,13,21.06,12.26,85.92,central,standard,none,61.33
51,18,0,0,7.22,75.63,13.09,11.92,22,31.13,12.5,74.83,central,standard,none,56.23
51,7,0,0,12.6,47.47,0,2.59,12,15.73,0,61.55,residential,standard,vehicle,78.92
51,8,0,0,10.04,91.17,0,11,17,0,22.93,82.14,central,express,none,65.95
51,9,0,0,7.64,93.43,5.74,11.98,14,15.48,21.74,83.67,central,standard,none,63.03
51,10,0,0,2.91,24.53,7.1,13.88,6,19.6,9.97,35.04,peripheral,standard,none,33.72
51,11,0,0,2.6,44.42,6.46,3.41,12,16.84,1.63,55.92,residential,bulky,none,28.9
51,12,0,0,13.57,36.02,0,6,22,7.38,16.99,31.22,peripheral,standard,none,53.65
51,13,0,0,6.93,53.42,2.23,7.99,2,30.3,7.06,47.43,residential,bulky,none,57.53
51,14,0,0,6.99,58.14,0,6.95,14,28.63,2.13,100,central,standard,none,29.06
51,15,0,0,15.99,41.05,4.78,9.86,11,28.71,7.09,71.89,central,standard,none,55.7
51,16,0,0,7.73,35.55,0,6.85,20,16.92,17.72,64.32,residential,standard,none,51.77
51,17,0,0,23.44,76.36,9.34,10.93,14,7.29,18.55,100,central,standard,none,103.9
51,18,0,0,12.84,88.64,6.01,1.13,7,37.45,21.28,34.82,residential,standard,none,61.35
51,7,0,0,5.73,43.75,10.07,2.55,15,15.03,0,45.49,residential,express,none,26.88
51,8,0,0,13.38,66.03,10.52,7.49,9,43.39,14.32,63.57,residential,express,none,56.02
51,9,0,0,10.42,75.11,5.94,12.2,20,0.55,24.51,59.64,residential,express,none,69.28
51,10,0,0,14.39,56.99,0,2.32,10,24.34,8.37,78.85,central,standard,none,47.56
51,11,0,0,5.71,53.55,1.91,5.91,11,10.2,0,50.18,residential,standard,none,26.49
51,12,0,0,7.13,39.64,0.34,2.64,17,25.96,8.96,60.79,residential,standard,none,40.75
51,13,0,0,13.23,46.53,1.61,7.76,12,6.48,6.2,73.84,central,standard,none,55.45
51,14,0,0,15.35,36.41,0.64,9.66,13,30.41,7.72,85.23,central,express,none,47.99
51,15,0,0,12.97,65.2,0,9.21,7,0,0,71.6,central,standard,none,38.71
51,16,0,0,26.83,42.63,4.17,6.04,7,17.33,14.96,46.44,residential,standard,none,80.68
51,17,0,0,8.13,87.86,3.41,7.17,11,50.36,17.67,93.6,central,bulky,none,71.73
51,18,0,0,10.01,85.85,6.04,9.16,15,4.41,23.42,84.98,central,express,none,71.39
51,7,0,0,8.11,54.47,0,12.45,9,0,5.26,97.27,central,standard,none,39.23
51,8,0,0,8.67,90.02,0,4.59,15,21.03,22.24,76.94,central,express,none,56.4
51,9,0,0,10.99,78.36,5.53,6.89,10,0,31.15,71.39,residential,standard,none,71.13
51,10,0,0,4.89,54.41,0,6.84,13,0,3.72,76.13,central,standard,none,32.85
52,11,0,0,11.45,32.34,0.56,6.19,8,35.31,8,20.33,peripheral,standard,none,34.18
52,12,0,0,2.62,63.28,5.47,12.17,12,20.34,3.7,85.29,central,standard,none,29.75
52,13,0,0,20.85,27.31,0,14.53,2,6.36,0,41.22,peripheral,bulky,none,63.1
52,14,0,0,3.2,25.49,9.4,9.09,6,18.14,1.47,5,peripheral,express,none,8
52,15,0,0,8.32,39.3,8.9,15.08,11,33.28,0,100,central,standard,none,28.18
52,16,0,0,8.94,57.05,0,1.87,14,35.47,12.41,75.6,central,standard,none,44.61
52,17,0,0,0.5,58.64,6.01,11.54,6,23.03,12.3,47.7,peripheral,express,none,20.52
52,18,0,0,37.61,70.83,6.28,3.01,15,7.87,21.57,77.71,residential,bulky,none,135.31
52,7,0,0,23.82,47.56,4.07,6.99,17,33.8,13.41,91.85,central,standard,none,73.5
52,8,0,0,8.4,77.4,1.68,6.57,17,10.6,18.96,63.07,residential,standard,none,57.7
52,9,0,0,26.79,70.2,0,2.73,14,11.81,12.44,46.72,residential,standard,none,97.91
52,10,0,0,11.39,35.46,0,4.46,16,18.45,0,5,peripheral,standard,none,31.93
52,11,0,0,9.13,35.2,5.97,4.36,12,7.43,8.54,52.62,residential,standard,none,43.45
52,12,0,0,6.8,56.38,0.28,10.05,19,21.45,10.66,75.51,central,standard,none,47.8
52,13,0,0,19.18,36.23,2.76,11.25,12,40.78,7.73,52.06,residential,standard,none,58.51
52,14,0,0,9.23,44.63,3.42,4.43,14,12.05,4.81,44.37,residential,standard,none,32.5
52,15,0,0,7.96,50.79,2.82,5.09,2,0,18.79,82.38,central,standard,none,51.47
52,16,0,0,4.61,41.26,3.72,3.98,13,0,11.47,53.26,residential,standard,none,41.37
52,17,0,0,8.51,87.2,5.94,4.69,16,21.26,12.27,78.15,central,standard,none,50.19
52,18,0,0,18.99,63.15,3.33,12.19,9,35.45,10.56,38.09,peripheral,standard,none,75.41
52,7,0,0,11.36,54.94,0,6.66,12,36.56,2.49,10.33,peripheral,standard,none,36.15
52,8,0,0,6.31,87.76,6.14,7.32,13,7.59,17.34,47.77,residential,express,none,48.27
52,9,0,0,0.5,70.71,0,4.48,16,22.13,25.71,75.07,residential,standard,none,49.53
52,10,0,0,9.99,40.14,0.68,10.3,6,22.55,3.6,59.88,residential,standard,none,40.36
52,11,0,0,8.55,52.51,0,11.36,15,18.76,4.73,89.21,central,express,none,39.26
52,12,0,0,15.21,34.31,2.84,6.56,3,29.74,0,20.38,peripheral,bulky,none,44.54
52,13,0,0,10.45,42.95,7.23,3.16,3,17.96,1.26,60.62,residential,bulky,none,48.18
52,14,0,0,2.49,32.23,0,1.75,7,24.15,7.21,60.38,residential,standard,none,22.51
52,15,0,0,8.53,43.63,4.58,6.58,5,32.14,8.91,55.83,residential,standard,none,50.29
52,16,0,0,7.17,45.76,3.98,5.51,18,0,11.7,52.28,residential,express,none,45.9
52,17,0,0,7.55,63.66,11.76,9.43,11,3.85,25.35,37.42,peripheral,standard,none,58.29
52,18,0,0,8.42,85.64,6.52,5.35,5,0.86,24.49,89.4,residential,express,none,63.11
52,7,0,0,8.19,35.76,8.03,11.25,8,30.39,7.1,46.07,residential,bulky,none,47.58
52,8,0,0,6.1,91.25,11.69,12.72,20,1.47,14.77,76.7,central,express,none,57.68
52,9,0,0,6.87,50.17,2.45,7.07,18,0,16.33,31.66,peripheral,standard,none,36.3
52,10,0,0,11.07,46.96,0,9.28,9,28.13,4.06,56.29,residential,express,customer_absent,42.04
52,11,0,0,18.24,37.46,2.35,1.7,15,10.17,1.99,59.08,residential,standard,none,49.85
52,12,0,0,23.84,35.69,3.78,4.74,10,15.5,4.4,5,peripheral,standard,none,63.81
52,13,0,0,31.14,35.11,5.51,12.63,11,27,7.62,32.74,peripheral,standard,none,79.69
52,14,0,0,11.49,59.06,3.36,4.18,17,11.09,9.29,74.89,central,standard,none,49.82
53,15,0,0,1.76,64.01,5.95,11.24,18,23.31,21.62,83.29,central,express,none,36.84
53,16,0,0,5.34,39.15,5.3,10.31,15,16.47,7.18,87.06,central,express,none,28.91
53,17,0,0,3.18,84.88,2.16,3.28,13,2.52,21.69,66.29,residential,standard,none,51
53,18,0,0,4.84,95.8,2.93,3.45,12,25.63,21.49,95.16,central,standard,none,46.81
53,7,0,0,8.04,20.35,6.13,11.86,20,0,10.49,9.55,peripheral,standard,none,43.23
53,8,0,0,11.77,87.25,4.2,9.02,16,24.07,11.41,99.32,central,express,none,58.72
53,9,0,0,33.15,80.79,0,6.14,19,19.14,18,97,central,standard,none,122.03
53,10,0,0,4.99,31.41,2.64,17.68,13,3.17,9.03,38.5,residential,standard,none,35.4
53,11,0,0,8.55,31.37,3.94,9.42,18,17.07,11.41,66.94,residential,standard,none,44.87
53,12,0,0,10.85,64.91,4.91,9.79,20,0,11.98,94.74,central,standard,none,67.36
53,13,0,0,9.19,54.82,11.88,9.1,12,18.56,10.94,72.39,central,standard,none,55.11
53,14,0,0,4.02,41.66,8.14,6.26,12,16.85,4.37,93.13,central,standard,none,32.42
53,15,0,0,12.17,36.32,5.41,6.38,13,38.56,3.64,25.88,peripheral,standard,none,37.9
53,16,0,0,16.18,46.77,1.71,10.78,15,14.77,3.51,88.59,central,express,none,63.47
53,17,0,0,8.95,88.08,4.02,10.89,7,28.91,18.33,40.91,residential,standard,none,52.21
53,18,0,0,7.01,52.5,8.03,7.61,3,1.94,16,32.59,peripheral,bulky,none,55.76
53,7,0,0,12.27,38.43,3.04,0.56,17,11.59,16.36,59.69,residential,express,none,44.74
53,8,0,0,11.85,58.85,0,2.05,14,0,11.88,15.48,peripheral,standard,none,58.51
53,9,0,0,9.98,98,0,1.87,10,8.77,13.17,81.65,central,bulky,none,63.82
53,10,0,0,11.23,54.37,0.93,8.73,19,7.88,0,77,central,standard,none,50.12
53,11,0,0,13.21,38.44,9.41,5.69,20,45.01,5.57,62.11,residential,standard,none,57.39
53,12,0,0,6.15,54.96,6.25,5.49,6,24.39,0.01,71.56,central,bulky,none,40.98
53,13,0,0,4.72,52.46,9.81,6.94,10,34.33,0.74,81.01,central,express,none,18.58
53,14,0,0,0.5,32.19,0,5.46,17,37.35,4.63,57.74,residential,standard,none,31.17
53,15,0,0,5.8,38.74,1.05,-3.11,19,41.28,10.04,32.95,residential,standard,none,44.5
53,16,0,0,5.24,33.64,6.07,5.76,4,15.93,17.85,28.38,residential,standard,none,42.26
53,17,0,0,3.68,80.31,7.82,5.45,6,10.16,18.74,68.06,residential,standard,none,47.73
53,18,0,0,23.27,91.06,0.68,2.52,17,22.45,14.76,66.34,residential,express,none,96.88
53,7,0,0,11.07,40.14,2.54,5.64,17,24.75,4.43,58.42,residential,express,none,35.75
53,8,0,0,26.79,98,0.11,5.4,15,12.81,19.77,100,central,express,none,105.42
53,9,0,0,10.23,71.43,0,8.12,19,52.84,18.68,42.39,residential,express,none,42.93
53,10,0,0,8.15,47.82,6.58,7.87,13,17.2,8.72,100,central,standard,none,53.32
53,11,0,0,18.77,44.21,0,9.34,13,10.12,2.73,92.49,central,standard,none,50.89
53,12,0,0,7.26,44.58,0,8.18,15,10.09,9.11,42.21,residential,standard,none,40.92
53,13,0,0,12.25,30.32,0.04,8.68,15,0,4.28,25.07,peripheral,standard,none,45.05
53,14,0,0,14.72,31.25,0,4.55,15,40.73,5.69,22.46,peripheral,express,none,38.89
53,15,0,0,1.56,41.01,5.3,10.2,7,10.48,6.86,67.76,central,standard,roadwork,43.79
53,16,0,0,13.94,43.83,4.99,7.56,8,43.29,14.09,98.38,central,bulky,none,69.56
53,17,0,0,18.16,61.41,9.4,5.84,12,30.72,24.09,39.33,residential,express,none,72.6
53,18,0,0,9.49,50.58,6.67,7.88,20,28.36,9.8,41.47,residential,standard,none,47.68
54,7,1,0,24.85,24.82,9.88,7.32,12,33.33,3.5,62.85,residential,standard,none,61.14
54,8,1,0,7.63,46.45,9.02,5.45,18,0,17.7,68.63,residential,standard,none,55.81
54,9,1,0,24.25,74.18,1.26,8.44,6,26.63,10.4,23.6,peripheral,bulky,none,92.24
54,10,1,0,12.9,38.94,4.22,7.7,16,25.34,9,71.08,residential,standard,none,51.62
54,11,1,0,1.72,40.75,1,5.64,6,10.28,4.85,61,central,bulky,none,36.05
54,12,1,0,3.87,22.76,0,4.88,14,18.18,19.43,36.65,residential,standard,none,42.36
54,13,1,0,14.72,43.69,8.98,11.5,19,17.78,1.91,100,central,express,roadwork,65.23
54,14,1,0,0.5,40.29,3.55,4.64,13,23.23,16.48,68.49,residential,standard,none,42.76
54,15,1,0,10.47,32.58,2.52,7.17,13,32.04,8.22,30.83,peripheral,standard,none,40.25
54,16,1,0,10.89,27.85,6.61,9.06,12,10.9,0,77.45,residential,express,none,31.66
54,17,1,0,15.86,71.39,7.05,6.35,16,23.73,8.76,45.56,residential,standard,none,63.59
54,18,1,0,11.15,74.09,0,2.09,12,22.52,15.49,62.05,central,standard,none,65.92
54,7,1,0,18.14,31.63,4.74,7.36,14,11.12,8.7,37.32,residential,express,none,55.68
54,8,1,0,5.64,90.92,2.29,10.93,14,23.48,21.02,100,central,standard,none,55.16
54,9,1,0,1.82,83.22,0,10.41,18,3.31,28.14,75.32,central,standard,none,55.13
54,10,1,0,11.98,35.07,10.5,-0.98,5,13.93,12.61,85.96,residential,standard,none,46.43
54,11,1,0,9.59,26.59,0,-1.13,13,20.96,5.41,100,central,standard,none,41.13
54,12,1,0,7.66,37.18,7.32,6.55,15,3.57,15.23,71.86,residential,express,none,45.65
54,13,1,0,0.5,18.27,7.7,12.1,12,9.81,8.11,5,peripheral,standard,none,31.46
54,14,1,0,10.53,28.14,0.37,5.9,10,29.63,6.61,53.61,residential,standard,none,45.28
54,15,1,0,10.66,38.46,0.26,4.36,11,51.95,9.3,89.85,central,standard,none,43.73
54,16,1,0,9.84,40.73,4.31,5.74,12,30.9,5.58,82.81,central,express,none,36.22
54,17,1,0,5.57,77.36,4.57,10.88,12,2.19,20.85,82.53,central,standard,customer_absent,56.46
54,18,1,0,10.68,86.66,7.85,5.95,9,7.6,14.96,80.92,central,standard,none,60.64
54,7,1,0,4.72,46.19,3.79,2.73,21,18.19,3.82,24.52,peripheral,standard,none,37.87
54,8,1,0,14.42,93.13,0.28,6.17,13,11.33,11.38,63.7,central,standard,none,68.46
54,9,1,0,2.69,66.13,10.93,0.86,13,34.35,13.07,32.98,peripheral,express,none,29.29
54,10,1,0,3.8,40.91,2.02,10.89,2,10.53,10.62,90.35,central,bulky,none,45.33
54,11,1,0,5.34,40.66,0,12.33,14,11.66,1.36,15.92,peripheral,express,none,30.95
54,12,1,0,8.79,34.6,2.87,3.6,18,29.44,14.76,44.25,peripheral,standard,none,56.03
54,13,1,0,0.65,38.82,1.23,7.65,17,0,11.87,28.27,peripheral,express,none,26.42
54,14,1,0,6.59,23.02,3.7,12.1,6,25.86,19.3,39.59,peripheral,bulky,none,54
54,15,1,0,6.66,33.61,2.25,10.36,14,22.8,16.26,71.15,residential,express,none,39.39
54,16,1,0,5.54,31.04,1.96,14.95,3,25.26,13.77,22.03,peripheral,bulky,none,34.87
54,17,1,0,21.03,50.33,4.2,9.69,8,2.42,11.27,50.3,residential,bulky,none,83.06
54,18,1,0,9.92,72.78,0,16.14,11,0,18.67,63.49,residential,standard,none,57.92
54,7,1,0,17.71,34.23,0,12.17,20,37.95,3.53,30.01,peripheral,standard,none,52.63
54,8,1,0,0.5,54.84,0,4.35,17,48.61,16.47,36.06,peripheral,standard,none,37.82
54,9,1,0,19.34,67.12,7.07,6.47,12,30.29,18.09,48.17,residential,standard,none,72.81
54,10,1,0,7.53,8.8,8.63,6.26,12,52.85,2.62,32.98,peripheral,standard,none,20.69
55,11,1,0,8.23,30.3,0,3.21,11,22.94,16.37,10.09,peripheral,express,none,37.03
55,12,1,0,13.14,13.29,4.17,7.81,22,13.83,15.2,7.09,peripheral,express,none,41.67
55,13,1,0,7.48,47.32,0.79,5.6,18,37.96,0,27.85,residential,standard,none,27.69
55,14,1,0,4.89,20,0,6.42,22,19.8,6.54,24.39,peripheral,standard,none,28.47
55,15,1,0,6.4,32.9,5.66,7.96,6,14.7,9.13,31.76,peripheral,bulky,none,49.16
55,16,1,0,12.27,43.69,0,8.01,2,0,7.88,90.08,central,bulky,none,49.33
55,17,1,0,11.39,60.64,6.38,6.78,11,18.6,15.61,63.45,residential,standard,none,59.49
55,18,1,0,4.38,69.06,9.55,10.29,17,3.07,22,93.68,residential,express,none,53.39
55,7,1,0,1.67,28.08,0,9.25,8,0,11.26,18.75,peripheral,express,none,14.75
55,8,1,0,10.22,59.87,0.19,8.66,13,5.09,23.58,65.72,residential,standard,none,60.19
55,9,1,0,28.01,83.67,0,4.93,12,33.72,27.09,41.83,residential,express,none,111.81
55,10,1,0,11.02,30.45,0.72,8.93,17,33.66,0,30.32,peripheral,standard,none,32.65
55,11,1,0,7.47,22.37,1.56,5.74,7,19.21,3.52,12.11,peripheral,standard,none,23.77
55,12,1,0,0.5,19.72,1.14,9.2,16,11.72,6.96,60.73,residential,standard,none,30.61
55,13,1,0,11.1,40.81,0.84,8.76,14,30.59,3.02,52.08,residential,standard,none,47.68
55,14,1,0,0.98,39.95,10.72,6.74,16,15.93,6.16,26.87,residential,express,none,24.61
55,15,1,0,15.55,34.15,0,0.99,17,29.97,18.29,67.44,residential,standard,none,67.65
55,16,1,0,11.93,38.47,0,4.03,16,19.18,4.53,69.19,residential,express,none,44.69
55,17,1,0,15.7,68.27,0.39,6.28,12,10.21,8.65,62.49,residential,standard,none,54.51
55,18,1,0,0.5,56.23,3.71,8.62,1,0,23.39,16.74,peripheral,bulky,none,45.5
55,7,1,0,10.23,52.25,0,3.46,13,11.35,0.74,80.6,central,standard,none,43.04
55,8,1,0,8.04,67.19,0,6.21,21,9.53,11.9,96.94,central,express,none,44.24
55,9,1,0,11.63,77.98,5.78,3.74,16,17.11,16.68,78.39,central,standard,none,67.99
55,10,1,0,10.48,25.13,1.85,5.14,7,7.98,10.21,58.53,residential,standard,none,40.74
55,11,1,0,3.31,41.53,2.22,11.73,8,25.3,14,100,central,standard,none,43.2
55,12,1,0,7.32,49.73,0,7.53,16,6.64,7.56,100,central,express,none,37.06
55,13,1,0,8.6,38.73,0,-3.58,17,21.69,1.37,100,central,express,none,28.7
55,14,1,0,7.47,43.43,0,9.57,21,26.82,0.29,86.14,central,express,none,27.72
55,15,1,0,4.66,24.3,4.06,12.15,13,18.12,12.72,49.24,residential,express,none,26.97
55,16,1,0,7.99,41.43,11.19,10.2,13,1.12,5.38,33.05,residential,standard,none,35.37
55,17,1,0,7.22,59.22,0.04,4.59,14,7.08,6.58,35.53,peripheral,standard,none,43.36
55,18,1,0,8.56,74.66,4.45,10.82,14,37.78,19.18,41.15,residential,standard,none,53.94
55,7,1,0,7.26,43.38,0.97,5.93,8,2.05,14.96,18.53,peripheral,express,none,35.1
55,8,1,0,2.17,86.88,3.97,5.51,12,6.01,14.14,72.59,central,express,none,33.19
55,9,1,0,5.42,92.82,0,6.86,9,2.77,16.75,70.12,central,express,none,41.2
55,10,1,0,11.2,38.24,1.74,7.68,16,6.52,9.91,91.79,central,standard,none,45.81
55,11,1,0,7.5,31.62,0,5.64,24,28.13,4.52,22.36,peripheral,express,none,36.27
55,12,1,0,12.51,43.47,0,5.14,13,7.27,0,85.97,central,standard,none,39.47
55,13,1,0,7.3,49.42,0.49,6.33,5,34.05,19.72,94.6,central,bulky,none,56.58
55,14,1,0,5.97,24.69,2.35,4.42,12,16.87,6.64,24.71,peripheral,standard,none,32.14
56,15,0,0,6.47,24.79,5.25,7.19,12,39.99,6.87,72.81,residential,standard,none,30.64
56,16,0,0,10.09,51.12,0.11,9.12,6,39.04,2.23,46.72,residential,standard,none,42.34
56,17,0,0,10.32,79.91,0.09,10.07,16,32.84,13.13,29.77,residential,standard,none,54.48
56,18,0,0,5.37,81.43,0,6.35,8,0,19.08,84.75,residential,express,roadwork,54.51
56,7,0,0,5.71,38.54,0,8.18,12,41.22,6.49,52.22,residential,standard,roadwork,47.21
56,8,0,0,13.04,87.26,0,11.89,4,15.23,19.82,100,central,bulky,none,82.96
56,9,0,0,12.63,74.43,10.88,10.26,13,28.89,13.13,53.84,residential,express,none,56.56
56,10,0,0,29.76,27.13,2.77,11.07,14,16.9,0.56,27.47,peripheral,standard,none,59.7
56,11,0,0,5.31,54.8,0,10.23,15,4.54,0.34,59.75,residential,standard,none,33.6
56,12,0,0,11.19,23.07,0,5.24,13,12.05,7.12,5.64,peripheral,standard,none,31.49
56,13,0,0,11.65,31.37,0,5.97,12,12.35,0,6.93,peripheral,express,none,34.58
56,14,0,0,7.82,46.37,2.67,7.4,13,18.33,6.51,60.88,residential,standard,none,32.41
56,15,0,0,0.5,36.72,12.59,4.71,14,0,2.2,67.35,residential,standard,none,34.73
56,16,0,0,15.12,59.36,0,13.01,18,25.95,10.25,98.31,central,express,none,59.7
56,17,0,0,10.65,78.67,0,5.09,12,5.07,13.95,36.09,peripheral,express,none,56.61
56,18,0,0,4.39,55.66,4.18,0.51,1,28.34,21.81,24.81,peripheral,bulky,none,54.37
56,7,0,0,29.6,31.07,8.39,8.27,14,20.51,1.16,40.89,residential,standard,none,72.47
56,8,0,0,9.64,70.21,5.21,5.94,11,16.63,24.14,59.9,residential,standard,none,65.51
56,9,0,0,1.57,76.39,0,16.36,9,6.4,23.83,17.32,peripheral,standard,none,45.62
56,10,0,0,9.39,48.71,0,6.19,9,18.45,10.21,67.97,residential,express,none,40.03
56,11,0,0,7.54,29.15,8.96,1.53,14,12.73,1.79,28.31,peripheral,standard,none,41.07
56,12,0,0,4.92,46.91,2.63,7.72,13,38.56,6.68,87.62,central,standard,none,43.91
56,13,0,0,4.71,38.18,4.56,7.46,17,0.51,4.91,55.64,residential,standard,none,36.67
56,14,0,0,12.74,52.44,2.07,9.24,16,11.19,9.47,59.43,residential,standard,none,64.28
56,15,0,0,14.69,46.51,4.91,8.18,12,19.09,9.53,92.39,central,standard,none,55.48
56,16,0,0,11.51,47.47,9.73,8.5,11,9.09,7.26,82.19,central,express,none,39.08
56,17,0,0,8.08,85.76,0,10.79,6,0,19.68,77.9,central,bulky,none,68.82
56,18,0,0,2.01,54.54,4.27,2.94,9,14.33,20.3,17.73,peripheral,standard,none,34.61
56,7,0,0,16.79,41.93,2.23,10,19,0,1.18,73.83,central,standard,none,55.89
56,8,0,0,25.84,58.92,5.4,2.53,18,25.69,22.33,20.72,peripheral,standard,none,95.66
56,9,0,0,14.44,77.99,13.18,7.9,21,35.63,9.36,41.76,residential,express,none,58.48
56,10,0,0,13.85,52.21,6.22,9.12,7,28.87,0,86.85,central,bulky,none,65.79
56,11,0,0,11.03,33.09,0,7.9,19,48.67,12.57,44.44,peripheral,express,none,43.16
56,12,0,0,5.49,50.78,0,6.82,10,28.5,7.11,82.62,central,express,none,29.02
56,13,0,0,6.1,31.38,0,5.56,12,29.38,16.31,85.09,residential,bulky,none,57.15
56,14,0,0,15.02,54.44,13.81,7.18,16,22.81,10.79,100,central,standard,none,65.82
56,15,0,0,9.4,23.17,0,6.72,11,7.15,11.1,75.84,residential,standard,none,36.07
56,16,0,0,26.16,49.25,2.11,12.53,14,15.51,6.48,100,central,standard,none,90.91
56,17,0,0,0.5,56.5,10.2,4.16,1,19.78,19.48,39.5,peripheral,bulky,none,41.71
56,18,0,0,25.5,71.67,0,12.01,8,8.45,17,33.65,peripheral,standard,none,97.81
57,7,0,0,12.98,17.38,0.45,11.7,15,12.55,10.76,29.95,peripheral,standard,none,51.39
57,8,0,0,10.69,71.75,0.56,15.32,15,8.7,19.39,63.09,residential,express,none,58.47
57,9,0,0,12.97,84.67,5.35,9.27,10,8.5,15.05,46.15,residential,standard,none,66.41
57,10,0,0,23.4,24.88,3.39,6.31,14,32.82,6.14,39.64,peripheral,standard,none,65.05
57,11,0,0,5.24,65.01,7.79,5.28,13,29.11,10.6,69.74,central,standard,none,39.15
57,12,0,0,12.7,36.89,0,9.3,9,38.97,8.89,64.64,residential,bulky,none,56.74
57,13,0,0,7,49.22,8.43,5.7,9,15.36,0,75.89,residential,express,none,26.89
57,14,0,0,6.97,52.1,1.79,7.34,8,22.71,2.24,58.82,residential,bulky,none,49.13
57,15,0,0,6.11,33.57,0.04,2.55,20,3.06,0,47.82,residential,standard,none,32.37
57,16,0,0,8.54,54.93,0,-2.24,8,44.42,6.85,85.98,central,bulky,none,49.85
57,17,0,0,13.46,84.57,2.81,8.41,9,19.21,22.29,71.92,residential,standard,customer_absent,73.85
57,18,0,0,9.26,56.76,0,12.27,16,15.49,14.56,34.26,peripheral,express,none,36.83
57,7,0,0,9.55,26.21,0.88,4.82,19,6.22,3.88,18.84,peripheral,standard,none,32.97
57,8,0,0,7.63,86.65,0,7.94,19,17.4,10.84,67.88,central,standard,none,57.04
57,9,0,0,0.5,76.43,12.89,6.39,11,33.28,18.85,100,central,standard,none,37.96
57,10,0,0,9.9,15.23,0,7.6,10,25.83,2.4,43.68,residential,express,none,11.85
57,11,0,0,10.22,44.8,1.32,11.38,20,24.53,2.74,40.21,residential,standard,none,40.38
57,12,0,0,10.09,37.53,0,3.07,22,18.36,0.22,14.8,peripheral,standard,none,27.48
57,13,0,0,8.97,51.66,6.86,3.45,17,36.81,16.35,71.44,central,standard,none,56.55
57,14,0,0,13.97,31.55,15.44,6.5,18,44.04,5.93,20.42,peripheral,standard,none,41.77
57,15,0,0,7.74,37.77,0,2.12,13,0.22,8.75,42.19,residential,standard,none,41.67
57,16,0,0,4.03,57.2,0,10.91,6,40.01,10.25,96.28,central,standard,none,38.46
57,17,0,0,12.48,75.34,5.18,12.79,18,0,14.54,42.47,residential,express,none,66.48
57,18,0,0,21.33,84.2,0,13.62,13,30.56,12.31,100,central,express,none,82.93
57,7,0,0,2.51,31.3,2.94,4.42,17,6.77,8.56,55.02,residential,standard,none,34.21
57,8,0,0,0.5,86.92,6.21,11.66,11,23.67,22.49,65.95,residential,bulky,none,55.82
57,9,0,0,2.45,84.4,6.77,1.72,17,49.82,19.12,48.75,residential,express,none,32.45
57,10,0,0,4.8,39.11,0,6.62,14,36.46,6.65,67.06,residential,express,none,29.13
57,11,0,0,35.28,60.38,2.14,7.6,13,46.83,6.11,96.92,central,standard,none,106.66
57,12,0,0,9.34,52.66,0,9.92,16,31.5,2.93,77.91,central,standard,none,39.8
57,13,0,0,0.5,41.52,5.75,9.73,5,42.06,3.18,86.26,central,bulky,none,32.16
57,14,0,0,18.03,43.24,0.44,6.32,11,7.19,12.89,67.75,residential,standard,none,69.07
57,15,0,0,31.78,32.91,5.58,7.87,9,23.18,13.24,21.6,peripheral,standard,none,78.77
57,16,0,0,4.36,31.85,0,12.75,14,31.29,1.86,63.12,residential,standard,none,35.94
57,17,0,0,10.82,60.79,9.66,17.06,14,12.66,9.35,26.59,peripheral,standard,none,59.89
57,18,0,0,7.85,73.96,0,13.34,12,44.71,18.32,70.27,residential,standard,none,47.44
57,7,0,0,11,32.23,1.41,4.43,1,0,6.9,24.88,peripheral,bulky,none,52.2
57,8,0,0,10.07,89.35,0,12.91,15,16.19,20.76,77.19,residential,standard,none,67.7
57,9,0,0,7.09,66.91,11.32,9.67,15,20.14,10.81,26.63,peripheral,express,none,26.28
57,10,0,0,24.57,47.72,0,9.66,16,31.25,15.04,74.13,residential,standard,none,83.58
58,11,0,0,14.46,37.18,5.76,4.92,5,8.67,14.31,41.12,peripheral,standard,none,59.81
58,12,0,0,8.71,37.54,4.07,7.47,16,3.55,3.32,5,peripheral,standard,vehicle,84.93
58,13,0,0,13.4,43.74,0,6.18,11,0,0,57.95,residential,bulky,none,52.82
58,14,0,0,18.23,33.88,0,10.93,4,21.97,10.51,24.07,residential,express,none,45
58,15,0,0,0.5,47.09,2.93,10.75,12,8.08,10.68,100,central,express,none,25.31
58,16,0,0,4.98,41.99,3.77,13.14,19,36.28,9.21,44.14,residential,express,none,25.67
58,17,0,0,5,73.32,0,5.48,14,25.55,8.55,66.44,residential,standard,none,42.87
58,18,0,0,11.05,72.5,2.45,9.48,17,40.72,18.26,23.12,peripheral,standard,none,72.36
58,7,0,0,15.54,46.56,9.57,9.51,14,37.72,6.68,53.79,residential,express,none,46.27
58,8,0,0,9.11,54.75,6.59,8.95,1,17.34,6.73,20.41,peripheral,bulky,none,47.37
58,9,0,0,12.1,82,0.18,12.7,10,3.88,23.01,38.38,peripheral,standard,none,65.86
58,10,0,0,9.23,20.52,0,9.84,21,36.05,4.47,53.06,peripheral,standard,none,37.46
58,11,0,0,12.27,36.13,3.26,6.67,1,11.62,4.14,20.58,peripheral,bulky,none,50.33
58,12,0,0,2.44,27.51,1.62,7.27,11,31.96,11.88,36.28,peripheral,express,none,18.86
58,13,0,0,4.47,15.47,15.94,8.41,17,1.93,12.34,35.98,peripheral,standard,none,46.7
58,14,0,0,7.99,51.12,2.91,3.22,14,20.15,15.02,100,central,standard,none,53.07
58,15,0,0,8.77,46.29,0,11.11,16,24.21,4.18,55.83,residential,standard,none,29.6
58,16,0,0,5.03,49.16,1.81,7.4,9,6.05,13.88,48.43,residential,standard,none,39.61
58,17,0,0,3.08,79.45,7.66,5.99,17,18.1,10.59,70.7,residential,standard,none,48.34
58,18,0,0,13.18,70.43,0,5.83,12,11.3,19.21,39.21,peripheral,express,none,67.39
58,7,0,0,14.56,47.41,9.03,5.17,15,18.56,0,49,residential,express,none,50.28
58,8,0,0,12.9,73.3,1.7,11.62,18,5.85,13.49,51.62,residential,express,none,60.08
58,9,0,0,17.06,92.17,1.79,9.64,13,25.99,20.64,100,central,standard,none,82.05
58,10,0,0,18.2,37.71,1.33,8.83,9,18.41,0,81.69,central,express,none,47.34
58,11,0,0,9.49,18.98,0,9.76,9,9.21,7.77,15.35,peripheral,standard,none,30.94
58,12,0,0,9.12,18.04,4.21,6.09,13,0,4.27,59.38,residential,express,none,31.02
58,13,0,0,7.06,38.85,0,6.46,18,4.12,7.11,85.79,central,standard,customer_absent,51.54
58,14,0,0,12.23,20.44,0.02,4.09,16,0,0,32.02,peripheral,express,none,32.42
58,15,0,0,6.3,55.16,10.58,10.96,12,2.92,7.02,81.83,central,standard,none,36.33
58,16,0,0,9.41,54.54,0,4.59,1,29.8,10.29,78.69,central,bulky,none,45.47
58,17,0,0,14.46,73.99,6.11,7.47,2,12.82,16.67,6.78,peripheral,bulky,none,73.37
58,18,0,0,16.12,60.35,0,12.99,14,17.21,24.58,37.94,peripheral,standard,none,80
58,7,0,0,3.13,56.12,0,6.18,15,0,5.82,80.9,residential,standard,none,39.74
58,8,0,0,12.33,87.82,5.34,7.23,22,21.9,10.37,70.24,residential,standard,none,67.56
58,9,0,0,10.34,89.77,7.23,-0.07,18,26.7,21.73,66.81,central,standard,none,74.79
58,10,0,0,7.95,30.34,2.48,6.58,6,35.38,8.91,30.62,residential,standard,none,36.66
58,11,0,0,24.73,34.36,5.72,3.75,12,17.75,0,44.53,peripheral,standard,none,60.03
58,12,0,0,35.93,17.95,0.44,8.51,11,0,13.98,68.63,residential,standard,none,80.35
58,13,0,0,7.53,40.53,0.97,5.34,13,27.65,6.92,23.56,peripheral,standard,none,37.69
58,14,0,0,12.38,65.28,2.33,8.22,13,6.25,9.58,52.44,residential,bulky,none,61.03
59,15,0,0,14.09,45.22,7.87,8.79,13,19.6,6.32,48.73,residential,standard,none,47.91
59,16,0,0,9.78,47.59,3.33,11.46,19,0,0,62.7,central,standard,none,44.17
59,17,0,0,7.4,87.17,11.33,9.03,17,15,9.33,55.86,residential,express,none,40.03
59,18,0,0,0.88,84.4,7.76,3.02,14,40.14,14.91,49.6,residential,standard,none,40.32
59,7,0,0,4.61,34.89,3.23,17.34,13,25.51,7.28,25.12,residential,standard,none,35.18
59,8,0,0,5.68,89.1,6.68,11.77,17,5.04,18.07,89.15,central,express,none,47.86
59,9,0,0,3.52,65.42,6.35,4.54,10,38.69,12.87,50.09,residential,standard,none,39.82
59,10,0,0,9.47,51.22,0,8.5,17,17.96,0,62.17,residential,standard,none,36.37
59,11,0,0,18.89,33.2,0,12.01,17,27.38,5.11,28.73,peripheral,standard,none,59.63
59,12,0,0,0.98,46.61,0,10.6,9,16.55,2.84,100,central,express,none,17.57
59,13,0,0,5.73,27.75,0.98,4.98,18,0,6.29,52.31,residential,standard,none,33.77
59,14,0,0,10.99,36.84,0,7.34,10,15.6,5.78,30.88,peripheral,standard,none,41.9
59,15,0,0,11.34,52.46,7.46,8.09,16,22.73,10.69,93.49,central,standard,none,49.46
59,16,0,0,3.69,46.84,0,0.17,14,11.41,3.68,88.35,central,express,customer_absent,37.73
59,17,0,0,14.5,87.91,4.12,12.52,15,0,12.1,100,central,standard,none,74.48
59,18,0,0,11.62,83.56,5.57,6.86,18,14.82,11.27,40.56,peripheral,express,none,60.17
59,7,0,0,13.45,22.39,3.07,3.77,9,33.27,11.86,11.57,peripheral,express,none,41.04
59,8,0,0,11.79,71.81,8.84,10.85,10,11.46,31.03,96.62,central,standard,none,75.53
59,9,0,0,7.54,97.31,5.21,7.26,16,43.51,7.45,100,central,express,none,35.7
59,10,0,0,9.77,29.53,3.19,13.62,17,19.9,14.5,20.85,peripheral,standard,none,48.25
59,11,0,0,15.56,16.12,1.65,1.95,12,0,7.64,44.01,peripheral,express,none,35.85
59,12,0,0,6.25,41.89,0.48,11.89,1,35.83,10.53,58.45,residential,bulky,none,41.79
59,13,0,0,6.2,63.9,4,-0.21,13,20.62,8.58,78.08,central,standard,none,41.2
59,14,0,0,6.09,26.32,0.29,4.53,11,24.53,14.33,50.15,residential,standard,none,31.46
59,15,0,0,10.34,23.84,15.51,8.39,16,11.34,0,26.36,peripheral,express,none,28.16
59,16,0,0,7.82,52.38,2.54,7.45,16,0,0.47,53.2,residential,standard,none,39.62
59,17,0,0,4.35,66.44,0.66,9.89,20,8.33,20.76,64.2,residential,standard,none,60.73
59,18,0,0,14.82,98,0,12.92,12,14.79,20.61,78.87,central,standard,none,89.48
59,7,0,0,2.21,22.03,4.22,5.38,14,4.45,4.92,28.35,peripheral,express,none,30.68
59,8,0,0,9.52,74.33,3.13,2.86,9,25.93,23.46,48.39,residential,standard,none,59.74
59,9,0,0,6.38,72.49,0,14.8,23,18.65,13.63,30.62,peripheral,express,none,44.06
59,10,0,0,2.93,31.3,6.77,7.03,11,26.78,0,12.32,peripheral,standard,none,26.35
59,11,0,0,7.03,49.74,7.56,2.78,13,29.51,9.7,61.68,residential,express,none,31.26
59,12,0,0,11.75,31.97,0,8.29,11,0,12.03,24.69,peripheral,standard,none,48.2
59,13,0,0,6.55,60.48,2.58,10.04,5,0,5.29,67.63,central,express,none,27.76
59,14,0,0,3.89,38.91,0,3.13,9,42.41,8.18,77.58,residential,standard,none,33.15
59,15,0,0,14.9,38.75,7.24,6.6,10,17.71,6.05,36.22,peripheral,standard,none,49.69
59,16,0,0,3.99,48.48,5.26,8.57,13,28.96,0,100,central,standard,none,21
59,17,0,0,6.51,84.82,9.4,14.01,17,16.97,17.02,97.75,central,standard,none,57.19
59,18,0,0,30.72,86.12,0,14.13,12,4.1,16.65,95.13,central,standard,none,122.18
60,7,0,0,8.9,35.8,4.97,4.04,13,6.12,4.5,45.77,residential,express,none,33.53
60,8,0,0,14.14,56.04,6.21,12.35,16,17.96,20.07,49.54,residential,standard,none,76.27
60,9,0,0,11.66,71.77,2.16,9.47,14,20.39,13.55,58.11,residential,standard,none,62.16
60,10,0,0,8.3,52.29,5.43,3.97,1,39.43,0,77.31,residential,bulky,none,36.17
60,11,0,0,7.56,56.69,1.58,4.44,14,12.51,10.47,92.43,central,standard,none,48.21
60,12,0,0,17.39,34.85,11.28,8.19,18,24.19,3.83,36.95,peripheral,express,none,50.13
60,13,0,0,7.81,60.53,0,7.49,10,23.38,16.02,100,central,bulky,none,58.58
60,14,0,0,5.44,36.22,6.14,6.82,13,26.78,3.11,61.55,residential,express,none,15.82
60,15,0,0,14.45,51.51,4.23,9.97,5,10.25,15.03,100,central,bulky,none,76.98
60,16,0,0,15.19,34.35,0.59,7.05,15,12.56,16.31,44.91,residential,standard,none,57.08
60,17,0,0,8.19,64.32,0,-0.09,12,29.86,19.13,40.01,peripheral,express,none,44.27
60,18,0,0,10.38,58.59,10.89,2.25,4,14.72,16.76,17.36,peripheral,bulky,none,64.62
60,7,0,0,14.7,40.36,4.08,9.65,16,18.05,6.08,80.35,central,express,none,40.64
60,8,0,0,0.51,72.17,1.29,8.1,17,10.24,2.59,34.84,residential,standard,none,29.53
60,9,0,0,4.54,87.61,4.46,4.81,15,12.28,13.5,100,central,standard,none,49.62
60,10,0,0,9.89,28.22,10.11,10.59,18,17.85,5.26,38.62,residential,express,none,42.48
60,11,0,0,17.61,45.12,7.38,5.45,2,22.93,11.6,69.64,central,bulky,none,68.09
60,12,0,0,29.23,25.45,1.12,10.48,13,41.54,6.78,75.53,residential,express,none,62.84
60,13,0,0,8.67,53.55,3.16,8.92,13,32.47,3.7,80.69,central,standard,none,35.25
60,14,0,0,10.53,39.02,3.61,12.38,16,44.71,7.33,53.57,residential,express,none,36.29
60,15,0,0,8.86,34.7,0,7.35,13,15.58,4.98,90.6,central,standard,none,38.32
60,16,0,0,0.5,21.8,0,10.68,13,23.69,9.92,9.91,peripheral,standard,none,24.45
60,17,0,0,3.9,57.9,5.85,14.28,19,40.31,18.48,14.63,peripheral,standard,roadwork,48.47
60,18,0,0,12.61,63.08,0,8.83,15,10.78,20.49,28.21,peripheral,standard,none,56.44
60,7,0,0,6.43,34.66,6.51,5.02,20,0.3,0,63.81,residential,express,none,34.08
60,8,0,0,4.98,48.27,0,9.75,10,14.87,19.48,13.17,peripheral,express,none,33.39
60,9,0,0,12.45,55.2,0,10.17,26,35.95,16.95,22.18,peripheral,standard,none,69.11
60,10,0,0,2.55,57.59,1.53,6.94,16,37.55,0,100,central,standard,none,25.29
60,11,0,0,8.86,50.74,3.89,11.58,20,15.4,18.05,53.05,residential,standard,none,56.52
60,12,0,0,5.7,47.32,0.46,5.89,12,4.98,13.15,13.49,peripheral,standard,none,47.46
60,13,0,0,17.28,23.29,1.94,6.89,17,38.64,0,40.41,residential,standard,none,48.23
60,14,0,0,9.78,29.83,8.27,4,18,16.52,14.04,63.18,residential,standard,none,47.54
60,15,0,0,5.88,61.78,0,9.72,16,14.21,8.28,86.82,central,standard,none,43.51
60,16,0,0,18.08,41.39,4.57,14.76,10,24.11,3.23,61.69,residential,express,none,48.29
60,17,0,0,7.06,76.62,2.25,4.63,2,19.71,19.88,100,central,bulky,none,59.68
60,18,0,0,17.24,71.68,3.66,9.62,14,0,28.75,13.32,peripheral,express,none,86.96
60,7,0,0,20.56,34.74,1.27,12.49,14,31.67,4.16,5,peripheral,express,none,45.63
60,8,0,0,13.42,77.07,2.47,5.12,11,20.41,14.65,51.37,residential,standard,none,67.73
60,9,0,0,24.19,73.55,0,11.87,19,0,18.59,63.58,residential,standard,none,98.01
60,10,0,0,8.37,46.96,0,9.51,12,40.26,9.56,80.75,central,standard,none,41.29
61,11,1,1,14.47,38.59,0,7.3,9,32.61,2.67,18.28,residential,standard,none,43.1
61,12,1,1,13.53,33.02,0,6.12,10,22.22,8.58,24.37,peripheral,express,none,34.29
61,13,1,1,10.18,28.48,7.57,8.64,14,15.9,2.75,16.61,peripheral,standard,none,41.23
61,14,1,1,4.31,29.67,3.42,10.01,12,28.92,7.73,89.11,central,express,none,33.45
61,15,1,1,2.64,37.22,1.35,2.35,20,0,9.06,91.95,central,standard,none,29.34
61,16,1,1,5.26,35.89,8.2,13.8,10,24.09,12.02,31.98,residential,express,none,29.26
61,17,1,1,6.91,62.97,0.36,1.39,11,9.57,22.4,76.57,residential,standard,none,62.41
61,18,1,1,11.53,45.88,0,13.89,1,0,8.32,30.36,peripheral,bulky,none,51.68
61,7,1,1,5.88,24.97,0,7.45,10,19.15,8.05,67.19,residential,standard,none,35.29
61,8,1,1,12.41,86.16,13.13,12.61,14,17.37,25.55,95.24,central,standard,none,80.29
61,9,1,1,21.66,79.09,0,11.42,4,0,20.11,62.8,central,bulky,none,105.22
61,10,1,1,17.37,44.38,0.24,15.21,15,6.37,0,89.35,central,standard,none,52.44
61,11,1,1,0.5,45.39,2.25,11.69,11,38.59,13.52,70.42,residential,standard,none,32.02
61,12,1,1,12.62,24.23,0,7.31,15,31.26,4.41,74.7,residential,standard,customer_absent,61.27
61,13,1,1,13.26,10.46,7.78,7.93,9,29.76,4.8,22.34,peripheral,bulky,none,47.97
61,14,1,1,1.97,34.44,2.17,4.63,15,7.08,9.29,55.35,residential,standard,none,39.13
61,15,1,1,0.5,54.63,0,6.7,20,38.37,13.96,81.55,central,standard,none,30.9
61,16,1,1,6.54,31.38,2.19,4.94,17,0,11.85,46.77,residential,standard,none,54.62
61,17,1,1,9.3,91.61,9.93,12.28,16,21.14,12.61,44.06,residential,standard,none,62.13
61,18,1,1,9.62,56.02,0,11.44,12,25.59,3.31,15.55,peripheral,express,none,34.01
61,7,1,1,12.3,26.72,0,4.35,11,24.31,12.38,60.02,residential,standard,none,42.6
61,8,1,1,11.26,59.55,4.19,9.35,10,27.88,17.56,50.12,peripheral,standard,none,60.71
61,9,1,1,10.54,62.72,2.78,8.75,17,0,18.59,44.12,residential,express,none,62.04
61,10,1,1,11.24,23.52,0,9.58,15,4.31,14.11,13.88,peripheral,express,none,38.8
61,11,1,1,7.43,48.53,11.75,5.99,16,26.58,11.48,47.11,residential,standard,none,53.22
61,12,1,1,6.47,27.97,4.14,11.84,24,32.12,7.51,47.51,residential,standard,none,34.46
61,13,1,1,6.39,22.01,0,3.99,13,0,0,5,peripheral,standard,none,34.93
61,14,1,1,9.12,58.21,1.4,7.69,5,38.49,19.64,89.23,central,standard,none,53.35
61,15,1,1,8.47,28.42,5.14,9.32,11,23.45,12.26,45.71,peripheral,standard,none,45.4
61,16,1,1,7.1,52.74,2.31,10.92,19,11.61,5.16,56.62,residential,standard,none,42.1
61,17,1,1,5.1,59.39,0,12.97,17,17.26,18.08,62.41,residential,standard,none,45.95
61,18,1,1,5.02,51.52,7.16,12.2,16,0,15.92,41.01,peripheral,standard,none,49.06
61,7,1,1,5.9,34.88,0,5.35,9,0.91,5.88,16.98,peripheral,bulky,none,36.46
61,8,1,1,11.77,93.82,1.65,11.68,10,37.53,19.84,92.36,central,standard,none,71.89
61,9,1,1,10.81,71.6,2.22,5.21,12,0,18.44,51.88,residential,express,none,57.74
61,10,1,1,9.03,30.62,0,11.36,14,10.56,23.6,52.03,residential,standard,none,58.13
61,11,1,1,20.26,36.7,1.76,12.7,19,25.29,11.8,23.07,peripheral,standard,none,65.32
61,12,1,1,11.83,37.87,2.77,5.45,12,0,11.29,30.41,residential,standard,none,42.08
61,13,1,1,27.38,60.06,7.53,6.83,16,19.26,1.31,100,central,standard,none,92.99
61,14,1,1,8.8,41,0,4.64,10,0,7.55,53.64,residential,express,none,36.9
62,15,1,0,7.59,35.69,0,11.4,10,12.97,12.09,47.99,residential,standard,none,41.44
62,16,1,0,4.62,38.53,0,11.65,12,13.19,8.53,72.07,residential,standard,none,41.22
62,17,1,0,16.42,79.38,0.36,12.27,12,14.03,10.62,90.83,central,express,none,55.36
62,18,1,0,6.03,81.66,8.74,11.55,14,20.86,24.07,65.86,residential,express,none,54.89
62,7,1,0,13.69,27.53,9.53,8.84,18,30.97,5.8,41,residential,express,none,45.39
62,8,1,0,6.98,87.33,0,11.99,2,15.4,14.3,77.33,central,bulky,none,65.64
62,9,1,0,0.5,52.46,11.05,9.81,19,22.7,9.41,37.15,peripheral,standard,none,41.11
62,10,1,0,7.59,33.42,5.92,13.46,14,0,5.65,50.71,residential,standard,none,47.44
62,11,1,0,9.41,38.88,1.12,13.5,12,20.13,12.07,49.53,residential,standard,none,46.99
62,12,1,0,7.82,38,0,13.33,16,6.89,6.52,45.01,residential,standard,none,30.37
62,13,1,0,13.61,28.44,0,11.74,13,12.01,4.5,23.44,peripheral,standard,none,53.71
62,14,1,0,2.88,36.56,0.96,6.16,1,19.09,12.48,79.81,central,bulky,none,37.49
62,15,1,0,13.45,25.68,0,3.07,2,20.44,10.38,36.25,residential,express,none,24.95
62,16,1,0,2.61,18.23,8.02,12.38,17,36.6,7.68,28.55,peripheral,standard,none,37.95
62,17,1,0,33.49,65.13,6.23,4.79,15,38.86,28.12,9.51,peripheral,express,none,109.01
62,18,1,0,3.64,58.07,3.6,8.9,16,4.87,14.15,97.04,central,standard,roadwork,53.35
62,7,1,0,5.68,27.32,0,12.29,5,7.55,7.73,89.47,residential,bulky,none,38.92
62,8,1,0,9.25,66.37,0,5.43,7,22.29,11.23,61.5,residential,bulky,none,55.86
62,9,1,0,32.88,65,8.64,11.12,7,14.96,19.96,73.1,residential,bulky,none,111.69
62,10,1,0,6.92,21.31,0,8.7,21,28.45,0,54.43,residential,standard,none,23.36
62,11,1,0,8.19,19.26,0,6.25,12,0,4.41,9.59,peripheral,express,none,9.77
62,12,1,0,29.13,23.97,4.36,5.28,13,54.9,5.33,93.26,central,express,none,60.43
62,13,1,0,12.11,24.16,0,10.54,14,23.54,7.58,24.02,peripheral,standard,none,38.23
62,14,1,0,6.4,34.2,0.34,5.66,8,27.23,8.21,68.1,residential,bulky,none,47.33
62,15,1,0,14.83,41.11,3.13,6.97,11,17.3,10.62,92.28,central,standard,none,55.64
62,16,1,0,10.6,25.84,7.33,9.42,1,53.94,6.67,27.76,peripheral,bulky,none,46.38
62,17,1,0,23.54,82.64,6.41,9.48,19,38.04,17.86,87.76,central,express,none,90.42
62,18,1,0,0.5,74.64,3.39,12.36,18,0,15.83,27.89,peripheral,express,none,30.44
62,7,1,0,6.18,53.38,2.07,5.3,14,14.4,14.96,100,central,standard,none,49.5
62,8,1,0,5.14,94.72,0,6.57,3,8.71,16.31,99.38,central,bulky,none,48.54
62,9,1,0,15.33,80.5,0,8.13,11,0,11.32,51.42,residential,express,none,59.18
62,10,1,0,3.84,44.76,2.13,11.06,14,20.7,0,71.44,central,standard,none,26.18
62,11,1,0,11.66,30.57,1.14,3.88,7,14.49,21.75,52.67,residential,bulky,none,64.47
62,12,1,0,9.65,48.72,4.75,1.7,15,0,10.34,65.69,central,express,none,57.22
62,13,1,0,7.66,50.79,4.08,5.17,13,31.89,10.71,92.29,central,standard,none,48.4
62,14,1,0,6.44,55.7,12.09,8.97,17,15.97,6.8,85.52,central,standard,none,40.76
62,15,1,0,2.41,35.77,0.17,5.95,9,4.9,6.45,92.38,central,standard,none,31.99
62,16,1,0,5.09,53.84,5.85,2,11,41.59,0.14,41.03,residential,standard,none,14.79
62,17,1,0,7.26,71.74,2.87,6.16,12,22.36,15.72,77.53,central,express,none,47.79
62,18,1,0,6,83.28,7.89,13.77,16,31.66,21.54,71.87,central,standard,none,51.7
63,7,0,0,15.04,45.12,1.48,9.21,5,32.22,4.66,25.29,residential,bulky,none,55.37
63,8,0,0,0.5,81.61,8.03,8.28,25,16.33,25.96,99.28,central,express,none,52.87
63,9,0,0,11.87,98,6.23,11.93,1,27.9,15.85,100,central,standard,customer_absent,81.59
63,10,0,0,6.85,74.94,4.83,6.14,15,0.73,5.02,90.11,central,standard,none,53.66
63,11,0,0,26.41,32.2,0,9.83,7,29.77,0,37.47,peripheral,standard,none,54.95
63,12,0,0,15.9,38.85,13.77,12.02,16,0,10.59,82.93,central,standard,none,65.27
63,13,0,0,1.6,39.54,0,8.49,3,26.03,9.44,54.48,residential,bulky,none,33.8
63,14,0,0,8.38,36.25,11.38,8.12,14,26.63,9.2,83.33,residential,express,none,37.25
63,15,0,0,13.58,51.49,12.19,5.06,8,23.69,9.61,68.53,central,standard,none,48.74
63,16,0,0,9.64,61.41,2.88,5.54,10,14.11,6.39,96.42,central,express,none,45.34
63,17,0,0,9,92.08,7.06,3.02,11,0,16.12,97.88,central,express,none,49.86
63,18,0,0,10.23,88.84,4.98,7.51,3,0,13.97,72.24,central,bulky,none,71.81
63,7,0,0,8.67,23.36,8.15,12.24,14,0,6.12,58,residential,standard,vehicle,50.21
63,8,0,0,2.44,54.5,1.73,10.83,16,8.31,18.23,38.63,peripheral,express,none,35.83
63,9,0,0,17.12,76.1,7.6,9.7,12,23.88,16.17,31.02,peripheral,standard,none,78.32
63,10,0,0,7.88,59.02,9.21,5.34,7,0,0,91.25,central,standard,none,36.03
63,11,0,0,2.15,41.67,14.34,9.9,3,20.77,8.03,44.66,residential,bulky,none,31.6
63,12,0,0,16.01,38.69,0,11.75,12,36.67,2.46,21.01,peripheral,standard,none,49.81
63,13,0,0,9.27,33.21,6.61,12.08,14,25.49,3.4,46.59,residential,standard,none,29.11
63,14,0,0,36.93,65.24,0.98,8.85,15,14.54,4.88,92.68,central,standard,none,106.13
63,15,0,0,3.37,51.39,2.33,9.4,12,11.53,11.59,29.21,residential,standard,none,42.46
63,16,0,0,7.78,49.13,5.98,2.61,6,17.03,8.01,90.96,central,express,none,40.28
63,17,0,0,2.12,73.28,0,5.71,12,37.19,11.09,49.43,residential,standard,none,28.97
63,18,0,0,33.89,84.93,0.46,6.88,8,20.18,14.71,57.82,central,bulky,none,127.45
63,7,0,0,11.17,46.56,7.85,10.91,16,0,8.73,59.65,central,express,none,42.79
63,8,0,0,13.97,62.93,0,13.16,5,0,18.58,63.96,residential,bulky,none,76.53
63,9,0,0,4.65,80.36,1.48,6.66,17,34.69,22.15,72.81,residential,express,none,44.59
63,10,0,0,1.36,54.04,1.65,7.93,20,19.62,17.69,86.28,central,standard,none,48.99
63,11,0,0,8.48,45.28,8.83,8.19,14,34.13,4.3,55.45,residential,standard,none,39.97
63,12,0,0,2.55,56.64,0,3.5,10,13.98,17.48,89.31,central,express,none,35.27
63,13,0,0,10.53,38.58,1.4,4.09,12,42.67,4.26,63.56,residential,standard,none,38.63
63,14,0,0,9.98,47.3,0,5.72,15,28.05,6.8,44.36,residential,express,none,37.04
63,15,0,0,5.39,27.82,0,11.56,20,0,11.83,28.17,peripheral,standard,none,41.47
63,16,0,0,8.48,33.25,2.25,8.35,4,32.33,6.81,20.72,peripheral,bulky,none,45.23
63,17,0,0,9.29,88.08,0,14.29,8,23.96,18.58,69,central,bulky,none,63.27
63,18,0,0,9.89,72.5,4.43,8.89,14,20.86,17.29,42.54,peripheral,standard,none,61.61
63,7,0,0,3.31,33.75,4.78,8.05,17,10.9,4.91,42.77,residential,express,none,19.93
63,8,0,0,11.46,70.33,7.01,6.78,19,20.47,14.87,29.43,peripheral,standard,none,68.29
63,9,0,0,4.51,63.95,0,10.71,13,15.97,13.39,12.75,peripheral,standard,none,41.45
63,10,0,0,14.67,31.31,0,3.28,10,16.54,4.42,52.1,residential,standard,none,40.06
64,11,0,0,9.88,43.63,3.25,16.61,11,35.57,11.65,100,central,express,none,37.33
64,12,0,0,9.96,46.12,0,7.73,12,0,6.16,47.61,residential,standard,none,48.03
64,13,0,0,7.32,33.61,2.5,10.41,13,6.59,9.86,32.07,peripheral,standard,none,36.83
64,14,0,0,8.41,32.02,0.53,9.75,7,0,14.57,23.49,peripheral,standard,none,48.88
64,15,0,0,6.76,47.26,6.86,9.46,17,27.64,10.17,90.15,central,express,none,37.46
64,16,0,0,3.81,29.99,6.86,9.41,14,29.33,12.36,62.76,residential,express,none,29.14
64,17,0,0,12.58,48.93,2.4,2.64,12,0,21.77,9.51,peripheral,standard,none,59.42
64,18,0,0,3.95,89.52,0,7.79,13,5.63,13.35,88.89,central,express,none,49.09
64,7,0,0,8.34,35.6,5.55,14.31,10,7.27,0.48,47.06,residential,standard,none,26.09
64,8,0,0,9.25,83.38,0,11.85,3,8.83,9.67,57.48,residential,bulky,none,60.33
64,9,0,0,10.69,80.56,0,3.05,6,13.8,14.55,53.97,residential,express,none,53.51
64,10,0,0,8.32,51.27,7.51,5.46,3,27.07,1.51,82.83,central,bulky,none,36.72
64,11,0,0,12.02,45.52,0,8.61,17,47.02,1.14,86.09,central,express,none,34.74
64,12,0,0,8.5,18.79,12.23,11.95,19,18.39,0,45.46,peripheral,standard,none,41.89
64,13,0,0,9.17,46.82,3.34,16.52,16,5.75,11.55,100,central,standard,none,47.58
64,14,0,0,11.3,29.67,0.28,8.16,14,24.99,12.57,69.16,residential,standard,none,55.12
64,15,0,0,33.77,23.42,0,6.8,17,1.23,0,23.61,peripheral,express,none,63.06
64,16,0,0,8.07,49.56,0,15.72,17,16.69,11.46,36.74,residential,express,none,45.9
64,17,0,0,8.67,91.27,1.92,11.46,5,38.8,34.29,60.45,central,standard,none,74.85
64,18,0,0,13.91,97.77,4.24,13.79,4,6.34,16.39,67.69,central,bulky,none,86.43
64,7,0,0,15.68,15.33,0.27,11.94,14,43.38,1.92,17.64,peripheral,standard,none,42.68
64,8,0,0,11.92,85.39,0,6.29,22,33.76,15.39,61.92,residential,standard,none,65.59
64,9,0,0,3.98,65.53,3.74,6.61,11,30.97,12.18,20.03,peripheral,standard,none,34.46
64,10,0,0,7.66,37.64,5.69,10.53,16,12.77,6.04,55.81,residential,express,none,38.69
64,11,0,0,8.43,17.16,4.1,9.25,11,22.88,7.78,30.37,peripheral,standard,none,42.59
64,12,0,0,7.07,57.45,7.81,11.12,14,13.08,6.66,61.95,residential,express,none,33.18
64,13,0,0,8.62,44.36,7.78,4.59,14,45.65,11.72,100,central,express,none,48.68
64,14,0,0,10.74,49.9,3.79,13.17,4,18.35,5.03,78.51,central,bulky,none,52.09
64,15,0,0,5.82,39.66,8.72,6.22,15,8.26,0,27.45,peripheral,express,none,27.98
64,16,0,0,7.53,45.57,1.18,15.16,18,16.36,6.07,37.46,residential,bulky,none,46.54
64,17,0,0,8.65,84.88,2.86,11.48,13,42.6,15.46,56.17,residential,standard,none,46.37
64,18,0,0,4.8,98,1.67,6.64,11,13.35,24.74,66.35,central,standard,none,55.81
64,7,0,0,3.37,50.47,8.05,8.2,8,26.71,20.65,98.06,central,standard,none,43.76
64,8,0,0,5.45,76.12,0,19.85,11,31,16.23,65.94,residential,standard,none,46.32
64,9,0,0,8.79,88.05,7.63,11.05,11,15.2,19.03,61.91,residential,standard,none,68.69
64,10,0,0,6.61,50.66,4.27,9.3,12,4.8,0.16,91.85,central,standard,none,26.11
64,11,0,0,7.44,30.95,0,17.81,13,30.61,8.22,20.21,peripheral,express,none,28.07
64,12,0,0,1.06,41.62,0,4.38,17,27.48,13.58,78.99,central,standard,none,34.98
64,13,0,0,6.83,60.32,0,10.56,16,13.89,22.41,100,central,standard,none,66.09
64,14,0,0,16.58,46.29,4.39,16.65,20,9.43,15.82,51.15,residential,standard,none,66.38
65,15,0,0,7.23,57.61,0,15.15,1,8.44,13.52,57.24,residential,standard,none,41.75
65,16,0,0,12.77,37.04,0,7.6,12,33.67,7.94,60.92,residential,standard,none,51.63
65,17,0,0,12.67,62.14,0,4.16,6,6.43,16.55,37.18,peripheral,bulky,none,62.97
65,18,0,0,13.25,83.96,5.33,6.68,20,12.49,17.05,75.65,central,standard,none,79.11
65,7,0,0,15.88,69.02,0.31,6.98,13,22.09,0,88.32,central,standard,none,51.4
65,8,0,0,7.23,74.54,8.58,14.54,9,24.7,15.15,59.71,residential,bulky,none,56.91
65,9,0,0,4.55,89.6,1.43,5.3,12,10.92,23.53,100,central,standard,none,58.63
65,10,0,0,2.33,41.79,0.72,6.04,2,12.74,9.41,50.25,residential,bulky,none,35.58
65,11,0,0,6.78,26.92,0,7.26,20,26.5,9.11,76.01,residential,express,none,35.4
65,12,0,0,10.65,47.73,0,6.37,1,14.33,12.23,57.17,residential,bulky,none,48.16
65,13,0,0,13.37,44.67,0.68,8.78,14,0,7.94,97.95,central,express,none,48.44
65,14,0,0,10.36,39.34,6.62,8.11,14,27.9,15.94,74.97,central,standard,roadwork,71.96
65,15,0,0,14.53,39.08,4.66,3.51,14,24.32,14.34,42.77,residential,standard,none,63.94
65,16,0,0,13.32,52.27,7.51,11.22,18,38.82,2.48,84.26,central,express,none,43.27
65,17,0,0,5.41,72.6,7.47,11.47,15,20.53,13.14,46.29,peripheral,standard,none,52.73
65,18,0,0,8.31,71.17,2.08,7.08,5,18.57,21.07,49.16,residential,standard,none,54.78
65,7,0,0,5.77,31.04,6.37,11.89,15,15.14,6.2,28.12,peripheral,standard,none,27.05
65,8,0,0,5.74,83.8,0.73,8.23,7,30.25,31.2,100,central,standard,none,61.85
65,9,0,0,10.3,61.52,2.51,11.02,11,27.11,19.95,25.68,residential,standard,none,56.64
65,10,0,0,8.16,29.38,1.15,4.18,15,7.74,0,46.06,peripheral,standard,none,32.29
65,11,0,0,3.7,56.07,1.7,3.41,8,0,10.77,84.85,central,express,none,33.41
65,12,0,0,3.46,42.84,0.47,6.51,9,20.84,0.96,54.96,residential,express,none,22.86
65,13,0,0,17.48,44.45,0,15.23,7,40.12,3.59,59.88,residential,bulky,none,60.44
65,14,0,0,8.89,52.53,4.31,2.4,14,15.01,14.85,78.57,central,standard,none,50.46
65,15,0,0,4.97,36.55,9.69,7.19,10,0,15.76,56.91,residential,standard,none,48.9
65,16,0,0,5.84,25.41,0,6.21,11,10.18,0,9.43,peripheral,standard,none,27.87
65,17,0,0,14.18,81.13,6.6,8.27,2,21.87,27.76,85.79,residential,bulky,none,88.87
65,18,0,0,11.77,66.43,1.5,8.62,8,54.24,2.59,54.05,residential,express,none,42.8
65,7,0,0,10.18,51.68,2.15,10.74,12,35.09,10.49,81.58,central,standard,none,44.74
65,8,0,0,13.41,98,0,9.67,10,0.67,11.51,100,central,standard,none,70
65,9,0,0,3.68,69.51,2.04,12.65,13,29.14,19.51,55.76,residential,standard,none,53
65,10,0,0,14.83,31.62,0.96,3.9,10,3.85,11.71,84.47,residential,standard,none,47.5
65,11,0,0,7.66,66.77,4.63,7.46,13,8.26,3.02,67.55,central,standard,none,38.1
65,12,0,0,14.03,53.07,0.52,8.87,15,25.7,0,59.84,residential,standard,none,52.3
65,13,0,0,16.29,33.78,0.13,3.12,16,22.18,9.81,61.38,residential,standard,none,66.09
65,14,0,0,5.04,56.07,0,3.23,5,10.67,9.21,89.69,central,bulky,none,46.9
65,15,0,0,7.65,52.01,0,7.18,8,3.95,5.23,84.99,central,bulky,none,44.01
65,16,0,0,8.39,61.87,0.18,6.37,15,11.95,0,91.09,central,standard,none,39.11
65,17,0,0,15.64,90.24,3.99,8.28,15,7.84,14.54,100,central,express,none,69.45
65,18,0,0,23.58,73.37,6.37,16.73,13,17.93,24.92,94.18,central,standard,none,101.79
66,7,0,0,25.09,37.81,1.95,11.74,16,40.78,0,89.66,central,standard,none,58.74
66,8,0,0,11.05,83.63,3.64,2.19,11,36.45,13.57,51.07,residential,standard,none,61.65
66,9,0,0,3.25,65.03,12.5,14.19,17,24.1,5.11,34.33,peripheral,express,none,28.91
66,10,0,0,10.93,49.75,2.75,1.08,17,36.57,10.37,58.78,residential,standard,none,56.22
66,11,0,0,11.94,48.94,6.89,14.37,9,7.21,3.56,56.19,residential,bulky,none,57.09
66,12,0,0,1.81,56.26,0.06,10.07,15,40.11,1.37,83.55,central,standard,none,24.65
66,13,0,0,10.83,38.75,5.02,7.12,18,46.96,0,58.19,residential,standard,none,32.42
66,14,0,0,2.42,30.13,1.61,8.78,7,39.51,0.24,35.1,peripheral,standard,none,20.53
66,15,0,0,10.49,32.34,0.05,1.14,16,33.59,8.41,73.16,residential,standard,none,46.33
66,16,0,0,8.82,37.58,0,8.31,7,30.51,6.31,53.77,residential,standard,none,31.05
66,17,0,0,8.7,60.56,1.8,12.86,7,2.39,9.33,10.28,peripheral,standard,none,46.77
66,18,0,0,7.86,63.84,5.25,10.41,13,1.31,8.54,5,peripheral,express,none,47.73
66,7,0,0,0.5,41.01,4.48,8.5,11,30.98,3.64,86.13,central,standard,vehicle,22.09
66,8,0,0,11.22,81.05,7.51,8.1,13,19.61,20.56,79.06,residential,express,none,63.35
66,9,0,0,7.91,69.57,1.17,5.34,14,22.85,34.6,33.49,residential,express,none,56.01
66,10,0,0,10.06,35.18,4.34,10.29,14,36.64,7.2,43.62,peripheral,express,none,36.42
66,11,0,0,20.29,48.03,4.65,11.91,16,0,2.38,93.53,central,express,none,58.5
66,12,0,0,6.51,32.32,0,13.94,13,18.22,4.03,90.18,central,standard,none,29.54
66,13,0,0,10.76,40.3,7.16,8.87,14,22.62,19.61,44.13,peripheral,express,none,49.66
66,14,0,0,13.54,28.05,7.66,8.98,14,25.5,6.03,53.74,residential,standard,none,45.48
66,15,0,0,6.22,42.86,8.41,11.58,16,15.74,5,25.95,residential,standard,none,40.29
66,16,0,0,18.23,34.34,5.25,6.68,15,29.14,13.03,28.83,peripheral,standard,none,64.17
66,17,0,0,9.42,98,0,8.34,10,0,16.69,87.87,central,bulky,none,67.67
66,18,0,0,18.46,79.37,13.63,10.9,14,22.43,11.18,41.88,residential,express,none,69.11
66,7,0,0,9.29,48.46,0.07,5.35,11,3.83,6.42,88.49,central,standard,none,44.97
66,8,0,0,0.5,77.75,3.24,13.47,9,0,15.15,75.27,residential,express,none,34.95
66,9,0,0,11.55,79,4.01,12.33,2,10.28,14.39,62.13,residential,bulky,none,69.07
66,10,0,0,0.5,35.28,0,10.27,12,27.11,8.82,43.58,residential,standard,none,27.41
66,11,0,0,33.31,65.21,6.98,4.19,18,43.18,9.84,100,central,standard,none,108.11
66,12,0,0,3.01,62.35,6.3,8.09,16,19.17,0,75.29,central,standard,none,28.36
66,13,0,0,6.62,49.4,0,19.5,11,8.66,14.83,33.45,peripheral,standard,none,42.67
66,14,0,0,18.89,57.61,0,10.21,6,42.4,11.91,84.47,central,bulky,none,82.43
66,15,0,0,7.61,31.35,2.7,3.55,5,6.32,10.58,50.68,residential,bulky,none,53.02
66,16,0,0,9.82,34.66,0,11.71,10,26.08,11.35,50.02,residential,standard,none,51.29
66,17,0,0,9.15,72.97,8.72,13.88,17,33.9,7.66,7.3,peripheral,standard,none,43.94
66,18,0,0,7.34,83.89,0.02,8.85,18,0,7.63,100,central,express,none,50.71
66,7,0,0,5.18,49.53,17.52,9.01,1,0,18.05,65.24,residential,bulky,none,50.89
66,8,0,0,12.82,90.44,0,6.96,13,16.03,18.44,86.37,central,standard,none,68.34
66,9,0,0,7.38,71.41,2.34,8.96,19,0,14.84,9.86,peripheral,standard,none,54.26
66,10,0,0,0.5,47.19,8.33,8.83,17,25.86,10.49,84.21,residential,express,none,25.64
67,11,0,0,8.37,29.03,0,9.66,15,37.77,2.36,47.91,residential,bulky,none,42.74
67,12,0,0,6.59,51.41,2.69,11.52,13,32.26,0,100,central,standard,none,32.79
67,13,0,0,15.17,42.61,1.24,5.95,11,16.1,0,72.45,central,express,none,43.03
67,14,0,0,9.54,53.47,1.2,11.55,17,27.85,6.41,54.16,residential,standard,none,47.17
67,15,0,0,4.2,38.59,10.87,8.65,10,6.37,7.95,12.59,peripheral,express,none,28.29
67,16,0,0,6.6,35.78,0.75,12.66,14,0,3.7,72.97,residential,standard,none,33.05
67,17,0,0,10.48,69.04,2.99,15.82,19,34.86,18.62,23.25,peripheral,standard,none,58.54
67,18,0,0,6.6,63.67,11.64,7.73,11,30,17.31,42.27,peripheral,standard,none,55.67
67,7,0,0,11.67,28.9,0,14.67,21,27.29,15.01,58.85,residential,standard,none,58.45
67,8,0,0,3.95,71.96,1.2,13.25,7,36.74,15.97,23.44,peripheral,bulky,none,41.18
67,9,0,0,5.92,94.88,2.37,7.39,16,16.31,11.45,72.42,central,standard,none,43.71
67,10,0,0,8.41,26.29,2.91,12.73,18,36.33,9.2,55.94,residential,express,none,29.83
67,11,0,0,5.52,27.71,6.12,9.86,7,11.21,14.65,67.53,residential,standard,none,36.99
67,12,0,0,20.22,51.3,0,13.02,13,12.55,0.07,60.05,residential,standard,none,60.14
67,13,0,0,1.75,45.64,0,2.16,16,0,4.01,100,central,express,none,24.63
67,14,0,0,1.29,39.09,1.83,6.32,8,5.8,7.53,53.2,residential,bulky,none,36.96
67,15,0,0,13.75,42.95,2.02,9.8,6,24.26,7.12,99.7,central,bulky,none,61.11
67,16,0,0,15.48,53.21,13.88,10.6,15,33.95,2.8,72.15,central,standard,none,60.5
67,17,0,0,8.15,90.5,0,15.23,7,27.41,10.2,65.13,central,standard,none,49.98
67,18,0,0,12.31,89.4,0,8.47,7,26.62,21.21,93.77,central,express,none,57.9
67,7,0,0,15.09,29.2,0,10.26,16,2.38,10.92,34.2,peripheral,express,none,48.92
67,8,0,0,13.53,73.52,8.99,10.91,10,7.89,15.57,45.33,residential,standard,none,74.42
67,9,0,0,10.23,61.64,1.63,10.96,2,32.29,16.46,30.67,peripheral,bulky,none,60.22
67,10,0,0,7.82,34.45,5.44,8.4,13,22.23,14.02,57.94,residential,bulky,none,56.63
67,11,0,0,8.22,52.79,4.43,14.35,13,16.81,8.01,59.88,residential,standard,none,49.83
67,12,0,0,8.22,39.01,0,14.31,15,10.86,10.06,68.55,residential,standard,none,52.96
67,13,0,0,5.37,26.87,0,13.43,10,16.16,11.04,5,peripheral,standard,none,27.91
67,14,0,0,10.86,52.48,4.87,13.34,15,24.55,8.41,91.58,central,standard,none,51.74
67,15,0,0,2.14,54.11,10.13,15.75,13,29.14,2.78,62.88,residential,standard,none,28.13
67,16,0,0,8.36,44.91,7.27,7.39,19,21.04,11.58,88.58,central,standard,none,50.24
67,17,0,0,9.11,85.13,11.35,7.89,12,26.31,16.82,67.27,central,standard,none,61.58
67,18,0,0,3.57,78.1,3.41,11.41,14,19.13,21.98,30.33,peripheral,express,none,37.3
67,7,0,0,3.43,33.11,0,13.09,7,19.18,13.4,42.67,residential,standard,none,33.07
67,8,0,0,14.49,82.36,6.04,8.5,15,29.86,16.75,62.74,residential,standard,none,73.01
67,9,0,0,16.84,73.58,4.67,6.74,16,32.56,18.67,46.47,residential,standard,none,79.58
67,10,0,0,30.42,61.68,2.11,0.54,17,9.43,2.75,85.15,central,standard,none,88.11
67,11,0,0,8.03,46.17,7.07,7.04,13,0,2.19,70.42,residential,standard,none,34.28
67,12,0,0,11.55,30.41,4.58,5.34,16,0,4.31,29.34,residential,standard,none,42.55
67,13,0,0,9.04,38.82,4.44,5.94,10,22.7,4.7,69.18,residential,bulky,none,46.24
67,14,0,0,0.5,19.88,3.23,16.93,16,22.46,6.54,41.06,peripheral,standard,none,26.16
68,15,1,0,17.69,44.49,6.6,7.71,14,24.82,0,99.71,central,standard,none,51.21
68,16,1,0,1.9,18.13,0,10.34,18,21.17,13.73,43.08,residential,express,none,28.67
68,17,1,0,12.02,84.56,9.36,2.46,17,36.74,15.04,77.72,central,standard,none,66.54
68,18,1,0,14.58,48.09,3.12,9.87,6,23.96,17.96,23.98,peripheral,bulky,vehicle,118.2
68,7,1,0,4.28,23.79,0,4.7,12,28.92,14.28,64.4,residential,standard,none,36.57
68,8,1,0,2.69,84.23,6.4,9.28,16,27.04,28.06,88.04,central,standard,none,48.23
68,9,1,0,8.07,75.02,0,7.08,13,34.88,9.53,44.31,residential,express,none,44.7
68,10,1,0,5.34,52.69,0.54,6.88,11,21.44,14.59,59.11,residential,standard,none,47.19
68,11,1,0,10.42,51.44,2.91,8.75,12,27.98,7.74,49.92,residential,standard,none,48.36
68,12,1,0,7.82,40.34,6.98,12.11,17,50.73,5.19,82.88,residential,express,none,36.58
68,13,1,0,9.42,44,3.1,11.6,14,19.32,17.32,49.55,residential,standard,none,54.88
68,14,1,0,5.58,29.38,4.98,9.84,7,5.86,0,47.27,residential,express,none,26.95
68,15,1,0,7.4,34.88,0,2.33,8,26.01,10.1,64.34,residential,bulky,none,40.17
68,16,1,0,7.53,10.66,11.52,8.79,19,12.54,21.32,51.55,peripheral,express,none,47.99
68,17,1,0,6.8,87.12,5.52,8.49,10,33.07,22.53,64.39,central,standard,none,59.33
68,18,1,0,16.72,78.77,5.02,14.24,9,33.16,16.84,81.91,central,standard,none,72.34
68,7,1,0,15.95,37.93,4.89,12.36,9,44.21,3.81,81.4,central,bulky,none,52.24
68,8,1,0,4.43,72.55,0,8.4,14,8.74,33.65,48.94,residential,standard,none,69.19
68,9,1,0,8.5,67.33,0.44,16.12,5,8.07,4.2,36.1,peripheral,standard,none,41.8
68,10,1,0,7.48,33.48,1.51,11.63,13,25.01,0,33.53,peripheral,standard,none,24.58
68,11,1,0,13.15,36.2,1.65,10.94,14,0,8.47,77.11,central,standard,none,62.21
68,12,1,0,2.89,34.48,5.5,13.14,14,29.37,5.79,49.32,residential,express,none,17.19
68,13,1,0,14.56,30.56,0.55,8.02,12,20.72,9.47,20.69,peripheral,standard,none,47.43
68,14,1,0,2.25,30.56,6.55,12.9,9,25.98,7.53,17.4,peripheral,standard,none,20.6
68,15,1,0,12.05,14.24,0,9.88,14,33.16,9.7,18.08,peripheral,express,none,22.47
68,16,1,0,8.8,28.02,8.27,9.05,16,23.24,8.36,54.62,peripheral,standard,none,40.23
68,17,1,0,10.87,58.82,0,16.56,15,27.8,7.03,23.45,peripheral,express,none,43.66
68,18,1,0,11.1,92.37,1.29,9.47,10,5.9,1.81,98.62,central,standard,none,60.77
68,7,1,0,12.67,20.58,0,5.84,15,0,16.53,28.18,residential,standard,none,60.85
68,8,1,0,10.36,74.24,12.04,10.51,12,25.3,6.93,100,central,standard,none,59.1
68,9,1,0,2.54,63.91,7.67,11.29,16,5.19,23.28,59.14,residential,express,none,37.03
68,10,1,0,8.24,32.67,1.71,7.86,14,18.45,4.07,68,central,standard,none,37.99
68,11,1,0,9.1,49.77,0,12.96,14,3.49,3.14,75.79,central,standard,none,42.58
68,12,1,0,2.8,28.67,0,13.2,13,14.15,3,55.17,residential,standard,none,15.33
68,13,1,0,7,17.93,1.93,11.9,5,30.1,6.39,83.75,residential,standard,none,43.97
68,14,1,0,10.24,32.53,0,2.3,18,15.06,0.71,82.84,central,standard,none,46.2
68,15,1,0,6.32,55.95,0,18.3,13,18.49,4.47,70.54,central,express,none,33.27
68,16,1,0,11.92,42.92,4.15,8.89,21,19.66,8.67,48.7,residential,express,none,51.34
68,17,1,0,29.54,57.78,4.48,10.87,14,10.26,30.01,6.07,peripheral,express,none,103.39
68,18,1,0,7.47,56.66,0,11.77,11,2.53,10.76,32.61,peripheral,express,none,32.35
69,7,1,0,10.55,40.33,0,5.59,4,15.36,13.21,100,central,bulky,none,63.31
69,8,1,0,9.02,83.41,5.83,8.33,20,29.14,20.59,93.97,central,standard,none,79.07
69,9,1,0,7.15,80.39,1.75,2.84,8,6.26,18.43,95.68,central,express,none,55.77
69,10,1,0,17.53,30.62,2.25,12.29,14,30.56,0,17.52,peripheral,standard,none,40.65
69,11,1,0,0.5,39.72,0.59,12.07,7,18.34,19.28,36.53,residential,standard,none,41.48
69,12,1,0,6.98,30.7,6.6,7.58,12,28.43,11.58,80.97,central,express,none,38.5
69,13,1,0,12.94,35.33,2.5,9.71,14,1.75,6.76,55.06,residential,standard,none,51.73
69,14,1,0,9.36,51.43,0,8.06,8,19.42,11.52,64.18,central,express,none,43.88
69,15,1,0,1.71,29.73,0,9.02,19,1.42,8.74,85.82,central,standard,none,31.24
69,16,1,0,21.01,20.51,6.01,6.22,14,0,10.25,37.47,residential,standard,none,63.96
69,17,1,0,39.96,68.77,5.67,5.46,19,10.84,25.58,34.28,residential,standard,none,147.7
69,18,1,0,27.07,73.46,0,13.52,11,6.4,11.83,66.03,residential,standard,none,95.38
69,7,1,0,4.25,31.47,3.14,4.14,19,17.8,5,98.12,central,standard,none,34.99
69,8,1,0,9.34,58.64,1.81,9.24,14,38.08,15.31,26.38,peripheral,express,none,45.86
69,9,1,0,14.47,62.26,0,10.97,8,11.52,13.5,56.16,residential,bulky,none,72.49
69,10,1,0,0.94,39.81,0,6.63,19,1.12,15.63,76.94,central,standard,none,49.57
69,11,1,0,3.2,28.84,7.69,12.51,16,19.65,1.69,98.07,central,express,none,17.17
69,12,1,0,7.61,34.77,6.51,12.24,19,10.51,21.2,78.53,residential,express,none,50.4
69,13,1,0,10.99,31.66,0,7.55,12,32.22,0,28.48,peripheral,standard,none,35.84
69,14,1,0,6.83,15.11,3.68,12.09,13,31.91,2.05,52.42,residential,standard,none,40.09
69,15,1,0,9.21,27.51,0,7.13,12,17.55,9.31,48.42,residential,standard,none,37.81
69,16,1,0,11.02,52.79,6.29,11.11,5,4.88,11.15,100,central,bulky,none,64.84
69,17,1,0,11.22,67.2,3.73,3.66,15,32.56,22.48,79.75,central,standard,none,66.19
69,18,1,0,11.09,98,7.84,10.28,1,45.29,18.46,66.34,central,bulky,none,71.49
69,7,1,0,10.4,29.66,0,9.06,15,25.86,0,80.5,residential,standard,none,29.68
69,8,1,0,11.22,75.29,0,9.45,19,25.61,18,71.21,residential,standard,none,58.47
69,9,1,0,20.08,58.87,5.14,13.28,4,21.71,10.01,13.61,peripheral,bulky,none,72.31
69,10,1,0,14.39,40.82,3.63,18.35,26,19.49,0,72.96,residential,standard,none,54.01
69,11,1,0,5.96,56.41,1.04,13.82,12,8.65,5.21,79.13,central,express,none,24.73
69,12,1,0,12.73,44.72,0,6.13,14,0,0,50.44,residential,bulky,none,50.89
69,13,1,0,17.08,18.63,0.98,4.83,6,26.51,6.73,61.64,residential,bulky,none,52.11
69,14,1,0,20.85,38.43,3.57,13.73,17,17.36,0,40.51,residential,standard,none,57.61
69,15,1,0,0.5,35.43,0,11.4,15,6.28,4.33,56.2,residential,standard,none,29.88
69,16,1,0,8.25,53.79,12.48,6.87,17,11.77,0,67.93,central,express,none,32.02
69,17,1,0,7.25,73.68,0,16.26,13,23.8,24.92,45.29,residential,standard,none,60.51
69,18,1,0,7.51,65.96,11.58,10.99,9,6.64,13.9,55,residential,standard,none,53.09
69,7,1,0,6.34,32.19,0,11.96,8,27.89,11.89,100,central,standard,none,44.83
69,8,1,0,0.5,80.35,0,6.68,5,44.99,20.99,80.82,central,bulky,none,49.14
69,9,1,0,9.67,58.11,0,5.9,14,30.18,10.7,44.24,peripheral,standard,none,50.53
69,10,1,0,7.01,26.05,0.57,12.1,15,40.65,0,69.04,residential,standard,none,26.68
70,11,0,0,6.79,49.33,0,8.51,13,0.99,21.69,89.6,central,standard,none,50.82
70,12,0,0,7.23,28.35,3.5,13.54,12,22.53,8.93,28.59,peripheral,standard,none,44.14
70,13,0,0,28.22,46.18,0.1,6.43,19,14.77,13.85,87.6,central,express,none,85.23
70,14,0,0,8.14,53.47,0.04,9.37,20,34.81,7.87,85.67,central,standard,none,45.94
70,15,0,0,4.35,27.5,1.99,9.22,7,25.05,8.79,69.6,residential,standard,none,34.02
70,16,0,0,6.61,35.4,1.42,10.75,12,28.83,1.21,100,central,express,none,12.6
70,17,0,0,3.75,66.75,1.54,9.37,7,24.43,30,40.89,residential,standard,none,53.92
70,18,0,0,13.46,74.91,3.92,8.78,10,2.79,11.56,56.89,residential,standard,none,67.08
70,7,0,0,10.39,41.18,3.04,9.71,16,26.84,6.99,91.21,central,standard,none,44.92
70,8,0,0,10.59,64.25,16.39,11.12,19,25.86,17.75,27.67,peripheral,express,none,50.11
70,9,0,0,17.56,76.91,1.48,12.51,21,11.18,14.73,100,central,standard,none,81.89
70,10,0,0,9,50.24,5.75,8.37,15,34.34,10.9,64.34,central,standard,none,45.46
70,11,0,0,7.86,38.89,12.27,10.04,6,28.65,14.96,80.35,residential,standard,none,54.55
70,12,0,0,11.67,35.42,2.92,6.82,14,17.92,5.02,24.37,residential,express,none,35.62
70,13,0,0,28.16,45.13,0.57,6.45,22,0,1.66,64.84,residential,express,none,69.91
70,14,0,0,7.02,51.61,0,8.49,7,32.06,4.53,47.74,residential,express,none,22.58
70,15,0,0,12.2,44.25,1.05,8.31,19,12.59,2.93,78.44,central,standard,none,50.81
70,16,0,0,7.41,59.01,0,16.63,16,17.48,7.83,99.81,central,express,none,39.93
70,17,0,0,8.27,52.79,5.44,15.2,20,20.69,25.07,24.12,peripheral,standard,none,61.62
70,18,0,0,21.58,67.02,0,7.96,14,17.01,18.1,39.42,peripheral,standard,none,86.04
70,7,0,0,2.82,68.2,3.25,-0.86,14,29.34,0,100,central,standard,none,22.03
70,8,0,0,12.03,87.14,0,10.38,14,12.24,18.01,55.19,residential,express,none,62.27
70,9,0,0,5.36,87.35,9.08,18.48,12,0,14.04,84.1,central,express,none,46.35
70,10,0,0,13.53,38.91,2.26,7.92,15,2.22,5.57,54.23,residential,standard,none,49.37
70,11,0,0,3.45,48.68,4.7,4.68,10,17.15,7.38,89.94,central,standard,none,33.89
70,12,0,0,6.59,67.44,2.14,11.52,13,12.74,10.93,87.59,central,standard,none,49.15
70,13,0,0,5.16,65.26,6.96,8.15,16,17.54,19.64,64.71,residential,express,none,50.53
70,14,0,0,7.91,46.8,0,6.21,19,23.25,11.36,53.04,residential,express,none,42.01
70,15,0,0,14.47,50.31,0,7.99,14,12.32,0,47.37,residential,standard,none,41.42
70,16,0,0,8.71,49.09,3.37,11.4,14,39.81,6.65,23.16,residential,standard,none,44.22
70,17,0,0,5.44,73.72,5.72,5.11,10,0,2.18,59.05,residential,standard,none,33.08
70,18,0,0,20.23,74.81,0,9.24,15,0,14.38,53.71,residential,standard,none,85.38
70,7,0,0,6.35,57.79,0.5,6.54,11,26.96,5.35,77.63,central,standard,none,32.07
70,8,0,0,9.02,67.29,3.57,6.36,15,22.72,19.02,28.5,peripheral,express,none,58.31
70,9,0,0,6.02,67.12,1.73,14.73,13,48.47,13.5,76.67,residential,standard,none,42.53
70,10,0,0,6.85,43.87,7.29,13.91,11,31.29,7.25,91.54,residential,express,none,34.59
70,11,0,0,2.92,36.82,6.55,13.87,21,0,13.82,74.43,central,express,none,33.98
70,12,0,0,8,47.9,10.44,15.23,4,21.4,7.43,76.59,central,bulky,none,54.89
70,13,0,0,6.97,55.43,2.27,6.02,11,28.52,14.91,71.11,residential,bulky,none,59.66
70,14,0,0,5.35,53.78,1.43,16.15,21,25.46,9.51,96.77,central,express,none,40.44
71,15,0,0,4.1,53.89,6.76,6.62,19,21.71,0,100,central,standard,none,32.96
71,16,0,0,12.75,42.01,2.41,17.85,19,39.23,2.23,64.1,residential,standard,none,41.03
71,17,0,0,10.36,77.57,7.53,10.22,15,28.4,15.4,54.7,residential,express,none,52.58
71,18,0,0,3.93,91.84,0.3,8.84,19,13.76,13.01,66.55,residential,express,none,40.88
71,7,0,0,7.4,23.2,10.71,7.09,14,15.75,5.21,21.74,peripheral,standard,none,37.7
71,8,0,0,7.77,66.16,0.2,15.44,13,17.22,19.09,65.48,residential,standard,none,52.72
71,9,0,0,10.06,59.03,0,15.86,11,7.24,14.52,27.68,peripheral,express,none,50.17
71,10,0,0,1.83,40.14,0,13.55,18,47.76,7.47,48.39,residential,standard,none,27.86
71,11,0,0,5.41,16.48,9.79,10.75,14,13.53,10.15,31.81,peripheral,express,none,33.38
71,12,0,0,10.53,40.13,6.91,3.25,7,12.38,5.22,46.58,residential,bulky,none,50.92
71,13,0,0,6.54,53.93,0,8.16,12,20.25,8.78,39.59,residential,standard,none,36.16
71,14,0,0,3.85,53.29,9.03,9.62,15,24.96,3.97,80.57,central,express,none,26.55
71,15,0,0,8.12,22.41,8,14.39,14,10.35,12.37,12.34,peripheral,express,none,39.01
71,16,0,0,6.32,45.35,0,9.27,15,39.04,10.61,78.42,central,standard,none,47.07
71,17,0,0,19.49,79.11,0.94,9.96,7,19.91,15.4,58.58,residential,standard,none,83.56
71,18,0,0,11.1,77.05,0,11.37,11,10.14,29.19,61.57,residential,express,none,62.61
71,7,0,0,2.86,47.31,0.75,7.95,9,10.59,6.56,65.79,residential,standard,none,29.44
71,8,0,0,14.3,60.53,0,14.13,19,34.7,21.12,24.27,peripheral,standard,none,69.19
71,9,0,0,13.37,59.18,8.72,13.72,1,17.94,5.12,40.07,peripheral,bulky,none,54.99
71,10,0,0,6.59,47.16,0,12.11,15,14.16,5.54,91.18,central,standard,none,50.13
71,11,0,0,7.33,17.9,0,10.74,10,4.92,5.9,18.59,peripheral,express,none,25.01
71,12,0,0,1.76,28.17,4.76,5.74,23,12.51,1.86,45.45,residential,standard,none,22.69
71,13,0,0,2.98,43.92,2,9.71,7,28.96,10.49,73.55,central,bulky,none,41.2
71,14,0,0,23.65,35.63,6.59,9.03,24,34.51,17.34,48.31,residential,standard,none,75.5
71,15,0,0,9.33,22.54,1.43,10.83,14,44.66,10.26,28.33,peripheral,express,none,37.22
71,16,0,0,7.04,57.68,0.63,10.54,20,23.92,15.45,73.53,central,express,none,38.67
71,17,0,0,9.49,73.85,5.32,13.41,15,50.78,8.45,63.6,central,standard,none,51.93
71,18,0,0,13.13,80.38,6.64,14.05,23,18.9,14.67,50.51,residential,express,none,72.07
71,7,0,0,11.06,52.7,0,12.53,23,2.91,6.18,100,central,standard,none,55.1
71,8,0,0,8.94,75.98,0,10.85,9,4.37,28.57,85.09,central,standard,none,75.53
71,9,0,0,24.87,60.07,11.54,1.35,12,10.28,13.1,7.46,peripheral,standard,none,94.25
71,10,0,0,2.96,51.06,3.84,9.93,13,16.92,5.61,86.38,central,express,none,23.38
71,11,0,0,6.05,14.25,0.33,9.06,12,47.04,5.55,26.78,peripheral,standard,none,27.63
71,12,0,0,8.92,26.02,6.72,8.62,17,33.19,7.6,30.02,peripheral,standard,roadwork,54.17
71,13,0,0,3.78,36.26,1.58,14.17,16,26.46,4.63,33.9,peripheral,standard,none,31.77
71,14,0,0,34.48,42.89,0,13.1,6,31.52,0,59.52,residential,bulky,vehicle,112.77
71,15,0,0,26.23,64.9,6.28,14.33,16,20.74,10.02,57.97,central,standard,none,86.25
71,16,0,0,8.22,42.66,1.44,12.81,16,18.21,6.84,79.18,central,standard,none,50.57
71,17,0,0,3.07,62.93,4.74,12.49,3,16.81,12.78,53.23,residential,bulky,none,41.06
71,18,0,0,12.06,66.27,0,7.68,12,42.28,19.54,55.8,residential,express,none,54.61
72,7,0,0,13.9,52.85,3.1,6.05,13,2.35,5.75,68.99,central,standard,none,55.89
72,8,0,0,6.2,78.39,0,12.83,13,17.11,12.32,40.91,residential,express,none,48.46
72,9,0,0,9.38,71.77,5.01,6.54,20,14.83,22.18,47.07,residential,standard,none,69.2
72,10,0,0,9.9,31.24,0,11.36,13,0,10.63,7.59,peripheral,standard,none,48.87
72,11,0,0,18.12,40.05,0,12.94,12,13.56,0,62.49,residential,standard,none,45.82
72,12,0,0,7.94,51.27,5.08,8.3,5,23.6,11.72,65.38,residential,bulky,none,53.57
72,13,0,0,7.45,33.69,6.44,7.65,9,8.6,8.38,43.7,residential,standard,none,39
72,14,0,0,0.5,40.79,0,8.16,17,30.21,0,27.25,residential,express,none,14.85
72,15,0,0,9.36,36.44,0,8.11,12,15.05,13.42,54.27,residential,standard,none,43.16
72,16,0,0,10.03,32.43,1.61,9.73,15,21.28,0,62.03,residential,standard,none,45.27
72,17,0,0,9.38,87.5,2.03,7.09,10,26.69,24.97,63.71,residential,standard,customer_absent,89.8
72,18,0,0,2.89,80.27,0,11.53,14,20.34,19.17,30.35,residential,standard,none,39.33
72,7,0,0,26.95,45.7,6.57,6.08,8,25.7,1.28,31.43,peripheral,express,none,57.16
72,8,0,0,8.45,77.49,4.65,5.23,10,29.16,17.81,100,central,express,none,50.85
72,9,0,0,16.17,84.23,0,8.03,11,35.09,9.11,66.67,central,standard,none,67.05
72,10,0,0,15.37,34.93,0,14.52,17,4.61,2.11,15.69,peripheral,express,none,41.39
72,11,0,0,10.34,52.98,0,16.01,16,18.4,15.34,72.64,central,standard,none,54.3
72,12,0,0,17.14,36.72,0,15.17,16,24.98,0,61.97,residential,express,none,51.31
72,13,0,0,10.87,42.28,0,12.17,7,23.96,8.95,5,peripheral,bulky,none,51.24
72,14,0,0,3.65,51.44,0,5.57,2,25.29,3.63,85.52,central,bulky,none,37.7
72,15,0,0,13.41,35.3,2.3,10.02,14,22.42,2.77,42.92,residential,standard,none,35.18
72,16,0,0,12.61,32.54,10.18,6.25,11,21.25,4.14,26.7,peripheral,standard,none,40.48
72,17,0,0,11.44,71.24,2.77,10.87,14,8.45,23.39,61.99,residential,standard,none,75.68
72,18,0,0,34.92,89.23,1.37,13.35,14,0,19.84,100,central,standard,none,142.9
72,7,0,0,37.16,40.68,3.78,15.16,18,17.69,0.51,80.87,residential,standard,none,94.6
72,8,0,0,7.96,90.33,2.46,7.24,4,2.73,15.31,86.83,central,standard,none,48.29
72,9,0,0,4.73,72.79,0,15.9,13,20.09,21.79,64.21,residential,standard,none,58.92
72,10,0,0,6.92,33.57,10.35,8.39,14,6.09,0.96,57.01,residential,standard,none,32.26
72,11,0,0,0.5,45.22,0,14.43,14,8.03,3.34,69.74,central,express,none,19.06
72,12,0,0,7.47,30.83,1.68,5.97,12,9.1,8.96,56.39,residential,standard,none,37.07
72,13,0,0,3.21,28.42,6.29,18.48,13,0,0,36.55,peripheral,express,none,18.31
72,14,0,0,5.91,25.64,0,9.59,17,19.41,18.74,38.67,residential,express,none,38.28
72,15,0,0,11.44,53.68,0,11.13,19,14.79,0.34,87.71,central,express,none,40.75
72,16,0,0,9.3,42.47,5.54,11.27,2,28.54,13.25,57.42,residential,bulky,none,59.22
72,17,0,0,16.92,73.37,10.15,11.6,16,17.78,10.12,43.54,residential,express,none,61.88
72,18,0,0,6.47,83.1,0.89,11.86,15,25.45,6.57,37.8,residential,express,none,31.5
72,7,0,0,6.16,34.4,14.61,12.15,25,42.92,1.06,28.41,peripheral,express,none,28.54
72,8,0,0,2.47,82.14,0,9.83,11,0,10.4,91.14,central,express,none,23.38
72,9,0,0,32.86,75.05,5.33,8.62,20,32.35,14.53,46.56,residential,standard,none,121.7
72,10,0,0,9.54,41.12,1.85,12.61,20,10.32,5.2,56.16,residential,standard,none,46.45
73,11,0,0,3,51.79,6.78,11.73,7,32.49,7.43,72.32,central,standard,none,28.74
73,12,0,0,7,46.51,0.16,9.96,12,14.07,9.15,47.75,residential,standard,none,45.76
73,13,0,0,0.5,51.02,0,4.86,12,8.9,0.98,72.36,central,express,none,15.73
73,14,0,0,7.18,46.22,0,10.32,5,5.38,1.21,62.41,residential,standard,none,20.39
73,15,0,0,6.33,45.97,5.38,2.8,10,27.33,4.79,90.4,central,standard,none,44.06
73,16,0,0,7.07,52.52,0.73,18.34,11,32.98,0,85.65,central,standard,none,28.77
73,17,0,0,3.98,70.53,1.75,7.51,4,10.6,10.44,33.1,peripheral,bulky,none,37.19
73,18,0,0,13.58,82.95,0,6.29,16,21.2,13.73,45.16,residential,express,none,57.89
73,7,0,0,20.02,34.8,8.64,9.03,14,0,11.91,9.15,residential,standard,none,68.16
73,8,0,0,12.17,77.15,4.22,8.19,23,24.96,19.2,41.15,residential,standard,none,74.58
73,9,0,0,6.83,86.05,0,21.18,14,26.66,20,92.22,central,standard,none,64.06
73,10,0,0,6.14,38.81,0,6.28,15,12.46,0.78,48.06,residential,express,none,29.36
73,11,0,0,13.38,30.39,1.17,12.76,20,13.86,7.09,72.64,residential,express,none,52.03
73,12,0,0,4.45,43.67,0,7.64,15,9.37,1.94,6.15,peripheral,standard,none,31.58
73,13,0,0,30.69,44.84,7.25,10.51,20,17.18,9.11,47.29,residential,standard,none,89.98
73,14,0,0,5.96,54,0.4,9.44,21,43.18,9.99,100,central,standard,none,47.49
73,15,0,0,11,47.35,7.45,14.23,7,34.11,0,30.57,peripheral,express,none,29.81
73,16,0,0,10.56,56.97,3.73,4.1,18,9.82,14.03,87.67,central,standard,none,59.16
73,17,0,0,1.39,82.77,1.26,11.54,21,11.58,8.98,74.48,residential,express,none,36.3
73,18,0,0,1.51,95.61,3.17,16.64,16,31.45,19.31,45.78,residential,express,none,35.72
73,7,0,0,19.06,35.23,3.4,3.43,2,35.15,0,7.76,peripheral,bulky,none,52.76
73,8,0,0,14.21,89.89,0.08,7.32,12,35.08,22.5,41.6,residential,standard,none,81.01
73,9,0,0,4.62,69.24,0,12.84,15,0,20.79,39.39,peripheral,standard,none,55.68
73,10,0,0,10.74,37.8,0,8.83,15,12.71,4.29,77.85,residential,standard,none,45.38
73,11,0,0,5.79,46.32,0,13.62,15,12.84,1.97,48.29,residential,express,none,31.86
73,12,0,0,0.82,41.58,0,3.98,18,5.64,23.78,62.23,residential,standard,none,44.26
73,13,0,0,7.91,45.22,4.03,14.46,3,11.84,8.73,72.97,central,bulky,none,54.72
73,14,0,0,12.26,40.4,0,13.66,19,9.62,9.22,92.95,residential,standard,none,66.37
73,15,0,0,10.14,65.72,6.97,9.06,9,17.99,13.87,98.78,central,standard,none,56.23
73,16,0,0,1.08,77.05,4.27,8.28,26,40.14,8.93,82.04,central,standard,none,44.05
73,17,0,0,7.99,93.76,3.59,9.47,19,4.63,15.92,62.42,central,standard,none,54.66
73,18,0,0,3.03,75.6,5.56,8.79,9,16.92,14.8,68.69,residential,standard,none,39.89
73,7,0,0,6.89,39,1.44,13.78,17,0,0,12.78,residential,standard,none,26.1
73,8,0,0,12.39,73.74,17.5,12.63,13,18.04,24.33,35.3,peripheral,standard,none,76.72
73,9,0,0,22.5,73.04,0,10.59,20,20.91,8.3,37.01,residential,standard,none,84.76
73,10,0,0,5.67,57.08,0,19.67,8,22.27,9.55,78.33,central,standard,none,35.38
73,11,0,0,6.22,37.53,0,10.72,8,6.74,11.77,48.98,residential,bulky,none,58.85
73,12,0,0,6.87,47.23,11.61,9.43,9,11.02,0,96.75,central,standard,none,35.07
73,13,0,0,3.85,46.13,0.66,12.58,11,6.15,9.41,60.16,residential,standard,none,34.9
73,14,0,0,10.34,33.07,0.81,7.25,10,25.09,3.2,14.55,peripheral,standard,none,39.05
74,15,0,0,11.05,28.53,5.86,9.8,13,23.26,3.56,13.82,peripheral,standard,none,41.77
74,16,0,0,11.39,48.16,2.99,10.71,16,12.7,9.01,79.99,central,standard,none,52.62
74,17,0,0,9.57,60.02,0,9.7,13,12.15,23.17,36.62,peripheral,standard,none,71.23
74,18,0,0,3.21,64.86,4.83,18.54,12,18.59,3.78,58.01,residential,standard,none,24.95
74,7,0,0,9.85,35.81,5.25,7.04,15,0,0,5,peripheral,standard,none,30.05
74,8,0,0,11.78,80.58,8.37,4.55,17,30.17,8.04,49.27,residential,standard,none,58.01
74,9,0,0,11.56,94.36,9.02,9.58,18,28,9.59,82.61,central,express,none,54.59
74,10,0,0,7.94,37.57,1.12,11.71,9,25.96,12.92,70.52,residential,bulky,none,47.23
74,11,0,0,6.36,43.9,0.94,12.68,15,21.65,9.04,43.08,residential,standard,none,44.11
74,12,0,0,0.56,47.73,1.65,6.77,2,20.91,16.33,98.93,central,bulky,none,39.97
74,13,0,0,11.82,26.74,2.97,5.86,13,11.19,12.24,7.74,peripheral,standard,none,46.82
74,14,0,0,8.95,43.81,0,11.94,16,3.56,16.98,100,central,standard,none,49.68
74,15,0,0,3.3,44.98,3.05,11.42,13,30.1,7.27,43.01,residential,standard,none,37.07
74,16,0,0,14.7,52.02,6.81,13.16,18,0,12.29,26.02,peripheral,standard,none,68.03
74,17,0,0,6.53,85.86,3.6,7.2,15,14.28,19.65,100,central,standard,none,55.84
74,18,0,0,30.9,62.33,5.08,12.1,16,34.64,12.49,20.94,peripheral,standard,none,92.85
74,7,0,0,5.01,29.85,7.92,10.05,13,36.02,8.65,81.92,residential,standard,none,37.82
74,8,0,0,9.53,78.05,6.69,12.48,4,15.56,13.07,100,central,bulky,none,61.72
74,9,0,0,4.81,89.03,0,4.64,14,34.8,21.2,54.25,residential,express,none,50.84
74,10,0,0,6.18,35.13,3.3,14.07,17,19.11,14.71,64.24,residential,standard,none,40.08
74,11,0,0,10.1,34.7,3.71,12.23,1,18.85,12.04,35.97,peripheral,bulky,none,54.62
74,12,0,0,6.11,50.86,3.37,11.94,11,7.24,8.61,68.26,residential,standard,none,41.63
74,13,0,0,0.5,35.93,5.84,11.85,15,5.34,0,48.26,residential,standard,none,13.38
74,14,0,0,16.26,29.22,0,9.13,9,6.48,4.15,25.84,residential,standard,none,39.73
74,15,0,0,12.33,41.86,2.28,14.84,7,14.51,11.52,93.91,central,express,none,40.67
74,16,0,0,11.72,33.96,6.39,12.01,15,24.14,10.45,24.51,peripheral,standard,none,53.3
74,17,0,0,9.57,69.72,0,11.41,18,30.22,16.87,13.58,peripheral,standard,none,53.23
74,18,0,0,4.73,70.05,4.74,8.39,20,17.62,16,77.15,residential,standard,none,50.63
74,7,0,0,9.83,39.37,0,10.92,9,26.61,19.57,87.9,central,standard,none,57.71
74,8,0,0,21.98,88.82,15.73,6.84,17,20.65,9.13,64.89,central,standard,none,92.91
74,9,0,0,9.62,71.77,8.69,11.65,22,29.1,23.99,18.78,peripheral,express,none,58.42
74,10,0,0,13.31,58.15,1.53,11.17,16,13.04,5.58,56.62,residential,standard,none,53.71
74,11,0,0,16.02,27.81,5.73,12.48,8,16.06,0,56.95,peripheral,bulky,none,57.79
74,12,0,0,2.48,57.82,4.95,10.79,21,50.24,3.84,50.61,residential,standard,none,36.66
74,13,0,0,0.5,34.84,0,14.8,1,4.13,0.09,82.56,central,bulky,none,29.61
74,14,0,0,3.22,36.25,0,10.05,11,37.87,13.49,57.45,residential,standard,none,24.2
74,15,0,0,7.03,38.29,5.75,7.68,12,8.13,3.5,17.77,peripheral,express,none,33.74
74,16,0,0,4.98,43.8,1.55,14.07,14,0,10.96,67.98,residential,express,none,27.34
74,17,0,0,6.65,98,4.36,12.56,18,18.42,9.05,99.53,central,express,none,43.25
74,18,0,0,8.06,66.47,0.4,8.39,16,0,7.75,32.78,peripheral,standard,none,48.09
75,7,1,0,9.6,26.21,6.13,10.24,15,10.75,7.54,81.99,central,standard,none,46.16
75,8,1,0,4.15,79.98,4.57,12.04,6,29.26,20.17,38.5,residential,bulky,none,58.25
75,9,1,0,10.83,58.46,1.78,10.88,17,0,17.88,38.98,peripheral,standard,none,60.92
75,10,1,0,13.02,29.45,3.62,14.54,13,24.61,4.17,79.52,central,standard,none,33.95
75,11,1,0,5.76,38.03,0,5.74,10,38.92,10.83,80.02,central,bulky,none,50.27
75,12,1,0,5.12,28.95,0.68,12.67,18,17.87,12.09,54.15,residential,standard,none,43.25
75,13,1,0,5.56,42.04,0,10.79,13,36.64,15.7,72.71,central,standard,none,44.64
75,14,1,0,12.87,22.97,0,13.51,13,13.92,9.76,17.89,peripheral,standard,none,48.09
75,15,1,0,6.84,35.06,6.25,10.7,17,21.75,10.05,87.2,central,standard,none,48.59
75,16,1,0,15.49,32.15,7.17,9.89,6,23.44,13.32,22.3,peripheral,bulky,none,55.59
75,17,1,0,9.62,68.47,0.02,10.99,1,2.07,13.74,48.4,residential,bulky,none,53.15
75,18,1,0,9.05,74.03,6.03,3.97,22,17.74,17.48,100,central,standard,none,74.76
75,7,1,0,27.46,28.5,0,7.41,18,4.89,6.33,59.95,residential,express,none,64.16
75,8,1,0,11.99,78.61,2.01,8.14,6,6.18,15.96,42.4,residential,bulky,none,72.26
75,9,1,0,2.81,80.47,9.17,13.35,11,21.71,19.8,84.63,central,standard,none,47.04
75,10,1,0,15.81,55.63,3.28,13.32,4,37.67,1.03,75.82,central,bulky,vehicle,86.54
75,11,1,0,14.25,32.91,4.19,5.93,21,25.62,30.51,43.51,residential,standard,none,79.51
75,12,1,0,5.56,42.35,5.32,8.53,16,10.16,8.7,62.33,central,standard,none,41.67
75,13,1,0,15.83,23.08,2.58,9.71,11,21.57,16.3,69.91,residential,standard,none,51.94
75,14,1,0,13.44,37.84,5.61,8.52,14,16.47,1.97,85.25,residential,standard,none,43.77
75,15,1,0,9.59,44.37,3.12,15.43,15,27.06,5.69,25.77,peripheral,standard,none,44.42
75,16,1,0,5.33,37.39,4,9.94,16,16.43,0,32.58,peripheral,express,none,28.34
75,17,1,0,16.09,93.8,8.69,9.4,15,22.96,20.09,90.55,central,standard,none,92.9
75,18,1,0,16.71,76.71,9.35,11.77,22,24,16.29,87.19,central,standard,none,83.72
75,7,1,0,10.57,44.46,6.48,12.12,10,0,0,38.02,residential,standard,none,36.94
75,8,1,0,7.32,77.15,2.68,12.23,16,26.07,20.19,41.22,residential,standard,vehicle,90.12
75,9,1,0,24.91,67.83,5.41,14.78,12,17.89,6.71,54.28,residential,standard,none,82.58
75,10,1,0,13.76,55.36,4.75,12.64,14,32.93,5.32,87.65,central,standard,none,49.67
75,11,1,0,8.49,25.56,0,7.98,12,15.19,3.31,43.81,peripheral,standard,none,33.63
75,12,1,0,5.3,8,0.42,14.85,14,32.21,7.95,34.82,peripheral,standard,none,38.44
75,13,1,0,16.64,14.64,3.21,10.38,15,22.19,13.16,5,peripheral,standard,none,52.64
75,14,1,0,9.37,26.04,6.93,10.95,5,23.29,4.33,92.55,central,bulky,none,48.2
75,15,1,0,14.79,34.01,2.35,9.9,8,0,5.6,51.8,residential,standard,none,39.79
75,16,1,0,19.59,44.77,1.61,14.56,11,39.12,14.35,80.9,central,express,none,67.43
75,17,1,0,8.09,68.59,9.78,17.07,10,25.4,13.54,64.58,residential,standard,none,46.04
75,18,1,0,14.26,50.74,0,9.54,9,36.15,10.94,21.27,peripheral,bulky,none,63.62
75,7,1,0,7.88,40.23,4,9.22,16,28.9,7.23,100,central,standard,none,40.1
75,8,1,0,11.1,71.31,0.62,9.26,15,14.54,22.94,82.76,central,standard,none,73.04
75,9,1,0,1.59,64.84,0,12.15,15,23.5,24.28,42.42,residential,standard,none,42.56
75,10,1,0,3.12,19.33,6.05,15.39,8,36.22,2.81,53.5,peripheral,standard,none,13.39
76,11,1,0,28.04,34.88,10.58,12.18,10,1.65,4.44,51.51,residential,standard,none,72.96
76,12,1,0,8.14,37.65,0,7.5,11,21.9,14.55,81.26,residential,standard,none,46.72
76,13,1,0,7.26,53.05,2.56,8.59,16,27.03,4.15,100,central,standard,none,42.82
76,14,1,0,6.6,22.97,4.03,11.56,16,23.74,10.59,16.88,peripheral,express,none,30.14
76,15,1,0,11.02,20.81,0.58,15.19,13,10.98,8.74,24.25,peripheral,standard,none,44.61
76,16,1,0,7.84,20.88,0,13.1,20,9.11,0,27.61,peripheral,standard,none,32.59
76,17,1,0,15.02,74.19,0.67,19.53,8,1.19,7.4,100,central,standard,none,58.17
76,18,1,0,10.31,79.74,0.67,12.82,7,20.82,9.39,83.29,central,standard,none,59.3
76,7,1,0,4.5,18.85,0,17.98,20,14.15,12.84,18.08,peripheral,standard,none,33
76,8,1,0,10.37,69.43,6.14,9.76,4,44.11,19.63,39.84,peripheral,standard,none,52.34
76,9,1,0,5.88,73.01,2.71,10.12,15,0,16.66,100,central,standard,none,55.27
76,10,1,0,21.7,53.4,4.36,4.52,16,30.33,3.34,81.81,central,express,none,67.67
76,11,1,0,24.85,49.71,4.05,13.01,12,29.59,5.14,95.5,central,express,none,65.29
76,12,1,0,4.79,33.91,4.21,11.33,16,26.98,10.64,55.48,residential,standard,none,36.25
76,13,1,0,10.17,50.49,0.82,9.17,9,35.4,0,86.49,central,standard,none,46.52
76,14,1,0,8.95,36.31,4.76,7.36,7,13.23,10.63,89.17,central,express,none,36.42
76,15,1,0,10.24,44.89,0.37,11.07,11,22.48,1.5,91.69,central,standard,customer_absent,50.65
76,16,1,0,7.17,33.78,8.03,13.87,13,36.02,19.67,46.6,residential,standard,none,57.38
76,17,1,0,10.9,56.92,1.62,9.22,18,31,19.49,20.11,peripheral,standard,none,58.49
76,18,1,0,14.22,78.28,1.62,9.79,11,32.72,20.39,77.82,central,express,roadwork,78.56
76,7,1,0,14.22,35.13,1.39,14.15,16,27.5,0,64.28,residential,standard,none,52.35
76,8,1,0,0.86,72.36,0,13.97,12,28.37,10.76,50.47,residential,bulky,none,37.8
76,9,1,0,11.7,73.41,6.32,10.51,16,31.51,24.61,92.77,central,standard,none,70.24
76,10,1,0,11.68,24.23,0,10.1,14,16.05,11.91,15.23,peripheral,standard,none,43.32
76,11,1,0,8.31,47.35,0,13.46,13,24.09,10.1,100,central,standard,none,50.41
76,12,1,0,11,52.92,0,9.48,8,18.96,8.99,47.02,residential,bulky,none,58.32
76,13,1,0,7.29,42.92,4.57,9.5,16,35.96,17.06,56.69,residential,standard,none,40.01
76,14,1,0,7.71,40.09,3.89,10.8,8,13.53,7.47,80.17,central,express,none,29.33
76,15,1,0,5.29,23.19,0,7.48,15,0.8,6.58,39.65,peripheral,standard,none,42.19
76,16,1,0,10.97,28.94,0.9,12.9,6,0,10,52.38,residential,standard,none,37.27
76,17,1,0,12.87,31.57,5.5,4.43,16,31.52,11.22,15.71,peripheral,express,none,40.2
76,18,1,0,11.93,63.19,0.77,7.2,16,28.33,16.18,85.57,central,standard,none,58.36
76,7,1,0,8.18,12.25,6.81,9.05,13,35.55,9.29,29.71,peripheral,standard,none,32.27
76,8,1,0,6.09,70.27,1.46,14.3,1,40.91,13.13,50.53,residential,bulky,none,44.86
76,9,1,0,4.95,61.03,0,11.52,15,0,27.06,52.47,peripheral,standard,none,58.97
76,10,1,0,9.05,39.86,7.38,11.1,11,24.15,3.45,46.82,residential,standard,none,42.46
76,11,1,0,6.98,46.29,2.76,10.66,16,28.65,9.85,92.07,central,standard,none,47
76,12,1,0,5.97,61.94,5.22,8.14,8,15.29,0,88.08,central,express,none,33.13
76,13,1,0,22.29,30.17,0,11.06,4,36.27,4.89,28.18,peripheral,standard,none,52.14
76,14,1,0,8.92,39.74,7.13,13.92,4,19.79,7.88,64.79,residential,bulky,none,46.34
77,15,0,0,2.76,46.84,0,16.21,8,37.33,0,100,central,express,none,21.81
77,16,0,0,9.75,29.14,0,10.58,21,18.49,9.38,36.62,residential,express,none,41.2
77,17,0,0,10.01,91.88,5.63,9.13,18,31.67,16.28,100,central,standard,none,66.44
77,18,0,0,13.53,96.23,0,14.45,12,25,12.32,60.47,residential,standard,none,73.22
77,7,0,0,26.99,37.57,0.52,8.07,15,15.24,16.21,56.74,residential,standard,none,91.56
77,8,0,0,28.57,73.66,2.8,8.88,6,41.17,14.96,77.88,residential,standard,none,102.25
77,9,0,0,4.01,82.3,3.38,9.11,14,0,30.09,71.3,residential,standard,none,66.22
77,10,0,0,2.92,48.73,7.4,8.14,14,0,1.87,79.01,central,standard,none,27.84
77,11,0,0,16.95,40.23,2.73,11.4,17,1.12,10.07,37.11,peripheral,express,none,59.5
77,12,0,0,4.79,46.9,4.76,7.45,8,7.94,6.72,42.42,residential,bulky,none,40.65
77,13,0,0,9.78,58.68,1.92,10.44,6,33.26,0,91.08,central,standard,none,38
77,14,0,0,7.29,46.97,5.41,11.74,17,20.34,15.34,69.26,residential,standard,none,58.73
77,15,0,0,7.39,32.81,0,9.2,12,4.29,15.18,27.02,peripheral,standard,none,44.42
77,16,0,0,14.25,37.39,5.42,17.22,12,27.8,13.23,96.61,central,express,none,54
77,17,0,0,6.39,62.9,11.81,15.15,13,26.31,5.35,24.35,peripheral,standard,none,30.71
77,18,0,0,4.4,81.1,0,11.39,18,11.73,27.98,100,central,standard,none,56.37
77,7,0,0,25.25,58.69,14.86,13.14,19,2.34,17.61,94.87,central,express,none,90.71
77,8,0,0,17.86,78.56,0,11.38,10,0,0,95.81,central,standard,none,65.38
77,9,0,0,8.95,94.05,4.83,13.39,11,20.5,15.89,100,central,standard,none,59.46
77,10,0,0,11.3,22.44,1.34,8.97,12,14.5,0,27.49,peripheral,standard,none,33.82
77,11,0,0,11.1,29.74,1.74,12.51,9,0,3.34,35.91,peripheral,express,none,17.63
77,12,0,0,14.59,37.38,0,10.62,6,6.92,0,55.36,residential,standard,none,37
77,13,0,0,1.79,33.36,0,7.38,24,31.27,7.11,30.55,peripheral,express,none,18.48
77,14,0,0,12.42,44.48,8.17,9.58,16,16.12,4.56,64.49,residential,standard,none,52.8
77,15,0,0,10.02,24.42,1.82,9.09,13,35.23,2.76,41,peripheral,express,none,24.02
77,16,0,0,5.48,60.52,7.05,11.27,14,0,7.08,70.34,residential,standard,none,39.5
77,17,0,0,9.31,88.69,0,11.02,9,54.63,22.86,25.79,peripheral,standard,none,60.96
77,18,0,0,10.65,84.44,3.79,15.97,9,0,11.34,94.01,central,standard,none,68.99
77,7,0,0,9.19,41.56,0,11.3,13,18.46,2.16,52.99,residential,bulky,none,52.65
77,8,0,0,12.18,85.46,0,13.84,15,19.37,6.28,45.01,residential,standard,none,49.77
77,9,0,0,5.3,66.45,10.09,13.19,7,30.51,7.53,41.01,residential,bulky,none,32.61
77,10,0,0,11.59,20.66,4.07,12.2,10,0.55,17.24,11.28,peripheral,standard,none,53.56
77,11,0,0,21.7,35.46,0.38,15.6,12,38.98,3.5,57.37,residential,standard,none,58.47
77,12,0,0,26.93,26.98,6.85,6.75,15,27.55,10.2,56.29,residential,express,none,60.74
77,13,0,0,10.33,41.83,6.08,13.27,15,20.98,16.51,19.21,peripheral,express,none,42.46
77,14,0,0,14.95,20.67,0,12.44,15,0,11.5,35.94,peripheral,standard,none,48.37
77,15,0,0,11.9,51.89,8.06,9.42,10,12.68,11.83,31.88,residential,express,none,49.53
77,16,0,0,11.24,38.33,0,10.76,11,8.29,2.06,70.39,residential,standard,none,38.87
77,17,0,0,11.84,81.71,3.53,13.53,13,31.25,19.16,40.7,residential,standard,none,69.21
77,18,0,0,9.24,66.31,0.99,10.46,13,17.85,23.71,60.4,residential,standard,none,65.3
78,7,0,0,10.64,31.89,0,3.52,6,3.71,5.22,43.32,peripheral,standard,none,33.39
78,8,0,0,3.83,72.97,1.43,9.8,5,25.8,12.46,56.42,residential,standard,none,46.39
78,9,0,0,18.7,69.17,4.83,16.15,15,13.71,13.63,58.7,residential,standard,none,86.44
78,10,0,0,4.14,54.46,0.23,10.66,13,0,11.13,78.86,central,express,none,27.22
78,11,0,0,4.71,44.96,6.62,8.77,17,14.37,3.99,100,central,standard,none,38.11
78,12,0,0,22.58,53.84,8.68,14.31,7,17.87,6.73,67.35,residential,express,none,58.04
78,13,0,0,7.11,31.33,0,6.82,20,32.83,17.49,53.82,residential,standard,none,52.1
78,14,0,0,11.06,29.89,8.36,9.42,14,56.89,8.6,47.03,residential,standard,none,52.32
78,15,0,0,10.3,48.72,0,9.46,13,12.98,9.39,56.52,residential,express,none,47.22
78,16,0,0,2.61,45.81,5.16,10.68,16,23.15,5.1,42.52,peripheral,standard,none,30.61
78,17,0,0,7.92,93.17,11.9,15.18,8,37.8,19,82.78,central,express,none,53.86
78,18,0,0,5.49,75.79,0.58,13.53,15,11.02,25.19,62.39,residential,express,none,46.33
78,7,0,0,6.88,36.68,9.78,5.63,10,0,3.18,83.16,central,express,none,31
78,8,0,0,8.3,66.02,1.33,14.45,15,12.7,18.63,70.61,residential,standard,none,60.28
78,9,0,0,14.57,67.24,1.24,12.86,20,19.35,14.85,40.05,residential,standard,none,75.4
78,10,0,0,26.39,39.77,0,7.5,16,15.97,3.63,27.54,peripheral,standard,none,74.33
78,11,0,0,7.2,65.53,1.16,14.97,13,36.33,19.06,91.39,central,express,none,41.43
78,12,0,0,6.32,19.5,0.6,15.59,16,8.95,0,5,peripheral,standard,none,29.59
78,13,0,0,1.72,45.87,2.79,9.89,17,26.34,15.61,69.21,residential,standard,none,40.41
78,14,0,0,15.98,38.04,4.03,12.35,15,0,1.65,88.98,central,standard,none,54.81
78,15,0,0,9,54.91,7.42,14.18,13,16.59,13.57,92.47,central,standard,none,56.1
78,16,0,0,38.86,45.16,0,12,14,0,0,38.57,residential,standard,none,89.49
78,17,0,0,10.55,81.58,6.3,10.57,24,37.31,13.34,96.32,central,standard,none,65.96
78,18,0,0,12.45,75.79,2.06,15.92,4,36.29,16.85,62.91,residential,standard,none,59.56
78,7,0,0,4.69,43,3.04,14.94,13,4.05,8.02,56.13,residential,express,customer_absent,41.68
78,8,0,0,29.78,92.13,10.52,18.98,20,16.73,17.65,79.19,central,standard,none,127.57
78,9,0,0,13.5,80.73,10.69,12,14,35.67,10.57,98.25,central,standard,none,67.28
78,10,0,0,11.41,40.7,0,9.77,7,28.23,0,37.69,residential,bulky,none,43.01
78,11,0,0,16.43,41.74,0,7.43,14,29.59,4.77,72.31,residential,express,none,33.57
78,12,0,0,2.52,13.9,6.16,13.68,12,45.85,9.58,32.14,peripheral,express,none,22.65
78,13,0,0,22.06,67.11,1.7,4.64,8,16,8.44,89.36,central,standard,none,89.54
78,14,0,0,24.77,59.77,0,8.99,7,27.55,0.06,100,central,standard,none,67.81
78,15,0,0,7.26,43.7,0.04,14.07,15,20.75,3.53,47.92,peripheral,standard,none,37.21
78,16,0,0,9.62,55.35,4.31,12.74,19,25.64,12.54,95.25,central,standard,none,57.19
78,17,0,0,13.47,94.1,11.81,4.79,5,46.53,13.99,94.65,central,bulky,customer_absent,95.39
78,18,0,0,7.36,70.04,0,6.68,11,16.35,18.43,36.6,residential,standard,none,41.33
78,7,0,0,14.18,43.02,3.41,10.85,20,26.23,7.39,31.05,residential,express,none,48.7
78,8,0,0,6.94,83.05,0.17,15.09,12,8.87,24.31,65,residential,standard,none,59.44
78,9,0,0,6.13,63.41,7.34,6.36,13,21.06,18.45,30.51,peripheral,standard,none,46.5
78,10,0,0,14.41,56.63,0,7.85,20,31.36,0,92.37,central,standard,none,52.79
79,11,0,0,4.2,47.39,0,14,10,16.49,0,99.15,central,standard,none,30.21
79,12,0,0,12.12,59.52,0,9.45,13,7.57,16.46,72.19,residential,express,none,53.06
79,13,0,0,10.3,34.86,11.95,14.51,16,36.16,4.55,64.98,residential,standard,none,42.09
79,14,0,0,13.58,40.9,1.19,11.54,7,7.79,2.43,47.57,residential,express,none,38.52
79,15,0,0,10.23,27.69,0,14.06,8,0,4.66,71.89,residential,standard,none,45.96
79,16,0,0,28.96,28.61,6.54,10.84,16,16.47,0,74.89,residential,standard,none,65.38
79,17,0,0,3.36,76.69,7.12,11.41,16,3.68,19.54,68.93,residential,standard,none,54.38
79,18,0,0,10.81,75.38,0,13.83,14,30.16,23.76,53.76,residential,standard,none,71.74
79,7,0,0,14.76,48.16,0,14.21,8,36.08,5.97,41.13,residential,standard,none,49.43
79,8,0,0,24.86,95.45,3.37,15.91,11,14.2,16.44,61.19,central,express,none,101.98
79,9,0,0,8.79,94.88,1.59,11.43,13,35.25,23.4,95.39,central,standard,none,61.86
79,10,0,0,7.53,48.85,2.68,1.5,19,8.31,2.87,85.34,central,standard,none,51.35
79,11,0,0,9.16,37.25,0,13.18,6,22.62,4.51,100,central,standard,none,40.87
79,12,0,0,15.63,23.65,0,17.5,5,10.18,13.22,69.55,residential,bulky,none,63.87
79,13,0,0,8.94,34.66,0,11.49,13,27.87,11.22,68.83,central,standard,none,43.06
79,14,0,0,23.13,55.3,0,10.87,17,14.98,4.35,40.25,residential,standard,none,63.91
79,15,0,0,7.97,21.56,8.34,12.15,6,5.93,6.74,65.02,residential,bulky,none,44.08
79,16,0,0,41.05,33.38,0,10.68,12,12.93,10.29,19.14,residential,standard,none,98.36
79,17,0,0,8.35,81.92,0,15.62,14,32.21,21.03,88.92,central,standard,none,59.95
79,18,0,0,5.6,83.75,3.97,13.15,13,36.72,18.69,72.28,residential,standard,none,47.75
79,7,0,0,3.25,36.84,5.49,9.27,10,23.54,10.1,67.95,residential,standard,none,30.84
79,8,0,0,31.6,59.82,2.77,13.16,11,11.12,17.82,54.31,residential,standard,none,108.36
79,9,0,0,8.7,89.5,1.55,8.81,10,13.57,13.4,86.23,central,standard,none,57.1
79,10,0,0,11.57,34.45,5.23,12.94,15,19.22,11.55,48.86,residential,standard,none,56.16
79,11,0,0,12.66,25.24,1.15,9.16,18,43.58,11.71,36.01,peripheral,standard,none,47.4
79,12,0,0,11.08,57.66,0.73,14.37,13,16.51,11.65,63.15,central,express,none,47.05
79,13,0,0,8.12,61.69,12.05,10.8,10,17.51,7.61,100,central,express,none,40.07
79,14,0,0,5.93,63.85,0,10.69,15,25.27,0,76.61,central,standard,none,37.13
79,15,0,0,13.05,39.34,1.95,11.34,12,13.16,1.89,69.22,residential,standard,none,50.19
79,16,0,0,9.26,36.75,10.1,5.74,12,19.13,2.31,100,central,standard,none,46.1
79,17,0,0,16.57,85.73,12.17,9.58,10,3.74,0,66.54,central,standard,none,68.7
79,18,0,0,3.31,78.74,7.91,10.16,16,21.43,10.07,53.8,residential,standard,none,42.93
79,7,0,0,13.32,51.92,10.98,20.09,24,7.06,10.87,53.88,residential,express,none,58.84
79,8,0,0,6.17,81.9,1.5,14.73,15,6.51,20.07,50.9,residential,standard,none,53.22
79,9,0,0,12.57,77.69,2.71,14.28,18,37.07,16.91,78.5,central,standard,none,80.7
79,10,0,0,14.08,54.61,3.59,18.34,8,6.64,5.61,96.36,central,express,none,52.19
79,11,0,0,7.76,36.89,0,12,12,26.69,13.06,59.73,residential,standard,none,38.61
79,12,0,0,6.3,48.44,1.89,11.98,25,45.83,0,100,central,standard,none,33.93
79,13,0,0,13.87,47.21,9.17,13.77,7,38.14,6.25,22.5,peripheral,bulky,none,55.16
79,14,0,0,25.72,46.67,6.46,10.85,5,10.82,3.65,50.91,residential,standard,none,64.13
80,15,0,0,15.05,27.29,5.57,11.95,14,15.37,15.55,54.73,residential,express,none,50.89
80,16,0,0,16.48,39.74,0.32,9.27,17,8.87,2.68,41.63,residential,standard,none,53.07
80,17,0,0,2.38,85.98,2.98,13.05,15,23.21,16.92,62.01,central,express,none,36.57
80,18,0,0,8.52,84.55,8.11,7.21,17,15.95,22.08,84.82,central,express,none,57.68
80,7,0,0,19.4,57.34,3.03,13.69,12,38.77,5.92,88.21,central,express,none,57.36
80,8,0,0,3.82,69.06,1.53,10.95,10,41.93,32.36,59.17,central,standard,none,53.46
80,9,0,0,5.07,90.78,10.4,15.74,7,34.58,11.2,42.91,residential,standard,none,40.15
80,10,0,0,2.8,56.54,10.36,13.76,14,17.77,9.41,88.96,central,standard,none,33.32
80,11,0,0,31.98,31.46,4.57,10.17,12,42.91,0,73.17,residential,standard,none,73.37
80,12,0,0,10.46,28.57,4.64,16.57,12,1.02,11.3,81.34,residential,standard,none,54.03
80,13,0,0,13.03,34.72,4.89,11.03,11,11.3,3.03,29.11,peripheral,standard,none,41.43
80,14,0,0,9.78,23.93,0.26,11.83,10,14.16,11.12,40.61,residential,standard,none,44.02
80,15,0,0,6.91,32.24,2.09,12.25,12,16.94,14.27,32.67,peripheral,express,none,36.93
80,16,0,0,3.36,40.23,5.89,11.86,15,40.66,12.1,59.76,residential,standard,customer_absent,55.03
80,17,0,0,7,62.69,11.47,11.6,7,23.23,14.86,6.43,peripheral,bulky,none,59.55
80,18,0,0,9.23,70.51,1.49,11.31,11,23.42,21.96,56.11,residential,standard,none,55.81
80,7,0,0,11.06,44.56,4.39,23.87,13,35.16,19.71,72.67,central,standard,none,67.47
80,8,0,0,13.8,82.09,0,14.43,12,12.03,14.2,49.23,residential,express,none,50.4
80,9,0,0,6.81,75.5,1.17,11.96,11,6.86,17.43,87.41,central,standard,none,53.4
80,10,0,0,13.26,37,0,10.59,20,23.35,1.61,80.32,central,standard,none,47.56
80,11,0,0,3.85,38.25,9.39,2.91,10,12.4,3.22,26.18,peripheral,standard,none,16.38
80,12,0,0,15.42,33.9,5.23,4.93,17,0,8.94,11.93,peripheral,standard,none,55.63
80,13,0,0,12.9,53.32,0.81,5.46,17,32.8,19.47,42.83,residential,standard,none,67.4
80,14,0,0,9.68,30.02,0,11.94,7,18.29,11.63,52.2,residential,standard,none,43.86
80,15,0,0,11.44,55.83,0,16.31,12,2.86,13.5,88.89,central,standard,none,55.12
80,16,0,0,11.25,49.03,0.02,10.93,9,2.59,4.7,89.78,central,standard,none,48.05
80,17,0,0,5.64,64.88,2.82,7.13,19,20.86,12.88,46.5,peripheral,standard,none,49.02
80,18,0,0,24.75,84.55,0.7,11.43,8,42.26,20.21,61.01,residential,express,none,93.93
80,7,0,0,27.78,27.9,10.31,8.89,16,15.39,15.97,14.82,peripheral,express,none,78.5
80,8,0,0,26.1,91.69,10.07,12.18,14,45.31,9.72,95.38,central,standard,none,110.38
80,9,0,0,11.22,59.07,0,6.44,16,17.2,22.63,19.52,peripheral,standard,none,72.69
80,10,0,0,11.15,62.24,6.21,11.99,15,25.79,13.7,66.37,central,standard,none,51.06
80,11,0,0,1.48,52.76,7.7,12.07,1,17.72,0,93.94,central,bulky,none,25.09
80,12,0,0,4.29,60.66,1.57,8.98,18,29.55,0,90.35,central,standard,none,35.75
80,13,0,0,13.53,61.74,4.29,13.06,15,19.73,5.8,93.15,central,standard,none,61.14
80,14,0,0,8.68,41.75,0,14.84,15,7.32,6.31,73.26,residential,standard,none,42.55
80,15,0,0,14.22,46.77,4.9,14.55,10,19.13,17.13,100,central,bulky,vehicle,93.6
80,16,0,0,6.27,38.74,2.01,12.35,14,42.49,7.7,66.26,residential,standard,none,37.09
80,17,0,0,13.57,96.27,7.66,19.71,5,25.84,9.28,100,central,bulky,none,72.87
80,18,0,0,13.15,92.61,4.06,15.58,11,35.46,15.73,80.87,central,standard,none,71.53
81,7,0,0,15.98,43.93,0,8.93,16,30.26,15.03,70.15,peripheral,standard,none,66.98
81,8,0,0,7.43,68.14,0.91,11.05,15,18.31,15.29,28.76,peripheral,standard,none,47.01
81,9,0,0,8.5,77.25,8.79,10.23,17,36.59,22.37,79.75,residential,standard,none,61.15
81,10,0,0,11,48.37,4.39,11.23,11,29.36,4.61,95.64,central,standard,none,43.39
81,11,0,0,13.01,48.01,0.33,11.93,16,28.11,15.75,84.15,central,standard,none,74.86
81,12,0,0,11.61,59.4,4.06,12.49,2,26.69,11.2,95.99,central,bulky,none,59.26
81,13,0,0,5.98,56.13,10.07,9.05,22,30.23,4.74,88.76,central,standard,none,48.67
81,14,0,0,7.68,51.34,0,7.22,21,29.69,12.49,84.29,central,standard,none,50.42
81,15,0,0,38.59,39.38,0,13.58,9,30.34,3.48,51.29,residential,bulky,none,93.31
81,16,0,0,10.9,20.67,6.32,11.02,13,5.98,4.19,16.05,peripheral,express,none,36.89
81,17,0,0,1.07,81.76,0,15.56,13,12.3,23.79,65.93,residential,express,none,38.25
81,18,0,0,5.13,84.57,7.25,13.81,17,35.07,8.18,78.27,central,standard,none,35.91
81,7,0,0,6.34,41.78,0,13.87,18,5.71,14.13,61.29,residential,standard,none,50.17
81,8,0,0,14.88,85.41,0,7.55,18,29.54,25.7,51.64,residential,standard,none,86.89
81,9,0,0,11.81,72.62,5.56,11.34,10,22.14,18.72,62.05,residential,standard,none,65.31
81,10,0,0,12.8,26.28,0,11.23,23,9.53,8.39,42.57,residential,standard,none,50.21
81,11,0,0,7.98,25.39,5.04,9.41,22,20.42,11.12,20.69,peripheral,standard,none,42.31
81,12,0,0,0.95,8,2.42,9.8,17,29.74,2.56,16.33,peripheral,standard,none,16.27
81,13,0,0,3.43,11.03,4.21,10.52,9,28.11,5.98,10.36,peripheral,standard,none,29.64
81,14,0,0,8.22,29.07,8.89,9.83,13,6.56,8.39,83.23,residential,standard,none,48.24
81,15,0,0,27.7,59.23,3.81,8.12,1,16,0,99.4,central,bulky,none,84.08
81,16,0,0,6.4,25.43,3.24,9.85,20,13.88,9.62,69.98,residential,express,none,41.08
81,17,0,0,8.57,73.1,6.3,5.06,13,3.92,23.51,62.85,residential,express,none,61.82
81,18,0,0,2.15,74.72,1.07,11.02,8,13.68,23.94,57.58,residential,standard,none,41.44
81,7,0,0,6.74,51.25,3.43,9.88,14,17.68,0,85.14,central,standard,none,38.18
81,8,0,0,8.1,53.97,7.76,16.3,3,12.47,10.67,16.71,peripheral,bulky,none,51.38
81,9,0,0,5.45,75.22,3.79,13.22,9,64.3,14.22,64.96,residential,express,none,39.29
81,10,0,0,4.94,36.64,5.32,12.64,13,21.54,12.49,88.06,central,standard,none,41.86
81,11,0,0,5.66,36.48,8.07,14.35,8,33.1,1.78,36.58,peripheral,express,none,21.64
81,12,0,0,16.46,41.64,5.38,13.65,1,13.1,9.61,32.19,peripheral,bulky,none,66.04
81,13,0,0,25.18,19.53,0,11.88,14,8.55,0,5,peripheral,standard,none,54.99
81,14,0,0,10.28,37.21,5.57,11.77,7,31.99,0,92.36,central,express,none,34.86
81,15,0,0,8.22,27.74,3.7,14.95,13,19.91,6.77,10.38,peripheral,standard,none,27.91
81,16,0,0,9.07,47.02,4.96,14.94,8,10.1,1.77,98.75,central,express,none,22.74
81,17,0,0,7,86.89,11.88,15.76,11,24.87,11.38,72.03,residential,standard,none,55.1
81,18,0,0,4.65,98,0,12.65,14,55.85,13.5,68.36,central,standard,none,35.88
81,7,0,0,12.33,42.03,3.4,15.92,21,0,0,16.75,peripheral,standard,none,47.35
81,8,0,0,6.3,82.08,0,9.46,15,28.45,24.33,78.21,central,express,none,54.55
81,9,0,0,7.42,72.55,9.45,14.63,10,4.52,18.64,19.1,peripheral,standard,none,59.83
81,10,0,0,6.41,31.72,0,14.8,13,31.77,4.71,55.43,residential,standard,none,33.86
82,11,1,0,13.4,33.64,3.46,7.91,11,29.71,0,48.18,residential,standard,none,35.26
82,12,1,0,7.48,25.95,8.33,15.61,8,5.41,9.48,34.62,residential,bulky,none,48.71
82,13,1,0,14.98,41.02,1.04,7.34,16,19.94,4.92,53.02,residential,standard,none,52.38
82,14,1,0,7.99,33.78,3.17,11.38,10,39.72,7.6,68.22,central,standard,none,38.79
82,15,1,0,10.42,36.57,0,11.57,12,23.5,5.37,44.4,residential,standard,none,37.31
82,16,1,0,2.04,10.98,2.95,15.46,13,20.54,13.88,34.15,peripheral,standard,none,46.67
82,17,1,0,18.6,70.98,6.79,16.84,1,0.8,20.92,94.9,central,bulky,none,95.15
82,18,1,0,11.64,65.38,0,12.78,12,0,25.48,45.03,peripheral,express,none,64.83
82,7,1,0,4.5,35.57,0,11.91,15,35.62,9.76,74.75,residential,express,none,31.09
82,8,1,0,11.07,88.74,0,13.04,11,37.3,23.73,83.48,central,standard,none,72.52
82,9,1,0,17.86,82.17,2.25,10.4,16,26.09,23.52,72.6,central,express,none,84.44
82,10,1,0,3.03,52.99,0,13.15,1,27.33,10.31,96.7,central,bulky,none,49.15
82,11,1,0,6.98,33.65,8.43,6.51,7,7.51,3.76,88.89,central,bulky,none,48.3
82,12,1,0,7.79,44.87,7.36,12.89,16,24.61,16.29,68.6,residential,express,none,43.63
82,13,1,0,7.29,33.2,3.24,13.41,19,12.43,7.92,81.9,residential,standard,none,41.16
82,14,1,0,11.6,22,4.7,6.99,18,14.83,16.2,52.81,residential,standard,none,52.32
82,15,1,0,2.78,19.51,0,16.5,18,18.44,10.17,35.1,peripheral,standard,none,38.05
82,16,1,0,3.05,28.03,11.24,8.04,14,0.07,0,32.92,peripheral,standard,none,25.63
82,17,1,0,1.93,84.62,12.19,15.62,16,17.3,18.77,59.99,central,standard,none,46.23
82,18,1,0,9.6,72.86,3.72,13.73,15,41.23,15.06,59.91,residential,standard,none,61.48
82,7,1,0,1.33,39.03,3.08,11.32,13,39.21,3.99,20.2,residential,standard,none,22.66
82,8,1,0,14.67,57.6,5.4,14.54,12,5.38,10.81,18.44,peripheral,standard,roadwork,86.95
82,9,1,0,5.57,67.66,0,13.35,11,43.38,16.92,72.48,central,standard,none,43.3
82,10,1,0,10.86,31.81,8.67,18.25,4,13.54,0,36.45,peripheral,bulky,none,44.59
82,11,1,0,0.5,33.23,0,13.2,13,33.58,7.43,41.35,residential,standard,none,23.86
82,12,1,0,10.17,18.47,5.1,13.18,23,37.94,0.06,28.68,peripheral,express,none,26.04
82,13,1,0,8.75,38.24,0.01,10.79,8,29.87,7.06,7.65,peripheral,express,none,27.91
82,14,1,0,7.19,39.56,0,12.55,10,0,15.97,84.71,central,standard,none,42.02
82,15,1,0,15.68,38.7,0,13.7,17,18.24,0,81.59,central,standard,none,48.8
82,16,1,0,2.72,32.74,3.98,12.27,4,35.42,5.24,71.05,central,bulky,none,25.54
82,17,1,0,7.4,77.55,2.37,7.04,9,13.45,24.17,100,central,express,none,58.09
82,18,1,0,12.93,81.95,5.78,6.35,11,31.11,21.39,48.48,residential,express,none,62.46
82,7,1,0,11.99,58.54,9.58,6.76,11,28.69,0,82.47,central,standard,none,43.79
82,8,1,0,0.5,78.06,8.23,13.45,14,30.01,9.54,71.91,central,standard,none,33.62
82,9,1,0,32.43,68.79,0,7.13,14,38.69,2.61,100,central,standard,vehicle,134.14
82,10,1,0,4.99,53.56,3.45,8.33,17,8.56,9.82,88.4,central,standard,none,46.52
82,11,1,0,10.62,40.58,2.22,12.06,11,23.67,0,100,central,standard,none,40.93
82,12,1,0,10.41,39.22,5.61,10.8,17,19.54,13.75,97.04,central,standard,none,49.6
82,13,1,0,5.24,37.6,1.29,4.51,16,2.71,1.34,93.56,central,standard,none,21.87
82,14,1,0,10.77,8,5.47,10.74,15,4.51,13.68,58.4,residential,express,none,41.11
83,15,1,0,8.89,45.81,2.44,9.82,11,16.07,0,92.76,central,standard,none,35.95
83,16,1,0,0.5,20.94,0,9.05,9,35.34,4.52,66.66,residential,standard,none,27.43
83,17,1,0,3.32,85.94,0.37,10.66,14,23.9,10.72,60.48,central,express,none,26.23
83,18,1,0,8.61,81.37,3.33,9.44,16,19.29,19.62,93.84,central,standard,none,67.95
83,7,1,0,2.73,27.08,1.46,13.77,17,0,10.5,39.38,residential,express,none,26.12
83,8,1,0,12.88,64.34,4.99,10.69,23,0,22.08,79.41,residential,standard,none,80.33
83,9,1,0,13.57,57.35,3.54,11.82,6,7.57,25.06,5,peripheral,bulky,none,75.55
83,10,1,0,6.17,45.66,0,12.69,15,22.33,8.06,78.66,central,standard,none,38.42
83,11,1,0,9.13,21.89,6.95,14.66,21,0.36,5.85,27.49,residential,standard,none,44.42
83,12,1,0,11.42,33.29,5.67,11.65,18,24.34,6.26,43.09,residential,standard,none,42.43
83,13,1,0,6.89,64.07,3.88,10.7,16,11.24,5,100,central,express,none,42.96
83,14,1,0,9.95,51.91,5.22,7.88,15,9.09,11.12,80.94,central,express,none,39.17
83,15,1,0,1.51,23.92,2.67,13.05,1,26.36,3.32,72.09,residential,bulky,none,26.71
83,16,1,0,6.45,19.39,5.9,9.56,10,44.71,8.01,22.25,peripheral,standard,none,26.5
83,17,1,0,11.33,73.06,4.45,16.72,14,14.81,17.22,61.69,residential,express,none,60.46
83,18,1,0,7.8,52.23,1.2,16.6,1,20.06,14.16,45.9,peripheral,bulky,none,61.44
83,7,1,0,6.27,45.04,3.97,11.26,12,30.92,17.68,69.68,residential,standard,none,48.06
83,8,1,0,21.33,75.12,0,17.67,22,6.12,15.8,62.19,residential,express,none,89.05
83,9,1,0,27.64,88.74,0,14.13,19,2.67,16.73,58.81,central,standard,none,112.84
83,10,1,0,15.76,44.58,0,8.95,18,24.1,0,81.26,central,express,none,45.71
83,11,1,0,10.46,57.77,0,8.39,15,46.99,15.06,85.66,central,standard,none,49.78
83,12,1,0,5.17,27.42,7.16,16.05,11,15.96,4.25,21.1,residential,express,none,26.3
83,13,1,0,22.71,34.92,3.19,7.63,19,0,5.04,62.68,residential,standard,none,72.71
83,14,1,0,8.15,23.76,10.12,11.17,17,9.04,13.69,28.09,peripheral,standard,none,53.01
83,15,1,0,11.07,25.98,4.72,14.71,13,16.77,5.84,94.14,central,express,none,38.65
83,16,1,0,12.11,35.9,0,14.25,22,9.87,11.64,86.71,central,express,none,51.94
83,17,1,0,2.35,65.47,0,11.34,15,6.67,19.66,53.02,residential,standard,none,48.12
83,18,1,0,7.26,73.96,5.29,10.37,12,25.77,8.81,52.66,residential,standard,none,44.73
83,7,1,0,7.07,34.82,0,7.82,2,16.78,8.7,55.38,residential,bulky,none,46.41
83,8,1,0,8.03,59.19,7.81,9.05,4,33.35,10.01,45.11,peripheral,bulky,none,53.14
83,9,1,0,6.19,69.93,6.37,6.79,13,21.92,16.24,97.85,central,express,none,48.38
83,10,1,0,15.02,43.74,0,16.02,8,17.08,2.02,81.79,central,standard,none,40.93
83,11,1,0,8.65,33.51,8.43,16.45,8,22.83,11.02,80.47,residential,standard,none,53.29
83,12,1,0,12.22,43.74,0,14.47,18,37.75,2.09,77.59,central,express,none,40.74
83,13,1,0,13.06,53.07,0,11.39,10,23.99,4.87,32.73,residential,express,none,40.82
83,14,1,0,9.11,23.92,2.9,8.25,7,5.85,3.58,41.68,residential,bulky,none,53.26
83,15,1,0,20.45,27.55,8.94,9.96,1,0,20.38,89.7,central,bulky,none,75.09
83,16,1,0,7.02,15.9,2.24,17.37,16,9.99,3.17,40.54,peripheral,standard,none,36.74
83,17,1,0,10.61,65.16,0,9.65,15,27.91,23.77,55.63,residential,standard,none,67.14
83,18,1,0,9.19,81.45,1.18,15.77,21,32.85,31.07,91.29,central,express,none,67.86
84,7,0,0,13.09,48.06,0,11.33,12,13.85,13.55,56.74,residential,bulky,none,65.74
84,8,0,0,13.77,54.89,2.34,8.11,10,0,0,18.2,peripheral,standard,none,44.73
84,9,0,0,5.41,94.06,9.89,7.97,13,20.57,14.91,49.29,residential,standard,none,46.25
84,10,0,0,7.24,47.74,0,14.91,13,5.69,9.75,90.06,central,express,none,31.61
84,11,0,0,9.85,42.39,0,10.31,9,16.5,7.86,69.31,residential,standard,none,43.65
84,12,0,0,12.45,45.7,5.03,13.75,11,20.07,3.86,60.9,residential,express,vehicle,54.15
84,13,0,0,9.68,51.16,0,11.08,11,22.03,3.39,99.41,central,standard,none,39.78
84,14,0,0,8.38,37.03,0,13.03,14,2.26,11.66,5,peripheral,standard,none,36.05
84,15,0,0,3.15,33.19,0,12.61,4,11.33,0.74,31.21,peripheral,bulky,none,27.06
84,16,0,0,4.06,37.43,0,14.4,13,18.02,13.01,49.34,residential,standard,none,34.96
84,17,0,0,10.21,80.33,1.36,12.77,19,0,8.33,25.05,peripheral,standard,none,53.69
84,18,0,0,8.47,90.2,4.48,10.86,14,18.47,20.05,64.86,central,express,none,57.22
84,7,0,0,8.09,49.84,0,12.73,22,0,10.18,82.46,central,standard,none,48.46
84,8,0,0,8.67,81.68,0,14.28,14,17.84,8.21,87.08,central,standard,none,49.1
84,9,0,0,12.25,91.42,3.12,12.44,13,24.06,33.03,29.49,peripheral,standard,none,84.25
84,10,0,0,11.98,45.32,2.39,16.25,11,18,13.58,100,central,standard,none,59.7
84,11,0,0,0.76,25.2,5.36,16.9,9,22.52,1,89.07,central,express,none,14.26
84,12,0,0,12.3,35.45,4.95,6.18,4,20.28,15.2,63.74,residential,bulky,none,64.48
84,13,0,0,4.09,43.26,0.45,11.03,1,5.57,8.72,66.4,residential,bulky,none,51.18
84,14,0,0,12.75,49.76,0,11.12,12,26.08,4.64,44.33,residential,standard,none,38.88
84,15,0,0,0.5,25.51,0,12.99,12,27.3,15.01,32.92,peripheral,standard,none,29.92
84,16,0,0,4.55,43.61,9.87,13.21,19,18.6,12.54,50.76,residential,standard,none,45.24
84,17,0,0,13.97,88.55,3.45,16.18,13,20.34,10.71,64.86,central,standard,none,60.9
84,18,0,0,2.63,90.84,9.56,8.84,16,8.63,21.19,98.92,central,standard,none,56.8
84,7,0,0,3.42,33.94,0,13.6,10,21.94,13.04,75.53,residential,standard,none,25.94
84,8,0,0,14.31,92.66,8.49,15.63,16,19.34,19.16,100,central,standard,none,86.21
84,9,0,0,5.28,60.04,10.64,16.37,11,24.98,23.37,31.33,peripheral,standard,none,59.49
84,10,0,0,26.98,64.3,2.89,12.01,14,4.79,6.55,91.13,central,standard,none,90.19
84,11,0,0,3.48,25.79,12.84,13.01,18,9.72,11.6,37.47,peripheral,standard,none,53.38
84,12,0,0,14.04,27.19,0.7,15.53,9,51.87,3.7,36.85,residential,bulky,none,42.22
84,13,0,0,9.26,24.12,6.33,9.24,13,22.47,0,34.1,residential,express,none,29.35
84,14,0,0,10.89,38.53,0,16.74,9,0,0.42,5,peripheral,express,none,33.14
84,15,0,0,9,46.8,3.18,4.69,19,20.62,2.68,77.38,residential,standard,none,32.78
84,16,0,0,3.95,48.13,12.96,10.5,10,1.62,9.15,86.88,central,standard,none,42.04
84,17,0,0,8.09,82.68,0,7.16,20,40.68,21.41,95.74,central,express,none,56.99
84,18,0,0,8.26,65.42,5.28,10.99,19,14.22,16.93,38.08,residential,standard,none,53.94
84,7,0,0,7.72,42.1,0,5.74,13,23.8,12.5,61.99,residential,standard,none,37.32
84,8,0,0,6.85,87.25,0,13.13,8,21.17,20.86,100,central,standard,none,68.49
84,9,0,0,4.88,88.16,3.06,10.88,3,5.18,15.84,99.38,central,bulky,none,52.14
84,10,0,0,14.08,62.88,0,14.12,13,22.16,16.36,92.76,central,standard,none,67.86
85,11,0,0,9.6,35.17,0,16.59,7,41.53,9.1,94.05,central,bulky,none,52.75
85,12,0,0,10.42,35.91,8.13,15.49,8,11.53,3.07,51.26,residential,standard,none,39.23
85,13,0,0,7.64,41.7,0,8.66,10,39.95,4.35,40.47,peripheral,bulky,none,36.22
85,14,0,0,10.22,22.98,0,10.88,9,10.62,8.62,22.68,peripheral,standard,none,35.46
85,15,0,0,17.31,40.1,7.99,9.85,18,10.84,0,49.14,residential,standard,none,54.12
85,16,0,0,4.49,40.82,0.39,8.16,16,27.03,5.33,22.67,peripheral,standard,none,32.36
85,17,0,0,5.6,96.15,4.57,10.56,9,0,10.08,71.17,central,standard,none,35.4
85,18,0,0,6.19,70.96,0.96,13.4,12,30.39,15.2,50.73,residential,standard,none,50.75
85,7,0,0,11.4,47.25,0,11.66,9,36.34,14.77,67.75,central,standard,none,48.4
85,8,0,0,3.15,80.19,0,6.21,23,23.65,9.76,59,residential,express,none,31.91
85,9,0,0,8.72,74.26,2.68,14.38,15,5.14,29.8,88.23,central,standard,none,75.78
85,10,0,0,7.38,27.7,5.65,17.58,6,22.77,9.07,54.01,residential,express,none,24.47
85,11,0,0,9.99,42.71,4.03,13.91,10,2.42,5.55,33.44,residential,express,none,42.38
85,12,0,0,8.5,34.33,0,20.02,14,25.66,1.79,65.64,residential,standard,none,41.16
85,13,0,0,7.93,45.43,6.65,13.48,16,28.09,25.46,100,central,standard,none,55.91
85,14,0,0,9.92,33.1,0.39,13.15,3,3.57,0,36.23,peripheral,bulky,none,41.39
85,15,0,0,18.08,15.14,2.06,16.43,16,10.14,20.27,19.79,peripheral,standard,none,69.72
85,16,0,0,11.73,28.54,9.64,13.05,20,4.94,11.98,24.94,peripheral,standard,vehicle,72.32
85,17,0,0,10.89,66.81,0,11.63,16,32.38,10.77,69.11,residential,express,none,63.35
85,18,0,0,5.88,68.6,0,9.46,5,20.96,25.1,56.6,residential,bulky,none,65.34
85,7,0,0,12.91,43.06,0,12.17,18,23.75,13.55,86.89,residential,express,none,50.19
85,8,0,0,1.4,67.16,5.07,13.77,7,12.56,20.3,52.96,residential,express,none,38.82
85,9,0,0,20.5,78.71,4.56,15.49,12,44.84,5.11,41.05,residential,express,none,63.7
85,10,0,0,9.34,14.29,7.63,10.62,15,4.86,6.87,12.4,peripheral,standard,roadwork,54.48
85,11,0,0,2.79,42.18,4.83,14.49,15,13.99,0.45,96.97,central,standard,none,28.55
85,12,0,0,4.21,35.07,10.22,8.34,15,13.11,0,28.03,peripheral,standard,roadwork,40.73
85,13,0,0,10.54,30.25,2.14,18.44,13,28.85,9.35,5.77,peripheral,standard,none,47.61
85,14,0,0,16.48,60.63,4.65,15.23,11,48.31,6.88,64.03,residential,standard,none,53.14
85,15,0,0,38.3,61.05,0,16.61,21,8.58,0.42,100,central,express,none,100.57
85,16,0,0,5.54,54.76,0,13.85,18,0,13.11,51.19,residential,standard,none,48.24
85,17,0,0,5.13,64.4,3.33,11.53,13,8.52,5.04,22.66,peripheral,standard,none,31.55
85,18,0,0,11.28,59.18,1.33,15.47,18,14.56,14.36,42.04,residential,standard,none,55.63
85,7,0,0,8.92,35.63,0,8.76,5,31.53,2.55,48.16,residential,bulky,none,31.47
85,8,0,0,9.6,58.35,4.74,16.41,6,33.03,12.15,13.7,peripheral,bulky,none,58.49
85,9,0,0,9.03,65.8,0,10.52,18,19.14,12.55,58.67,residential,express,none,47.72
85,10,0,0,3.6,30.59,0,12.4,13,15.46,15.41,40.59,peripheral,standard,none,39.07
85,11,0,0,4.49,41.57,0,13.5,19,16.48,5.66,75.34,central,express,none,29.61
85,12,0,0,7.24,41.47,4.18,7.79,14,16.73,13.04,64.99,residential,standard,none,47.19
85,13,0,0,2.68,54,0,12.49,18,15.56,1.34,100,central,standard,none,26.65
85,14,0,0,38.24,35.48,0,12.55,17,25.39,6.31,50.85,residential,standard,none,90.39
86,15,0,0,17.05,35.69,3.98,12.57,17,30.37,5.8,13.01,peripheral,standard,none,47.47
86,16,0,0,8.82,46.44,0,21.73,4,19.99,0,78.73,central,bulky,none,43.67
86,17,0,0,9.66,65.02,1.31,11.76,22,45.92,13.37,45.65,peripheral,standard,none,60.15
86,18,0,0,9.83,65.5,0.84,20.17,16,17.16,16.28,86.03,central,standard,none,62.54
86,7,0,0,24.33,30,0,17.25,20,18.21,3.51,20.75,peripheral,express,none,52.79
86,8,0,0,12.43,61.96,0,12.89,11,20.61,28.09,16.53,peripheral,standard,none,65.04
86,9,0,0,8.43,69.77,0,7.96,9,35.32,22.68,25.58,peripheral,standard,none,53.11
86,10,0,0,17.58,30.54,2.4,13.03,15,28.69,9.74,58.75,residential,standard,none,55.88
86,11,0,0,12.17,45.32,0.56,10.01,16,0,0,43.45,residential,express,none,43.3
86,12,0,0,6.51,35.83,0.28,19.66,12,6.31,7.31,55.2,residential,standard,none,35.5
86,13,0,0,0.5,47.74,11.28,18.07,19,18.23,10.2,85.81,central,express,none,30.38
86,14,0,0,2.04,19.8,2.93,9.42,1,34.14,1.13,35.78,peripheral,bulky,none,22.49
86,15,0,0,12.59,57.55,0.62,18.15,16,33.4,1.16,50.9,peripheral,standard,none,54.72
86,16,0,0,11.72,53.07,1.64,13.73,6,3.8,0,84.29,central,bulky,none,44.32
86,17,0,0,11.58,77.23,5.01,13.33,21,7.88,23.88,56.18,residential,express,none,68.3
86,18,0,0,9.15,86.04,1.07,12.49,9,5.46,11.1,88.14,central,standard,none,49.14
86,7,0,0,7.9,41.59,0,15.39,14,3.99,19.61,42.01,peripheral,standard,none,62.98
86,8,0,0,7.24,69.82,4.95,12.55,14,24.58,0,54.45,residential,standard,none,31.84
86,9,0,0,7.1,71.63,3.68,7.57,16,25.62,22.24,64.52,residential,standard,none,60.58
86,10,0,0,9.59,46.47,0,15.67,22,16.79,6.14,80.89,central,standard,none,44.44
86,11,0,0,11.03,61.39,0,15.94,19,8.17,2.02,100,central,standard,none,47.18
86,12,0,0,9.4,56.52,6.65,8.16,13,25.61,10.02,77.34,central,express,none,44.65
86,13,0,0,9.75,26.55,1.43,11.48,24,39.99,5.77,11.28,peripheral,standard,none,35.42
86,14,0,0,3.9,54.82,9.17,19.63,13,37.74,7.3,43.08,residential,express,none,30.97
86,15,0,0,6.51,27.65,2.7,15.09,12,17.22,9.8,26.99,peripheral,express,none,35.87
86,16,0,0,9.76,46.03,0,15.24,16,0,0.75,46.19,residential,standard,none,33.86
86,17,0,0,9.96,79.67,1.14,10.16,8,13.45,18.64,67.57,residential,bulky,none,70.43
86,18,0,0,9.43,63.62,5.97,16.46,16,15.81,29.34,33,peripheral,standard,none,77.91
86,7,0,0,12.96,25.53,0,14.87,16,0,4.64,78.44,residential,standard,none,47.95
86,8,0,0,12.26,77.56,0,16.07,20,27.78,8.17,90,central,standard,none,65.45
86,9,0,0,17.38,98,9.08,13.04,14,30.12,29.44,100,central,standard,none,102.97
86,10,0,0,2.27,46.75,3.79,10.64,15,16.65,19.2,58.74,central,standard,none,43.98
86,11,0,0,33.02,40.58,7.54,15.05,14,35.26,1.34,78.53,central,standard,none,81.62
86,12,0,0,8.54,27.31,4.68,19.28,12,0,12.35,37.14,peripheral,standard,none,42.43
86,13,0,0,0.5,44.11,15.74,15.2,10,29.1,13.48,72.93,residential,express,none,27.7
86,14,0,0,10.97,47.6,1.14,9.9,13,13.53,0,18.59,peripheral,standard,none,33.8
86,15,0,0,11.19,36.22,5.36,8.26,10,26.12,4.09,14.41,peripheral,standard,customer_absent,52.52
86,16,0,0,9.99,59.58,7,13.14,19,12.29,0,71.82,residential,express,none,33.45
86,17,0,0,14.59,94.38,4.35,14.56,6,46.03,16.03,87.9,central,bulky,roadwork,101.58
86,18,0,0,3.97,98,0,10.81,11,31.22,27.11,100,central,standard,none,55.83
87,7,0,0,21.4,34.58,1.98,10.85,12,25.84,0.91,27.89,peripheral,standard,none,62.81
87,8,0,0,17.88,78.08,0,8.08,12,0,19,85.88,central,standard,roadwork,103.06
87,9,0,0,9.95,55.78,0.77,14.95,10,20.32,13.73,68,residential,standard,none,52.49
87,10,0,0,22.01,42.34,0,14.95,19,27.13,12.6,46.07,residential,standard,none,66.58
87,11,0,0,4.21,31.07,2.09,16.6,16,8.89,5.65,16.08,peripheral,standard,none,38.43
87,12,0,0,8.58,18.25,8.52,15.54,16,7.41,17.15,34.49,peripheral,standard,none,50.17
87,13,0,0,5.17,46.81,4.12,11.55,14,39.95,4.87,5.2,peripheral,standard,none,30.73
87,14,0,0,6.74,50.76,0,10.8,17,22.59,14.49,75.76,central,standard,none,47.97
87,15,0,0,0.59,35.4,8.99,9.9,7,0,7.61,23.55,peripheral,standard,none,23.05
87,16,0,0,3.05,59.9,0.76,8.4,12,15.03,0,69.09,central,bulky,none,35.79
87,17,0,0,17.06,76.81,1.18,7.42,2,29.41,9.76,92.04,central,bulky,none,79.35
87,18,0,0,11.28,82.19,0,12.57,7,46.49,18.56,32.13,residential,bulky,none,65.42
87,7,0,0,5.7,42.31,5.31,16.23,10,18.27,9.46,46.09,residential,standard,none,33.97
87,8,0,0,0.5,83.52,12.03,12.08,23,18.4,19.75,91.15,central,standard,none,46.06
87,9,0,0,12.05,80.84,14.29,11.16,16,10.89,11.74,56.21,residential,standard,none,54.2
87,10,0,0,1.86,51.75,0,15,14,29.82,10.54,36.79,residential,standard,none,40.89
87,11,0,0,11.13,32.93,1.3,13.58,13,29.45,10.25,5,peripheral,standard,none,46.18
87,12,0,0,11.08,31.7,3.48,19.32,10,28.64,16.12,91.11,central,standard,none,60.57
87,13,0,0,8.12,39.41,0,16.01,5,12.4,0.97,63.92,residential,bulky,none,45.59
87,14,0,0,9.77,50.08,0,7.39,15,17.38,15.37,83.19,central,standard,vehicle,76.98
87,15,0,0,24.6,62.76,5.12,15.99,11,32.43,13.69,68.98,central,express,none,82.1
87,16,0,0,16.7,29.39,0,10.71,9,0,0,49.21,peripheral,bulky,none,61.84
87,17,0,0,9.19,60.74,8.3,8.51,9,34.03,22.44,30.55,peripheral,standard,none,66.77
87,18,0,0,13.75,70.54,1.69,19.91,11,21.21,34.7,9.24,peripheral,express,none,77.09
87,7,0,0,10.11,17.34,4.22,11.46,6,4.9,11.9,5.95,peripheral,bulky,none,53.53
87,8,0,0,11.52,74.5,5.88,10.53,8,15.96,8.59,99.71,central,standard,none,64.7
87,9,0,0,10.1,60.63,1.31,13.04,16,17.57,13.85,23.58,peripheral,standard,none,60.21
87,10,0,0,12.75,44.92,0,10.69,21,42.73,1.54,23.98,peripheral,express,none,41.08
87,11,0,0,12.75,50.23,0,17.99,15,24.22,9.95,100,central,standard,none,56.79
87,12,0,0,9.1,68.31,2.14,9.5,18,27,0.55,87.26,central,standard,none,51.85
87,13,0,0,8.8,52.04,5.79,8.12,12,31.9,9.01,42.4,residential,standard,none,52.09
87,14,0,0,13.38,13.57,9.93,9.64,12,11.09,4.45,30.28,peripheral,standard,none,40.24
87,15,0,0,11.96,22.17,0,12.67,14,20.9,3.28,27.59,peripheral,express,none,34.02
87,16,0,0,2.59,32.61,0,11.96,18,0,0,18.5,residential,express,none,18.23
87,17,0,0,12.61,75.07,3.75,12.02,9,39.8,22.25,77.48,residential,standard,none,77.88
87,18,0,0,10.61,52.76,0,11.12,2,7.41,8.64,19.37,peripheral,bulky,none,48.41
87,7,0,0,7.37,47.5,5.04,12.63,11,17.81,1.27,16.15,peripheral,standard,none,28.34
87,8,0,0,13.04,80.82,0,12.37,15,22.2,30.95,38.12,peripheral,express,none,77.93
87,9,0,0,31.8,83.29,6.4,10.21,21,0.29,19.78,76.76,residential,standard,none,125.66
87,10,0,0,7.65,44.77,10.04,19.52,5,12.04,14.76,62.79,residential,standard,none,50.61
88,11,0,0,10.39,33.95,10.22,10.93,1,13.04,6.18,39.32,peripheral,bulky,none,52.92
88,12,0,0,21.1,67.99,2.68,12.44,13,0,2.59,83.43,central,express,none,70.08
88,13,0,0,13.78,35.42,0.87,17.47,14,24.58,12.08,67.05,residential,standard,none,50.73
88,14,0,0,11.93,42.9,0.74,16.88,20,30.71,4.33,67.72,residential,standard,none,52.3
88,15,0,0,18.14,29.01,2.7,6.67,15,13.59,6.65,50.22,residential,standard,none,58.22
88,16,0,0,6.27,62.31,3.23,12.47,13,64.11,20.41,84.31,central,standard,none,51.29
88,17,0,0,6.01,80.55,1.21,16.02,5,1.09,14.47,74.01,residential,bulky,none,56.47
88,18,0,0,3.27,94.53,10.66,14.14,18,17.84,19.57,65.71,central,standard,none,44.83
88,7,0,0,12.5,45.28,0,10.74,3,14.8,12.74,77.71,central,bulky,none,69.86
88,8,0,0,10.18,71.2,3.74,11.51,6,31.33,20.93,32.29,peripheral,bulky,none,68.17
88,9,0,0,11.91,78.17,4.25,13.77,14,0,16.59,37.39,residential,standard,none,61.31
88,10,0,0,0.5,39.14,1.23,13.34,23,0,11.64,43.25,residential,standard,none,44.07
88,11,0,0,7.99,61.54,9.67,17.18,19,37.79,9.41,59.9,residential,standard,none,47.39
88,12,0,0,3.82,29.71,1.95,15.58,8,9.11,11.23,38.1,peripheral,standard,none,37.45
88,13,0,0,1.47,36.85,0,15.86,15,0,6.03,67.79,residential,express,none,21.1
88,14,0,0,12.45,44.65,5.17,9.76,17,31.38,7.85,91.14,central,standard,none,54.93
88,15,0,0,13.22,36.69,5.43,18.21,18,28.77,12.98,100,central,express,none,54.99
88,16,0,0,1.73,64.93,2.38,13.48,10,3.81,3.81,88.12,central,standard,none,38.06
88,17,0,0,5.53,58.32,0,15.84,16,23.02,10.11,23.83,peripheral,standard,none,44.91
88,18,0,0,4.56,92.85,1.39,16.45,12,23.68,14.81,79.85,central,standard,none,45.32
88,7,0,0,13.93,45.03,0,11.56,13,0,5.65,58.73,residential,standard,none,52.48
88,8,0,0,8.62,66.49,15.06,15.4,9,30.8,7.58,39.44,peripheral,express,none,41.97
88,9,0,0,19.93,80.19,5.58,13.73,1,19.12,19.77,95.21,central,bulky,none,91.49
88,10,0,0,0.5,46.85,6.33,15.45,13,0.39,13.48,64.87,residential,standard,none,37.29
88,11,0,0,4.23,30.33,11,17.72,11,21.96,6.31,60.25,residential,standard,none,38
88,12,0,0,7.92,43.7,3.79,9.74,23,8.54,0,100,central,standard,none,32.47
88,13,0,0,4.13,49.85,0,10.39,19,13.81,6.22,100,central,standard,none,39.88
88,14,0,0,17.76,58.61,11.03,10.56,11,21.97,6.25,74.64,central,standard,none,65.27
88,15,0,0,3.5,59.54,3.52,11.81,12,31.2,5.03,100,central,standard,none,28.18
88,16,0,0,9.58,50.74,0,17.44,14,16.87,2.12,91.48,central,bulky,none,58.35
88,17,0,0,5.13,83.46,0.56,20.79,12,27.71,27.81,50.56,residential,express,none,54.75
88,18,0,0,12.8,91.2,6.88,13.17,22,20.96,13.41,75.06,central,express,none,73.47
88,7,0,0,4.68,32.34,1.7,13.34,8,0,2.07,28.77,peripheral,express,none,24.9
88,8,0,0,7.47,73.49,0,12.11,10,33.06,22.48,53,residential,standard,none,53.27
88,9,0,0,12.63,75.6,6.22,7.91,19,11.45,17.15,70.33,residential,standard,none,75.4
88,10,0,0,1.91,56.29,1.17,16.07,13,28.18,12.12,51.62,central,standard,none,36.58
88,11,0,0,6.91,36.33,0,9.47,4,15.09,7.62,78.37,central,bulky,none,42.68
88,12,0,0,3.28,37.54,3.08,13.43,8,27.74,0,56.92,residential,express,none,18.73
88,13,0,0,7.43,44.22,0,13.9,15,28.68,0,90.97,central,express,none,23.63
88,14,0,0,2.93,39.78,7.51,11.95,7,10.47,1.02,65.5,residential,bulky,none,32.73
89,15,1,0,36.33,45.13,3.01,17.57,12,33.57,10.57,50.68,residential,express,none,93.11
89,16,1,0,5.49,30.43,3.01,14.08,15,40.72,0,47.8,residential,standard,none,25.64
89,17,1,0,10.35,58.87,10.85,10.91,11,10.22,11.36,6.01,peripheral,standard,none,52.97
89,18,1,0,6.49,70.71,0,17.07,21,14.98,22.64,55.2,residential,standard,none,57.87
89,7,1,0,15.36,29.46,0.24,9.64,11,32.37,8.12,45.89,residential,bulky,none,60.14
89,8,1,0,2.41,89.21,0,15.46,8,21.02,18.5,43.62,residential,bulky,none,56.59
89,9,1,0,11.36,64.54,3.33,18.82,16,34.95,16.77,20.27,peripheral,standard,none,56.86
89,10,1,0,11.53,42.98,0,9.45,12,58.44,5.39,53.14,central,standard,none,40.24
89,11,1,0,4.96,40.42,5.13,17.03,16,14.29,7.53,79.97,central,express,none,37.57
89,12,1,0,8.12,38.44,10.76,13.1,16,22.37,0,75.13,central,express,none,28.83
89,13,1,0,7.61,20.22,3.32,13.52,11,0,9.51,45.51,residential,standard,none,30.61
89,14,1,0,9.93,22.84,0.19,21.5,8,0,6.41,41.5,residential,bulky,none,50.48
89,15,1,0,9.09,21.75,5.25,14.8,17,0,1.2,47.07,residential,express,none,33.55
89,16,1,0,0.5,22.33,3.36,13.93,17,0,10.65,53.1,residential,standard,none,31.02
89,17,1,0,4.92,81.18,4.9,17.28,11,33.04,20.94,62.49,residential,standard,none,61.7
89,18,1,0,9.79,58.01,0,12.85,9,15.33,19.31,20.19,peripheral,bulky,none,63.06
89,7,1,0,0.5,20.28,2.73,14.17,19,19.51,16.24,53.3,peripheral,standard,none,40.43
89,8,1,0,18.96,71.24,0,17.62,7,29.55,22.19,78.93,central,standard,none,89.83
89,9,1,0,18.36,80.91,6.84,19.81,13,13.28,17.12,73.55,residential,standard,none,87.74
89,10,1,0,15.5,55.54,4.25,14.96,12,25.26,11.11,88.13,central,standard,none,66.71
89,11,1,0,9.13,41.11,3.22,14.8,6,23.88,15.09,47.14,residential,bulky,none,58.04
89,12,1,0,13.23,26.12,0.6,9.39,10,8.76,14.94,29.13,peripheral,standard,none,47.22
89,13,1,0,0.5,18.62,8.14,16.95,12,22.76,7.31,16.95,peripheral,standard,none,23.21
89,14,1,0,4.85,26.99,16.24,14.06,12,13.83,11.56,46.74,residential,standard,none,46.69
89,15,1,0,8.8,39.49,0.96,14.25,17,20.34,10.51,91.28,central,standard,none,47.66
89,16,1,0,12.05,26.22,7.25,15.64,10,28.8,14.8,23.52,peripheral,standard,none,41.09
89,17,1,0,10.14,68.3,0.21,10.84,15,28.76,22.52,29.11,peripheral,standard,none,61.61
89,18,1,0,4.3,61.34,9.07,10.87,6,13,19.98,16.2,peripheral,bulky,none,57.94
89,7,1,0,4.99,22.75,4.25,14.8,16,24.98,3.04,22.06,peripheral,standard,none,40.77
89,8,1,0,2.75,70.61,0,11.82,18,24.5,9.55,22.39,peripheral,standard,none,33.27
89,9,1,0,7.53,78.29,9.85,11.09,19,25.36,17.23,55.84,residential,standard,none,65.47
89,10,1,0,12.24,16.9,2.06,12.78,17,22.62,7.63,39.17,peripheral,express,none,38.23
89,11,1,0,7.99,34.65,0,10.47,15,15.54,7.35,72.08,central,express,none,42.64
89,12,1,0,14.36,34.08,1.86,17.07,22,0,9.49,74.34,residential,standard,none,57.78
89,13,1,0,9.31,41.94,0,16.63,13,31.22,9.03,75.77,central,standard,none,44.97
89,14,1,0,11.34,32.22,6.4,21.89,16,22.36,6.33,77.76,residential,standard,none,56.65
89,15,1,0,8.5,34.02,2.58,10.55,10,19.99,11.89,91.72,central,standard,none,42.58
89,16,1,0,7.68,45.76,0,12.41,12,22.27,11.3,64.72,residential,express,none,23.76
89,17,1,0,13.79,78.23,3.93,14.37,16,24.41,19.77,73.19,central,standard,vehicle,107.73
89,18,1,0,4.2,89.12,1.36,18.36,19,16.91,9.93,100,central,standard,none,48.4
90,7,1,0,9.37,45.97,0.98,14.08,13,30.41,2.38,43.75,residential,standard,none,44.58
90,8,1,0,9.36,79.84,0,18.75,7,5.97,17.32,51.99,residential,standard,none,50.02
90,9,1,0,9.67,55,2.81,14.78,20,19.58,20.39,48.58,peripheral,express,none,55.3
90,10,1,0,25.51,35.95,0,11.68,1,33.48,12.56,26.71,peripheral,bulky,none,67.44
90,11,1,0,10.62,46.37,0.39,14.46,20,4.69,16.09,91.96,central,standard,none,59.2
90,12,1,0,10.29,31.23,6.25,8.52,16,0,8.29,64.19,residential,standard,none,45.43
90,13,1,0,9.73,39.5,0.42,19.81,13,27.37,13.81,88.93,central,standard,none,46.67
90,14,1,0,5.53,24.78,4.76,16.24,15,36.95,8.13,55.56,residential,standard,none,37.14
90,15,1,0,11.54,28.86,3.34,17.42,15,14.85,9.89,7.32,peripheral,standard,none,46.68
90,16,1,0,7.55,24.32,0,8.9,9,21.85,3.44,53.72,residential,standard,none,31.28
90,17,1,0,10.27,76.82,14.24,18.93,11,13.31,16.59,46.67,residential,express,none,48.47
90,18,1,0,8.5,77.4,7.11,15.24,15,19.33,14.91,55.97,residential,standard,none,55.22
90,7,1,0,10.73,47.73,9.07,12.77,8,22.36,13.78,76.16,central,standard,none,56.29
90,8,1,0,2.52,91.4,14.09,11.01,13,42.68,12.57,79.3,central,standard,none,41.46
90,9,1,0,9.09,79.05,1.13,20.71,13,17.12,18.31,95.55,central,standard,none,66.79
90,10,1,0,9.36,60.09,0,13.73,16,31.93,1.29,90.62,central,standard,none,36.13
90,11,1,0,5.46,38.86,0,13.96,5,33.53,6.82,68.58,central,bulky,roadwork,61.63
90,12,1,0,0.57,19.59,3.9,18.65,17,23.2,0,28.63,peripheral,standard,none,19.59
90,13,1,0,6.9,43.37,4.77,16.71,3,0,0,94.64,central,bulky,none,38.02
90,14,1,0,9.18,24.37,6.13,15.37,15,40.42,7.75,51.26,residential,express,none,39.43
90,15,1,0,7.33,26.05,5.52,15.95,1,7.38,0,80.81,central,bulky,none,38.75
90,16,1,0,8.84,35.39,3.12,13.73,7,15.96,8.99,95.92,central,standard,none,44.04
90,17,1,0,10.98,85.92,2.17,11.59,11,19.18,11.58,80.12,central,standard,none,63.49
90,18,1,0,16.92,69.87,6.3,16.19,2,31.1,17.88,67.81,residential,bulky,none,84.29
90,7,1,0,8.48,29.45,0.91,19.6,11,21.37,0,58.2,residential,standard,none,46.56
90,8,1,0,10.8,57.84,0,8.59,18,18.6,15.37,55.68,peripheral,standard,none,64.54
90,9,1,0,15.63,55.7,5.51,13.15,13,19.02,7.61,30.71,peripheral,standard,none,61.8
90,10,1,0,3.86,52.34,0,15.89,12,18.83,0,52.48,residential,standard,none,27.16
90,11,1,0,9.83,38.99,2.24,10.13,13,0.4,0,89.28,central,standard,none,47.66
90,12,1,0,6.46,35.4,0,12.62,8,0,10.38,50.06,residential,bulky,none,40.25
90,13,1,0,6.53,39.48,0,18,13,22.31,15.3,70.76,residential,express,none,38.44
90,14,1,0,6.96,32.48,0,13.86,13,22.25,0,11.67,peripheral,express,none,17.08
90,15,1,0,11.89,39.86,7.37,16.44,11,5.33,14.14,68.28,residential,express,none,56.45
90,16,1,0,3.23,26.07,0,16.74,11,12.75,12.87,32.78,peripheral,standard,none,32.77
90,17,1,0,8.21,54.13,0,15.63,9,33.54,16.05,7.42,peripheral,bulky,none,53.64
90,18,1,0,5.22,52.33,0.11,8.49,18,41.41,23.2,39.45,peripheral,express,none,44.62
90,7,1,0,12.72,17.96,1.59,9.89,9,31.74,13.57,50.29,residential,express,none,44.67
90,8,1,0,5.81,76.53,3.77,18.22,18,25.83,29.17,100,central,express,none,55.24
90,9,1,0,16.73,47.32,5.54,14.14,9,42.45,21.71,55.08,peripheral,standard,none,74.7
90,10,1,0,10.01,51.41,3.61,17.64,12,37.82,11.03,100,central,standard,none,53.75
91,11,0,0,0.5,22.27,0,14.54,21,24.13,6.15,20.76,peripheral,standard,none,31.64
91,12,0,0,6.93,38.14,2.61,14.7,17,16.23,4.95,35.01,peripheral,express,none,37.45
91,13,0,0,3.55,44,6.33,17.01,8,19.59,0,66.04,residential,bulky,none,34.73
91,14,0,0,3.01,65.53,8.99,16.28,16,27.22,17.7,88.84,central,standard,none,49.75
91,15,0,0,12.23,15.26,0,18.24,11,42.06,4.48,36.45,peripheral,standard,none,33.36
91,16,0,0,17.4,37.55,6.83,10.79,12,5.31,7.49,42.6,peripheral,bulky,none,54.64
91,17,0,0,12.16,80.16,10.35,6.67,12,18.4,17.7,48.45,residential,standard,none,68.76
91,18,0,0,6.06,68.47,5.95,19.24,9,18.39,19.07,50.5,residential,standard,none,51.63
91,7,0,0,18.25,29.39,0,8.38,12,13.23,17.36,59.29,peripheral,standard,none,59.8
91,8,0,0,5.13,84.25,3.4,14.58,17,9.06,14.25,21.55,peripheral,standard,customer_absent,59.74
91,9,0,0,12.06,76.49,3.47,11.83,3,55.33,17.18,50.59,residential,bulky,none,71.41
91,10,0,0,9.92,58.7,5.93,8.17,15,21.75,3.65,84.89,central,express,none,42.34
91,11,0,0,1.15,26.65,4.33,14.57,5,21.59,21.28,21.21,peripheral,express,none,30.98
91,12,0,0,9.91,37.49,6.56,13.79,18,0,8.08,65.93,residential,standard,none,46.29
91,13,0,0,13.85,34.39,11.14,12.39,13,16.37,13.08,29.67,peripheral,standard,none,54.65
91,14,0,0,20.69,38.4,0,10.23,14,35.18,7.1,43.5,peripheral,express,none,44.32
91,15,0,0,12.41,59.82,0,9.47,15,14.74,9.53,51.89,residential,standard,none,63.41
91,16,0,0,0.71,27.49,0.27,17.45,11,33.55,7.93,13.05,peripheral,standard,none,25.66
91,17,0,0,16.36,70.08,0,16.22,5,15.65,10.99,36.93,peripheral,bulky,none,63.89
91,18,0,0,10.78,98,0,14.47,13,36.05,16.37,100,central,express,none,59.63
91,7,0,0,9.9,63.61,2.96,15.66,2,0,3.21,95.3,central,bulky,none,45.05
91,8,0,0,15.19,92.93,7.31,16.46,15,43.63,19.74,47.96,residential,standard,none,81
91,9,0,0,11.06,78.5,1.48,6.92,18,30.13,18.1,6.39,peripheral,standard,none,64.83
91,10,0,0,12.93,15,3.56,18.95,18,34.96,14.44,34.55,residential,standard,customer_absent,71.83
91,11,0,0,19.99,42.49,4.4,16.29,3,2.05,1.64,100,central,bulky,none,62
91,12,0,0,7.36,37.97,0,11.26,19,5.34,11.05,29.92,peripheral,standard,none,40.02
91,13,0,0,5.6,43.24,2.4,22.66,13,30.49,2.22,77.67,central,standard,none,32.7
91,14,0,0,3.65,24.57,8.34,18.81,16,19.87,11.16,58.58,residential,standard,none,33.61
91,15,0,0,6.67,38.04,6.54,13.64,11,23.12,7.19,11.57,peripheral,standard,none,32.67
91,16,0,0,9.71,34.58,0,6.59,15,21.38,7.58,77.12,residential,standard,none,47.1
91,17,0,0,5.35,65.31,0,15.11,10,27.11,16.98,6.1,peripheral,standard,none,39.11
91,18,0,0,7.56,59.63,8.41,13.92,15,5.82,20.44,51.38,residential,standard,none,58.88
91,7,0,0,4.21,34.34,6.91,16.45,13,43.12,0,71.77,residential,standard,none,26.52
91,8,0,0,0.5,94.66,0,14.14,13,13.27,22.43,88.59,central,standard,none,42.2
91,9,0,0,9.83,63.02,0.14,7.44,9,24.76,12.68,24.39,peripheral,express,none,39.67
91,10,0,0,13.67,31.11,5.99,13.07,13,13.66,1.59,27.24,peripheral,standard,none,44.67
91,11,0,0,18.59,36.93,0,13.79,10,28.29,0.77,63.14,residential,standard,none,46.26
91,12,0,0,4.21,35.05,4.42,13.16,9,35.34,17.74,95.35,residential,standard,none,37.6
91,13,0,0,2.57,36.27,3.8,12.78,16,34.41,10.78,45.77,residential,standard,none,32.55
91,14,0,0,4.25,49.8,0,14.47,18,2.6,6.05,59.91,residential,standard,none,39.67
92,15,0,0,6.91,53.8,1.2,16.26,12,5.05,11.21,57.33,residential,standard,none,43.77
92,16,0,0,8.41,32.27,0.61,16.5,12,1.48,0.94,27.2,peripheral,express,none,19.27
92,17,0,0,15.53,75.24,0.52,10.27,5,30.78,15.63,59.28,residential,bulky,none,80.1
92,18,0,0,6.37,62.88,2.09,9.81,14,17.34,14.56,32.81,peripheral,express,none,43.36
92,7,0,0,7.23,49.17,2.92,13.07,6,36.89,4.73,88.25,central,standard,none,31.19
92,8,0,0,9.49,62.13,0,10.67,16,1.65,15.46,48.54,residential,express,none,50.15
92,9,0,0,39.6,50.21,3.66,15.77,18,32.4,10.66,50.05,peripheral,standard,none,110.3
92,10,0,0,6.51,37.53,0,15.95,9,10.22,2.94,19.66,peripheral,express,none,25.63
92,11,0,0,14.58,31.65,0.23,12.51,3,18.68,11.89,43.81,peripheral,bulky,none,53.34
92,12,0,0,14.86,49.58,8.52,17.27,2,37.11,0,49.56,residential,bulky,none,52.16
92,13,0,0,10.85,44.9,10.85,10.86,17,18.66,7.93,53.58,residential,express,none,33.78
92,14,0,0,7.52,60.54,2.79,21.06,3,14.48,1.78,87.03,central,bulky,none,50.42
92,15,0,0,33.27,49.95,1.13,9.39,15,21.74,11.75,79.22,central,standard,none,93.46
92,16,0,0,4.04,33.19,9.15,13.57,6,16.48,5.62,31.86,residential,standard,none,22.96
92,17,0,0,7.66,95.8,0,7.01,18,37.49,15.43,90.22,central,standard,none,63.75
92,18,0,0,11.78,92.73,8.85,23.3,7,5.25,8.79,96.22,central,bulky,none,66.69
92,7,0,0,10.28,39.25,5.16,13.3,14,0,10.43,17.11,peripheral,express,none,43.84
92,8,0,0,8.72,66.15,1.58,15.52,20,23.41,29.5,68.38,residential,standard,none,68.61
92,9,0,0,4.74,73.7,0.21,13.06,13,17.47,22.31,81.49,residential,standard,none,55.36
92,10,0,0,24.3,68.86,0,14.46,15,22.5,8.43,89.64,central,standard,none,79.78
92,11,0,0,0.69,35.95,7.94,15.36,11,12.63,23.35,55.69,residential,standard,none,40.59
92,12,0,0,11.34,60.72,0,12.18,8,0.34,6.56,100,central,bulky,none,62.26
92,13,0,0,11.54,47.07,4.54,11.73,19,25.01,5.83,54.77,residential,standard,none,50.03
92,14,0,0,9.44,28.87,0,19.12,14,14.09,6.37,64.41,residential,standard,none,32.3
92,15,0,0,9.18,40.26,2.48,10.75,15,50.65,5.02,36.02,peripheral,standard,none,36.23
92,16,0,0,6.59,60.52,10.48,13.32,6,6.64,1.31,100,central,express,none,30.21
92,17,0,0,14.66,66.33,10.5,15.85,4,23.45,2.74,25.45,peripheral,bulky,none,58.2
92,18,0,0,12.1,73.59,0,12.31,22,0,17.43,63.59,residential,standard,none,80.3
92,7,0,0,6.52,36.37,0,13.91,9,2.87,6.26,61.76,residential,standard,none,30.5
92,8,0,0,5.53,63.61,0,15.11,13,0,13.13,61.16,residential,express,none,39.55
92,9,0,0,7.76,65.5,6.02,15.95,11,17.2,27.68,21.36,peripheral,standard,none,62.88
92,10,0,0,28.22,44.21,2.27,15.57,5,27.7,10.15,57.85,residential,bulky,none,90.54
92,11,0,0,10.27,47.38,0,14.78,4,57.53,19.59,100,central,bulky,none,55.11
92,12,0,0,10.92,43.92,4.67,13.47,12,32.11,3.74,97.43,central,standard,none,39.88
92,13,0,0,8.36,63.37,7,10.45,17,9.28,1.98,100,central,express,none,39.83
92,14,0,0,13.57,45.21,9.41,10.91,13,5.51,6.38,90.42,central,standard,none,58.84
92,15,0,0,13.62,27.57,0.12,17.7,23,24.21,15.83,48.64,peripheral,standard,none,59.48
92,16,0,0,5.67,33.11,9.76,13.78,4,11.91,0,19.5,peripheral,bulky,none,41.35
92,17,0,0,6.3,57.54,9.41,10.42,13,16.84,25.64,17.78,peripheral,standard,none,62.39
92,18,0,0,0.75,82.61,0.08,18.62,17,11.86,23.71,68.67,residential,standard,none,40.65
93,7,0,0,5.7,34.63,0,18.75,16,31.55,5.92,38.52,peripheral,standard,none,31.98
93,8,0,0,16.38,84.5,0,16.41,15,21.88,32.73,55.72,residential,standard,none,95.26
93,9,0,0,12.16,65.21,1.98,20.12,8,17.16,23.51,6.35,peripheral,express,none,59.54
93,10,0,0,8.77,59.69,3.59,20.6,13,50.45,6.86,88.49,central,standard,none,45.25
93,11,0,0,10.86,42.11,2.48,15.51,11,34.76,9.71,30.95,peripheral,express,none,44.36
93,12,0,0,8.83,29.07,15.53,16.45,16,0,17.56,36.8,peripheral,standard,none,59.04
93,13,0,0,15.93,59.39,0.51,15.61,11,16.9,1.71,89.21,central,express,none,43.85
93,14,0,0,0.5,32.54,1.44,10.67,10,34.79,2.49,6.04,peripheral,standard,none,20.74
93,15,0,0,9.34,39.2,0,13.06,18,6.88,6.53,71.65,residential,express,none,40.8
93,16,0,0,6.5,59.62,4.74,16.17,23,22.81,13.86,57.97,residential,express,customer_absent,63.92
93,17,0,0,4.86,93.5,0,18,13,23.06,4.38,79.67,central,standard,none,31.96
93,18,0,0,9.35,75.15,6.41,10,12,24.25,10.75,52.72,residential,standard,none,52.14
93,7,0,0,4.62,46.37,0,15.04,24,7,0,96.23,central,standard,none,34.51
93,8,0,0,0.5,91.23,0,5.65,12,20.33,15.75,83.83,central,standard,none,32.85
93,9,0,0,7.2,86.16,0,13.01,9,27.08,17.9,76.31,central,standard,none,50.23
93,10,0,0,5.69,58.69,3.91,13.34,16,0,7.95,99.04,central,express,none,39.32
93,11,0,0,9.99,42.75,2.16,18.23,11,13.29,10.03,41.15,peripheral,standard,none,44.58
93,12,0,0,7.83,20.01,0,14.32,6,11.05,4.96,18.19,peripheral,bulky,none,34.61
93,13,0,0,29.82,34.93,3.66,19.73,11,14.77,10.53,56.62,residential,standard,none,85.48
93,14,0,0,13.47,37.66,5.41,15.59,13,5.45,7.01,52.04,residential,standard,none,48.79
93,15,0,0,7.12,45.62,0.11,18.48,11,32.98,9.68,46.1,residential,standard,none,32.99
93,16,0,0,10.32,54.65,0.68,16.78,8,29.71,13.96,95.19,central,express,none,47.54
93,17,0,0,4.5,98,5.6,21.29,11,0,16.8,86.27,central,express,none,52.7
93,18,0,0,6.47,74.46,2.46,13.52,16,0,17.95,74.05,residential,standard,none,60.34
93,7,0,0,16.9,32.16,3.19,16.69,20,4.75,1.3,71.08,residential,standard,none,49.8
93,8,0,0,14.56,64.8,6.61,14.38,6,16.84,15.7,13.92,peripheral,standard,none,66.5
93,9,0,0,6.48,75.71,0,17.8,13,18.83,23.96,80.42,central,express,none,52.55
93,10,0,0,14.78,45.23,8.14,16.33,19,3.48,0,38.32,residential,standard,none,53.75
93,11,0,0,7.65,39.39,4.16,16.45,17,27.61,14.4,42.08,residential,express,none,41.85
93,12,0,0,7.53,30.93,8.52,14.58,14,24.72,3.03,50.42,residential,standard,none,41.38
93,13,0,0,5.16,45.93,0,13.13,7,0,7.14,60.97,residential,standard,none,45.16
93,14,0,0,9.95,26.99,3.62,10.95,14,21.84,4.8,64.07,residential,standard,none,44.02
93,15,0,0,16.97,44.4,1.2,10.12,13,26.24,0.41,82.41,central,standard,none,53.04
93,16,0,0,32.55,22.85,3.79,22.14,23,9.62,8.63,11.97,peripheral,standard,none,82.2
93,17,0,0,6.28,82.18,1.6,22.31,8,17.7,16.12,100,central,standard,none,52.92
93,18,0,0,7.68,96.08,0,16.44,14,3.79,18.02,100,central,express,none,57.54
93,7,0,0,6.94,31.91,0,9.55,8,22.42,8.41,5,peripheral,standard,none,35.91
93,8,0,0,9.8,87.46,3.64,5.15,12,24.5,18.4,100,central,standard,none,61.13
93,9,0,0,9.53,76.48,6.59,15.82,14,12.64,12.57,100,central,express,none,52.3
93,10,0,0,17.36,33.16,0.61,18.59,15,19.51,14.76,37.79,residential,standard,none,65.31
94,11,0,0,9.74,39.73,0,14.4,19,18.12,11.43,51.62,residential,standard,none,49.84
94,12,0,0,8.31,36.61,0,15.09,11,33.24,0.74,88.13,central,standard,none,24.81
94,13,0,0,16.19,32.72,0,12.72,15,11.7,11.03,100,central,standard,none,51.31
94,14,0,0,7.31,38.07,0,24.42,14,2.52,8.86,76.72,central,express,none,34.54
94,15,0,0,6.72,49.01,0,24.63,13,18.17,5.21,39.87,peripheral,standard,none,37.76
94,16,0,0,7.82,43.15,1.06,15.93,13,18.87,6.62,68.57,residential,express,none,35.17
94,17,0,0,1.34,82.21,4.68,13.47,13,23.51,15.43,43.99,residential,standard,none,32.77
94,18,0,0,23.12,82.06,0,16.61,3,26.81,17.37,55.93,residential,bulky,none,104.06
94,7,0,0,11.33,30.05,1.83,11.97,16,7.94,4.31,29.03,peripheral,standard,none,42.66
94,8,0,0,4.92,70.94,2.47,15.63,10,30.28,17.6,43.5,residential,standard,none,45.58
94,9,0,0,12.84,98,0,12.18,9,0,19.47,95.44,central,standard,none,74.58
94,10,0,0,12.11,40.3,9.25,13.14,17,11.58,3.9,52.29,residential,standard,none,46.83
94,11,0,0,13.29,65.43,0,13.26,9,28.05,1.39,97.71,central,standard,none,45.14
94,12,0,0,9.3,38.84,1.09,11.61,2,34.5,17.13,66.12,residential,standard,none,44.81
94,13,0,0,15.9,32.51,2.54,13.42,5,38.59,6.93,35.63,peripheral,standard,none,47.22
94,14,0,0,4.27,38.62,0.35,16.38,7,11.32,2.13,34.86,residential,bulky,none,32.15
94,15,0,0,11.69,50.38,2.56,15.6,11,0,13.09,53.22,central,standard,none,53.83
94,16,0,0,6.74,31.97,11.85,12.71,12,30.3,9.57,98.22,central,standard,none,36.89
94,17,0,0,8.29,79.43,0.14,12.87,3,27.06,18.87,100,central,bulky,none,60.11
94,18,0,0,4.64,70.38,1.5,12.93,14,16.68,22.31,83.24,central,express,none,40.93
94,7,0,0,16.55,40.05,7.69,13.29,14,23.04,9.16,64.83,residential,standard,none,53.02
94,8,0,0,10.22,86.12,1.31,13.75,7,23.88,14.61,87.93,central,bulky,none,67.24
94,9,0,0,9.88,96.18,3,14.84,16,19.39,13.06,83.78,central,standard,none,70.71
94,10,0,0,8.45,24.68,6.45,19.8,11,0,0,48.3,peripheral,standard,none,33.52
94,11,0,0,4.57,57.38,1.91,14.06,17,13.33,5.34,100,central,express,none,30.12
94,12,0,0,9.3,50.8,3.49,14.03,12,38.11,3.59,78.83,residential,express,none,38.4
94,13,0,0,3.24,35.33,3.78,17.55,16,11.41,6.4,67,residential,express,none,29.15
94,14,0,0,28.29,19.8,0.53,18.48,20,29.17,9.4,17,peripheral,express,none,68.32
94,15,0,0,16.52,24.18,7.77,13.98,12,21.86,4.13,24.71,peripheral,express,none,39.25
94,16,0,0,7.35,44.52,9.67,14.61,10,4.25,6.47,85.85,central,express,none,35
94,17,0,0,1.05,74.4,2.73,16.96,8,27.53,9.56,84.17,central,express,none,16.98
94,18,0,0,26.58,84.62,12.02,19.14,16,41.86,25.96,92.96,central,standard,none,117.73
94,7,0,0,12.72,51.67,1,12.15,18,2.79,3.08,84.19,central,standard,none,47.62
94,8,0,0,11.85,82.03,0,16.55,20,16.21,20.91,59.8,residential,standard,none,66.68
94,9,0,0,20.44,91.04,0,8.16,19,0,10.51,97.07,central,standard,none,84.39
94,10,0,0,6.99,32.29,10.26,4.68,11,25.17,8.64,21.66,peripheral,express,none,28.43
94,11,0,0,7.65,34.78,8.23,14.97,14,33.59,0,80.23,residential,standard,none,34.23
94,12,0,0,5.69,42.29,2.9,9.43,7,5.87,2.86,69.16,residential,standard,none,32.52
94,13,0,0,8.55,46.57,1.61,12.95,15,8.73,13.92,47.79,residential,standard,none,48.17
94,14,0,0,16.65,19.23,0,18.47,15,31.92,5.07,41.67,peripheral,standard,none,46.47
95,15,0,0,5.13,46.77,0,19.09,10,32.45,5.94,12.48,peripheral,standard,none,19.77
95,16,0,0,7.79,25.13,2.7,15.76,12,5.08,15.39,65.08,residential,standard,vehicle,79.6
95,17,0,0,8.17,87.09,0.68,20.41,15,21.75,8.46,52.3,residential,standard,none,48.37
95,18,0,0,7.95,73.94,3.59,16.39,7,17.41,20.29,80.04,residential,bulky,none,67.82
95,7,0,0,8.34,41.31,4.48,12.99,12,9.06,0,36.42,residential,standard,none,33.84
95,8,0,0,15.17,83.56,4.65,9.77,15,6.95,20.06,63.54,residential,standard,none,76.51
95,9,0,0,2.36,56.94,0,9.35,14,1.55,27.45,5,peripheral,standard,none,56.8
95,10,0,0,9.12,30.1,2.74,11.75,9,26.9,3.17,53.88,residential,standard,none,37.62
95,11,0,0,16.79,37.04,7.9,11.84,17,0,7.76,68.4,residential,standard,none,65.21
95,12,0,0,8.8,37.94,6.05,16.6,25,10.8,15,28.24,peripheral,standard,none,52.96
95,13,0,0,8.39,49.59,0,17.46,14,21.59,8.99,7.38,peripheral,express,none,37.62
95,14,0,0,11.29,41.99,0,14.66,12,19.25,3.6,89.35,central,standard,none,42.88
95,15,0,0,1.58,44.75,0,10.74,15,28.32,9.04,62.96,residential,standard,none,33.38
95,16,0,0,24.88,26.89,3.35,15.9,22,5.34,8.28,18.83,peripheral,standard,none,74.37
95,17,0,0,5.81,74.71,0,13.27,8,19.4,20.77,47.29,residential,bulky,none,50.84
95,18,0,0,7.71,64.75,0.23,10.85,5,0,15.86,12.19,peripheral,bulky,none,55.43
95,7,0,0,5.77,40.24,3.5,9.97,15,37.99,3.53,68.55,residential,standard,none,31.25
95,8,0,0,5.46,87.87,13.06,14.93,11,17.18,20.12,56.4,residential,standard,none,52.37
95,9,0,0,5.97,75.39,0,7.34,9,4.9,17.96,72.68,residential,express,none,45.87
95,10,0,0,3.9,47.64,3.35,13.9,19,14.32,12.09,71.87,central,standard,none,40
95,11,0,0,6.4,56.56,6.83,14.28,16,31.8,2.35,100,central,express,none,30.2
95,12,0,0,20.7,36.32,0,14.62,18,4.32,3.23,71.49,residential,standard,none,61.14
95,13,0,0,12.91,29,3.31,7.24,16,0,22.39,16.16,peripheral,standard,none,62.78
95,14,0,0,12.38,40.48,1.36,8.35,16,0,4.03,70.48,central,standard,none,44.25
95,15,0,0,10.88,30.75,0,16.25,19,3.95,8.98,25.71,peripheral,standard,none,42.93
95,16,0,0,17.47,23.92,0,15.85,15,19.43,13.04,26.6,peripheral,standard,none,59.92
95,17,0,0,11.95,84.84,8.29,13.43,12,0,23.61,48.9,residential,express,none,74.76
95,18,0,0,7.7,94.4,0,8.94,21,16.45,9.73,36.43,residential,standard,none,45.31
95,7,0,0,11.99,48.97,0.24,13.59,11,38.84,12.13,64.34,residential,express,none,39.83
95,8,0,0,3.5,60.68,2.44,15.37,14,17.88,23.75,23.39,peripheral,standard,none,44.08
95,9,0,0,2.68,78.69,5.63,8.57,14,6.03,17.22,18.66,peripheral,standard,none,42.27
95,10,0,0,9.55,42.8,2.19,9.15,10,25.65,12.87,52.41,residential,standard,none,36.73
95,11,0,0,5.2,52.13,5.76,17.98,13,2.75,10.67,92.51,central,express,none,32.99
95,12,0,0,11.76,49.93,0.72,18.33,16,22.87,6.35,99.08,central,standard,none,49.16
95,13,0,0,11.31,50.22,0.65,13.19,7,24.09,6.08,87.59,central,standard,none,50.39
95,14,0,0,4.63,43.85,6.21,11.89,13,34.83,9.25,24.39,peripheral,standard,vehicle,98.04
95,15,0,0,18.54,37.36,3.04,17.03,16,20.72,6.49,57.43,residential,standard,vehicle,107.46
95,16,0,0,0.5,41.5,0,12.51,5,16.5,6.54,58.54,residential,bulky,none,28.67
95,17,0,0,8.15,80.59,2,20.84,13,19.04,13.86,67.52,central,standard,roadwork,82.97
95,18,0,0,19.36,81.49,1.52,14.13,9,12.1,17.23,45.73,residential,standard,none,81.98
96,7,1,0,3.68,39.41,0,15.84,14,19.29,9.55,74.35,residential,standard,none,35.45
96,8,1,0,9.96,76.52,1.84,17.61,19,21.07,11.03,91.84,central,express,none,50.42
96,9,1,0,11.47,72.89,4.74,11.13,17,19.92,18.87,87.09,central,express,none,62
96,10,1,0,5.93,30.55,3.55,14.93,17,9.34,10.34,90.63,central,standard,none,41.99
96,11,1,0,0.5,55.51,5.39,9.42,14,23.17,5.24,100,central,standard,none,23.83
96,12,1,0,10.23,35.55,8.74,16.04,14,2.95,1.74,59.99,residential,standard,none,43.68
96,13,1,0,8.59,55.47,0,14.26,17,6.34,0,97.15,central,standard,none,40.07
96,14,1,0,10.24,24.38,0,16.48,22,8.91,8.19,48.44,peripheral,standard,none,46
96,15,1,0,13.35,25.38,0,13.42,10,25.33,0,20.73,peripheral,standard,none,37.71
96,16,1,0,7.07,46.13,4.12,15.48,10,24.8,0,28.49,residential,standard,none,29.43
96,17,1,0,10.81,79.48,7.91,9.78,9,1.61,7.8,80.39,central,express,none,42.98
96,18,1,0,11.35,69.69,3.85,17.37,12,22.74,15.29,13.25,peripheral,express,none,55.87
96,7,1,0,12.08,35.91,2.24,18.66,18,0,1.84,82.16,central,standard,none,47.49
96,8,1,0,13.38,50.21,1.84,15.16,1,10.81,25.5,40.32,peripheral,bulky,none,82.63
96,9,1,0,12.09,54.88,4.17,14.05,9,24.96,3.1,43.8,peripheral,express,none,39.94
96,10,1,0,11.25,48.96,7.08,15.5,13,8.32,10.22,51.33,residential,standard,none,53.37
96,11,1,0,12.79,30.79,8.19,11.72,14,11.71,5.39,30.35,peripheral,standard,none,41.2
96,12,1,0,0.5,26.27,0,15.75,15,7.36,0.7,25.08,peripheral,express,roadwork,13.16
96,13,1,0,3.76,32.02,10.72,16.21,13,6.59,8.03,58.97,residential,standard,none,32.22
96,14,1,0,29.57,14.98,0.66,14.44,17,21.26,10.31,15.33,peripheral,standard,none,65.78
96,15,1,0,9.4,50.54,10.13,16.43,7,47.32,6.69,32.82,residential,express,none,27.43
96,16,1,0,10.04,24.24,0.36,16.3,17,23.02,4.94,79.03,central,standard,none,44.47
96,17,1,0,8.9,79.93,6.52,10.87,13,14.96,16.37,64.7,central,express,none,52.5
96,18,1,0,9.76,80.84,9.83,14.7,18,37.38,17.94,72.53,central,standard,none,69.48
96,7,1,0,5.13,40.14,0,9.59,15,18.92,4.53,55.89,residential,express,none,18.89
96,8,1,0,15.03,67.61,7.71,14.99,12,40.99,4.07,66.41,residential,express,none,49.88
96,9,1,0,11.87,62.26,0,14.5,9,15.78,10.28,52.48,residential,bulky,none,67.42
96,10,1,0,16.49,43.25,1.23,18.03,17,14.22,7.69,62.96,residential,standard,none,50.67
96,11,1,0,2.84,33.57,0,24.28,13,25.19,10.1,66.18,residential,standard,none,26.47
96,12,1,0,16.27,43.54,3.46,16.51,6,19.98,0,45.11,residential,bulky,none,57.93
96,13,1,0,13.71,47.47,0,15.34,1,43.56,7.17,86.5,central,bulky,none,53.31
96,14,1,0,8.97,32.96,2.98,20.99,13,25.01,7.41,71.28,residential,standard,none,40.74
96,15,1,0,20.1,43.66,1.32,14.29,14,7.96,9.94,61.89,central,standard,none,68.07
96,16,1,0,8.78,15.03,0,15.87,1,11.01,1.58,26.04,peripheral,bulky,none,39.18
96,17,1,0,13.22,75.9,1.83,18.92,19,38.7,22.64,49.48,residential,standard,none,76.81
96,18,1,0,4.24,61.12,2.47,13.83,8,27.58,10.4,57.74,residential,standard,none,36.12
96,7,1,0,6.42,24.74,0,14.15,18,28.3,0.95,77.23,residential,express,none,26.56
96,8,1,0,8.43,57.3,6.33,14.37,1,12.93,10.81,36.99,residential,bulky,none,51.04
96,9,1,0,7.46,68.7,2.71,18.46,15,0,17.1,27.79,residential,express,none,43.92
96,10,1,0,15.33,40.91,0.97,11.64,3,46.42,2.95,92.52,central,standard,none,51.72
97,11,1,0,5.43,52.1,0.82,18.39,20,0,5.48,100,central,standard,customer_absent,48.06
97,12,1,0,11.15,23.49,7.24,11.43,14,14.8,8.59,30.59,peripheral,standard,none,41.62
97,13,1,0,2.07,22.2,5.83,19.96,3,20.27,0.96,43.54,residential,bulky,none,27.16
97,14,1,0,9.72,33,0,9.06,23,18.95,3.15,49.97,residential,standard,none,42.91
97,15,1,0,27.28,37.66,0.24,17.03,19,12.58,14.77,99.91,central,standard,none,83.89
97,16,1,0,9.29,41.32,4.56,18.02,11,6.64,11.97,99.23,central,standard,none,49.76
97,17,1,0,11.18,72.17,1.06,22.43,12,3.58,16.2,94.68,central,standard,none,66.88
97,18,1,0,2.42,86.8,0.07,12.57,15,24.5,22.92,86.41,central,standard,none,49.07
97,7,1,0,20.86,34.82,4.28,11.33,13,28.64,5.86,76.75,residential,standard,none,65.41
97,8,1,0,13.47,54.78,4.98,12.06,15,0,23.43,43.41,peripheral,standard,none,77.15
97,9,1,0,14.66,69.42,0.08,18.13,7,5.82,3.91,44.56,residential,express,none,53.4
97,10,1,0,20.86,18.65,0,15.94,15,21.2,9.96,28.42,peripheral,express,none,50.83
97,11,1,0,5.56,34.13,0,10.09,20,16.35,12.37,68.07,residential,standard,none,35.6
97,12,1,0,8.64,40.66,0,13.39,9,6.54,10.8,68.18,residential,standard,none,45.61
97,13,1,0,5.12,19.87,6.75,16.11,5,43.74,0.57,45.13,residential,express,none,18.91
97,14,1,0,7.27,40.64,3.43,10,1,21.82,0,83.83,central,bulky,none,37.39
97,15,1,0,11.23,23.34,2.79,17.31,12,12.19,6.5,5,peripheral,express,none,27.95
97,16,1,0,2.96,33.32,2.41,17.39,11,19.73,8.8,67.87,residential,standard,none,33.42
97,17,1,0,3.61,65.69,8.55,9.67,6,22.59,10.84,12.34,peripheral,standard,none,35.58
97,18,1,0,6.21,70.92,0,15.53,14,33.76,8.29,28.07,peripheral,standard,none,36.3
97,7,1,0,11.12,32.69,1.72,13.21,5,19.77,6.58,62.96,residential,bulky,none,46.86
97,8,1,0,0.55,74.9,3.38,16.33,13,12,16.15,47.73,residential,express,none,27.32
97,9,1,0,11.23,82.02,5.71,14.43,17,8.21,34.49,91.35,central,standard,customer_absent,104.31
97,10,1,0,7.64,22.95,0,15.57,14,9.76,4.28,23.91,peripheral,standard,none,35.04
97,11,1,0,10.87,47.08,2.56,11.75,16,20.16,7.79,100,central,standard,none,51.37
97,12,1,0,14.1,38.7,6.49,18.77,5,33.29,10.56,82.7,central,bulky,none,62.79
97,13,1,0,5.07,33.54,1.26,11.7,5,4.84,15.24,15.01,peripheral,express,none,21.23
97,14,1,0,5.04,39.72,8.83,12.06,15,0,1.18,62.82,central,standard,none,36.3
97,15,1,0,6.31,22.32,6.68,19.07,12,24.06,7.16,60.18,residential,standard,none,33.69
97,16,1,0,7.21,25.98,0.89,17.91,14,35.6,10.53,31.36,peripheral,standard,none,24.93
97,17,1,0,4.54,68.82,0,15.36,17,31.16,9.02,53.22,peripheral,standard,none,31.54
97,18,1,0,4.62,71.76,4.88,23,13,20.45,22.03,86.06,central,standard,none,50.19
97,7,1,0,10.11,47.85,1.66,20.17,19,12.12,11.78,76.01,central,standard,none,56.25
97,8,1,0,6.71,60.07,4.73,15.64,2,7.41,25.31,57.37,residential,bulky,none,61.8
97,9,1,0,5.3,88.49,0,17.42,16,13.19,20.27,76.65,central,standard,none,56.85
97,10,1,0,6.11,52.22,0.96,11.17,13,35.18,3.49,57.15,residential,standard,none,33.43
97,11,1,0,15.2,37.12,4.07,14.32,15,22.82,1.37,81.61,central,express,none,36.51
97,12,1,0,12.58,18.79,2.46,10.2,10,20.61,13.24,27.36,peripheral,standard,none,43.71
97,13,1,0,11.47,32.3,7.05,19.7,16,0,17.4,14.94,peripheral,express,none,48.94
97,14,1,0,12.75,37.73,0,18.55,15,31.01,19.62,92.14,central,standard,none,64.63
98,15,0,0,32.4,22.16,0.7,15.03,19,30.73,3.1,42.02,peripheral,standard,none,68.45
98,16,0,0,7.75,31.47,7.72,17.82,16,11.79,0,98.04,central,standard,none,29.36
98,17,0,0,8.13,73.01,0,13.47,21,13.53,13.46,62.2,residential,standard,none,53.9
98,18,0,0,5.32,74.28,2.62,19,16,36.87,7.79,67.68,residential,standard,none,44.93
98,7,0,0,8.97,49.21,0.95,15.11,18,4.57,9.08,58.98,residential,standard,none,47.19
98,8,0,0,16.06,58.7,8.69,16.33,19,2.15,22.66,29.31,peripheral,standard,none,73.8
98,9,0,0,10.22,72.05,0,18.89,8,10.64,18.21,37.77,residential,bulky,none,57.04
98,10,0,0,12.02,61.24,4.81,22.33,16,0.01,13.49,84.51,central,express,none,56.54
98,11,0,0,9.78,34.38,7.91,23.15,18,2.95,7.28,73.55,residential,express,none,37.47
98,12,0,0,14.51,53.34,0,16.11,4,0,5.99,93.87,central,bulky,none,61.74
98,13,0,0,9.22,53.72,3.42,10.36,20,22.89,4.41,100,central,express,none,30.23
98,14,0,0,5.77,34.9,2.43,14.58,4,16.98,8.9,41.49,residential,bulky,none,50.11
98,15,0,0,13.63,64.75,0,17.08,17,22.58,5.05,65.73,central,express,none,47.02
98,16,0,0,25.39,39.55,2.87,14.35,13,34.54,10.23,94.8,central,express,none,67.06
98,17,0,0,5.02,89.7,2.65,22.52,16,33.31,17.29,77.78,central,standard,none,56.43
98,18,0,0,22.5,80.48,0,13.54,16,3.51,14.46,52.17,residential,standard,none,95.36
98,7,0,0,14.94,45.61,12.92,21.73,16,16.57,0,48.44,residential,standard,none,51.31
98,8,0,0,6.48,82.49,0,12.3,16,9.07,11.06,49.26,residential,standard,none,49.13
98,9,0,0,11.9,75.98,6.54,10.74,12,0,14.88,75.86,central,standard,none,61.07
98,10,0,0,7.17,49.71,6.52,13.89,13,28.09,2.13,14.93,peripheral,express,none,34.44
98,11,0,0,7.43,56.7,3.61,10.94,4,30.91,4.09,100,central,standard,customer_absent,62.43
98,12,0,0,29.11,12.4,4.33,17,12,12.49,0,21.65,residential,standard,none,59.89
98,13,0,0,13.45,25.77,6.87,18.78,11,26.24,1.99,18.22,peripheral,express,none,23.8
98,14,0,0,6.01,55.64,1.6,14.45,18,0,3.51,64.27,residential,standard,none,46.75
98,15,0,0,6.77,34.28,5.44,15.5,1,24.73,8.95,20.01,peripheral,bulky,none,40.34
98,16,0,0,16.81,29.93,4.94,10.73,11,27.21,5.38,49.5,residential,standard,none,53.24
98,17,0,0,15.21,74.48,0,18.51,15,28.38,16.33,81.2,central,express,none,61.37
98,18,0,0,15.67,76.17,6.51,15.69,17,23.08,16.54,84.96,central,standard,none,86.09
98,7,0,0,11.75,36.9,0,10.92,13,22.3,0.04,58.16,residential,express,none,34.58
98,8,0,0,4.72,71.61,0,12.3,10,3.84,11.92,51.91,residential,standard,none,42.4
98,9,0,0,7.92,50.82,5.29,12.8,13,1.71,20.34,46.24,peripheral,express,none,54.48
98,10,0,0,5.89,63.47,5.08,13.2,10,16.48,1.91,76.2,central,standard,none,29.27
98,11,0,0,12.58,41.99,0,11.91,9,22.92,16.3,92.78,residential,standard,none,58.42
98,12,0,0,7.48,54.28,0,14.49,11,34.2,16.49,67.25,residential,standard,none,53.63
98,13,0,0,0.91,50.07,1.61,21.13,19,1.46,0.27,74.04,central,standard,none,30.42
98,14,0,0,10.23,45.24,2.65,11.48,15,35.28,3.72,65.2,residential,express,none,27.82
98,15,0,0,8.42,46.2,8.83,10.31,19,29.04,0,100,central,standard,none,36.74
98,16,0,0,6.75,36.82,3.37,13.11,13,7.58,1.91,45.49,peripheral,standard,none,42.32
98,17,0,0,9.63,75.59,7.97,14.98,7,15.9,10.8,57.99,residential,bulky,none,57.73
98,18,0,0,13.54,81.71,4.42,13.59,14,42.07,11.51,46.31,residential,standard,none,76.89
99,7,0,0,4.73,62.05,0,16.49,17,11.79,10.08,82.75,central,standard,none,47.14
99,8,0,0,5.3,76.12,0.1,15.04,4,18.04,15.78,70.41,residential,bulky,none,54.74
99,9,0,0,5.27,73.29,9.14,11.6,10,0,7.49,51.81,residential,express,none,26.59
99,10,0,0,11.83,58.45,1.54,15.48,1,31.46,0,82.15,central,bulky,none,55.45
99,11,0,0,10.99,57.35,0.07,9.61,11,13.87,8.68,91.4,central,standard,none,50.97
99,12,0,0,15.32,42.18,4.82,14.42,10,37.75,3.21,54.52,residential,standard,none,55.18
99,13,0,0,7.06,30.1,1.24,13.4,14,39.63,9.92,27.65,peripheral,standard,none,35.82
99,14,0,0,5.59,50.14,3.04,12.06,11,22.96,2.81,100,central,express,none,23.53
99,15,0,0,7.79,29.99,4.52,12.5,14,7.48,3.7,39.63,peripheral,express,none,24.74
99,16,0,0,1.8,42.32,0,20.89,19,14.05,15.89,67.37,residential,standard,none,40.37
99,17,0,0,1.69,71.53,2.87,15.98,9,38.53,8.39,49.13,residential,standard,none,25.02
99,18,0,0,5.98,78.19,4.23,17.45,11,34.88,16.99,75.28,central,express,none,44.19
99,7,0,0,6.91,37.96,8.99,13.71,6,16.49,4.74,12.79,peripheral,bulky,none,42.33
99,8,0,0,4.9,65.08,0,20.24,10,38.5,20.55,70.53,residential,standard,none,50.17
99,9,0,0,5.28,76.22,0,20.43,13,23.07,11.29,29.68,peripheral,standard,none,47.04
99,10,0,0,2.93,26.71,10.15,16.05,13,15.48,2.11,52.97,residential,standard,none,26.86
99,11,0,0,1.12,29.85,0,12.87,9,9.32,0,38.62,residential,standard,none,18.99
99,12,0,0,0.5,48.36,2.91,19.49,16,11.08,0,84.96,central,standard,none,29.34
99,13,0,0,27.18,19.3,0.42,19.19,1,40.93,0,28.34,peripheral,bulky,none,58.47
99,14,0,0,9.7,41,2.97,17.4,14,14.62,14.03,79.67,residential,standard,none,50.22
99,15,0,0,4.79,16.81,0,17.04,12,41.96,2.81,40.98,peripheral,standard,none,22.02
99,16,0,0,9.65,66.78,0.92,14.12,10,24.79,13.13,78.4,central,standard,none,48.68
99,17,0,0,9.66,86.32,0.48,9.69,10,31.93,21.63,52.63,residential,standard,none,66.7
99,18,0,0,9.4,88.3,8.27,14.9,18,11.36,17.46,85.37,central,express,none,61.45
99,7,0,0,10.77,53.15,1.73,20.79,14,20.2,9.64,57.13,residential,standard,none,53.83
99,8,0,0,11.35,72.23,10.4,16,7,31.84,17.5,41.98,peripheral,bulky,none,77.14
99,9,0,0,5.64,67.85,0,16.34,8,28.24,16.18,35.81,peripheral,standard,none,44.33
99,10,0,0,14.29,19.83,1.8,13.7,16,8.25,9.21,5,peripheral,express,none,38.39
99,11,0,0,12.99,63.77,3.59,18.08,13,29.6,13.72,74.92,central,express,none,56.98
99,12,0,0,8.5,46.79,2.95,8.46,13,27.9,1.32,100,central,express,none,24.54
99,13,0,0,1.28,30.78,0,14.94,18,14.94,10.79,73.85,residential,standard,none,27.6
99,14,0,0,5.87,35.19,10.77,15.88,13,3.86,3.68,66.24,residential,express,none,25.91
99,15,0,0,3.91,34.07,0,9.45,13,11.87,9.6,5,peripheral,standard,none,36.97
99,16,0,0,5.48,38.45,0,14.48,14,10.81,9.24,58.48,residential,standard,none,36.03
99,17,0,0,14.65,97.13,1.64,23.21,9,24.54,9.59,77.69,central,bulky,none,79.17
99,18,0,0,14.35,77.84,0,15.34,6,31.3,29.05,94.43,central,standard,none,84.6
99,7,0,0,14.35,28.84,3.83,18.58,13,20.43,4.01,49.36,residential,express,none,30.76
99,8,0,0,4.81,57.56,5.4,16.59,13,16.4,21.53,22.62,peripheral,standard,none,46.04
99,9,0,0,5.51,68.69,2.46,15.45,15,29.88,21.84,60,residential,standard,none,48.18
99,10,0,0,5.35,51.99,6.31,12.04,12,42.33,8.73,81.36,residential,standard,none,38.29
100,11,0,0,13.42,56.57,3.28,17.75,14,28.81,0,98.81,central,express,none,53.88
100,12,0,0,25.32,30.13,3.41,18.6,15,0,4.69,67.3,residential,express,none,62.99
100,13,0,0,16.09,30.54,1.31,15.07,16,28.99,4.66,30.22,peripheral,standard,none,49.81
100,14,0,0,6.07,49.5,4.05,15.88,11,15.6,0,62.17,residential,standard,vehicle,79.62
100,15,0,0,7.9,40.15,7.79,17.38,12,23.45,2.86,46.21,residential,express,none,28.54
100,16,0,0,13.6,25.42,5.82,16.36,11,4.01,4.77,23.57,peripheral,express,none,43.34
100,17,0,0,9.08,70.49,3.97,13.31,4,11.76,22.03,30.69,peripheral,bulky,none,66.18
100,18,0,0,3.22,62.1,0.38,12.78,10,18.86,13.41,38.44,peripheral,standard,none,34.92
100,7,0,0,9.41,33.61,5.34,20.98,7,12.77,6.23,25.59,peripheral,express,none,26.96
100,8,0,0,26.93,77.97,3.41,18.48,19,13.38,13.02,17.12,peripheral,standard,none,99.61
100,9,0,0,0.5,72.13,8.68,11.75,16,32.81,16.62,26.41,peripheral,express,none,30.05
100,10,0,0,9.01,52.47,4.51,18.31,14,22.06,3.33,47.6,residential,standard,none,35.98
100,11,0,0,0.5,40.16,0,16.39,19,18.73,16.09,16.99,peripheral,standard,none,41.76
100,12,0,0,9.77,54.2,4.59,12.72,18,0,9.49,63.48,residential,standard,none,48.05
100,13,0,0,13.36,47.93,1.11,14.23,7,18.24,5.57,100,central,express,none,48.04
100,14,0,0,8.63,57.2,6.42,12.21,17,18.81,15.66,74.51,central,express,none,45.24
100,15,0,0,4.6,51.26,3.65,16.39,10,25.75,7.94,100,central,express,none,28.18
100,16,0,0,0.5,44.59,7.82,16.09,18,41.36,12.26,92.48,central,express,none,26.36
100,17,0,0,7.44,98,0,15.71,11,25.27,16.92,70.31,central,standard,none,60.66
100,18,0,0,6.61,57.11,0,16.24,10,0,21.01,24.44,peripheral,standard,none,55.95
100,7,0,0,12.11,67.98,1.59,11.03,11,23.2,3.92,87.36,central,standard,none,47.48
100,8,0,0,13.61,90.2,12.77,17.2,18,27.33,28.41,76.11,central,standard,none,90.62
100,9,0,0,21.33,80.75,0,16.34,5,18.33,8.07,64.67,residential,bulky,none,87.65
100,10,0,0,11.82,32.78,0.84,16.15,1,12.93,13.78,11.94,peripheral,bulky,none,56.89
100,11,0,0,7.61,65.75,0,13.17,11,0,5.78,93.63,central,standard,none,49.89
100,12,0,0,14.12,75.41,9.89,15.47,18,25.18,14.7,75.16,central,standard,none,67.73
100,13,0,0,5.91,47.68,0,24.92,9,0.15,8.25,82.25,central,standard,none,47.8
100,14,0,0,12.46,43.93,5.39,5.89,14,22.83,16.26,100,central,standard,none,55.89
100,15,0,0,14.89,30.83,2.77,14.21,17,12.34,0,8.64,peripheral,standard,none,42.06
100,16,0,0,9.59,23.65,10.17,14.54,19,13.11,8.46,36.83,peripheral,standard,none,42.57
100,17,0,0,34.15,71.89,0,14.81,23,0,8.91,35.86,residential,standard,none,120.67
100,18,0,0,6.72,84.64,6.03,15.33,9,30.57,17.97,79.23,central,standard,none,46.63
100,7,0,0,10.62,58.79,4.19,20.16,10,5.73,8.03,73.8,central,standard,none,46
100,8,0,0,12.88,73.67,5.72,17.78,24,35.15,9.88,66.92,residential,standard,none,77.09
100,9,0,0,0.5,60,9.86,15.18,2,6.83,13.3,23.91,peripheral,bulky,none,44.53
100,10,0,0,3.83,42.43,0,17.91,6,9.15,7.56,60.4,residential,bulky,none,46.57
100,11,0,0,12.77,48.73,0,15.79,7,27.25,16.44,73.03,residential,express,none,56.73
100,12,0,0,5.35,42.8,9.63,13.28,9,21.54,1.81,59.63,residential,standard,none,23.11
100,13,0,0,9.64,63.3,0,15.19,14,24.63,9.74,89.39,central,standard,none,51.89
100,14,0,0,6.21,39.38,0,15.09,13,5.97,0.45,77.24,residential,standard,none,29.42
101,15,0,0,5.26,33.31,0,12.83,9,10.47,10.96,41.97,residential,standard,none,25.82
101,16,0,0,4.96,33.42,5.59,12.09,13,19,4.42,86.34,residential,express,none,32.59
101,17,0,0,11.01,98,6.48,19.4,11,13.2,28.22,71.18,central,standard,none,73.59
101,18,0,0,20.24,88.93,0,12.77,13,6.35,16.89,68.12,central,standard,none,102.61
101,7,0,0,10.06,48.26,5.36,17.75,16,39.06,12.66,100,central,express,none,42.93
101,8,0,0,5.24,84.86,0.48,13.93,11,7.62,1.81,49.12,residential,standard,none,37.85
101,9,0,0,6.44,89.37,6.44,19.49,13,9.55,17.36,72.42,central,express,none,45.69
101,10,0,0,9.1,62.65,0,9.12,23,16.03,1.31,91.9,central,standard,none,38.75
101,11,0,0,6.86,16.58,5.79,14.72,16,11.87,3.78,21.89,peripheral,standard,none,29.35
101,12,0,0,3.9,54.16,2.16,15.31,11,54.82,2.1,53.42,residential,standard,none,29.29
101,13,0,0,1.09,43.76,3.78,22.12,16,43.31,2.1,92.41,central,standard,none,23.91
101,14,0,0,7.35,37.76,14.82,19.3,14,0,9.27,29.6,residential,standard,none,49.53
101,15,0,0,3.89,55.52,12.29,15.4,4,36.6,9.34,38.83,residential,bulky,none,47.88
101,16,0,0,10.97,65.79,0,15.42,14,17.68,6.9,64.6,central,express,none,42.46
101,17,0,0,7.36,79.97,3.44,23.01,13,12.52,18.63,85.95,central,express,none,56.27
101,18,0,0,13.64,77.28,6.51,10.56,5,39.48,2.93,56.11,residential,bulky,none,71.58
101,7,0,0,9.86,30.9,0.66,15.21,15,36.52,9.68,57.42,residential,standard,none,45.03
101,8,0,0,8.44,65.73,0.46,12.27,16,18.03,19.56,40.12,peripheral,standard,none,50.55
101,9,0,0,0.61,80.17,2.06,14.9,13,26.93,15.57,57.62,residential,standard,none,36.01
101,10,0,0,9.65,21.58,0,18.27,3,5.29,9.94,23.48,peripheral,standard,none,42.27
101,11,0,0,4.91,23.44,2.04,17.07,17,6.75,10.71,21.94,peripheral,standard,none,40.92
101,12,0,0,3.03,45.69,2.4,15.4,14,0,3.71,43.33,residential,standard,none,23.97
101,13,0,0,15.33,38.24,0,20.8,16,0,5.27,63.87,residential,standard,none,51.93
101,14,0,0,2.72,25.53,0,14.32,17,44,14.28,53.57,residential,standard,none,41.8
101,15,0,0,12.26,55.72,5.49,15.95,19,14.12,6.64,100,central,standard,none,56.97
101,16,0,0,10.1,48.5,0,14.87,18,17.43,7.02,73.18,central,standard,none,46.97
101,17,0,0,6.97,82.2,0,9.76,18,27.28,18.39,100,central,standard,none,58.48
101,18,0,0,0.5,90.37,0,18.66,5,35.02,23.27,89.32,central,express,none,35.3
101,7,0,0,9.7,23.68,2.69,15.45,13,18.65,7.47,5,peripheral,standard,none,42.14
101,8,0,0,12.04,84.97,15.97,17.4,10,1.63,20.78,60.98,central,standard,none,72.49
101,9,0,0,9.93,60.44,0,17.99,10,21.27,21.56,53.68,residential,standard,none,55.89
101,10,0,0,8.61,59.77,7.63,13.22,17,0,4.5,92.56,central,standard,none,44.11
101,11,0,0,8.86,45.09,5.71,16.7,24,24.59,7.41,49.13,residential,express,none,45.63
101,12,0,0,5.44,46.36,4.59,11.26,15,32.74,0.92,51.86,residential,standard,none,27.45
101,13,0,0,10.12,45.94,0,18.09,17,0,3.45,100,central,express,none,30.95
101,14,0,0,5.73,35.98,2.95,14.73,15,12.3,7.91,35.19,residential,standard,none,36.53
101,15,0,0,4.99,47.85,16.6,13.62,12,40.43,14.33,100,central,standard,none,50.14
101,16,0,0,10.84,53.06,0,15.75,16,8.07,15.86,93.05,central,express,none,54.75
101,17,0,0,6.3,74.65,6.58,18.41,17,1.22,12.69,67.29,residential,standard,none,55.33
101,18,0,0,9.01,95.39,3.98,17.06,12,57.18,14.26,87.86,central,express,none,51.21
102,7,0,0,4.72,57.19,1.69,19.14,12,42.13,4.66,66.1,central,express,none,24.32
102,8,0,0,9.32,73.99,0,17.6,19,25.86,23.38,38.98,residential,standard,none,73.01
102,9,0,0,6.9,97.55,5.16,15.28,14,25.24,25.37,80.5,central,standard,none,62.16
102,10,0,0,13.86,32.33,0,13.47,9,0,18.21,36.93,peripheral,standard,none,58.68
102,11,0,0,6.28,64.4,1.19,17.86,20,27.1,12.16,81.41,central,standard,none,47.34
102,12,0,0,4.77,19.41,4.88,17.21,12,19.99,10.99,25.75,peripheral,standard,none,30.51
102,13,0,0,16.7,40.34,2.7,14.07,16,32.1,5.37,85.53,central,standard,none,55.75
102,14,0,0,17.8,28.79,0,12.41,10,39.8,7.53,25.1,peripheral,standard,none,48.78
102,15,0,0,17,37.61,0,17.25,19,24.28,1.87,80.24,central,standard,none,53.42
102,16,0,0,8.16,62.66,3.71,12.43,13,18.99,7.59,85.95,central,express,none,36.77
102,17,0,0,6.5,77.69,5.66,15.78,10,24.99,16.68,53.16,residential,express,roadwork,75.9
102,18,0,0,14.14,84.2,5.89,19.92,15,3.81,22.35,45.49,residential,standard,none,78.04
102,7,0,0,8.31,31.74,0,11.32,16,23.6,2.27,60.58,residential,standard,none,35.51
102,8,0,0,9.15,77.07,0,16.55,17,0,23.02,57.25,residential,standard,none,71.55
102,9,0,0,9.07,71.91,0,19.76,19,9.74,20.85,51.24,peripheral,express,none,56.18
102,10,0,0,11.35,32.21,0,20.06,13,10.03,8.1,17.01,peripheral,standard,none,50.49
102,11,0,0,16.57,12.53,3.78,15.72,20,0,7.06,41.92,peripheral,standard,none,42.49
102,12,0,0,16.51,50.09,4.87,16.48,17,0,4.47,95.08,central,standard,none,64.43
102,13,0,0,2.36,55.21,0,15.86,11,20.05,0,80.32,central,express,customer_absent,25.73
102,14,0,0,5.82,54.74,0.91,16.25,9,32.5,11.03,100,central,express,none,35.3
102,15,0,0,10.28,38.14,0,8.37,17,1.1,2.58,65.43,residential,express,none,31.44
102,16,0,0,5.24,31.02,3.44,22.82,13,12.5,7.06,54.89,peripheral,standard,none,41.37
102,17,0,0,13.44,79.8,0.95,13.49,14,32.91,13.3,54.26,residential,standard,none,58.17
102,18,0,0,6.66,74.64,0.19,20.74,1,33.81,12,5.51,peripheral,bulky,none,51.77
102,7,0,0,3.19,45.22,0.16,18.34,9,4.13,9,74.99,central,standard,none,37.33
102,8,0,0,9.38,73.33,4.81,19.37,16,11.21,20.83,20.65,peripheral,express,none,52.94
102,9,0,0,13.48,74.72,0,15.6,6,19.51,20.84,41.46,residential,express,none,65.06
102,10,0,0,9.19,10.27,0,13.93,13,16.6,6.16,33.31,peripheral,standard,none,24.02
102,11,0,0,10.37,34.5,0,17.43,17,26.59,2.14,47.21,residential,standard,none,39.13
102,12,0,0,4,52.85,11.23,18.81,5,8.96,4.68,49.39,central,bulky,roadwork,49.44
102,13,0,0,10.21,61.64,2.13,12.25,13,17.1,4.44,78.6,central,express,none,36.88
102,14,0,0,7.41,51.79,0,13.24,12,21.22,0.86,100,central,standard,none,31.52
102,15,0,0,7.91,51.25,6.99,12.76,11,3.02,16.1,78.31,central,standard,none,50.36
102,16,0,0,28.99,56.66,0,10.61,16,7.43,10.88,61.59,central,standard,none,89.34
102,17,0,0,6.08,66.26,5.23,15.39,14,19.37,13.36,76.12,residential,standard,none,45.51
102,18,0,0,14.47,83.06,1.84,17.08,17,4.88,14.9,42.58,residential,express,none,69.9
102,7,0,0,17.97,31.81,8.39,22.08,17,26.24,1.94,73.55,residential,express,none,43.83
102,8,0,0,11.46,74.67,1.2,18.1,18,26.62,24.66,50.28,residential,standard,none,69.54
102,9,0,0,4.9,62.06,0,7.29,16,33.24,15.59,57.01,residential,standard,none,51.52
102,10,0,0,4.66,45.16,1.33,12.18,14,9.46,4.65,46.44,residential,express,none,26.83
103,11,1,0,10.06,40.53,0,21.08,14,25.89,12.97,38.07,residential,standard,none,50.14
103,12,1,0,8.81,31.8,9.19,18.78,15,12.34,9.48,47.7,residential,standard,none,52.73
103,13,1,0,10.14,17.44,0.94,22.95,10,24.43,4.09,67.35,residential,standard,none,40.4
103,14,1,0,8.91,12.97,3.98,15.13,10,11.35,0,17.31,peripheral,express,none,29.49
103,15,1,0,14.01,21.66,1.11,16.42,16,20.26,6.74,67.7,residential,express,none,45.46
103,16,1,0,10.46,21.7,7.08,16.18,17,5.96,9.79,29.31,peripheral,standard,none,46.79
103,17,1,0,6.21,68.21,6.45,21.18,12,34.47,15.64,35.66,peripheral,express,none,34.78
103,18,1,0,27.91,66.18,0,20.15,18,20.08,14.52,20.99,peripheral,standard,none,97.22
103,7,1,0,4.01,58.14,6.3,10.9,13,12.33,17.56,93.28,central,standard,none,40.72
103,8,1,0,7.73,82.78,0,10.41,9,10.69,10.89,81.79,residential,standard,none,46.94
103,9,1,0,2.06,61,1.33,18.66,14,6.83,19.08,31.23,peripheral,express,vehicle,66.69
103,10,1,0,14.84,31.65,0,14.77,6,24.95,3.29,14.83,peripheral,bulky,none,45.86
103,11,1,0,11.3,27.57,3.39,11.26,5,0,1.69,38.06,peripheral,bulky,none,40.29
103,12,1,0,4.53,44.2,12.8,18.3,1,9.24,4.46,83.16,central,bulky,none,34.47
103,13,1,0,2.54,41.92,8.12,14.27,14,22.68,10.74,71.96,central,standard,none,33.06
103,14,1,0,14.26,41.48,0,14.69,21,34.23,0,96.13,central,standard,none,62.44
103,15,1,0,3.28,35.05,12.98,17.46,18,21.47,9.06,60.24,residential,standard,none,37.62
103,16,1,0,8.9,27.39,6.57,15.48,23,25.1,11.02,68.48,residential,express,none,49.81
103,17,1,0,10.37,74.41,0.85,14.7,15,2.81,10.35,68.82,residential,standard,none,51.53
103,18,1,0,2.82,94.54,3.46,22.1,12,32.8,22.69,95.61,central,standard,customer_absent,54.91
103,7,1,0,10.97,21.68,3.8,17.03,13,21.19,2.3,25.84,peripheral,standard,none,34.32
103,8,1,0,11.85,56.49,0,19.85,13,44.12,23.48,54.69,residential,standard,none,69.36
103,9,1,0,6.39,59.91,5.65,10.7,3,33.19,25.73,6.63,peripheral,bulky,none,67.95
103,10,1,0,13.44,43.82,1.21,16.56,9,15.4,1.65,33.51,peripheral,standard,none,33.18
103,11,1,0,10.41,35.91,0,10.54,14,9.13,7.03,82.82,central,standard,none,47.26
103,12,1,0,7.32,12.65,3.4,13.51,16,47.64,6.49,28.23,peripheral,standard,none,32.6
103,13,1,0,9.19,25.7,0,13.81,14,0,16.52,21.34,peripheral,standard,none,52.03
103,14,1,0,5.24,47.86,2.38,18.54,11,24.61,0,81.73,central,standard,none,36.02
103,15,1,0,5.71,18.07,0,20.82,16,44.9,6.05,38.32,peripheral,express,none,23.65
103,16,1,0,4.97,33.01,7.31,20.19,7,6.63,9.42,43.01,residential,bulky,none,41.59
103,17,1,0,5.46,63.01,3.86,14.31,19,22.69,14.94,5,peripheral,standard,none,45.77
103,18,1,0,19.98,72.84,2.76,16.3,22,37.01,18.96,27.39,peripheral,standard,none,86
103,7,1,0,14.65,14.63,11.22,13.3,9,31.05,22.21,46.61,peripheral,express,none,48.34
103,8,1,0,12.17,83.51,0,10.28,13,13.3,15.01,91.3,central,standard,none,65.04
103,9,1,0,8.89,70.99,0,18.5,12,27.31,17.86,36.77,residential,standard,none,58.68
103,10,1,0,5.78,12.72,9.96,11.49,14,25.22,16.12,39.05,residential,standard,none,36.52
103,11,1,0,0.5,43.87,12.77,11.24,16,4.31,7.2,72.38,residential,standard,none,42.28
103,12,1,0,10.28,27.33,4.22,13.9,11,31.75,2.54,77.6,central,standard,none,41.33
103,13,1,0,13.53,27.61,2.04,17.21,17,0,14.6,53.75,residential,express,none,50.48
103,14,1,0,21.22,36.51,0,9.54,13,16.54,3.56,96.18,central,express,none,51.26
104,15,1,0,12.87,54.16,0,15.92,11,7.62,12.21,70.46,residential,standard,none,65.42
104,16,1,0,3.43,43.33,14.47,22.87,10,26.7,18.19,100,central,standard,none,43.85
104,17,1,0,8,76.24,0,14.1,9,57.56,20.93,72.5,central,express,none,41.81
104,18,1,0,7.41,61.09,2.28,18.37,21,43.3,6.29,45.32,residential,standard,none,42.93
104,7,1,0,4.91,21.98,10.3,20.19,20,2.27,12.94,26.37,peripheral,express,none,41.98
104,8,1,0,8.54,67.47,3.54,11.78,3,15.63,14.69,77.83,central,bulky,none,63.93
104,9,1,0,13.53,77.87,7.77,21.95,19,30.63,12.3,79.34,residential,express,none,60.95
104,10,1,0,10.95,28.74,0,17.71,16,19.3,9.15,59.5,residential,bulky,none,42.57
104,11,1,0,23.51,35.42,1.62,19.7,6,27.29,11.96,54.65,residential,standard,none,70.09
104,12,1,0,5.08,17.14,0.52,18.78,15,7.98,2.67,48.06,residential,express,none,13.07
104,13,1,0,11.26,44.3,3.15,11.11,13,3.45,0,69.12,central,standard,none,42.28
104,14,1,0,6.59,18.68,0.13,14.4,12,7.4,0,16.52,peripheral,standard,none,19.99
104,15,1,0,3.7,45.52,1.71,10.97,14,52.19,1.46,77.93,central,standard,none,28.33
104,16,1,0,6.24,48.72,0,21.67,11,0,0,65.04,central,express,none,27.63
104,17,1,0,6.49,57.63,3.44,22.32,13,17.67,15.86,13.96,peripheral,standard,vehicle,51.67
104,18,1,0,10.27,82.72,5.66,25.27,6,36.81,12.77,66.12,residential,bulky,none,64.29
104,7,1,0,4.33,37.84,1.27,18.42,10,16.36,13.32,69.56,central,express,none,32.86
104,8,1,0,16.06,63.8,0,16.29,5,13.28,7.13,75.95,residential,bulky,none,67.82
104,9,1,0,7.55,64,5.25,14.39,5,26.38,14.99,26.68,peripheral,bulky,none,48.82
104,10,1,0,4.23,44.81,1.12,16.14,13,31.54,0.82,87.93,central,standard,none,23.03
104,11,1,0,11.41,29.01,0,14.57,11,22.38,9.9,55.44,residential,standard,none,46.31
104,12,1,0,12.81,40.34,0.17,16.76,10,25.3,7.75,93.41,central,express,none,45.21
104,13,1,0,34.42,20.35,1.98,17.16,13,21.88,5.71,34.86,peripheral,standard,none,74.78
104,14,1,0,4.49,39.24,0,17.66,18,28.72,2.63,37.41,residential,express,none,19.21
104,15,1,0,29.58,41.82,0,18.37,16,0,0,38.78,residential,express,none,64.84
104,16,1,0,7.52,48.99,8.66,13.63,21,16.82,0.46,98.09,central,express,none,38.24
104,17,1,0,7.59,65.96,3.87,16.15,15,35.6,10.45,39.39,peripheral,standard,none,48.69
104,18,1,0,21.28,87.28,10.24,13.13,5,23.45,14.32,49.36,residential,express,none,87.77
104,7,1,0,6.78,22.21,2.76,21.07,13,25.79,18.51,25.95,peripheral,standard,none,51.31
104,8,1,0,7.27,72.15,0,14.03,9,0,18.65,96.12,central,standard,none,63.98
104,9,1,0,5.22,52.11,3.18,19.95,8,0,22.51,20.43,peripheral,standard,none,41.71
104,10,1,0,19.96,12.76,8.79,16.57,12,39.24,6.39,11.6,peripheral,standard,none,45.29
104,11,1,0,3.28,26.1,9.12,12.55,11,9.42,7.45,54.64,peripheral,standard,none,29.11
104,12,1,0,8.45,46.2,3.86,14.2,12,22.3,12.97,83.95,central,standard,none,47.79
104,13,1,0,10.05,48.14,5.01,16.43,18,29.05,2.92,92.11,central,standard,none,53.48
104,14,1,0,13.63,48.72,5.8,16.99,19,21.93,3.77,83.47,central,standard,none,56.6
104,15,1,0,15.07,23.18,0,9.7,14,10.19,8.43,22.76,peripheral,standard,none,43.75
104,16,1,0,7.39,43.67,9.47,10.5,13,5.69,2.11,75.49,residential,standard,none,42.95
104,17,1,0,6.48,74.66,9.04,14.44,9,7.63,8.72,11.7,peripheral,express,none,38.86
104,18,1,0,5.36,66.93,6.64,19.74,12,20.3,6.48,26.75,peripheral,standard,none,31.93
105,7,0,0,12.86,65.69,9.02,16.92,14,36.05,6.92,89.42,central,standard,none,52
105,8,0,0,10.58,88.15,2.26,9.96,10,13.87,27.79,86.5,central,standard,none,76.05
105,9,0,0,5.86,80.14,7.63,14.12,1,30.7,25.47,42.25,residential,bulky,none,64.39
105,10,0,0,0.5,25.85,0,15.72,11,10.25,12.28,53.69,residential,standard,vehicle,85.62
105,11,0,0,6.63,19.26,10.78,23.02,19,8.34,0,15.44,peripheral,standard,none,25.36
105,12,0,0,11.04,44.45,2.7,18.75,4,26.52,9.54,92.8,residential,bulky,none,50.39
105,13,0,0,11.23,48.22,6.76,17.04,13,7.71,13.4,75.11,residential,express,none,62.75
105,14,0,0,7.28,39.26,4.22,13.32,19,48.46,6.69,36.08,residential,express,none,24.78
105,15,0,0,6.96,35.39,0,19.25,14,18.74,9.3,66.67,residential,standard,none,35.84
105,16,0,0,10.12,37.68,1.07,17.69,10,17.32,7.64,59.09,residential,standard,none,39.4
105,17,0,0,5.83,66.53,0,22.72,3,42.43,15.26,22.47,peripheral,standard,none,39.78
105,18,0,0,3.96,71.94,0,20.03,12,12.04,22.19,37.75,residential,express,none,37.06
105,7,0,0,12.9,31.2,4.82,15.41,9,2.91,8.3,37.64,residential,express,none,38.25
105,8,0,0,23.98,53.26,7.56,14.37,7,18.66,23.8,28.44,peripheral,standard,none,92.91
105,9,0,0,4.1,74.58,1.18,18.47,9,0,12.66,77.81,residential,standard,none,42.2
105,10,0,0,7.87,65.16,1.94,18.13,8,12.31,1.51,82.61,central,standard,none,37.65
105,11,0,0,12.88,42.14,7.64,16.63,16,41.07,3.9,47.23,residential,standard,none,51.63
105,12,0,0,14.88,34.21,12.07,18.37,7,28.03,3.92,5,peripheral,bulky,none,53.61
105,13,0,0,3.8,39.19,0,11.98,11,17.95,11.99,33.06,residential,standard,none,35.28
105,14,0,0,18.42,33.71,0,15.83,7,12.38,2.13,46.53,peripheral,bulky,none,52.71
105,15,0,0,0.5,53.99,0,17.63,6,17.79,10.89,99.24,central,bulky,none,38.5
105,16,0,0,7.75,49.67,2.31,19.79,3,9.65,9.55,98.7,central,bulky,none,45.58
105,17,0,0,5.8,62.38,2.28,19.06,12,9.53,23.08,35.46,peripheral,standard,none,63.32
105,18,0,0,28.61,62.93,6.36,14.58,19,14.54,12.8,5,peripheral,standard,none,99.89
105,7,0,0,7.69,43.91,2.07,13.55,22,1.63,17.3,100,central,standard,none,58.54
105,8,0,0,10.97,76.86,0,11.05,11,24.51,14.1,72.9,residential,standard,none,63.42
105,9,0,0,4.03,98,8.37,13.21,4,46.32,21.23,91,central,standard,none,45.84
105,10,0,0,4.46,46.41,1.06,23.28,13,13.95,4.49,46.05,residential,standard,none,39.84
105,11,0,0,5.63,47.59,2.53,21.02,13,27.97,0,59.58,residential,standard,none,28.79
105,12,0,0,17.14,31.99,8.48,14.82,17,17.46,19.9,28.46,residential,standard,none,71.62
105,13,0,0,0.5,41.15,4.62,15.03,15,28.17,12.28,35.39,residential,express,none,32.7
105,14,0,0,14.34,30.93,0,13.93,18,18.76,0,29.64,peripheral,standard,none,45.4
105,15,0,0,5.73,61.78,12.71,18.01,9,49.46,8.86,79.66,central,express,none,35.26
105,16,0,0,8.25,58.73,7.85,14.33,15,40.17,10.01,89.33,central,express,none,37.61
105,17,0,0,12.05,64.7,1.24,16.33,5,24.49,16.12,39.25,peripheral,bulky,none,65.59
105,18,0,0,10.45,65.43,3.83,18.8,15,11.3,24.85,61.3,residential,standard,customer_absent,80.69
105,7,0,0,5.53,44.7,4.47,10.54,9,12.09,3.84,5,peripheral,standard,none,30.43
105,8,0,0,15.83,77.59,5.79,14.33,6,7.8,16.06,66.79,residential,bulky,none,92.14
105,9,0,0,4.07,77.95,0,17.76,17,18.26,18.3,33.28,peripheral,standard,none,48.38
105,10,0,0,1.85,48.53,0,21.82,16,16.29,6.14,92.76,central,standard,none,32.22
106,11,0,0,9.33,45.17,7.81,17.49,12,28.02,14.12,97.16,central,standard,none,53.33
106,12,0,0,9.11,63.35,0,15.22,1,7.38,1.18,87.47,central,bulky,none,41.7
106,13,0,0,28.46,32.54,10.07,21.64,16,12.63,7.62,20.75,peripheral,standard,none,71.25
106,14,0,0,11.75,23.69,0,12.91,24,25.63,9.3,18.56,peripheral,standard,none,42.01
106,15,0,0,9,48.03,4.3,15.92,14,9.48,0,64.54,residential,express,none,34.21
106,16,0,0,11.93,47.7,3.13,10.8,16,38.21,6.39,82.74,central,standard,none,58.25
106,17,0,0,15.74,92.58,0.25,14.95,11,6.77,12.62,83.14,central,standard,none,71.81
106,18,0,0,12.6,73.7,0,21.55,17,18.46,22.45,86.89,central,standard,none,80.1
106,7,0,0,6.12,39.53,8.44,13.37,11,40.64,7.27,33.58,peripheral,standard,none,35.67
106,8,0,0,15.05,77.2,1.66,14.15,3,15.81,10.8,89.06,central,bulky,none,72.86
106,9,0,0,14.9,75.23,9.32,19.55,12,14.4,17.24,82.64,central,standard,none,72.91
106,10,0,0,13.03,40.05,0,13.67,19,7.38,0,43.86,residential,express,none,39.86
106,11,0,0,4.78,42.93,0,13.99,13,9.71,3.02,72.16,residential,express,none,29.17
106,12,0,0,3.88,45.76,0,14.13,8,31.08,9.1,56.75,residential,standard,none,30.7
106,13,0,0,17.13,50.96,4.54,13.91,24,36.79,5.46,45.24,residential,express,none,59.56
106,14,0,0,7.29,35.41,0,17.38,13,28.69,12.72,46.93,residential,standard,none,41.62
106,15,0,0,8.34,20.15,5.05,16.54,11,20.78,10.55,20.37,peripheral,standard,none,37.71
106,16,0,0,11.46,32.92,5.75,20.33,9,17.16,0,63.49,residential,standard,none,46.13
106,17,0,0,4.81,65.42,0.3,17.46,17,15.31,7.67,48.1,peripheral,standard,none,36.99
106,18,0,0,5.48,85.79,0,15.85,13,10.91,2.07,78.63,central,standard,none,35.93
106,7,0,0,4.51,42.69,6.76,12.6,15,15.06,13.05,48.28,residential,standard,none,47.27
106,8,0,0,7.84,85.67,1.37,13.87,14,9,14.56,82.08,central,standard,none,64.37
106,9,0,0,17.14,85.3,0,19.11,7,1.37,26.15,30.39,peripheral,express,none,78.88
106,10,0,0,12.4,67.65,3.17,11.17,11,5.39,10.01,86.11,central,standard,none,58.84
106,11,0,0,8.79,57.3,5.27,20.38,14,21.68,11.44,100,central,standard,none,48.06
106,12,0,0,7.65,15.32,0,19.53,3,17.75,2.82,58.37,residential,bulky,none,40.06
106,13,0,0,8.16,33.96,0,13.67,12,13.35,6.7,37.73,residential,standard,none,28.05
106,14,0,0,18.36,43.67,7.82,14.42,20,27.66,14.96,44.22,residential,standard,none,70.86
106,15,0,0,16.21,29.71,0,10.06,13,23.49,4.67,29.17,peripheral,standard,none,38.64
106,16,0,0,12.07,63.71,0,15.57,17,1.07,2.58,53.65,residential,standard,none,58.24
106,17,0,0,5.96,73.39,0,12.25,13,9.07,28.03,17.59,peripheral,standard,none,56.96
106,18,0,0,5.71,58.75,1.33,17.11,11,38.14,27.35,61.01,residential,standard,none,53.41
106,7,0,0,2.68,35.43,2.93,19.67,4,16.32,0,67.21,residential,bulky,none,28.74
106,8,0,0,11.13,76.08,0,18.55,21,52.32,21.67,70.7,residential,standard,none,64.52
106,9,0,0,15.26,74.79,5.23,18.74,16,33.3,10.5,52.65,residential,express,none,56.03
106,10,0,0,13.25,26.28,0,16.95,18,26.22,0,55.26,residential,standard,none,47.48
106,11,0,0,1.61,61.32,14.24,14.67,18,21.62,9.25,70.79,central,express,none,26.93
106,12,0,0,3.03,59.61,0.19,14.28,19,27.82,7.07,94.87,central,standard,none,38.41
106,13,0,0,11.23,35.56,0.26,11.29,4,29.41,10.85,54.32,residential,bulky,none,53.41
106,14,0,0,8.94,45.71,10.2,15.42,12,19.43,12.05,47.9,peripheral,standard,none,52.55
107,15,0,0,5.83,40.44,0,16.99,14,32.2,12.22,46.67,peripheral,express,none,34.85
107,16,0,0,20.07,53.75,10.41,21.86,13,26.45,15.33,100,central,standard,none,82.19
107,17,0,0,9.15,91.19,4.72,20.67,12,22.87,14.92,100,central,standard,none,63.1
107,18,0,0,3.58,60.81,3.91,16.79,6,14.49,24.43,17.94,peripheral,bulky,none,56.69
107,7,0,0,11.83,40.86,0,17.4,10,0,9.7,96.92,central,bulky,none,60.09
107,8,0,0,8.09,81.79,0,23.92,7,24.79,8.36,57.27,residential,express,none,34.22
107,9,0,0,11,68.62,4.93,18.59,14,43.39,10.64,98.16,central,standard,none,56.81
107,10,0,0,5.14,51.71,0,17.05,20,10.12,14.07,93.66,central,express,none,35.55
107,11,0,0,6.28,49.37,0,20.05,12,44.2,0.92,70.03,central,standard,vehicle,67.33
107,12,0,0,6.32,35.41,1.42,16.95,10,3.08,0.21,91.13,central,standard,none,28.71
107,13,0,0,4.83,47.9,0,18.03,12,22.21,9.9,57.8,residential,express,none,33.49
107,14,0,0,1.64,41.77,4.8,12.24,10,19.96,10.25,59.76,residential,standard,none,25.71
107,15,0,0,11.81,28.58,3.3,18.94,19,34.91,5.81,53.26,residential,standard,none,45.67
107,16,0,0,12.73,33.82,3.47,14.28,16,22.61,2.78,13.63,peripheral,standard,none,43.78
107,17,0,0,6.34,69.1,0.3,18.55,15,33.33,14.82,49.91,residential,standard,none,42.62
107,18,0,0,36.04,70.51,0,17.94,7,18.44,12.91,58.28,residential,bulky,none,134.03
107,7,0,0,19.38,38.19,5.87,18.73,17,16.02,6.01,68.69,residential,standard,none,68.75
107,8,0,0,4.8,78.75,10.19,16.87,19,15.11,27.08,71.26,central,standard,none,66.84
107,9,0,0,6.91,66.88,0,15.55,17,29.33,13.22,49.21,peripheral,standard,none,49
107,10,0,0,11,48.56,3.21,21.78,20,11.29,8.17,63.45,residential,standard,none,50.6
107,11,0,0,5.99,55.47,3.4,23.1,11,24.79,8.87,78.35,central,express,none,31.88
107,12,0,0,5.54,27.39,1.58,14.26,20,8.32,10.42,23.72,peripheral,express,none,28.67
107,13,0,0,6.13,38.6,6.48,17.65,18,4.54,0,82.78,residential,express,none,25.22
107,14,0,0,8.97,36.59,0,18.77,7,26.14,21.31,62.99,residential,standard,none,52.13
107,15,0,0,1.88,65.86,6.26,14.08,10,8.35,3.93,45.64,residential,express,none,25.17
107,16,0,0,14.02,67.7,1.85,17.46,20,0,7.86,93.92,central,standard,none,62.35
107,17,0,0,7.07,74.65,0,14.4,14,18.28,12.82,62.02,residential,standard,none,41.26
107,18,0,0,7.14,89.42,2.6,20.44,7,32.24,25.21,55,residential,bulky,none,79.66
107,7,0,0,8.87,34.37,3.69,15.61,4,37.5,0,48.32,residential,bulky,none,32.9
107,8,0,0,11.05,81.84,6.97,17.33,10,17.03,16.21,45.89,residential,express,none,43.72
107,9,0,0,15.05,73.74,0,13.05,19,24.63,19.12,12.44,peripheral,standard,none,73.21
107,10,0,0,0.5,47.84,6.72,13.18,11,6.11,11.81,41.33,residential,standard,none,26.09
107,11,0,0,10.26,49.93,0.9,12.86,16,14.65,11.32,85.93,central,express,none,46.76
107,12,0,0,13.64,41.65,0,19.23,11,2.62,10.13,76.27,central,standard,none,47.41
107,13,0,0,16.28,24.88,5.01,12.24,16,26.31,1.99,43.5,peripheral,standard,none,49
107,14,0,0,13.16,30.12,3.56,15.03,5,30.18,10.01,24.45,peripheral,bulky,none,55.96
107,15,0,0,9.38,34.01,0.77,18.77,16,14.17,1.64,45.6,residential,express,none,37.28
107,16,0,0,9.64,55.17,1.73,17.43,14,25.75,6,89.7,central,standard,none,41.06
107,17,0,0,5.09,64.76,0,16.57,19,0,5.75,12.5,peripheral,express,none,34.86
107,18,0,0,9.31,98,0,18.29,7,12.81,24.49,77.19,central,express,roadwork,91.5
108,7,0,0,14.83,49.35,10.12,14.68,9,45.83,4.37,51.11,residential,standard,none,44.16
108,8,0,0,19.03,67.5,3.23,12.7,18,22.44,10.51,51.31,residential,standard,none,82.71
108,9,0,0,20.21,73.96,1.24,17,19,33.41,19.53,46.95,peripheral,standard,none,85.93
108,10,0,0,0.5,38.54,0,20.74,20,17.82,9.3,17.36,peripheral,standard,none,31.61
108,11,0,0,11.28,61.07,5.99,28.06,22,9.82,0,98.91,central,standard,none,51
108,12,0,0,4.04,38.78,0,18.51,10,13.57,11.14,58.22,residential,standard,none,26.78
108,13,0,0,9.71,40.89,5.97,17.44,13,0,10.45,46,residential,standard,none,47.33
108,14,0,0,8.56,28.91,14.47,16.37,1,44.29,15.23,13.95,peripheral,bulky,none,45.78
108,15,0,0,19.98,27.31,0.61,12.76,12,14.27,0.64,66.47,residential,express,none,45.27
108,16,0,0,7.58,45.56,10.73,22.23,6,20.89,13.32,22.21,peripheral,express,none,33.92
108,17,0,0,8.73,69.73,11.96,14.55,17,48.16,13.45,22.06,peripheral,standard,none,57.7
108,18,0,0,7.08,80.07,0.73,15,15,21.21,3.25,61.81,residential,standard,none,46.12
108,7,0,0,13.34,45.14,8.23,11.03,11,28.11,5.57,71.29,residential,bulky,customer_absent,79.44
108,8,0,0,5.82,76.05,0,18.06,13,13.82,22.34,33.24,peripheral,standard,none,62.88
108,9,0,0,9.1,71.17,4.11,15.78,12,9.67,23.28,58.56,residential,standard,none,64.8
108,10,0,0,6.87,53.57,0,16.71,13,0,12.5,73.69,central,standard,customer_absent,58.15
108,11,0,0,26.2,56.91,0,22.06,5,15.57,8.28,96.54,central,bulky,none,87.5
108,12,0,0,7.63,39.77,1.51,15.96,8,21.79,14.51,59.59,residential,standard,none,48.25
108,13,0,0,15.86,35.11,0,16.97,15,12.94,11.92,30.29,peripheral,express,none,51.32
108,14,0,0,18.87,30.17,9.34,20.17,14,20.77,2.47,5.13,peripheral,standard,none,51.63
108,15,0,0,2.24,48.54,3.45,24.24,13,0,0,23.87,peripheral,standard,none,28.56
108,16,0,0,10.16,27.48,10.12,18.82,17,20.09,8.83,56.39,residential,standard,roadwork,73.11
108,17,0,0,13.49,92.77,7.98,18.75,16,19.18,19.15,100,central,express,none,73.7
108,18,0,0,5.57,60.78,1.9,16.31,19,23.86,13.61,27.76,peripheral,standard,none,40.46
108,7,0,0,7.36,30.23,5.66,13.35,15,31.54,0,39.54,peripheral,standard,none,23.51
108,8,0,0,7.32,69.37,6.55,13.74,8,0.83,8.95,76.21,residential,bulky,none,49.98
108,9,0,0,10.93,70.19,0,19.83,19,17.01,4.14,42.48,peripheral,standard,none,55.14
108,10,0,0,15.62,36.82,1.93,7.44,10,14.81,0,55.05,residential,standard,none,46.9
108,11,0,0,5.24,31.7,0,8.55,20,9.52,0,44.98,peripheral,standard,none,20.26
108,12,0,0,19.01,29.36,0,16.33,20,35.06,6.67,51.84,residential,standard,none,61.83
108,13,0,0,29.2,32.23,0,17.66,12,25.33,18.45,39.23,peripheral,standard,none,84.22
108,14,0,0,4.89,55.95,20.96,14.02,20,11.89,9.68,26.98,peripheral,express,none,34.89
108,15,0,0,10.76,69.71,9.18,16.08,20,14.59,9.57,93.71,central,standard,none,60.74
108,16,0,0,11.99,37.27,2.15,14.42,16,31.5,6.51,63.03,residential,standard,none,42.86
108,17,0,0,0.5,59.62,2.52,21.03,22,0,23.46,28.13,peripheral,standard,none,40.35
108,18,0,0,18.69,80.19,3.25,15.67,15,42.31,16.27,57.68,residential,express,none,79.93
108,7,0,0,2.93,46.2,6.72,19.04,14,49.27,13.62,71.48,residential,express,none,29.34
108,8,0,0,2.47,57.3,8.76,20.61,5,1.05,21.07,39.41,residential,express,none,38.31
108,9,0,0,3.53,83.06,0,19.99,16,8.39,14.87,40.45,residential,standard,none,40.79
108,10,0,0,11.1,45.14,0,15.65,5,28.72,13.55,55.35,residential,standard,none,43.41
109,11,0,0,3.98,24.73,4.06,22.45,17,10.35,10.36,40.74,peripheral,standard,none,41.99
109,12,0,0,5.55,10.67,1.29,18.62,15,9.8,0,21.53,peripheral,express,none,13.98
109,13,0,0,5.8,51.01,0.13,18.98,8,19.6,7.07,41.83,residential,express,none,29.54
109,14,0,0,6.85,22.48,11.35,15.01,6,15,16.32,20.91,peripheral,bulky,none,53.77
109,15,0,0,11.16,49.62,0,17.82,13,10.09,11.87,89.17,central,standard,none,51.7
109,16,0,0,0.5,39.2,10.87,15.69,19,3.13,4.74,31.44,residential,standard,none,29.39
109,17,0,0,30.63,74.31,6.38,20.55,22,37.19,10.54,38.21,peripheral,express,none,101.59
109,18,0,0,9.11,78.28,2.41,19.21,13,16.34,17.14,47,residential,standard,none,51.09
109,7,0,0,9.73,36.13,1.73,17.08,8,22.37,3.72,49.58,residential,standard,none,39.23
109,8,0,0,0.56,72.29,7.75,18.15,1,31.96,12.69,64.61,residential,bulky,none,40.81
109,9,0,0,0.5,74.37,12.44,16.18,8,6.25,17.55,38.97,peripheral,standard,none,30.18
109,10,0,0,9.84,67.67,3.56,17.43,19,19.61,0.34,97.04,central,express,none,43.37
109,11,0,0,8.06,65.81,0,15.71,14,16.51,9.56,100,central,standard,customer_absent,68.27
109,12,0,0,16.37,47.23,0,16.05,14,41.28,14.96,76.65,residential,express,none,59.34
109,13,0,0,19.12,49.02,3.36,21.56,16,35.1,10.95,85.84,central,express,none,65.09
109,14,0,0,9.52,44.02,6.08,17.3,11,17.97,8.57,36.47,residential,express,none,37.83
109,15,0,0,15.8,25.44,0,19.35,19,33.59,5.56,15.92,peripheral,standard,none,49.01
109,16,0,0,33,37.21,1.36,17.79,18,17.56,5.47,12.87,peripheral,standard,none,74.98
109,17,0,0,13.54,82.31,5.56,19.32,18,24.22,16.78,46.08,residential,standard,none,68.64
109,18,0,0,8.9,92.06,2.15,18.22,13,19.33,16.12,94.8,central,standard,none,65.29
109,7,0,0,1.53,35.93,4.03,20.1,9,29.9,14.39,47.11,residential,standard,vehicle,71.56
109,8,0,0,27.78,87.18,7.21,15.92,13,15.25,23.83,41.77,residential,standard,none,121.06
109,9,0,0,7.85,71.15,2.3,11.85,15,35.78,20.34,27.22,peripheral,standard,none,66.12
109,10,0,0,7.6,45.54,0,22.38,19,11.66,7.59,53.71,residential,standard,none,35.64
109,11,0,0,38.69,45.98,3.83,20.97,4,9.34,12.03,52.81,residential,bulky,none,109.76
109,12,0,0,7.29,53.59,1.51,11.75,16,0,2.38,73.7,residential,standard,none,30.28
109,13,0,0,10.34,39.77,10.52,19.88,15,15.86,13.3,48.11,central,standard,none,58.96
109,14,0,0,21.81,36.49,3.41,19.94,18,14.41,10.88,25.81,peripheral,standard,none,58.08
109,15,0,0,15.82,56.27,4.22,18.98,15,46.95,1.1,47.32,residential,standard,none,53.12
109,16,0,0,0.5,40.06,2.08,12.64,15,39.85,12.99,58.78,residential,express,none,30.57
109,17,0,0,11.87,69.86,2.22,16.22,9,4.19,7.4,21.41,peripheral,express,none,51.28
109,18,0,0,12.52,75.58,6.94,20.26,11,18.64,15.45,92.16,central,standard,none,70.93
109,7,0,0,5.6,47.23,0.36,18.96,17,49.34,2.03,67.17,residential,standard,none,30.23
109,8,0,0,15.31,55.75,0,12.41,6,34.43,25.69,34.84,peripheral,bulky,none,81.27
109,9,0,0,11.69,87.98,0,10.81,11,34.77,14.87,95.45,central,standard,none,69.64
109,10,0,0,13.07,48.7,0,18.81,21,8.94,5.24,49.25,residential,standard,none,52.29
109,11,0,0,25.42,46.72,0,18.95,19,29.78,16.68,43.18,residential,standard,none,78.6
109,12,0,0,1.22,22.1,1.86,18.79,7,18.94,9.83,21.01,peripheral,standard,none,26.84
109,13,0,0,11.74,14,4.92,15.06,16,21.42,13.07,43.84,peripheral,standard,none,46.16
109,14,0,0,8.3,40.83,0.53,22.88,15,0,5.32,53.07,residential,standard,none,52.61
110,15,1,0,7.39,46.47,0,14.64,19,17.35,6.19,94.14,central,standard,none,39.66
110,16,1,0,9.45,36,0,22.66,13,29.74,8.53,40.86,peripheral,standard,vehicle,96.67
110,17,1,0,6.66,79.29,1.29,16.92,12,11.62,11.72,46.43,residential,standard,none,47.41
110,18,1,0,3.12,86.53,7.74,21.72,8,26.12,20.19,95.52,central,standard,none,53.97
110,7,1,0,6.47,33.94,0,12.06,12,7.63,12.25,53.98,residential,standard,none,38.32
110,8,1,0,4.37,69.48,0,14.55,16,0,15.84,81.05,central,standard,none,50.02
110,9,1,0,5.96,61.79,3.21,23.01,10,20.52,22.9,54.41,residential,standard,none,50.4
110,10,1,0,8.12,22.98,5.76,8.62,15,7.25,0,27.51,peripheral,standard,none,30.79
110,11,1,0,4.76,24.78,4.44,15.22,15,18.94,11.9,12.8,peripheral,standard,none,40.48
110,12,1,0,12.54,54.79,0,14.39,9,37.73,10.67,70.65,central,bulky,none,66.01
110,13,1,0,14.48,36.54,0,18.25,13,25.1,0,88.75,central,standard,none,40.29
110,14,1,0,8.5,21.11,0,16.64,3,32.82,10.5,9.2,peripheral,bulky,none,36.81
110,15,1,0,14.79,31.47,0,18.93,13,9.72,11.24,60.64,residential,standard,none,49.45
110,16,1,0,3.05,46.59,1.24,17.1,15,25.93,13.72,98.19,central,express,none,33.43
110,17,1,0,25.98,72.58,0,11.61,12,17.28,20.04,62.73,residential,bulky,none,111.11
110,18,1,0,10.1,58.68,1.74,18.06,11,2.63,23.98,41.19,peripheral,standard,none,60.23
110,7,1,0,8.32,31.8,2.89,12.77,13,4.01,7.04,48.08,residential,standard,none,42.85
110,8,1,0,12.5,86.37,6.53,19,10,21.78,17.65,66.09,residential,standard,none,70.53
110,9,1,0,4.14,62.49,0,13.53,13,8.23,10.25,70.98,residential,standard,none,47.1
110,10,1,0,10.05,28.3,6.72,19.16,6,31.25,17.53,23.66,peripheral,bulky,none,54
110,11,1,0,14.07,32.68,0.12,11.54,14,20.16,0,21.25,peripheral,standard,none,46.98
110,12,1,0,0.5,47.12,0,18.16,12,24.66,11.36,91.22,central,standard,none,30.05
110,13,1,0,10.83,30.77,7.43,14.7,17,24.25,0,63.66,residential,express,none,31.03
110,14,1,0,5.63,29.06,8.94,21.51,11,16.04,12.38,59.82,residential,standard,none,39.43
110,15,1,0,0.5,30.68,1.22,21.1,1,18.52,0,47.66,residential,bulky,none,20.48
110,16,1,0,4.53,35.29,2.22,15.02,14,14.16,6.01,100,central,standard,none,34.43
110,17,1,0,11.42,66.97,0,17.13,6,22.17,16.04,42.11,peripheral,bulky,none,66.57
110,18,1,0,13.1,81.39,9.18,15.47,7,0,8.47,72.09,central,standard,none,60.42
110,7,1,0,11.53,51.6,2.22,15.58,14,15.72,10.27,92.73,central,standard,none,52.33
110,8,1,0,0.5,60.77,5.81,12.11,6,33.06,4.69,30.82,peripheral,bulky,none,23.66
110,9,1,0,10.07,81.56,3.68,13,12,13.66,16.64,47.68,residential,standard,none,59.19
110,10,1,0,8.66,22.88,0.49,18.95,20,9.34,17.86,65.73,residential,standard,none,55.57
110,11,1,0,11.99,34.58,6.42,22.55,14,2.48,0,76.66,residential,express,none,32.85
110,12,1,0,1.17,46.19,0,19.87,16,9.02,0,83.25,central,standard,none,24.35
110,13,1,0,7.98,38.06,1.42,14.06,4,16.34,12.23,64.23,residential,bulky,none,49.56
110,14,1,0,6.75,54.14,1.97,11.08,15,30.99,0,95.41,central,standard,none,29.7
110,15,1,0,2.66,31.15,1.55,15.79,16,8.22,10.29,26.72,peripheral,standard,none,32.88
110,16,1,0,6.82,20.91,0,13.28,19,34.66,0,7.17,peripheral,express,none,21.68
110,17,1,0,6.36,51.78,1.99,19.19,1,32.59,22.78,39.07,peripheral,bulky,none,59.92
110,18,1,0,8.99,72.01,6.72,18.57,4,17.84,8.97,39.63,peripheral,bulky,none,49.59
111,7,1,0,7.3,32.18,10.22,14.73,10,4.3,8.39,21.78,peripheral,standard,none,35.31
111,8,1,0,3.46,61.77,2.29,16.45,14,9.69,28.68,100,central,express,none,55.25
111,9,1,0,12.68,60.65,7.24,15.42,14,2.91,19.57,37.7,peripheral,standard,none,73.62
111,10,1,0,6.93,41.81,0,14.81,16,0,5.36,60.16,residential,standard,none,49.16
111,11,1,0,26.46,20.03,4.52,20.02,15,47.7,8.4,45.94,residential,standard,none,68.17
111,12,1,0,14.42,32.04,0,16.62,15,24.16,19.86,56.61,residential,standard,none,62.47
111,13,1,0,8.37,32.11,0,20.3,13,0,0,32.63,residential,standard,none,37.52
111,14,1,0,15.92,32.06,0,17.73,12,14.41,4.78,53.68,residential,standard,none,44.18
111,15,1,0,2.01,32.26,0,20.47,12,20.78,23.34,33.41,peripheral,express,none,32.73
111,16,1,0,3.92,25.93,3.45,10.84,12,42.37,6.13,57.85,residential,standard,none,30.68
111,17,1,0,12.97,76.79,0,18.86,19,11.2,16.86,100,central,standard,none,73.91
111,18,1,0,6.84,63,1.46,19.85,13,20.87,16.13,32.37,peripheral,standard,none,52.29
111,7,1,0,13.75,40,1.56,16.17,19,25,11.01,68.23,residential,express,none,45.35
111,8,1,0,1.73,79.21,2.89,18.77,12,20.13,12.81,63.47,central,express,none,28.37
111,9,1,0,13.99,71.47,2.92,21.04,12,13.68,16.9,36.49,peripheral,standard,none,73.26
111,10,1,0,7.27,40.35,0,14.73,6,8.98,0,35.31,residential,bulky,none,33.72
111,11,1,0,11.01,48.96,6.83,19.32,14,30.53,0.69,77.93,central,standard,none,46.86
111,12,1,0,12.97,38.61,7.74,23.11,8,32.76,0,55.86,residential,bulky,none,54.66
111,13,1,0,3.43,14.76,1,19.84,15,0,7.26,21.6,peripheral,standard,none,39.82
111,14,1,0,4.96,63.73,7.96,15.13,19,17.65,11.62,73.34,residential,express,none,35.39
111,15,1,0,5.4,26.46,4.19,16.97,4,8.09,7.3,38,residential,bulky,none,45.16
111,16,1,0,6.61,58.61,9.75,20.7,20,34.41,5.15,51.64,residential,standard,none,51.09
111,17,1,0,10.91,64.35,1.26,25.16,16,34.08,22.11,18.99,peripheral,standard,roadwork,91.01
111,18,1,0,0.91,67.99,0,21.88,11,8.74,24.04,94.02,central,standard,none,49.24
111,7,1,0,11.17,13.78,0,13.31,16,10.83,10.88,47.58,peripheral,standard,none,44.04
111,8,1,0,7.77,81.23,0,19.98,13,21.96,14.15,54.36,residential,standard,none,48.23
111,9,1,0,13.01,81.97,0,12.89,10,18.53,6.48,79.49,central,standard,none,60.22
111,10,1,0,16.54,36.36,0,16.4,15,26.76,0,58.26,residential,express,none,44.25
111,11,1,0,13.56,37.2,0,17.05,9,8.18,12.51,86,central,standard,none,54.4
111,12,1,0,11.1,11.29,9.05,14.8,15,38.68,6.43,21.5,peripheral,bulky,none,53.84
111,13,1,0,7.24,28.11,6.46,18.99,19,0,3.98,22.27,peripheral,express,none,35.94
111,14,1,0,12.77,25.45,2.64,20.08,15,28.58,10.6,34.04,peripheral,express,none,39.35
111,15,1,0,11.76,44.18,0,14.53,18,14.33,0,80.34,central,express,none,35.89
111,16,1,0,0.5,24.48,3.25,16.45,13,0.21,12.44,73,central,standard,none,39.81
111,17,1,0,6,60.05,5.65,15.89,13,17.55,4.18,54.87,residential,standard,none,38.81
111,18,1,0,6.25,76.17,2.4,15.2,10,16.96,8.44,54.81,residential,standard,none,50.32
111,7,1,0,6.88,36.82,0,18.37,13,15.58,12.11,42.04,residential,express,none,32.74
111,8,1,0,6.15,70.87,0.19,14.47,16,6.68,23.49,100,central,express,none,55.01
111,9,1,0,2.45,56.26,0,13.3,16,7.19,23.09,23.38,peripheral,standard,none,47.7
111,10,1,0,10.43,34.92,2.7,13.74,7,16.36,7.62,85.92,central,express,none,33.55
112,11,0,0,7.02,37.22,0,14.16,12,15.74,4.54,9.57,peripheral,express,none,25.25
112,12,0,0,2.74,31.59,4.07,15.96,17,11.96,5.57,26.12,peripheral,standard,none,29.25
112,13,0,0,13.03,32.84,0,19.7,15,21.47,0.46,87.4,central,standard,none,42.31
112,14,0,0,1.33,42.79,7.56,23.48,7,12.96,8.76,61.74,residential,express,none,22.5
112,15,0,0,11.18,39.47,0,21.48,10,36.16,6.23,35.54,peripheral,bulky,none,54.12
112,16,0,0,6.49,49.38,0.77,15.99,6,26.71,0,74.64,central,express,none,19.23
112,17,0,0,31.98,80.01,0,15.18,17,0,19.41,100,central,express,none,120.55
112,18,0,0,6.59,66.9,2.13,14.09,14,0,15.83,77.93,residential,standard,none,49
112,7,0,0,30.14,60.65,0,22.04,12,0,0,90.62,central,standard,none,87.26
112,8,0,0,9.23,98,3.56,24.05,12,0,19.72,55.95,central,standard,none,68.2
112,9,0,0,5.11,85.7,8.79,19.22,9,11.05,18.26,68.81,central,bulky,none,55.68
112,10,0,0,14.49,43.38,5.02,16.9,13,0,6.27,68.96,residential,standard,none,53.59
112,11,0,0,8.04,42.43,0,19.14,12,35.82,13.79,66.02,residential,express,none,41.68
112,12,0,0,13.8,43.43,0.85,19.17,22,11.82,14.4,98.97,central,express,none,58.52
112,13,0,0,12.41,57.5,0,18.08,11,19.8,3.43,100,central,standard,none,61.39
112,14,0,0,8.54,40.31,0.54,16.03,11,29.37,18.06,68.65,residential,standard,none,49.05
112,15,0,0,11.33,28.14,0,21.52,10,26.36,0,35.29,peripheral,standard,none,29.14
112,16,0,0,12.47,31.08,3.04,13.99,8,22.81,8.18,26.27,peripheral,bulky,none,55.19
112,17,0,0,7.22,78.36,0,19.23,15,7.41,29.3,93.71,central,standard,none,71.72
112,18,0,0,3.34,58.82,0,17.91,8,29.11,26.36,64.45,central,express,none,42.56
112,7,0,0,13.56,39.17,11.81,12.43,15,31.77,14.54,18.31,peripheral,standard,none,64.91
112,8,0,0,32.69,69.4,4.59,20.87,1,31.71,22.52,65.69,residential,bulky,none,124.59
112,9,0,0,8.12,77.15,0,17.41,1,6.69,15.44,31.84,peripheral,standard,none,55.98
112,10,0,0,9.15,51.95,8.79,16.89,15,12.27,9.83,49.26,residential,standard,none,52.98
112,11,0,0,22.68,45.42,9.18,16.58,13,19.12,16.23,57.81,residential,standard,none,90.36
112,12,0,0,9.43,50.32,0,15.33,14,45.23,3.15,80.22,central,standard,none,46.43
112,13,0,0,20.86,35.48,8.22,19.3,14,24.38,5.98,36.05,residential,standard,none,61.32
112,14,0,0,9.23,35.42,0,17.71,15,9.6,8.82,52.42,residential,standard,none,50.98
112,15,0,0,5.44,46.68,10.64,15.81,8,6.05,23.32,41.89,residential,express,none,41.75
112,16,0,0,4.96,58.22,3.58,18.61,12,0,11.99,92.61,central,standard,none,41.52
112,17,0,0,6.36,75.54,6,16.87,24,17.68,13.19,77.31,residential,standard,none,54.94
112,18,0,0,1.78,66.29,5.36,19.65,22,29.9,12.11,76.07,residential,standard,none,37.26
112,7,0,0,15.11,44.96,0,20.96,8,12.22,0,54.13,residential,standard,none,50.6
112,8,0,0,13.01,69.28,4.23,10.46,15,12.38,22.27,73.3,residential,standard,none,78.1
112,9,0,0,9.56,83.81,12.22,21.02,18,0,14.78,78.18,residential,standard,none,68.94
112,10,0,0,0.65,51.11,1.03,16.12,18,5.6,1.44,97.65,central,standard,none,28.65
112,11,0,0,20.16,45.3,0.28,14.41,15,32.13,11.88,100,central,standard,none,71.92
112,12,0,0,9.9,56.86,7.1,22.12,3,12.59,0,82.78,central,bulky,none,47.51
112,13,0,0,8.81,41.53,7.62,20.49,17,14.8,7.68,64.01,residential,standard,none,45.05
112,14,0,0,8.28,29.46,6.69,12.93,12,26.77,8.81,38.04,peripheral,standard,none,38.16
113,15,0,0,13.6,68.68,0,20.21,6,17.02,4.43,100,central,bulky,none,60.2
113,16,0,0,6.09,12.84,0,15.62,5,20.66,8.86,16.64,peripheral,standard,none,26.06
113,17,0,0,6.26,90.91,7.31,21.24,16,12.4,11.8,64.52,residential,express,none,57.06
113,18,0,0,10.64,76.72,0,16.29,15,26.68,17.03,56.69,residential,express,none,60.61
113,7,0,0,12.84,35.96,4.89,20.15,17,26.29,1.86,97.19,central,express,none,42.06
113,8,0,0,5.24,78.06,5.34,23.15,20,0,10.37,25.89,peripheral,standard,none,58.95
113,9,0,0,11.77,80.51,0,16.56,18,3.13,21.19,74.08,residential,standard,none,68.98
113,10,0,0,6.71,35.34,0,18.35,7,31.64,0,37.36,peripheral,bulky,none,35.51
113,11,0,0,14.31,41.79,1.2,15.36,14,7.83,11.58,36.5,residential,standard,none,49.01
113,12,0,0,19.7,32.33,3.73,16.47,15,0,5.2,34.01,residential,standard,none,63.25
113,13,0,0,24.44,58.48,0,20.92,17,0.65,0,93.76,central,standard,none,80.57
113,14,0,0,3.29,39.5,9.61,19.44,25,13.61,12.39,37.67,residential,express,none,32.98
113,15,0,0,16.83,46.67,2.8,20.24,15,10.85,2.32,5,peripheral,standard,customer_absent,60.04
113,16,0,0,10.41,51.11,16.03,15.28,10,0,0,88.75,central,express,none,34.43
113,17,0,0,6.13,85.76,0,19.53,10,21.44,23.48,55.56,residential,standard,none,55.32
113,18,0,0,17.06,85.14,3.55,11.51,9,30.21,0,87.96,central,standard,none,66.84
113,7,0,0,5.65,46.39,6.39,23.27,24,34.23,0,54.81,residential,standard,none,34.75
113,8,0,0,7.81,84.03,0.19,15.15,8,15.39,28.99,75.74,residential,standard,none,66.96
113,9,0,0,7.04,72.09,0,14.56,19,16.9,16.81,48.02,peripheral,standard,none,48.9
113,10,0,0,9.54,45.77,2.6,18.95,9,23.13,0,63.37,residential,express,none,26.45
113,11,0,0,9.31,30.4,13.92,18.23,14,36.94,3.06,51.1,residential,standard,none,40.96
113,12,0,0,7.25,42.53,0,20.55,17,4.98,0,100,central,standard,none,28.45
113,13,0,0,2.19,46.65,1.42,19.67,17,33.15,0,74.05,central,standard,none,20.4
113,14,0,0,5.12,44.54,0,24.94,15,21.85,5.2,67.57,residential,standard,none,34.06
113,15,0,0,3.2,51.24,8.65,16.34,12,15.26,12.09,88.88,central,standard,none,45.46
113,16,0,0,5,8,3.58,18.95,16,0,8.05,24.55,peripheral,standard,none,34.08
113,17,0,0,5.09,67.15,0,22.08,3,0,20.59,52.98,residential,bulky,none,56.25
113,18,0,0,1.42,98,5.09,13.45,5,0,16.72,81.73,central,bulky,none,44.46
113,7,0,0,8.21,58.29,4.28,21.63,15,5.08,4.47,91.76,central,standard,none,39.39
113,8,0,0,9.5,86.9,1.31,13.54,6,31.45,16.44,99.9,central,standard,vehicle,84.69
113,9,0,0,4.19,98,9.25,10.65,13,33.27,14.23,93.52,central,standard,none,43.59
113,10,0,0,9.24,49.67,3.49,13.19,6,10.1,0,83.72,central,bulky,none,45.14
113,11,0,0,4.32,43.83,0,20.17,13,41.48,9.96,58.73,residential,bulky,none,40.61
113,12,0,0,11.85,40.68,4.14,14.74,15,8.13,22.21,28.72,peripheral,standard,none,60
113,13,0,0,9.62,30.94,2.35,23.42,10,6.24,8.75,26.66,peripheral,express,none,26.98
113,14,0,0,5.13,44.08,4.98,19.47,6,28.46,4.91,56.74,residential,bulky,none,41.64
113,15,0,0,2.27,47.29,0,19.74,11,12.97,13.34,19.58,peripheral,standard,none,29.28
113,16,0,0,12.72,43.72,8.06,14.5,2,36.78,12,99.83,central,bulky,none,54.5
113,17,0,0,6.8,74.75,2.81,20.71,10,50.78,13.55,49.02,residential,standard,none,44.98
113,18,0,0,14.97,76.27,0,22.63,14,24.86,21.29,63.79,residential,express,none,69.69
114,7,0,0,11.54,33.64,0.66,15.19,9,54.83,9.26,60.2,residential,standard,none,39.09
114,8,0,0,10.01,69.44,2.19,16.43,16,21.07,19.14,62.58,residential,express,none,65.37
114,9,0,0,13.64,95.76,0,16.39,14,34.02,13.2,100,central,standard,none,74.73
114,10,0,0,3.57,47.37,9.41,19.13,13,0,0,36.89,residential,express,none,30.31
114,11,0,0,11.4,15.45,11.23,15.54,7,14.66,8.29,24.28,peripheral,standard,none,37.68
114,12,0,0,5.32,30.72,3.8,19.12,1,26.68,10.75,22.99,peripheral,bulky,none,47
114,13,0,0,5.3,31.6,3.56,8.26,10,17.51,6.27,9.09,peripheral,standard,none,33.82
114,14,0,0,8.18,40.06,2.33,13.01,15,12.59,17,86.8,residential,standard,roadwork,70.95
114,15,0,0,3.18,29.23,5.9,19.53,4,26.26,4.53,32.74,peripheral,bulky,none,27.12
114,16,0,0,12.06,31.41,6.04,13.07,15,18.53,20.64,69.67,residential,standard,none,59.09
114,17,0,0,8.77,91,0,13.68,17,9.83,8.34,73.68,central,standard,none,61.6
114,18,0,0,11.36,68.6,8.65,19.57,25,0.27,14.95,5,peripheral,standard,none,63.14
114,7,0,0,8.68,56.8,2.78,15.8,19,11.77,6.59,92.68,central,standard,none,50
114,8,0,0,3.24,49.26,5.67,18.81,12,18.23,21.91,33.55,peripheral,standard,vehicle,91.8
114,9,0,0,8.74,90.1,2.03,17.93,15,20.08,9.81,51.69,residential,standard,none,47.6
114,10,0,0,5.02,45.85,0,17.72,14,28.96,0.36,91.86,central,standard,none,25.83
114,11,0,0,5.53,60.37,4.29,23.43,8,43.44,0,83.75,residential,standard,none,20.06
114,12,0,0,4.91,26.83,0,13.28,9,19.06,9.69,26.74,peripheral,standard,none,33.79
114,13,0,0,16,68.47,0,16.28,18,26.86,0,84.07,central,standard,none,62.42
114,14,0,0,15.44,26.47,5.53,16.47,6,14.39,17.28,5.51,peripheral,standard,none,58.49
114,15,0,0,7.3,35.81,3.59,23.5,6,25.93,11.05,62.2,residential,standard,none,39.2
114,16,0,0,9.74,61.24,4.19,14.99,12,17.03,0.45,100,central,express,none,39.66
114,17,0,0,1.97,76.92,0,23.76,18,37.57,15.71,94.49,central,standard,none,36.8
114,18,0,0,9.74,95.69,6.74,15.23,14,15.75,23.27,95.67,central,express,none,60.62
114,7,0,0,17.08,28.31,5.98,19.26,7,12.72,4.82,62.76,central,bulky,none,65.86
114,8,0,0,11.08,77.46,10.05,25.98,14,28.94,26.69,31.47,residential,standard,none,81.07
114,9,0,0,2.8,94.84,9.8,16.61,14,37.72,22.87,48.22,central,express,none,47.71
114,10,0,0,6.42,35.75,3.96,25.45,12,39.91,12.02,64.21,residential,express,none,39.39
114,11,0,0,31.21,30.58,0.34,16.23,2,12.36,3.48,27.94,peripheral,bulky,none,84.27
114,12,0,0,11.28,54.33,11.63,21.79,1,6.78,3.27,82.13,residential,bulky,none,54.27
114,13,0,0,7.1,42.71,0,12.56,15,25.41,18.94,54.57,residential,standard,none,51.76
114,14,0,0,8,37.81,0,19.95,13,32.45,9.98,19.78,peripheral,standard,none,42.13
114,15,0,0,17.92,32.7,5.9,14.6,6,48.83,18.84,25.93,peripheral,standard,none,65.88
114,16,0,0,20.07,33.61,3.72,9.36,7,15.74,8.05,54.27,peripheral,express,none,59.53
114,17,0,0,9.14,83.07,3.56,12.07,14,0,14.79,65.74,residential,express,none,57.57
114,18,0,0,14.11,83.7,2.87,15.53,17,34.79,17.13,44.19,residential,standard,none,65
114,7,0,0,7.37,24.54,6.47,21.69,15,18.62,9.3,21.58,peripheral,express,none,32.06
114,8,0,0,10.78,65.65,5.69,17.04,19,1.2,22.35,24.09,peripheral,express,none,62.7
114,9,0,0,9.48,67.63,0,12.3,17,31.99,14.46,49.27,residential,standard,none,53.19
114,10,0,0,11.68,37.81,0,21.57,17,24.75,12.56,71.7,residential,standard,none,57.07
115,11,0,0,8.36,47.81,0,20.26,19,12.72,12.25,95.91,central,standard,none,54.19
115,12,0,0,0.5,50.09,5,19.55,10,22.58,0.59,83.07,central,standard,none,19.88
115,13,0,0,11.21,35.9,3.59,19.88,15,18.17,10.34,54.63,residential,standard,none,38.56
115,14,0,0,3.55,27.05,0,13.21,18,15.64,0,46.22,residential,express,none,22.7
115,15,0,0,8.52,34.64,4.28,15.98,15,4.75,4.95,87.32,central,express,none,40.5
115,16,0,0,13.16,65.02,10.06,14.06,12,0,9.05,81.01,central,standard,none,66.89
115,17,0,0,9.41,98,6.29,20.6,19,18.04,3.58,100,central,standard,none,56.07
115,18,0,0,16.29,54.8,0,14.09,14,16.64,11.49,39.35,peripheral,standard,none,57.56
115,7,0,0,14.92,45.46,2.84,22.19,1,17.47,5.28,74.31,residential,bulky,none,51.27
115,8,0,0,6.94,78.56,8.34,16.11,11,15.76,14.23,88.15,central,standard,none,50.7
115,9,0,0,7.8,74.69,9.19,13.59,13,35.61,1.98,68.76,residential,standard,none,47.14
115,10,0,0,0.5,40.23,0.77,16.82,12,33.03,0,31.48,residential,express,none,10.37
115,11,0,0,0.5,32.78,7.44,20.77,16,21.48,16.5,69.34,residential,standard,none,40.09
115,12,0,0,2.46,45.56,0,13.33,17,14.43,6.17,57.88,residential,express,none,25.69
115,13,0,0,6.19,38.05,0.51,18.87,6,14.72,5.19,28.87,peripheral,bulky,none,38.39
115,14,0,0,5.94,46.28,6.23,17.41,19,21.14,0,57.4,residential,standard,none,33.25
115,15,0,0,5.77,22.44,4.85,21.61,7,0,11.19,41.99,peripheral,bulky,customer_absent,54.38
115,16,0,0,0.73,42.85,3.55,21.58,9,38.23,0,5,peripheral,standard,none,18.39
115,17,0,0,3.5,58.78,6.04,16.41,11,14.89,11.64,56.88,residential,express,none,30.75
115,18,0,0,37.09,87.69,3.6,21.55,12,3.8,25.84,34.76,residential,express,none,133.26
115,7,0,0,7.61,63.66,2.07,20.15,4,38.15,10.9,77.22,central,bulky,none,50.07
115,8,0,0,13.66,87.51,9.5,19.04,14,0,1.52,71.84,residential,standard,roadwork,87.31
115,9,0,0,15.7,79.09,1.4,22.22,12,0,23.03,100,central,standard,none,86.26
115,10,0,0,19,40.68,6.89,29.29,14,17.02,9.94,42.99,residential,standard,none,56.31
115,11,0,0,5.66,32.46,3.61,20.97,14,3.51,3.47,32.25,peripheral,express,none,27.87
115,12,0,0,6.81,29.5,4.59,21.94,14,6.93,6.62,39.61,peripheral,standard,none,39.41
115,13,0,0,9.98,45.86,8.38,23.59,14,0.42,11.67,70.26,residential,standard,none,50.61
115,14,0,0,9.09,71.71,0,15.38,11,16.93,26.66,95.92,central,standard,none,60.41
115,15,0,0,4.68,8,5.23,17.97,22,0,2.3,18.71,peripheral,standard,none,37.45
115,16,0,0,32.18,55.33,10.28,15.34,16,33.98,2.49,91.3,residential,standard,none,93.41
115,17,0,0,12.05,73.39,8.13,20.44,10,24.47,25.11,37.23,residential,standard,none,73.95
115,18,0,0,11.43,81.19,0.84,27.55,22,14.31,21.56,20.63,residential,express,none,70.36
115,7,0,0,10.28,52.53,2.33,16.97,14,32.9,10.38,65.45,residential,standard,none,46.87
115,8,0,0,2.9,67.05,5.44,23.16,14,24.08,22.39,27.15,peripheral,standard,none,47.25
115,9,0,0,9.68,66.95,0,13,10,28.69,12.17,7.63,peripheral,standard,none,46.39
115,10,0,0,3.37,39.9,2.47,20.88,13,19.18,0,58.05,residential,standard,none,23.21
115,11,0,0,10.73,39.07,0,18.61,20,8.2,5.64,38.14,peripheral,express,none,43.18
115,12,0,0,18.64,47.22,1.24,14.55,14,18.17,8.59,62.08,residential,standard,none,61.23
115,13,0,0,23.91,37.35,0,13.97,13,23.46,9.28,7.08,peripheral,standard,none,71.52
115,14,0,0,6.5,40.02,5.33,17.99,14,16.04,9.35,74.26,residential,express,none,40.13
116,15,0,0,9.85,42.08,1.31,17.63,20,19.8,0,53.74,residential,standard,none,32.31
116,16,0,0,7.81,25.31,0.81,16.03,19,34.89,3.12,15.89,peripheral,express,none,18.52
116,17,0,0,6.96,71.09,1.88,16.39,22,15.38,19.3,47.17,peripheral,standard,none,64.63
116,18,0,0,9.32,81.75,4.35,17.47,18,26.93,20.86,41.78,residential,express,none,57.74
116,7,0,0,28.8,53.16,8.36,19.05,14,0.67,0,9.11,peripheral,standard,roadwork,96.83
116,8,0,0,4.95,70.87,6.74,12.82,11,15.24,11.3,77.49,central,express,none,35.22
116,9,0,0,2.02,74.4,0,11.87,16,24.15,10.05,44.16,residential,standard,none,41.31
116,10,0,0,7.44,58.14,5.4,23.99,11,26.46,9.36,68.48,central,standard,none,51.11
116,11,0,0,11.4,50.92,6.36,14.1,12,6.41,6.49,37.03,residential,express,none,37.47
116,12,0,0,0.5,24.38,0.62,18.17,15,37.89,5.85,38.15,peripheral,express,none,19.94
116,13,0,0,7.5,15.21,8.08,20.5,12,26.11,6.56,24.4,peripheral,standard,none,39.46
116,14,0,0,13.41,43.46,0,21.83,6,10.22,4.93,37.96,peripheral,bulky,none,51.13
116,15,0,0,10.71,45.56,9.23,14.43,16,27.75,11.23,89.85,central,express,none,43.31
116,16,0,0,10.23,28.46,2.94,12.91,8,14.09,4.07,46.58,residential,standard,none,34.81
116,17,0,0,16.8,69.42,0,19.6,8,19.58,23.45,92.19,central,standard,none,84.28
116,18,0,0,8,92.61,0,18.86,15,0,11.1,100,central,standard,none,60.69
116,7,0,0,0.5,64.19,0,20.25,20,8.42,4.41,74.11,central,standard,none,34.24
116,8,0,0,6.28,69.11,0,17.84,13,13.33,22.38,70.75,residential,standard,none,49.96
116,9,0,0,12.86,70.85,4.69,12.5,19,37.61,18.77,15.2,peripheral,standard,none,65.16
116,10,0,0,9.07,56.78,11.55,18.71,16,36.13,9.76,88.36,central,standard,none,45.33
116,11,0,0,10.07,39.5,6.14,17.59,14,11.16,1.86,71.47,residential,standard,none,42.91
116,12,0,0,8.91,32.36,3.62,16.34,22,21.96,4.95,48.4,residential,express,none,34.82
116,13,0,0,2.2,41.9,6.31,20.03,17,5.99,7.44,12.06,peripheral,standard,none,28.17
116,14,0,0,16.02,27.14,4.16,20.47,12,22.21,8.31,48.4,residential,express,none,49.02
116,15,0,0,11.13,28.56,4.39,18.24,5,27.51,11.97,62.61,residential,bulky,none,55.63
116,16,0,0,17.8,19.05,0,10.18,7,2.66,0,25.45,peripheral,standard,none,42.34
116,17,0,0,12.72,70.8,0,17.96,12,13.02,14.33,67.64,residential,standard,none,60.03
116,18,0,0,9.81,76.83,3.1,16.45,18,39.26,10.34,99.89,central,standard,none,59.47
116,7,0,0,1.65,36.41,7.89,19.57,11,8.31,2.3,5,peripheral,standard,none,17.84
116,8,0,0,14.74,70.74,0,16.35,14,13.84,16.42,45.68,residential,standard,none,77.83
116,9,0,0,8.23,61.61,7.95,19.47,8,2,10.53,59.44,residential,express,none,48.32
116,10,0,0,12.31,55.19,11.44,19.75,9,19.72,0,78.66,central,standard,none,36.85
116,11,0,0,18.16,45.91,0,18.37,13,20.06,3.31,73.5,residential,standard,none,60.01
116,12,0,0,14.54,51.09,0,23.47,14,24.7,7.42,95.66,central,standard,none,62.08
116,13,0,0,11.4,37.08,0,21.07,19,27.43,0,41.84,peripheral,express,none,36.89
116,14,0,0,8.99,11.5,12.89,22.89,14,2.83,4.84,16.75,peripheral,standard,none,32.34
116,15,0,0,9.18,31.42,0,18.35,1,38.81,14.75,44.54,residential,bulky,none,50.93
116,16,0,0,14.33,25.81,9.94,22.59,17,36.32,0,17.19,peripheral,standard,none,39.26
116,17,0,0,5.55,70.69,0,23.17,15,16.36,14.24,71.65,central,standard,none,42.64
116,18,0,0,13.52,71.26,8.88,20.57,19,32.26,10.61,61.51,residential,express,none,64.99
117,7,1,0,6.63,13.41,0,9.33,2,3.12,12.18,28.01,peripheral,bulky,none,33.45
117,8,1,0,9.77,78.72,5.75,21.25,5,34.57,16.22,64.71,residential,standard,none,48.56
117,9,1,0,8.53,49.61,11.04,18.88,17,26.65,12.66,20.27,peripheral,express,none,52.84
117,10,1,0,11.58,60.17,0,15.95,9,38.3,1.57,88.57,central,express,none,34.38
117,11,1,0,11.07,31.92,4.35,16.43,12,22.05,2.34,54.92,residential,standard,none,31.78
117,12,1,0,9.56,19.8,9.01,13.42,21,32.66,8.62,62.47,residential,standard,none,40.85
117,13,1,0,13.58,38.48,0,17,8,17.42,5.56,94.12,central,standard,none,48.36
117,14,1,0,9.41,24.91,4.27,17.65,15,29.61,9.32,52.1,residential,standard,none,45.97
117,15,1,0,15.05,31.77,3.1,25.89,8,29.71,0,22.39,peripheral,standard,none,33.22
117,16,1,0,15.66,56.04,1.77,18.02,15,16.14,19.49,78.16,central,standard,none,77.29
117,17,1,0,8.48,87.32,0,16.67,8,11.81,21.84,85.64,central,express,none,50.8
117,18,1,0,0.5,68.06,0,20.73,10,30.96,22.04,68.73,residential,bulky,none,56.73
117,7,1,0,22.08,36.86,9.06,22.38,19,19.76,3.89,100,central,standard,none,73.1
117,8,1,0,7.47,76.77,2.65,20.23,11,9.78,26.28,74.21,residential,standard,customer_absent,63.19
117,9,1,0,4.45,69.12,5.74,20.8,8,28.9,11.66,51.67,residential,express,none,26.53
117,10,1,0,2.66,13.98,0,12.34,1,12.22,6.55,40.33,peripheral,bulky,none,33.82
117,11,1,0,7.18,42.46,0,24.29,17,30.53,0,30.29,peripheral,standard,none,32.28
117,12,1,0,8.38,55.39,3.02,22.97,3,23.54,5.49,94.36,central,bulky,none,47.01
117,13,1,0,10.36,54.56,0,22.48,14,0,0.38,99.27,central,express,none,43.94
117,14,1,0,5.98,40.71,0,20.6,23,30.54,0,100,central,standard,none,35.05
117,15,1,0,11.72,48.44,4.91,15.1,11,19.91,5.72,100,central,standard,none,40.25
117,16,1,0,7.24,47.87,20.15,19.29,10,14.29,4.88,53.78,central,bulky,none,48.36
117,17,1,0,2.11,60.12,0.91,22.29,18,38.7,12.36,33.34,peripheral,standard,none,31.67
117,18,1,0,11.53,65.6,4.31,17.98,13,8.67,16.53,26.04,peripheral,standard,none,52.86
117,7,1,0,4.28,53.97,10.19,15.84,17,28.28,6.8,90.23,central,standard,none,46.14
117,8,1,0,1.32,69.74,2.88,15.41,13,0,13.67,77.76,residential,standard,none,44.92
117,9,1,0,8.81,67.72,5.03,14.85,13,26.13,18.05,15.52,peripheral,express,none,48.1
117,10,1,0,5.45,32.5,0,21.73,2,34.61,14.77,92.74,central,bulky,none,50.52
117,11,1,0,14.51,54.69,5.3,22.84,11,13.65,12.12,75.4,central,express,none,58.49
117,12,1,0,1.87,34.04,0,22.87,14,13.15,4.74,79.26,residential,standard,none,29.19
117,13,1,0,0.5,15.36,13.33,20.47,19,41.25,9.28,5,peripheral,standard,none,25.08
117,14,1,0,10.58,26.54,8.04,18.73,13,13.63,0.98,54.35,residential,standard,none,37.95
117,15,1,0,4.87,38.89,0,20.74,10,35.9,16.57,95.09,central,bulky,none,38.07
117,16,1,0,16.27,36.47,7.34,21.72,7,31.48,7.59,16.64,peripheral,standard,none,51.13
117,17,1,0,13.33,74.58,0.83,21.9,15,9.99,18.64,48.61,residential,express,none,64.04
117,18,1,0,13.74,54.31,0.27,13.81,14,1.31,14.16,52.02,peripheral,standard,none,58.83
117,7,1,0,0.5,38.63,0.83,23.24,7,30.3,0,37.88,residential,standard,none,22.57
117,8,1,0,5.06,62.84,11.17,15.19,11,2.61,7.03,59.92,residential,standard,none,40.43
117,9,1,0,5,86.04,4.52,14.49,18,0,9.38,91.14,central,standard,none,48.95
117,10,1,0,13.3,65.65,10.85,23.57,10,7.83,4.32,85.78,central,standard,none,51.35
118,11,1,0,10.25,49.1,0.65,20.33,18,25.21,0,100,central,standard,none,43.52
118,12,1,0,36.56,24.56,1.11,14.28,7,19.45,3.03,84.86,residential,bulky,none,83.46
118,13,1,0,6.66,27.95,13.68,20.34,10,0,5.32,33.4,peripheral,express,none,32.97
118,14,1,0,12.18,41.27,10.22,19.99,18,17.98,13.43,81.47,central,express,none,53.78
118,15,1,0,5.7,8,3.47,20.83,8,0,4.35,19.56,peripheral,express,none,18.22
118,16,1,0,15.16,40.25,0,19.74,17,39.22,12.77,100,central,standard,none,68.6
118,17,1,0,0.5,78.14,0,22.89,18,22.23,22.22,61.24,residential,standard,none,37.1
118,18,1,0,10.18,77.69,8.85,19.85,6,31.12,18.87,66.93,residential,bulky,none,68.4
118,7,1,0,6.29,37.52,3.48,21.84,18,36.47,1.59,20.53,peripheral,standard,none,39
118,8,1,0,3.46,59.43,8.1,16.19,12,10.95,19.38,11.76,peripheral,standard,none,53.62
118,9,1,0,6.6,70.33,9.43,21.09,14,4.25,12.65,97.17,central,standard,none,52.99
118,10,1,0,29.23,41.05,10.34,18.31,3,29.33,15.16,44.54,residential,bulky,none,95.61
118,11,1,0,12.03,41.69,3.2,19.22,14,5.2,0.91,60.03,central,standard,none,40.84
118,12,1,0,5.03,42.95,8.3,13.58,4,31.31,11.28,100,central,standard,none,41.79
118,13,1,0,11.23,24.49,2.79,23.22,12,20.31,0,83.22,residential,standard,none,45.57
118,14,1,0,9.27,28.32,3.88,19.69,17,8.38,10.5,28.01,peripheral,standard,none,52.6
118,15,1,0,11.8,25.85,0.6,21.34,15,35.11,18.68,30.47,peripheral,standard,none,64.18
118,16,1,0,10.17,36.77,6.38,23.78,20,9.06,9.29,73.64,residential,standard,none,53.22
118,17,1,0,14.88,70.06,0,15.45,10,8.07,20,55.12,residential,standard,none,73.48
118,18,1,0,40.29,66.02,0,15.37,13,30.86,3.26,59.94,residential,standard,none,115.77
118,7,1,0,13.27,13.79,0,17.47,18,0,6.26,5.39,peripheral,standard,none,46.09
118,8,1,0,11.81,57.02,0,17.42,15,9.97,21.88,56.44,residential,express,none,60.03
118,9,1,0,11.84,69.33,3.34,21.17,24,16.77,21.98,47.9,residential,express,none,65.79
118,10,1,0,2.07,49.35,3.72,20.61,8,8.23,9.11,65.86,residential,express,none,25.78
118,11,1,0,21.78,38.63,2.08,18.66,15,22.01,9.38,39.46,residential,standard,none,69.76
118,12,1,0,10.82,32.08,7.21,15.17,10,12.95,12.65,26.03,peripheral,express,none,47.21
118,13,1,0,8.06,10.2,1.97,22.96,17,0,5.95,12.18,peripheral,standard,none,33.77
118,14,1,0,1.46,25.5,7.96,15.49,14,24.04,13.43,10.56,peripheral,standard,none,33.29
118,15,1,0,9.76,30.43,2.08,13.47,15,39.6,0.14,44.3,peripheral,express,none,22.67
118,16,1,0,7.89,19.52,0,17.3,17,21.77,17.94,69.14,residential,standard,none,56.48
118,17,1,0,2.41,60.66,5.76,16.65,14,30.37,22.4,65.07,residential,standard,none,47.58
118,18,1,0,6.87,59.03,7.53,21.8,16,18.27,13.56,34.52,residential,standard,none,52.62
118,7,1,0,6.04,35.69,2.93,22.83,16,43.04,12.26,85.92,central,standard,vehicle,84.62
118,8,1,0,8.55,72.08,8.24,17.04,12,35.84,15.48,92.48,central,express,none,43.27
118,9,1,0,4.71,91.59,4.52,16.72,16,10.83,22.27,100,central,standard,none,63.29
118,10,1,0,0.94,63.56,1.15,18.62,14,11.65,3.84,69,central,express,none,10.13
118,11,1,0,6.94,11.73,10.6,23.43,7,4.69,3.17,36.13,peripheral,express,none,19.28
118,12,1,0,9.4,40.34,0.98,23.27,11,15.83,0,76.79,central,standard,none,37.6
118,13,1,0,13.12,22.26,5.49,17.8,13,40.71,12.37,56.9,residential,standard,none,56.31
118,14,1,0,11.48,48.75,2.74,18.88,15,25.74,4.28,86.85,central,standard,none,50.35
119,15,0,0,2.32,38.13,0,23.18,13,34.12,5.19,55.48,residential,express,none,18.3
119,16,0,0,17.33,8,1.2,18.7,9,37.51,3.66,30.33,peripheral,standard,none,49.77
119,17,0,0,13.13,73.14,0,20.74,14,15.21,22.09,41.07,residential,standard,none,80.97
119,18,0,0,17.3,82.77,5.89,17.54,12,23.33,17.5,23.06,residential,express,none,73.48
119,7,0,0,11.78,50.02,0,12.71,3,24.54,4.47,80.17,central,bulky,vehicle,114.32
119,8,0,0,29.38,79.86,1.84,22,13,49.91,13.27,93.41,central,express,none,111.85
119,9,0,0,7.14,80.22,0,15.7,10,19.06,16.37,100,central,standard,none,60.13
119,10,0,0,29.78,43.74,0,24.9,14,26.69,6.03,73.33,residential,standard,none,76.93
119,11,0,0,16.92,31.16,4.94,13.07,17,6.37,2.21,5,peripheral,express,none,42.78
119,12,0,0,11.21,52.81,7.17,18.82,9,35.71,9.85,72.05,central,express,none,44.87
119,13,0,0,20.69,32.96,3.46,26.93,17,20.09,2.56,26.51,peripheral,standard,none,62.68
119,14,0,0,7.02,53.7,0,16.27,12,10.98,11.75,25.76,residential,standard,none,37.45
119,15,0,0,15.11,38.2,8.15,16.97,19,18.58,0,87.03,central,standard,none,56.1
119,16,0,0,1.17,45.02,2.87,13.2,17,36.02,4.87,72.73,central,express,none,18.64
119,17,0,0,7.99,86.76,1.48,17.46,14,0,21.44,97.29,central,express,none,59.84
119,18,0,0,8.59,92.09,2.92,18.47,17,14.13,25.27,71.22,central,express,none,58.45
119,7,0,0,11.55,26.16,1.74,19.25,7,23.27,0,16.74,peripheral,bulky,none,46.95
119,8,0,0,13.54,61.51,0.28,19.36,11,23.71,22.47,62.39,residential,standard,customer_absent,87.77
119,9,0,0,16.85,67.68,0,21.36,16,6.1,22.33,85.81,residential,standard,none,83.07
119,10,0,0,13.69,40.31,0,13.32,18,30.11,3.48,28.31,residential,standard,none,46.26
119,11,0,0,2.29,20.66,1.56,16.81,13,22.57,9.8,26.78,peripheral,express,none,25.06
119,12,0,0,4.01,33.43,0.16,14.82,16,0,4.82,31.7,peripheral,standard,none,29.12
119,13,0,0,9.91,64.92,2.21,18.41,17,28.12,9.13,100,central,express,none,47.31
119,14,0,0,3.72,38.26,3.57,20.3,13,48.37,3.61,5,peripheral,standard,none,25.18
119,15,0,0,8.5,56.77,1.5,13.92,9,10.4,0,81.98,central,bulky,none,38.38
119,16,0,0,10.15,58,0,18.11,10,22.01,0,82.53,central,standard,none,43.82
119,17,0,0,17.3,69.5,0.6,23.16,13,21.46,16.82,63.97,residential,standard,none,76.65
119,18,0,0,10.43,57.39,4.78,25.74,20,14.7,27.67,100,central,standard,none,76.19
119,7,0,0,7.02,48.86,0,22.81,17,8.75,10.47,100,central,express,none,38.55
119,8,0,0,9.91,71.47,6.4,19.89,13,11.79,2.02,77.02,central,standard,none,48.86
119,9,0,0,7.83,62.3,0,15.37,15,3.59,3.5,60.21,residential,standard,none,40.77
119,10,0,0,14.92,50.56,2.27,16.24,15,12.75,5.91,81.68,central,standard,none,49.44
119,11,0,0,10.99,47.56,0,20.9,13,21.28,9.6,100,central,standard,none,49.06
119,12,0,0,10.29,43.31,0,14.78,15,13.03,12.14,71.67,central,standard,none,57.64
119,13,0,0,1.36,33.25,0,19.87,8,59.71,13.71,32.59,peripheral,standard,none,28.19
119,14,0,0,6.54,20.31,0.11,16.19,11,11.42,8.97,48.53,peripheral,standard,none,38.47
119,15,0,0,34.98,49.16,6.47,26.98,15,27.16,21.12,75.31,central,standard,customer_absent,119.74
119,16,0,0,7.43,19.5,5.02,19.16,7,14.22,16.14,25.04,peripheral,express,none,37.88
119,17,0,0,0.5,96.22,13.2,17.64,11,4.58,14.96,98.08,central,standard,none,40.65
119,18,0,0,10.63,87.67,9.04,20.74,17,18.14,28.81,44.38,residential,standard,none,77.29
120,7,0,0,18.73,30.25,0.1,15.79,25,25.05,10.34,23.27,peripheral,express,none,56.19
120,8,0,0,9.97,83.92,1.3,18.87,22,21.41,18.51,100,central,standard,vehicle,104.77
120,9,0,0,1.27,73.44,0,17.66,20,19.69,19.64,100,central,standard,none,45.87
120,10,0,0,10.43,32.6,10.04,19.55,12,32.28,11.71,49.75,residential,standard,none,50.42
120,11,0,0,2.86,29.38,6.11,20.39,12,3.44,0,64.37,residential,standard,none,28.26
120,12,0,0,5.27,20.39,0,12.7,20,22.76,16.08,41.81,peripheral,standard,none,32.1
120,13,0,0,5.39,78.53,6.87,18.87,15,23.56,8.92,72.51,central,standard,none,45.44
120,14,0,0,10.48,49.59,4.41,17.43,16,25.61,5.26,77.71,central,standard,none,48.13
120,15,0,0,8.66,35.03,6.41,16.38,12,0,11.21,100,central,standard,none,45.31
120,16,0,0,10.84,60.9,0,25.2,15,30.99,4.14,97.65,central,express,none,49.9
120,17,0,0,10.89,77.46,1.01,20.24,10,5.55,8.06,32.16,peripheral,express,none,43.94
120,18,0,0,9.79,75.41,0,18.22,5,0,8.29,42.17,residential,bulky,none,51.2
120,7,0,0,9.52,33.21,3.13,19.71,16,8.88,16.76,68.08,residential,standard,none,51.56
120,8,0,0,4.55,72.69,0,21.49,6,21.32,17.74,52.27,residential,standard,none,43.23
120,9,0,0,31.67,79.56,0,22.23,15,20.81,21.21,68.81,residential,standard,none,128.09
120,10,0,0,23.85,65.82,0,16.38,16,20.22,18,88.01,central,standard,none,86.91
120,11,0,0,19.4,35.79,0,15.61,8,32.21,0,66.27,residential,standard,none,40.71
120,12,0,0,8.61,56.41,13.54,21.45,13,29.62,0,88.39,central,standard,none,48.75
120,13,0,0,11.31,32.46,0,21.24,14,32.04,5.33,63.97,residential,standard,none,40.78
120,14,0,0,0.5,62.31,2.49,16.9,17,0,0.45,83.57,central,express,none,15.97
120,15,0,0,9.57,47.02,1.65,13.19,8,21.7,4.07,48.38,residential,standard,none,33.01
120,16,0,0,3.41,39.75,6.17,15.97,7,0,8.06,49.1,residential,express,none,30.31
120,17,0,0,6.45,81.74,1.15,14.11,19,55.3,26.36,77.32,central,express,none,54.67
120,18,0,0,12.09,95.79,7.26,21.15,3,5.4,12.85,82.09,central,express,none,53.1
120,7,0,0,7.91,36.54,9.6,14.37,17,9.2,10.63,53.87,residential,express,none,33.16
120,8,0,0,13.29,57.47,10.36,22.94,14,19.6,16.05,28.88,peripheral,express,none,53.49
120,9,0,0,9.99,77.33,0,18.77,14,11.01,19.22,68.1,central,standard,none,65.59
120,10,0,0,11.53,36.29,0,19.43,14,21.35,14.6,67.46,residential,express,none,43.78
120,11,0,0,6.56,51.4,5.37,24.19,16,16.52,7.7,87.23,central,standard,none,38.95
120,12,0,0,12.57,29.86,0.33,18.14,19,7.74,0,76.2,residential,standard,none,46.11
120,13,0,0,14.08,44.72,6.46,18.88,12,29.19,14.77,76.82,central,standard,none,55.17
120,14,0,0,5.89,30.33,10.94,17.05,21,0,4.2,5,peripheral,standard,none,46.07
120,15,0,0,2.16,42.03,0.37,21.48,10,4,0.04,40.07,residential,standard,none,25.17
120,16,0,0,9.88,59.76,4.14,20.9,8,40.11,6.79,69.9,central,express,none,35.51
120,17,0,0,12.33,70.2,4.32,15.95,11,32.7,12.92,27.46,peripheral,standard,none,58.12
120,18,0,0,7.42,85.16,10.52,21.78,14,53.58,33.06,83.31,central,standard,none,72.39
120,7,0,0,5.42,24.65,0,17.71,12,13.25,11.81,13.38,peripheral,standard,roadwork,62.06
120,8,0,0,2.7,87.53,4.02,24.57,10,41.91,26.51,100,central,express,none,47.99
120,9,0,0,9.31,81.23,0,17.56,15,17.18,18.13,71.42,central,express,none,60.33
120,10,0,0,3.96,52.63,0,19.24,19,26.22,13.05,60.24,residential,standard,none,44.61
121,11,0,0,11.84,33.7,3.94,19.11,7,14.02,13.98,28.32,residential,standard,none,54.9
121,12,0,0,3.81,46.62,7.75,19.28,10,0,8.04,44.96,residential,standard,none,27.3
121,13,0,0,10.55,29.14,0,25.65,11,18.61,8.59,37.65,peripheral,standard,none,40.92
121,14,0,0,33.69,22.72,6.22,15.38,23,0,6.94,63.24,residential,standard,none,89.03
121,15,0,0,6.95,25.17,2.49,22.08,18,21.66,10.59,38.2,peripheral,express,none,39.5
121,16,0,0,2.64,39.79,0.42,10.29,5,9.83,2.73,25.31,residential,bulky,none,31.34
121,17,0,0,5.25,53.42,2.17,19.56,20,0,23.37,17.19,peripheral,express,none,49.85
121,18,0,0,6.85,92.75,5.43,20.36,12,16.75,21.9,75.48,central,standard,none,63.67
121,7,0,0,3.92,47.34,4.3,18.19,2,36.79,7.9,32.04,peripheral,express,none,16.05
121,8,0,0,2.14,79.51,9.36,22.06,14,7.97,11.1,92.76,central,standard,none,36.26
121,9,0,0,9.51,64.07,5.37,16.64,10,19.09,16.82,33.34,peripheral,standard,none,51.45
121,10,0,0,7.92,36.39,0,22.2,12,29.64,5.61,23.95,peripheral,standard,none,30.1
121,11,0,0,8.39,27.68,0,17.33,12,0,8.93,17.13,peripheral,express,none,37.18
121,12,0,0,12.82,49.2,3.52,19.32,11,42.24,2.2,72.14,residential,express,none,52.76
121,13,0,0,16.35,46.65,0,21.86,28,42.07,10.77,52.61,residential,express,none,56.95
121,14,0,0,11.6,61.42,7.93,25.17,17,6.28,10.15,89.11,central,standard,none,60.27
121,15,0,0,7.65,57.44,1.49,11.74,20,1.27,14.21,93.43,central,standard,none,55.3
121,16,0,0,2.73,17.41,1.04,22.97,18,20.23,0,41.02,peripheral,express,none,17.19
121,17,0,0,5.87,81.54,13.06,13.72,17,34.18,29.91,58.52,residential,standard,none,65.61
121,18,0,0,6.41,55.49,2.25,20.12,16,10.2,14.78,7.75,peripheral,express,none,37.42
121,7,0,0,12.5,56.97,7.23,27.01,22,19.08,3.22,100,central,standard,none,50.07
121,8,0,0,33.56,62.25,0,27.07,17,38.83,1.87,35.2,residential,standard,none,101.76
121,9,0,0,4.13,62.22,1.11,20.09,12,14.43,8.25,19.29,peripheral,standard,none,30.93
121,10,0,0,0.5,33.05,0,20.48,13,30.37,13.9,75.07,central,express,none,30.89
121,11,0,0,9.11,39.88,7.71,12.39,19,19.37,2.73,20.24,peripheral,standard,none,43.99
121,12,0,0,11.28,42.77,2.52,18.08,18,27.86,0.47,77.53,residential,standard,vehicle,84.25
121,13,0,0,8.64,10.96,7.93,14.12,11,24.31,12.53,31.03,peripheral,standard,none,37.74
121,14,0,0,12.6,30.83,1.54,18.35,6,45.36,16.36,48.86,peripheral,bulky,none,53.9
121,15,0,0,9.68,63.58,2.34,23.48,10,16.16,4.35,100,central,standard,none,39.27
121,16,0,0,12.29,52.11,4.55,21.77,11,0,9.61,89.52,residential,standard,none,50.76
121,17,0,0,11.89,88.72,0,20.98,7,15.43,22.25,69.87,central,bulky,none,84.29
121,18,0,0,12.1,89.66,5.48,17.54,19,35.49,16.61,100,central,express,none,70.48
121,7,0,0,29.61,54.85,6.37,25.02,15,20.7,5.36,80.17,central,standard,none,94.33
121,8,0,0,3.38,95.61,3.99,23.75,12,0,16.38,100,central,standard,none,37.83
121,9,0,0,8.38,85.21,0,17.62,13,10.93,16.87,40.39,residential,standard,none,66.08
121,10,0,0,10.64,51.35,2.52,22.86,11,0,0,77.25,residential,standard,none,44.68
121,11,0,0,10.52,22,3.71,20.24,18,25.31,5.75,66.69,central,standard,none,39.26
121,12,0,0,10.14,38.75,7.51,16.37,10,21.1,0,52.29,residential,bulky,none,52.66
121,13,0,0,9.65,46.69,5.92,16.84,12,22.67,0.67,75.3,central,standard,none,43.52
121,14,0,0,23.54,51.71,0,19.25,13,26.36,2.47,15.65,peripheral,express,roadwork,84.22
122,15,0,1,0.78,46.73,4.7,19.59,8,21.57,17.51,100,central,standard,none,37.75
122,16,0,1,3.53,28.33,0,25.28,19,23.96,7.04,5.12,peripheral,standard,none,29.33
122,17,0,1,0.5,59.06,5.78,24.55,8,19.96,6.86,29.25,peripheral,bulky,none,28.09
122,18,0,1,11.24,84.16,7.32,19.56,13,30.45,16.6,47.8,residential,express,none,59.79
122,7,0,1,17.67,53.72,0,15.55,5,0,0,89.3,central,bulky,none,57.65
122,8,0,1,14.44,87.49,4.44,17.56,16,2.17,24.92,81.95,central,standard,none,84.05
122,9,0,1,13.78,63.41,4.8,24.01,15,16.29,19.84,32.91,peripheral,standard,none,72.43
122,10,0,1,3.5,21.16,7.97,20.82,5,0,0.45,55.83,peripheral,bulky,none,38.02
122,11,0,1,2.15,39.75,2.46,15.29,16,29.64,9.04,68.22,residential,standard,none,35.88
122,12,0,1,5.74,54.37,4.79,21.66,16,9.51,9.45,58.89,residential,standard,none,45.84
122,13,0,1,9.34,42.18,2.66,15.72,13,0,5.5,71.64,residential,standard,none,51.24
122,14,0,1,43.42,60.32,7.02,27.12,15,25.74,11.12,82.96,central,standard,none,132.51
122,15,0,1,1.02,21.13,1.25,12.14,9,17.47,1.92,13.95,peripheral,standard,none,30.2
122,16,0,1,12.43,37.16,0,10.98,5,8.12,5.91,45.28,peripheral,bulky,none,39.7
122,17,0,1,10.91,65.25,0.39,19.01,21,24.99,18.17,53.59,residential,express,none,48.3
122,18,0,1,4.31,84.74,0,20.51,18,0,16.98,91.18,central,standard,none,59.21
122,7,0,1,8.62,17.65,11.49,19.73,14,25.4,2.25,20.18,peripheral,express,none,28.3
122,8,0,1,0.5,87.61,0,17.75,7,32.5,14.65,100,central,standard,none,23.49
122,9,0,1,16.2,75.79,1.43,19.29,6,25.63,8.89,92.09,central,bulky,none,72.74
122,10,0,1,11.33,50.83,0,19.52,19,4.69,21.87,59.46,residential,standard,none,66.84
122,11,0,1,4.26,40.59,12.98,24.11,12,9.32,0,69.98,residential,standard,none,26.5
122,12,0,1,7.46,63.48,0,19.89,19,12.77,4.13,75.46,central,standard,none,52.97
122,13,0,1,32.14,32.59,6.85,15.35,17,20.65,4.11,23.79,peripheral,standard,none,76.49
122,14,0,1,15.15,45.86,0,20.41,5,22.93,2.63,55.71,residential,bulky,none,52.92
122,15,0,1,14.4,47.05,6.65,23.09,16,0,9.99,65.14,residential,express,none,52.83
122,16,0,1,12.21,52.59,0.9,17.03,22,9.24,0,57,residential,express,none,35.9
122,17,0,1,11.36,68.55,1.39,21.71,19,28.54,21.33,40.51,residential,standard,none,64.6
122,18,0,1,11.36,75.52,0,20.84,18,28.89,9.93,14.87,peripheral,standard,none,46.58
122,7,0,1,7.02,49.81,0,24.77,10,37,10.09,89.91,central,standard,none,35.53
122,8,0,1,9.08,68.39,3.74,20.61,11,23.67,14,30.35,peripheral,standard,none,55.93
122,9,0,1,7.1,84.96,0.62,22.82,7,0.6,22.65,86.95,central,express,none,54.93
122,10,0,1,20.52,57.73,0,19.79,11,38.49,7.7,83.45,central,express,none,64.16
122,11,0,1,30.2,29,3.79,18.78,7,0,3.37,38.96,peripheral,standard,none,70.23
122,12,0,1,10.38,22.37,1.23,23.14,9,20.37,15.46,73.38,residential,standard,none,46.78
122,13,0,1,10.33,20.71,2.91,24.18,7,5.9,14.3,63.85,peripheral,express,roadwork,61.5
122,14,0,1,29.63,54.43,0.34,17.37,12,27.67,8.28,83.26,central,standard,none,90.44
122,15,0,1,13.99,57.06,2.68,18.53,19,8.95,9.56,89.92,central,standard,none,61.52
122,16,0,1,0.5,48.67,7.07,24.94,9,27.24,21.68,43.2,residential,standard,none,37.57
122,17,0,1,17.91,81.63,0,12.8,13,7.07,16.08,65.73,residential,standard,none,82.22
122,18,0,1,20.48,54.98,0,12.8,20,11.31,14.32,66.44,residential,standard,none,74.72
123,7,0,0,3.77,55.51,11.43,22.11,3,22.01,10.14,91.76,central,bulky,none,36.66
123,8,0,0,4.54,77.8,0,18.99,11,27.89,7.47,57.99,residential,standard,none,35.64
123,9,0,0,15.66,62.71,4.35,17.67,19,16.08,17.99,11.12,peripheral,standard,none,73.99
123,10,0,0,9.29,29.46,2.65,20.7,16,8.58,11.27,6.73,peripheral,express,none,49.52
123,11,0,0,10.81,31.08,3.94,12.5,15,12.83,1.64,60.93,residential,standard,none,34.92
123,12,0,0,7.89,54.59,3.48,23.08,15,13.51,16.94,92.1,central,standard,none,53.25
123,13,0,0,0.5,45.93,2.19,19.79,19,19.16,15.92,37.19,peripheral,express,none,25.64
123,14,0,0,5.91,41.56,1.45,21.34,13,37.69,13.52,98.41,central,express,none,36.84
123,15,0,0,6.8,36.36,2.54,24.98,18,18.89,7.08,81.25,residential,standard,none,39.24
123,16,0,0,5.8,61.92,3.19,18.3,13,2.94,0.87,12.1,peripheral,standard,none,28.06
123,17,0,0,15.54,94.49,5.66,14.86,14,14.46,2.3,95.69,central,standard,none,75.7
123,18,0,0,0.5,86.03,6.82,19.53,14,30.06,15.87,46.3,residential,standard,none,36.16
123,7,0,0,17.66,36.95,1.05,15.04,10,19.4,4.89,44.69,peripheral,express,none,42.37
123,8,0,0,4.13,73.51,0,21.39,15,15.97,11.15,40.65,residential,standard,none,45.43
123,9,0,0,12.45,73.53,2.89,18.38,14,22.44,26.27,51.29,residential,standard,none,78.91
123,10,0,0,1.7,31.56,2.51,20.23,11,4.99,2.49,100,central,express,none,20.19
123,11,0,0,3.84,43.33,2.09,22.62,10,10.25,1.53,17.64,residential,standard,none,28.08
123,12,0,0,34.51,45.37,0.53,18.07,13,17.62,2.85,80.81,central,standard,none,90.11
123,13,0,0,15.16,53.71,3.13,23.76,3,9.39,1.98,86.12,central,bulky,none,50.01
123,14,0,0,11.12,56.27,2.78,20.93,14,30.7,10.84,83.52,central,standard,none,52.02
123,15,0,0,11.45,43.78,7.52,21.27,11,17.95,0,72.42,central,standard,none,41.81
123,16,0,0,3.07,25.05,3,15.28,15,7.42,1.63,6.6,peripheral,express,none,25.02
123,17,0,0,8.87,80.9,0,20.13,1,38.53,11.89,70.16,residential,bulky,none,59.34
123,18,0,0,13.28,68.27,0,21.3,5,12.9,14.25,100,central,bulky,none,68.95
123,7,0,0,9.3,31.43,0.36,16.59,7,0,0.42,56.43,residential,standard,none,34.06
123,8,0,0,6.18,71.35,0,13.66,5,11.78,16.78,21.05,peripheral,bulky,none,59.64
123,9,0,0,0.5,92.48,0,14.76,16,15.23,21.25,52.65,central,standard,none,39.71
123,10,0,0,18.07,40.77,5.2,19.78,24,31.95,6.92,69.17,residential,standard,none,65.5
123,11,0,0,8.84,41.06,5.71,21.57,17,3,12.23,72.84,residential,standard,none,56.88
123,12,0,0,8.26,68.79,0,15.55,15,31.71,9.7,89.77,central,standard,none,45.36
123,13,0,0,31,13.13,5.54,20.96,12,19.56,4.17,25.56,peripheral,standard,none,68.68
123,14,0,0,9.07,56.2,3.04,20.96,14,28.79,8.14,98.91,central,express,none,42.25
123,15,0,0,13.66,57.97,5.84,13.07,14,27.91,15.46,83.5,central,standard,none,64.96
123,16,0,0,30.02,23.04,10.39,20.27,2,0,3.46,5,peripheral,bulky,none,78.09
123,17,0,0,9.66,79.25,0,23.63,11,19.94,15.42,85.82,central,standard,none,49.18
123,18,0,0,9.91,71.13,5.13,20.49,9,55.29,11.27,14.49,peripheral,express,none,47.11
123,7,0,0,10.49,42.63,2.15,17.05,13,20.32,7.14,72.58,residential,express,roadwork,52.59
123,8,0,0,9.3,76.25,4.24,18.4,10,37.22,18.71,78.49,residential,standard,none,54.96
123,9,0,0,0.5,64.41,0,16.86,12,28.01,14.05,89.87,central,express,none,30.33
123,10,0,0,12.13,9.17,2.41,24.55,14,40.4,0,36.1,peripheral,standard,none,30.77
124,11,1,0,10.96,55.42,8.91,20.44,14,0,19.54,76.98,central,express,none,58.24
124,12,1,0,1.05,42.2,1.6,18.21,14,37.16,8.63,54.82,residential,express,none,20.55
124,13,1,0,4.41,34.24,0,15.37,19,0,6.71,35.83,peripheral,standard,roadwork,48.16
124,14,1,0,4.14,42.31,3,19.84,7,27.92,11.9,42.71,peripheral,express,none,31.1
124,15,1,0,3.22,41.96,0,23.95,13,11.54,6,81.18,central,standard,none,29.27
124,16,1,0,7.36,40.49,0,19.57,11,22.25,2.51,92.6,central,standard,none,32.39
124,17,1,0,25.29,65.82,10.3,20.04,4,30.4,17.82,79.2,central,bulky,none,101.94
124,18,1,0,5.97,42.66,3.01,16.2,9,0,27.19,23.45,peripheral,bulky,none,67.82
124,7,1,0,8.61,27.98,4.24,14.97,18,23.45,16.52,15.17,peripheral,standard,none,60.25
124,8,1,0,6.57,68.23,0.68,19.71,13,12.21,25.32,99.59,residential,standard,roadwork,82.03
124,9,1,0,10.67,47.73,3.25,18.85,10,11.43,12.77,58.88,peripheral,standard,none,54.52
124,10,1,0,2,35.59,0,24.35,5,27.22,16.29,30.13,peripheral,express,none,35.4
124,11,1,0,10,56.44,0,20.53,18,17.07,9.03,86.66,central,standard,none,55.17
124,12,1,0,4.85,44.77,5.12,15.59,10,35.74,3.88,67.99,residential,standard,none,32.01
124,13,1,0,1.77,45.63,7.96,12.48,10,35.97,0,88.4,central,standard,none,20.86
124,14,1,0,20.51,39.18,0.66,20.95,19,3.28,30.58,100,central,express,none,83.56
124,15,1,0,0.5,36.51,4.57,17.41,11,16.28,10.83,64.76,residential,standard,none,35.62
124,16,1,0,32.18,41.12,2.91,18.4,8,15.88,7.08,47.54,residential,standard,none,84.63
124,17,1,0,3.06,59.14,3.79,21.24,18,31.69,21.7,37.75,residential,standard,none,45.99
124,18,1,0,16.17,65.96,10.86,20.7,15,6.55,8.61,70.88,central,express,none,62.22
124,7,1,0,14.51,39.46,0.89,22.17,15,24.18,19.32,43.07,residential,express,none,45.21
124,8,1,0,1.95,64.83,0.17,24.47,10,2.45,15.4,28.34,peripheral,standard,none,47.64
124,9,1,0,5.84,72.58,2.45,17.91,14,7.05,22.56,48.53,residential,express,none,51.94
124,10,1,0,37.39,17.74,9.39,25.88,16,16.11,6.86,10.93,peripheral,express,none,72.5
124,11,1,0,16.61,31.24,0,20.34,17,21.32,4.74,66.41,residential,standard,vehicle,93.73
124,12,1,0,18.78,35.75,4.38,17.17,18,11.03,14.53,69.89,residential,express,none,63.11
124,13,1,0,8.21,39.53,0,18.57,10,42.92,5.24,55.29,residential,standard,none,39.43
124,14,1,0,11.8,45.16,12.94,19.66,17,28.53,12.41,54.67,residential,standard,none,60.69
124,15,1,0,3.97,25.82,0,18.67,6,38.08,7.95,52.55,residential,bulky,none,39.19
124,16,1,0,8.97,48.73,2.3,19.39,11,43.23,1.52,92,central,standard,none,40.55
124,17,1,0,16.68,62.51,0,12.58,16,4.59,7.4,62.41,residential,express,none,52.95
124,18,1,0,10.52,72.11,1.56,20.81,24,16.82,19.08,22.39,residential,standard,none,71.17
124,7,1,0,3.73,43.95,0,17.66,19,32.68,12.31,71.05,central,standard,none,36.7
124,8,1,0,21.54,89.71,3.62,25.78,4,33.48,14.92,100,central,bulky,none,106.52
124,9,1,0,15.43,95.87,4.67,20.44,22,34.56,12.35,64.2,central,standard,none,67.69
124,10,1,0,6.04,18.98,0,19.38,14,24.16,5.81,56.73,residential,standard,none,31.05
124,11,1,0,20.01,28.56,0,16.77,13,25.02,2,57.92,central,standard,none,58.17
124,12,1,0,6.94,29.35,12.24,21.24,20,29.59,10.52,47.88,residential,standard,none,47.04
124,13,1,0,1,52.7,0.23,19.35,15,16.3,0,91.46,central,standard,none,28.59
124,14,1,0,30.75,26.49,6.68,17.67,14,29.11,3.88,56.03,residential,standard,none,70.56
125,15,1,0,21.37,62.02,0.22,18.07,26,43.45,1.96,90.69,central,standard,none,70.24
125,16,1,0,0.5,53.39,1.94,24.02,16,30.66,1.19,100,central,express,none,21.53
125,17,1,0,10.94,54.97,0,13.97,11,14.08,20.52,55.33,residential,standard,vehicle,83.08
125,18,1,0,7.58,73.97,9.45,18.21,20,20.03,31.3,38.92,peripheral,standard,none,79.88
125,7,1,0,10.76,41.2,1.02,18.72,19,20.05,8.88,86.75,central,standard,none,59.48
125,8,1,0,18.16,47.38,0,23.81,4,0,21.48,43.2,peripheral,bulky,none,79.56
125,9,1,0,8.33,78.5,3.15,22.37,5,52.63,13.89,5,peripheral,bulky,none,56.33
125,10,1,0,4.92,41.46,0,25.51,11,6.82,9.26,81.42,central,standard,none,40.09
125,11,1,0,6.46,29.43,4.08,16.84,9,20.3,5.6,53.56,residential,standard,none,41.15
125,12,1,0,10.96,33.34,0,15.78,15,17.11,0,53.42,residential,standard,none,39.71
125,13,1,0,7.53,49.8,7.33,20.31,21,23.29,4.24,54.7,central,standard,none,39.23
125,14,1,0,3.96,31.85,5.37,20.48,10,28.53,7.73,65.54,residential,standard,none,29.15
125,15,1,0,5.97,11.03,3.71,20.66,15,21.52,7.88,36.26,peripheral,standard,none,33.84
125,16,1,0,7.97,20.64,0,19.18,11,20.03,14.02,36.89,residential,bulky,none,39.91
125,17,1,0,15.61,79,3.09,18.74,14,25.7,21.65,92.34,central,standard,none,81.03
125,18,1,0,0.63,92.71,13.21,28.48,23,17.39,16.58,100,central,standard,none,49.67
125,7,1,0,7.42,38.54,0,18.2,6,14.01,0,15.05,residential,bulky,none,27.24
125,8,1,0,8.36,61.66,9.33,11.6,20,16.32,15.6,36.06,residential,standard,none,60.75
125,9,1,0,6.16,66.6,2.14,19.03,16,19.83,17.24,71.37,residential,standard,none,55.05
125,10,1,0,2.65,24.34,10.09,18.81,15,42.12,13.4,20.72,peripheral,standard,roadwork,45.36
125,11,1,0,29.33,18.38,0.38,22.93,19,22.81,9.88,32.83,peripheral,express,none,64.64
125,12,1,0,0.5,49.36,0,14.91,8,29.89,13.44,54.82,residential,standard,none,16.49
125,13,1,0,10.36,41.06,4.29,21.33,7,7.23,12.28,89.05,central,express,none,46.15
125,14,1,0,9.94,42.68,2.26,26.3,10,0,12.66,44.79,residential,express,none,46.26
125,15,1,0,12.35,31.95,0,17.57,9,53.32,13.25,100,central,standard,none,46.05
125,16,1,0,11.68,51.49,5.58,19.45,15,20.7,1.06,99.82,central,express,none,29.55
125,17,1,0,15.79,51.27,2.23,21.74,6,5.87,22.06,50.91,residential,bulky,none,72.99
125,18,1,0,10.74,72.81,2.62,23.01,13,16.19,11.88,9.54,peripheral,express,none,45.92
125,7,1,0,9.75,59.29,0,21.96,11,34.71,10.74,92.49,central,standard,none,55.53
125,8,1,0,2.49,54.01,2.43,18.7,13,29.77,9.37,24.08,peripheral,standard,none,33.06
125,9,1,0,3.41,68.33,5.01,20,16,26.72,20.3,77.74,central,standard,none,54.3
125,10,1,0,13.83,34.45,11.06,21.12,11,21.83,0,60.11,residential,standard,none,44.83
125,11,1,0,5.7,42.09,0,20.38,13,20.21,0.94,100,central,express,none,27.52
125,12,1,0,7.35,41.3,0,21.49,11,33.6,13.38,73.76,residential,express,none,33.38
125,13,1,0,12.62,25.58,0,17.52,17,0,1.11,21.78,peripheral,standard,none,38.08
125,14,1,0,9.29,45.06,2.9,25.29,13,11.81,12.95,64.26,residential,standard,none,46.3
125,15,1,0,16.94,27.29,11.27,19.77,12,23.72,0,55.09,residential,bulky,none,49.95
125,16,1,0,5.91,40.64,5.43,19.95,14,32.69,0.51,94.25,central,standard,none,41.12
125,17,1,0,8.79,63.08,7.45,20.98,12,9.03,16.71,52.76,residential,express,none,49.75
125,18,1,0,13.02,67.67,4.39,22.8,11,22.23,10.53,8.51,peripheral,express,none,49.8
126,7,0,0,5.24,48.49,5.08,19.76,14,31.35,5.25,16.54,peripheral,express,none,32.75
126,8,0,0,11.22,76.09,8.16,20.01,11,29.29,12.66,43.69,residential,standard,none,57.19
126,9,0,0,9.73,83.92,11.07,23.15,16,0,14.24,61.95,residential,standard,none,60.87
126,10,0,0,26.74,46.75,10.3,21.97,14,0,6.09,78.75,central,standard,none,87.53
126,11,0,0,12.86,58.23,0,19.3,13,9.58,0,43.64,residential,express,none,39.47
126,12,0,0,9.27,43.65,5.24,22.36,20,7.13,7.89,97.36,central,standard,none,51.94
126,13,0,0,14.58,51.79,4.19,21.83,19,18.21,2.76,86.4,central,standard,none,56.13
126,14,0,0,8.09,33.95,0.25,20.6,16,43.73,7.05,63.79,residential,standard,vehicle,72.71
126,15,0,0,11.74,36.68,7.57,18.68,21,27.33,5.23,11.53,peripheral,standard,none,44.03
126,16,0,0,10.02,42.36,2.28,23.52,19,28.91,7.69,46.77,residential,standard,none,50.23
126,17,0,0,15.63,75.38,0,20.54,12,20.41,21.18,85.98,central,express,none,63.36
126,18,0,0,12.26,67.23,0,17.25,10,13.24,20.14,65.5,residential,express,none,62.57
126,7,0,0,9.35,47.32,6.57,17.15,13,37.01,4.09,52.54,residential,standard,none,42.92
126,8,0,0,0.5,75.21,5.29,12.91,9,22.84,20.04,65.34,residential,standard,none,32.01
126,9,0,0,4.63,72.49,0,23.9,14,26.47,15.59,32.32,peripheral,standard,none,47.56
126,10,0,0,6.73,35.63,9.04,17.06,14,0.98,15.38,24.89,peripheral,standard,none,56.22
126,11,0,0,4.38,28.12,0,18.53,20,6.69,11.09,11.09,peripheral,standard,none,40.22
126,12,0,0,2.55,38.97,0,21.45,18,0,9.63,55.85,residential,express,none,27.92
126,13,0,0,8.23,46.66,1.09,19.61,13,22.05,0,70.61,central,express,none,25.78
126,14,0,0,48,50.89,0,14.26,13,36.54,3.34,69.39,residential,standard,none,114.28
126,15,0,0,18.5,27.26,7.64,23.44,8,24.18,18.95,78.95,residential,standard,none,71.28
126,16,0,0,7.05,67.28,0,21.37,20,27.27,8.32,80.37,central,standard,none,51.35
126,17,0,0,6.61,93.45,9.2,20.3,7,26.46,15.17,81.52,central,standard,none,55.62
126,18,0,0,12.12,74.45,7.21,16.88,5,32.72,18.36,62.73,residential,bulky,none,79.47
126,7,0,0,5.49,74.88,4.41,22.06,16,28.98,19.68,100,central,express,none,44.68
126,8,0,0,0.5,74.62,4.81,15.11,14,30.06,19.66,32.94,peripheral,standard,none,57.64
126,9,0,0,15.77,83.08,6.47,20.8,4,0.54,11.6,61.07,residential,express,none,70.53
126,10,0,0,5.19,41.92,4.65,28.58,8,11.79,13.87,88.74,central,bulky,vehicle,79.63
126,11,0,0,9.95,48.52,3.44,24.89,12,42.14,23.64,71.82,central,standard,none,58.4
126,12,0,0,7.69,24.06,10.18,19.93,12,28.68,0,28.34,peripheral,standard,none,24.06
126,13,0,0,3.05,20.11,6.64,22.03,15,11.4,0.81,67.7,residential,standard,none,27.68
126,14,0,0,3.78,55.65,1.07,15.53,14,29.53,5.26,77.74,central,express,none,24.52
126,15,0,0,5.27,29.62,1.25,24.97,14,12.85,7.64,24.35,peripheral,standard,none,32.99
126,16,0,0,13.92,50.92,1.76,21.74,20,29.39,2.57,63.17,residential,standard,none,59.55
126,17,0,0,8.86,93.55,0.93,24.15,12,10.07,21.48,62.67,central,standard,none,69.67
126,18,0,0,10.87,73.95,0,18.72,16,3.87,1.29,54.69,residential,standard,none,49.94
126,7,0,0,0.93,52.98,3.65,22.01,8,0.97,9.7,84.62,central,bulky,none,42.12
126,8,0,0,1.03,78.35,1.31,23.18,9,3.63,10,100,central,express,none,25.4
126,9,0,0,13.96,75.99,0,21.22,15,0.81,20.53,49.08,residential,standard,none,72.98
126,10,0,0,11.48,17.21,0,19.52,17,20.1,2.3,14.72,peripheral,standard,none,42.49
127,11,0,0,8.5,34.19,3.07,23.32,9,29.21,6.54,94.65,central,bulky,none,45.79
127,12,0,0,6.2,45.58,6.18,21.93,17,30.88,5.21,96.32,central,express,none,37.08
127,13,0,0,12.86,53.56,6.37,23.63,12,7.09,7.45,56.44,residential,express,none,42.85
127,14,0,0,11.59,27.15,0,23.27,15,43.18,14.21,22.57,peripheral,standard,none,41.41
127,15,0,0,13.08,41.18,9.83,16.8,19,26.66,0,65.99,residential,express,none,34.15
127,16,0,0,4.08,62.66,4.68,20.74,7,33,0,86.12,central,standard,none,32.46
127,17,0,0,14.03,78.32,2.58,23.83,13,0,13.56,80.44,central,standard,none,64.85
127,18,0,0,10.96,70.33,6.85,22.49,13,7.15,15.74,59.08,residential,standard,none,71.04
127,7,0,0,8.73,49,3.54,13.84,11,31.8,0,96.1,central,standard,none,38.64
127,8,0,0,0.5,70.3,0,19.22,17,31.32,26.56,46.96,residential,express,none,37.18
127,9,0,0,17.5,78.98,3.75,23.27,15,0,11.66,71.56,central,standard,none,86.69
127,10,0,0,12.19,38.97,0,26.34,22,33.62,11.11,51.99,residential,standard,none,56.31
127,11,0,0,6.75,53.63,4.85,21.97,13,1.29,4.31,57.53,residential,standard,none,32.78
127,12,0,0,25.96,43.25,0,19.3,24,11.48,9.89,78.84,central,standard,none,83.66
127,13,0,0,28.74,64.51,0,21.8,18,39.32,13.48,38.53,residential,standard,none,94.76
127,14,0,0,7.77,58.37,0.51,28.47,20,0,10.65,84.63,central,express,none,46.95
127,15,0,0,15.27,69.88,5.31,19.55,19,2.96,9.16,78.79,central,standard,none,63.61
127,16,0,0,14.69,49.14,0,22.88,20,0,8.49,100,central,express,none,60.34
127,17,0,0,15.4,66.24,7,16.94,18,33.12,14.78,65.42,residential,standard,none,73.9
127,18,0,0,8.15,77.69,0,17.39,20,11.71,14.19,49.18,peripheral,standard,none,62.31
127,7,0,0,7.21,61.04,0,20.33,22,0,7.79,93.8,central,standard,none,48.75
127,8,0,0,10.93,75.01,1.99,19.09,14,6.98,19.31,82.43,residential,standard,none,68.02
127,9,0,0,9.37,58.51,0,31.07,12,4.04,17.03,9.68,peripheral,standard,none,49.24
127,10,0,0,7.74,34.43,0,26.4,20,46.39,6.4,42.39,residential,standard,none,33.85
127,11,0,0,10.31,29.38,6.96,18.05,17,4.29,15.15,58.69,residential,express,none,49
127,12,0,0,9.08,37.9,6.47,20.15,15,6.62,10.4,48.75,residential,standard,none,53.68
127,13,0,0,3.13,33.85,5.42,18.13,11,36.68,7.64,7.29,peripheral,express,none,29.08
127,14,0,0,10.85,46.78,4.66,19.71,14,2.36,19.6,71.44,residential,express,none,52.33
127,15,0,0,9.49,44.04,15.26,13.1,15,14.61,4.39,47.26,residential,standard,none,56.53
127,16,0,0,9.66,47.53,0.21,21.23,19,25.7,0,86.61,central,express,none,29.48
127,17,0,0,13.44,74.57,1.75,21.75,13,9.86,19.33,55.43,residential,standard,none,63.22
127,18,0,0,11.22,52.28,10.11,25.59,18,0,19.3,42.13,peripheral,standard,none,74.23
127,7,0,0,7.5,60.87,6.34,15.27,20,14.63,8.18,91.83,central,standard,none,36.85
127,8,0,0,15.07,80.11,9.79,28.18,9,7.51,13.62,72.73,central,bulky,none,73.04
127,9,0,0,8.05,78.78,3.25,26.79,4,50.71,31.97,93.88,central,bulky,none,67.18
127,10,0,0,10.18,42.21,4.79,22.33,4,41.12,2.54,79.3,central,bulky,none,46.58
127,11,0,0,5.65,32.99,2.91,19.46,1,11.58,4.77,58.6,residential,bulky,none,43.62
127,12,0,0,11.61,35.4,7.07,19.78,13,9.48,3.3,45.94,residential,express,none,37.06
127,13,0,0,16.52,37.74,0,21.5,8,13.93,2.33,50.51,residential,standard,none,50.72
127,14,0,0,12.33,59.97,5.63,18.41,17,0,10.15,45.93,residential,express,none,56.62
128,15,0,0,13.05,43.44,3.4,19.19,15,5.09,8.47,31.69,peripheral,standard,none,50.31
128,16,0,0,8.54,40.82,7.85,19.62,18,9.22,6.09,23.88,peripheral,express,none,35.7
128,17,0,0,21.93,64.43,1.52,19.66,17,34.84,17.63,61.28,residential,express,none,77.6
128,18,0,0,14.33,68.22,5.72,18.82,12,18.54,22.65,47.02,residential,express,none,63.01
128,7,0,0,14.75,32.72,1.89,16.65,8,38.71,1.38,15.3,peripheral,standard,none,43.13
128,8,0,0,17.71,78.92,6.05,16.39,6,22.55,13.05,31.49,peripheral,bulky,none,83.22
128,9,0,0,6.14,98,8.87,19.89,12,37.18,13.8,70.41,central,standard,none,49.91
128,10,0,0,14.82,51.77,1.79,12.92,14,14.18,1.79,50.98,residential,standard,none,40.89
128,11,0,0,10.51,40.45,6.3,13.83,7,19.25,12.68,39.74,peripheral,standard,none,43.2
128,12,0,0,7.86,56.91,7.75,18.47,11,9.56,16.95,78.69,central,standard,none,59.3
128,13,0,0,10.62,42.2,4.01,21.15,11,35.27,9.98,62.46,residential,standard,none,50.14
128,14,0,0,16.52,44.95,6.62,18.93,19,3.8,5.27,92.34,central,express,none,63.12
128,15,0,0,2.27,38.28,0.7,24.34,10,28.85,7.17,27.55,peripheral,express,none,14.97
128,16,0,0,0.5,40.9,2.04,18.11,16,20.98,11.62,32.41,peripheral,standard,none,32.87
128,17,0,0,5.98,87.34,5.58,22.33,10,31.26,21.13,84.72,central,standard,none,52.21
128,18,0,0,11.71,77.8,5.66,14.65,12,0,14.51,69.23,residential,standard,none,60.98
128,7,0,0,9.46,49.21,0.91,15.89,15,8.51,1.69,80.03,central,standard,none,44.17
128,8,0,0,15.4,70.59,6.86,15.36,20,31.28,18.2,42.63,residential,standard,none,72.94
128,9,0,0,12.75,76.5,0.92,23.25,22,0,16.75,61.07,residential,express,none,59.68
128,10,0,0,2.71,51.57,2.65,14.28,15,26.06,19.09,41.8,residential,express,none,48.33
128,11,0,0,10.77,45.49,0,17.59,15,12.74,12.93,63.88,residential,standard,none,52.07
128,12,0,0,10.13,46.18,10.19,17.1,6,10.15,12.69,46.9,residential,bulky,none,56.5
128,13,0,0,8.16,43.4,5.59,25.25,4,10.51,0.77,31.6,residential,bulky,none,47.54
128,14,0,0,15.11,29.93,4.77,16.83,6,19.66,15.13,28.13,peripheral,bulky,none,69.79
128,15,0,0,5.15,36.61,0,17.7,2,22.82,11.01,67.41,residential,bulky,none,32.83
128,16,0,0,6.28,38.68,1.47,17.72,9,38.5,12.3,50.94,residential,express,none,31.12
128,17,0,0,0.5,86.39,0,16.91,14,6.74,28.6,86.19,central,express,none,57.54
128,18,0,0,26.68,52.48,6.58,22.44,15,39.38,14.08,68.71,residential,standard,none,97.21
128,7,0,0,11.11,36.29,5.07,23.04,8,16.85,3.43,58.38,residential,standard,none,33.55
128,8,0,0,5.8,81.85,2.29,22.9,13,0,18.84,83.66,residential,standard,none,58.77
128,9,0,0,7.25,97.95,5.26,25.23,9,19.22,14.61,80.24,central,express,none,48.7
128,10,0,0,7.2,37.51,0.13,13.84,8,5.72,10.19,50.31,residential,standard,none,39.75
128,11,0,0,2.65,46.15,5.43,14.98,13,28.82,6.82,63.71,residential,standard,none,31.13
128,12,0,0,1.97,53.65,0,28.93,11,31.46,12.57,100,central,standard,none,39.8
128,13,0,0,3.28,46,7.68,24.38,4,27.71,6.88,15.04,peripheral,bulky,none,40.8
128,14,0,0,7.62,31.68,0,17.13,13,0,8.23,21.58,peripheral,standard,none,38.8
128,15,0,0,16.67,45.96,0.36,22.67,12,16.31,17.4,75.86,central,standard,none,73.46
128,16,0,0,11.32,39.98,3.56,18.96,8,35.02,5.95,45.57,residential,express,none,26.95
128,17,0,0,8.9,80.92,5.29,18.52,11,24.98,18.44,32.18,residential,standard,none,59.36
128,18,0,0,2.12,86.69,0,14.69,22,36.55,27.48,51.6,residential,express,none,39.33
129,7,0,0,8.83,19.53,5.77,16.89,16,21.77,5.66,50.61,residential,standard,none,38.08
129,8,0,0,6.84,73.72,1.17,17.2,16,31.35,10.76,66.94,residential,standard,none,46.54
129,9,0,0,7.09,87.08,0,21.16,9,37.43,22.91,83.48,central,standard,none,51.5
129,10,0,0,9.28,47.11,0,16.64,9,26.89,9.03,82.76,residential,express,none,40.13
129,11,0,0,7.28,42.22,0.68,20.14,12,7.24,12.27,39.61,residential,standard,none,46.27
129,12,0,0,5.77,44.82,1.46,18.47,12,41.29,9.99,94.68,central,standard,none,35.94
129,13,0,0,13.88,47.99,0,15.16,12,11.22,3.33,89.82,central,standard,none,45.34
129,14,0,0,27.42,53.08,0,16.2,17,34.25,10.67,89.82,central,standard,none,90.19
129,15,0,0,16.22,32.12,1.55,18.55,10,25.43,1.18,74.95,residential,bulky,none,62.88
129,16,0,0,0.5,32.42,0,21.87,12,14.58,13.09,40.77,residential,standard,none,21.19
129,17,0,0,9.1,78.52,0,22.26,19,16.72,15.51,72.24,central,express,none,56.63
129,18,0,0,10.05,47.13,2.13,14.09,7,21.32,26.53,32.8,peripheral,express,vehicle,84.87
129,7,0,0,5.14,42.92,6.7,14.06,8,0,2.99,62.08,residential,express,none,33.63
129,8,0,0,9.95,68.09,0,19.67,12,18.61,32.31,21.68,peripheral,express,none,63.13
129,9,0,0,7.4,91.63,3.5,20.6,7,26.27,19.26,100,central,standard,none,63.6
129,10,0,0,11.65,46.28,1.04,25.78,10,16.58,3.23,100,central,standard,none,51.87
129,11,0,0,15.84,56,6.64,22.12,12,22.38,10.32,100,central,standard,none,65.35
129,12,0,0,11,33.12,5.49,17.28,20,18.27,10.31,56.28,residential,standard,none,48.22
129,13,0,0,10,53.44,0,15.51,8,21.39,19.58,63.41,residential,standard,none,60.11
129,14,0,0,9.24,44.51,16.57,23.98,17,9.6,15.55,85.28,central,standard,none,55.1
129,15,0,0,12.77,40.16,10.77,11.4,6,25.03,18.62,44.48,residential,bulky,none,65.29
129,16,0,0,11.36,31.69,5.13,21.88,10,11.16,15.15,39.02,peripheral,express,none,36.32
129,17,0,0,14.2,63.48,3.75,21,17,18.87,18.16,59.92,residential,express,none,60.61
129,18,0,0,6.22,74.54,3.79,25.07,6,17,24.37,21.57,peripheral,standard,none,52.18
129,7,0,0,9.28,20.72,4.19,23.01,9,0,9.25,40.06,peripheral,standard,none,41.91
129,8,0,0,0.5,81.77,0,15.12,11,25.37,24.53,65.32,central,standard,none,53.37
129,9,0,0,13.98,90.95,0,21.66,17,2.39,11.62,100,central,standard,none,71.72
129,10,0,0,7.76,43.97,11.86,27.99,8,34.59,14.48,64.02,residential,bulky,none,56.15
129,11,0,0,18.27,38.58,7.74,19.34,17,27.11,1.47,52.87,residential,standard,none,49.24
129,12,0,0,2.72,42.62,0,20.1,15,3.74,6.65,54.91,residential,standard,none,22.54
129,13,0,0,10.41,41.63,0,19.3,17,19.38,5.51,48.87,residential,standard,none,40.92
129,14,0,0,15.34,39.51,0,16.59,13,2.38,5.13,89.97,central,express,customer_absent,69.23
129,15,0,0,7.37,21.22,10.45,17.4,12,36.14,3.22,37.14,peripheral,standard,none,38.55
129,16,0,0,4.94,52.85,3.31,16.65,4,0,5.53,99.61,central,bulky,none,49.43
129,17,0,0,28.28,79.92,0,16.93,12,23.59,25.91,72.16,central,standard,none,108.67
129,18,0,0,21.07,75.05,3.76,17.56,1,13.46,18.39,28.49,peripheral,bulky,none,85.85
129,7,0,0,4.84,62.51,0.35,20.01,16,32.31,20.35,67.93,central,standard,none,56.69
129,8,0,0,13.98,87.29,15.48,17.07,16,19.85,12.82,47.79,residential,standard,none,78.57
129,9,0,0,13.97,49.53,0,20.77,10,45.8,23.23,37.38,residential,standard,none,64.8
129,10,0,0,16.49,35.01,1.67,16.85,5,5.45,7.48,69.29,central,bulky,none,59.68
130,11,0,0,4.67,29.37,3.52,23.16,20,4.87,6.65,32.98,peripheral,standard,none,38.24
130,12,0,0,8.52,26.31,0,13.67,11,46.43,5.79,37.46,peripheral,express,none,20.87
130,13,0,0,7.46,36.65,0,19.59,13,17.24,7.49,13.07,peripheral,standard,none,34.48
130,14,0,0,20.58,41.74,17.59,16.89,6,33.55,12.63,29.43,residential,bulky,none,76.74
130,15,0,0,1.79,39.65,0,17.84,14,2.1,6.88,41.91,peripheral,standard,none,27.18
130,16,0,0,9.99,49.91,1.16,20.31,10,16.66,3.55,77,residential,standard,none,42.84
130,17,0,0,6.13,91.71,0,24.55,10,31.48,12.77,57.59,residential,standard,none,32.66
130,18,0,0,2.12,76.01,14.64,20.24,13,12.72,18.97,68.07,residential,standard,none,45.03
130,7,0,0,15.94,28.95,2.62,23.21,19,9.24,17.08,38.09,peripheral,standard,none,69.34
130,8,0,0,7.17,85.33,0,18.1,22,2.2,8.54,55.77,residential,standard,none,49.8
130,9,0,0,2.04,65.24,2.7,18.81,15,12.46,28.17,66.74,residential,express,none,47.22
130,10,0,0,16.29,54.38,0.92,18.22,12,20.16,1.62,100,central,standard,none,41.82
130,11,0,0,0.5,22.43,0,20.13,13,14.13,0,87.39,residential,standard,none,22.81
130,12,0,0,12.16,39.12,0,13.58,13,32.79,5.19,98.88,central,standard,none,42.7
130,13,0,0,8.38,40.72,10.43,20.24,15,11.88,11.2,58.98,residential,standard,none,54.86
130,14,0,0,6.55,37.63,1.8,14.86,13,9.23,4.01,26.99,peripheral,express,none,23.2
130,15,0,0,2.52,25.03,0,15.09,14,14.32,4.73,52.29,residential,express,none,20.04
130,16,0,0,15.17,45.34,6.05,24.26,21,8.53,8.23,5,peripheral,standard,none,55.78
130,17,0,0,4.9,79.17,0,19.4,19,18.95,16.2,87.16,central,express,none,42.02
130,18,0,0,13.12,86.67,9.69,23.69,14,8.51,13.12,12.94,peripheral,express,none,64.32
130,7,0,0,9.4,37.26,12,16.49,17,2.65,5.26,24.9,peripheral,express,none,38.65
130,8,0,0,12.24,79.88,3.66,15.91,16,27,12.52,51.64,residential,standard,none,67.31
130,9,0,0,4.27,76.85,0,21.89,13,7.33,17.8,42.9,peripheral,standard,none,54.97
130,10,0,0,5.11,38.26,9.65,24.15,9,0,0,28.17,peripheral,standard,none,28.82
130,11,0,0,11.9,49.72,10.49,17.8,21,19.56,18.79,72.54,residential,standard,none,65.81
130,12,0,0,9.69,36.53,0.64,19.32,6,13.26,11.63,69.05,residential,bulky,none,61.22
130,13,0,0,8.33,38.12,10.68,19.09,10,5.64,5.65,40.09,residential,standard,none,46.77
130,14,0,0,14.05,57.28,8.72,19.85,10,19.66,4.52,81.97,central,express,none,40.26
130,15,0,0,15.91,54.07,0,15.22,18,27.46,11.89,86.49,central,express,none,50.18
130,16,0,0,2.47,29.4,2.52,18.21,18,0,10.58,25.43,peripheral,standard,none,36.77
130,17,0,0,9.12,75.67,2.27,22.12,16,21.74,16.03,45.18,residential,standard,none,48.85
130,18,0,0,8.31,80.2,0,24.55,18,42.13,16.74,63.3,residential,standard,none,64.15
130,7,0,0,7.54,31.58,0,18.08,16,40.64,1.03,69,residential,standard,none,23.31
130,8,0,0,1.05,63.16,1.37,16.18,22,37.92,19.48,46.04,residential,standard,none,39.69
130,9,0,0,7.35,69.81,4.52,16.17,13,27.81,15.67,28.6,peripheral,express,none,41.91
130,10,0,0,9.05,33.96,0,17.15,20,4.56,4.74,22.52,peripheral,standard,none,36.72
130,11,0,0,11.65,43.5,1.4,12.84,12,44.32,12.29,76.09,central,bulky,roadwork,72.46
130,12,0,0,10.97,50.91,3.91,12.97,15,6.35,0.72,84.14,central,express,none,34.3
130,13,0,0,8.59,51.36,3.55,21.18,7,35.25,0,62.75,residential,standard,none,25.72
130,14,0,0,11.7,34.36,4.12,19.16,23,22.01,2.74,46.74,residential,express,none,42.86
131,15,1,0,12.2,52.92,0,21.27,18,0,4.51,95.19,central,standard,none,70.07
131,16,1,0,4.45,46.41,8.6,20.16,15,15.42,11.96,69.91,central,express,none,33.13
131,17,1,0,2.39,61.81,0,17.6,19,2.77,13.93,63.75,residential,standard,none,44.12
131,18,1,0,12.61,74.9,6.74,21.49,1,26.41,17.58,82.66,central,bulky,none,82.74
131,7,1,0,9.35,35.5,4.87,19.09,19,11.72,9.1,42.64,residential,standard,none,41.65
131,8,1,0,3.15,66.18,9.22,19.47,15,29.46,8.46,82.92,residential,standard,none,45.6
131,9,1,0,5.94,65.05,9.02,23.09,11,24.42,17.79,54.03,residential,express,none,48.38
131,10,1,0,6.01,16,8.01,22.08,7,21.63,3.97,39.87,residential,express,none,23.61
131,11,1,0,1.05,45.67,0.72,13.54,11,11.18,2.16,62.27,residential,standard,none,24.85
131,12,1,0,8.06,25.86,1.63,22.65,15,9.81,9.31,33.78,peripheral,standard,none,45.63
131,13,1,0,9.71,40.32,0,21.86,25,16.68,0,62.54,residential,standard,none,41.64
131,14,1,0,2.2,27.7,0,22.09,20,7.51,6.6,32.86,peripheral,standard,none,25.04
131,15,1,0,10.71,21.99,6.99,25.04,10,11.36,14.29,42.7,residential,express,none,45.2
131,16,1,0,0.5,37.81,9.2,22.49,1,2.22,8.35,52.61,residential,bulky,none,34.6
131,17,1,0,4.41,73.03,14.08,21.35,16,38.98,23.48,96.29,central,standard,none,58.27
131,18,1,0,17.61,50.3,0.84,19.98,20,9.18,17.48,27.41,peripheral,standard,none,71.69
131,7,1,0,12.25,21.82,2.96,18.05,7,16.8,13.55,68.66,residential,standard,none,49.08
131,8,1,0,10.28,66.24,1.75,16.22,14,36.49,18.74,31.83,peripheral,standard,none,59.67
131,9,1,0,6.01,62.56,0,21.88,7,14.34,16.45,12.62,peripheral,standard,none,51.97
131,10,1,0,7.47,54.08,2.88,18.1,15,7.77,9.81,88.02,central,standard,none,52.6
131,11,1,0,5.7,30.2,0.98,22.66,17,13.29,15.87,43.51,peripheral,standard,none,44.7
131,12,1,0,4.29,20.71,4.47,22.93,8,27.52,12.92,21.02,residential,bulky,none,49.16
131,13,1,0,0.5,32.03,0,18.56,11,46.19,4.08,60.19,residential,standard,none,24.05
131,14,1,0,9.4,39.57,0,23.35,12,13.99,11.76,92.59,central,express,none,36.39
131,15,1,0,0.63,31.99,0,19.14,18,0,4.33,35.68,peripheral,express,none,15.1
131,16,1,0,7.51,39.07,7.67,20.18,1,30.25,4.28,32.83,peripheral,bulky,none,37.45
131,17,1,0,9.14,67.31,3.57,19.58,14,18.38,13.82,60.62,residential,standard,none,57.62
131,18,1,0,6.2,63.4,10.07,19.17,16,18.9,17.43,28.06,peripheral,standard,none,48.86
131,7,1,0,11.37,25.44,2.89,22.08,20,29.08,0,57.9,residential,standard,none,46.47
131,8,1,0,4.7,53.51,8.36,22.17,22,27.5,17.38,67.91,residential,standard,none,54.32
131,9,1,0,8.08,47.91,3.64,21.41,17,19.06,8.54,14.62,peripheral,standard,none,43.47
131,10,1,0,7.32,28.12,2.87,17.25,7,10.88,3.77,59.6,residential,standard,none,25.45
131,11,1,0,27.63,40.03,10.21,23.06,17,12.96,4.41,92.74,central,express,none,70.6
131,12,1,0,7.91,22.68,10.07,22.61,17,20.29,12.79,25.72,peripheral,express,none,44.45
131,13,1,0,15.41,15.22,2.89,13.95,16,31.08,3.51,8.65,peripheral,standard,none,37.34
131,14,1,0,10.01,8,0,18.16,15,9.41,8.02,14.34,peripheral,standard,none,37.61
131,15,1,0,10.49,33.64,5.38,17.72,18,27.22,3.9,52.07,residential,standard,none,34.36
131,16,1,0,13.95,14.8,0,25.1,3,25.55,9.07,38.03,peripheral,bulky,none,45.08
131,17,1,0,12.7,67.7,6.21,16.38,4,40.47,26.78,30.5,peripheral,bulky,none,77.05
131,18,1,0,14.87,74.54,0,30.53,12,3.39,22.78,8.37,peripheral,standard,none,82.91
132,7,1,0,9.67,15.39,0,20.24,13,19.54,2.47,54.79,residential,standard,none,38.54
132,8,1,0,15.3,82.85,10.59,24.47,17,5.74,15.56,93.36,central,standard,none,82.75
132,9,1,0,2.36,84.49,3.52,21.7,14,12.91,15.36,98.55,central,express,none,34.16
132,10,1,0,15.45,54.05,0,29.55,21,23.9,6.08,100,central,standard,none,62.89
132,11,1,0,9.23,51.96,5.33,13.31,8,39.31,0,52.54,central,standard,none,33.82
132,12,1,0,8.28,40.72,0,23.3,11,9.86,8.85,53.96,residential,standard,none,41.08
132,13,1,0,8.8,26.43,5.23,24.27,3,59.07,10.12,88.79,central,bulky,none,46.91
132,14,1,0,9.65,25.31,0,19.43,19,18.26,11,49.44,residential,express,none,28.78
132,15,1,0,18.51,31.89,0,23.07,9,8.75,18.02,50.21,residential,standard,none,73.32
132,16,1,0,10.26,43.19,10.06,23.98,16,14.65,14.45,78.63,central,standard,none,47.91
132,17,1,0,9.14,71.44,5.14,22.64,19,13.57,18.5,55.97,residential,standard,none,61.9
132,18,1,0,6.32,79.26,5.26,18.61,11,25.81,14.37,42.55,residential,express,customer_absent,50.55
132,7,1,0,2.03,55.61,10.67,21.37,6,0,10.47,75.76,central,express,none,21.89
132,8,1,0,8.25,50.88,1.92,22.27,19,17.9,14.25,43.59,residential,standard,none,49.57
132,9,1,0,8.25,87.15,0,26.14,13,21.34,16.96,97.42,central,standard,none,57.55
132,10,1,0,8.25,42.54,4.98,29.39,11,28.54,24.35,92.99,central,standard,none,53.18
132,11,1,0,7.71,47.31,0,20.62,13,24.86,1,92.98,central,express,none,27.39
132,12,1,0,19.59,38.88,1.8,15.93,6,16.2,0,58.82,residential,bulky,none,55.5
132,13,1,0,10.04,36.67,1.91,16.77,10,8.18,0,39.95,residential,standard,none,28.94
132,14,1,0,8.48,15.2,4.83,20.9,14,34.02,15.27,36.46,peripheral,standard,none,40.9
132,15,1,0,9.06,48.04,0.87,18.01,13,52.65,8.52,83.31,central,standard,none,47.78
132,16,1,0,6.32,51.14,5.01,20.76,10,12.02,10.95,44.75,residential,express,none,42.22
132,17,1,0,11.58,65.29,13.56,22.67,1,16.6,14.38,86.19,central,bulky,none,67.54
132,18,1,0,1.88,48.89,1.34,14.05,15,0,16.81,18.07,peripheral,standard,none,44.08
132,7,1,0,10.92,23.09,0,22.65,9,22.56,8.75,12.56,peripheral,standard,none,36.56
132,8,1,0,7.9,60.87,7.51,24,17,9.22,12.07,30.6,peripheral,standard,none,50.33
132,9,1,0,11.79,69.84,6.79,18.48,14,0,11.1,24.65,peripheral,standard,none,58.41
132,10,1,0,9.02,49.49,0,15.12,8,38.86,9.03,42.37,peripheral,express,none,28.84
132,11,1,0,22.29,25.48,10.63,22.57,11,0,7.37,22.71,peripheral,standard,none,53.39
132,12,1,0,8.11,33.25,3.52,17.08,15,11.73,18.07,86.6,central,standard,none,54.87
132,13,1,0,8.28,21.65,1,24.24,9,26.66,11.6,54.46,residential,bulky,none,47.24
132,14,1,0,14.37,27.1,9.36,22.6,17,0,10.84,25.3,peripheral,standard,none,49.79
132,15,1,0,1.85,65.1,2.7,22.52,12,36.7,0.23,90.93,central,express,none,13.47
132,16,1,0,7.38,28.46,7.91,25.28,7,35.74,8.69,29.24,peripheral,express,none,39.67
132,17,1,0,5.22,61.88,4.12,22.87,18,5.11,18.11,49.04,residential,standard,none,46.12
132,18,1,0,0.5,66.23,0,22.12,18,25.76,27.78,31.56,peripheral,express,none,35.26
132,7,1,0,6.91,48.3,2.23,17.46,13,15.26,2.84,77.31,central,standard,none,31.48
132,8,1,0,12.68,76.41,2.15,16.38,18,28.55,25.55,66.97,central,express,none,64.29
132,9,1,0,16.21,86.85,6.68,22.28,23,20.96,23.7,70.9,residential,express,vehicle,103.54
132,10,1,0,3.72,21.8,3.69,22.94,15,23.04,1.57,67.15,residential,standard,none,20.07
133,11,0,0,7.99,25.19,0,21.42,16,13.2,7.02,60.2,peripheral,express,none,33.74
133,12,0,0,5.39,31.26,3.02,19.68,10,5.72,5.93,34.67,peripheral,standard,none,31.9
133,13,0,0,5.95,50.5,0,18.83,20,7.23,7.15,88.09,central,standard,none,42.69
133,14,0,0,13.98,39.96,1.25,14.61,13,24.75,0,87.74,residential,standard,none,43.09
133,15,0,0,8.52,39.94,0.56,21.37,11,26.94,1.5,73.97,residential,standard,none,32.2
133,16,0,0,3.7,39.03,0,19.16,19,18.09,2.31,17.25,peripheral,standard,none,31.11
133,17,0,0,10.37,58,4.17,18.24,1,23.37,9.27,37.42,peripheral,bulky,none,41.22
133,18,0,0,9.6,91.21,7.63,23.22,14,4.66,14.96,80.46,central,standard,none,66.18
133,7,0,0,22.72,45.03,0,23.68,14,0,4.52,61.88,residential,express,none,59.85
133,8,0,0,14.11,76.28,10.59,19.52,12,30.64,20.52,100,central,express,none,71.52
133,9,0,0,7.9,76.13,2.89,15.25,11,1.18,13.8,86.32,residential,bulky,none,62.96
133,10,0,0,4.71,50.95,6.06,32.2,15,0,16.15,43.83,residential,standard,none,44.22
133,11,0,0,22.56,49.69,2.2,25.18,14,11.31,9.41,82.12,central,standard,none,77.42
133,12,0,0,6.74,38.59,0.5,15.29,12,4.35,13.05,5.47,peripheral,standard,none,43.13
133,13,0,0,9.75,28.39,0,24.67,21,26.63,3.07,7.01,peripheral,standard,none,44.33
133,14,0,0,5.53,29.53,9.66,23.84,1,18.76,1.18,33.45,peripheral,bulky,none,35.85
133,15,0,0,15.58,60.93,3.66,7.09,10,12.6,15.66,77.84,central,standard,none,62.75
133,16,0,0,8.16,50.51,1.34,23.37,8,0,11.14,41.51,residential,express,none,38.28
133,17,0,0,7.07,74.29,8.49,24.21,12,43.32,9.28,44.15,peripheral,standard,none,53.14
133,18,0,0,0.5,60.25,9.77,16.24,18,29.77,15.43,59.35,residential,standard,none,30.14
133,7,0,0,12.33,47.04,6.26,19.17,13,28.75,0,50.36,residential,express,none,37.95
133,8,0,0,9.32,58.25,2.94,20.55,12,10.46,19.72,20.7,peripheral,express,none,45.17
133,9,0,0,4.83,62.41,7.77,23.94,17,15.78,31.86,5.55,peripheral,standard,none,65.69
133,10,0,0,17.1,25.39,0,16.61,9,51.3,12.99,6.14,peripheral,standard,none,46.36
133,11,0,0,12.9,54.49,0,17.29,7,9.08,5.93,88.63,central,standard,none,56.44
133,12,0,0,4.22,58.18,0,21.16,5,7.43,7.93,100,central,standard,none,36.17
133,13,0,0,9,41.66,20,19.53,14,3.92,1.95,21.16,peripheral,standard,none,42.97
133,14,0,0,3.4,39.99,16.09,18.53,13,25.19,0,73.53,residential,standard,none,27.53
133,15,0,0,1.5,37.33,4.63,24.09,14,4.34,13.13,31.6,residential,express,none,25.41
133,16,0,0,4.5,16.66,14.22,15.82,13,20.22,9.48,56.44,residential,standard,none,37.85
133,17,0,0,2.59,90.71,6.01,23.82,11,0,19.13,61.5,residential,standard,none,49.22
133,18,0,0,10.06,58.67,0,23.28,11,17.95,16.65,42.21,peripheral,standard,none,62.58
133,7,0,0,12.43,51.36,0,18.23,17,21.92,0,54.72,residential,standard,none,46.03
133,8,0,0,9.28,86.19,1.86,23.02,12,38.21,26.29,21.54,residential,standard,none,66.94
133,9,0,0,4.97,74.48,11.07,23.88,16,29.47,24.03,99.59,central,express,none,52.5
133,10,0,0,5.03,51.1,0,21.01,15,38.94,5.94,93.9,central,standard,none,43.63
133,11,0,0,5.85,49.92,4.72,20.62,12,4.44,15.85,35.06,residential,standard,none,49.35
133,12,0,0,7.39,47.42,0,21.7,11,44.69,6.89,79.03,central,express,none,28.08
133,13,0,0,7.17,47.96,5.35,23.95,15,27.8,0,42.68,residential,express,none,23.91
133,14,0,0,14.62,38.67,0,13.43,9,13.64,12.61,62.74,residential,standard,none,56.36
134,15,0,0,13.06,38,3.21,24.47,13,14.36,1.77,39.91,peripheral,standard,none,39.21
134,16,0,0,4.12,27.98,2.09,23.82,9,24.51,7.13,8.28,peripheral,standard,none,33.97
134,17,0,0,6.69,71.18,0,21.22,23,5.77,23.46,100,central,express,none,47.63
134,18,0,0,4.25,66.41,2.07,21.99,4,22.84,13.53,59.79,residential,bulky,none,44.46
134,7,0,0,12.11,63.59,7.33,24.56,9,56.17,6.3,99.75,central,express,none,40.64
134,8,0,0,34.37,71.66,5.4,18.58,7,33.37,14.09,53.1,residential,bulky,none,114.74
134,9,0,0,10.54,98,0.76,20.82,16,27.76,20.51,87.09,central,standard,none,79.23
134,10,0,0,17.29,22.63,0,23.29,15,0,10.89,8.16,peripheral,standard,none,62.13
134,11,0,0,11.98,50.52,0,22.23,11,31.97,4.89,59.9,residential,standard,none,47.89
134,12,0,0,9.06,28.09,0.87,26.78,7,16.45,4.75,32.49,peripheral,express,none,24.95
134,13,0,0,6.07,50.2,5.7,15.29,17,1.33,7.6,48.66,residential,standard,none,47.17
134,14,0,0,8.46,54.67,13.91,22.6,6,17.39,0,100,central,bulky,none,43.7
134,15,0,0,5.34,48.24,0,23.18,13,12.11,3.47,55.98,residential,standard,none,27.99
134,16,0,0,12.16,52.02,3.4,18.31,8,32.75,9.18,100,central,standard,none,50.43
134,17,0,0,11.27,77.05,8.38,20.92,5,0,13.39,5,peripheral,bulky,none,59.02
134,18,0,0,6.33,62.27,0,21.28,16,25.46,19.66,5,peripheral,standard,none,49.94
134,7,0,0,11.81,35.43,5.56,20.17,12,21.92,16,52.19,residential,bulky,none,65.16
134,8,0,0,16.64,78.7,7.5,17.11,21,5.83,13.26,49.24,residential,express,none,64.19
134,9,0,0,11.57,86.59,0,21.14,16,29.91,18.3,100,central,standard,none,74.51
134,10,0,0,8.41,55.76,0.1,22.2,18,20.78,7.25,61.88,residential,express,none,45.15
134,11,0,0,11.42,48.3,0,21.34,3,0,8.37,47.08,residential,standard,none,43.55
134,12,0,0,7.98,51.26,3.99,15.52,16,12.9,0.99,63.84,residential,express,none,33.39
134,13,0,0,10.98,29.31,2.99,20.83,20,23.83,4.69,31.12,peripheral,standard,none,36.24
134,14,0,0,12.25,41.57,0,21.15,23,39.01,3.04,64.85,residential,express,none,42.65
134,15,0,0,24.86,40.58,5.03,21.05,12,21.33,12.35,20.9,peripheral,standard,none,72.63
134,16,0,0,11.34,32.27,14.51,21.47,19,11.91,7,73.79,residential,standard,none,51.09
134,17,0,0,9.05,75.55,6.71,18.08,14,11.05,21.08,51.81,residential,standard,none,50.49
134,18,0,0,7.1,60.41,0,17.64,15,30.02,11.99,20.58,peripheral,standard,none,40.8
134,7,0,0,8.26,50.65,8.31,25.79,4,18.07,1.17,55.86,central,bulky,none,46.34
134,8,0,0,2.41,57.6,3.67,17.93,1,15.49,19.28,50.54,peripheral,bulky,none,45.37
134,9,0,0,20.61,73.62,0,23.75,20,5.14,19.14,63,residential,express,none,85.58
134,10,0,0,11.41,25.37,5.03,22.02,21,0,1.91,38.59,residential,standard,none,41.13
134,11,0,0,6.36,46.72,5.33,14.15,19,2.13,0,43.9,residential,express,none,26.6
134,12,0,0,7.12,61.79,0,21.35,9,6.24,9.4,82.57,central,standard,none,48.46
134,13,0,0,34.48,40.58,0.39,14.09,4,7.05,7.86,42.68,residential,standard,none,76.51
134,14,0,0,5.2,24.04,0,17.9,12,52.43,10.64,13.63,peripheral,express,none,21.49
134,15,0,0,6.24,40.4,2.52,20.89,7,31.74,10.91,56.96,residential,bulky,none,47.6
134,16,0,0,13.14,45.84,5.91,18.2,10,16.06,10.33,55.18,residential,bulky,none,63.77
134,17,0,0,11.28,67.91,0,17.91,10,16.72,13.42,67.17,residential,standard,none,62.57
134,18,0,0,11.82,76.3,0,28.48,10,12.71,13.07,25.21,peripheral,standard,none,65.69
135,7,0,0,8.19,43.47,0.92,25.41,13,19.82,5.39,93.76,central,standard,none,44
135,8,0,0,3.89,86.13,6.7,24.04,17,16.19,23.52,92.98,central,standard,none,55.31
135,9,0,0,33.19,80.81,0,23.82,11,37.8,9.96,96.52,central,standard,customer_absent,124.42
135,10,0,0,4.48,29.63,8.66,20.16,6,24.99,16.56,63.57,residential,standard,none,38.15
135,11,0,0,7.77,54.58,12.36,24.01,10,29.49,2.68,99.78,central,express,none,32.61
135,12,0,0,5.12,23.44,0,17.87,17,25,3.37,66.37,residential,express,none,27.67
135,13,0,0,5.21,41.42,14.47,17.7,10,23.28,8.92,89.06,central,standard,none,39.78
135,14,0,0,7.17,21.24,8.41,21.06,9,12.74,17.46,21.37,peripheral,express,none,39.18
135,15,0,0,5.6,47.69,4.2,23.8,14,8.7,7.03,92.4,central,standard,none,39.25
135,16,0,0,9.44,40.62,8.56,27.69,7,18.21,0,63.03,residential,bulky,none,44.62
135,17,0,0,11.3,60.46,0,18.49,17,25.45,12.07,41.83,peripheral,standard,none,51.89
135,18,0,0,10.71,91.65,3.4,22.64,15,5.98,15.66,89.16,central,standard,none,60.78
135,7,0,0,7.69,29.12,0,19.36,18,0,7.78,15.59,peripheral,standard,none,33.95
135,8,0,0,8.7,68.55,3.36,15.42,19,44.57,19.93,56.23,residential,standard,none,58.69
135,9,0,0,19.21,83.67,2.67,20.77,21,2.64,27.38,97.74,central,express,none,86.8
135,10,0,0,17.11,59.58,0.51,15.44,17,4.6,12.11,69.34,central,standard,none,78.08
135,11,0,0,11.14,57.62,1.06,13.59,15,12.32,0,57.86,residential,standard,none,44.02
135,12,0,0,19.6,41.02,4.49,19.36,3,28.36,11.77,84.79,central,bulky,none,71.61
135,13,0,0,8.97,34.45,0,24.6,14,29.28,5.48,58.5,residential,standard,none,43.65
135,14,0,0,5.24,48.49,0.43,18.55,17,15.28,0,74.34,residential,standard,none,29.53
135,15,0,0,9.6,36.1,12.08,20.47,23,41.19,20.12,66.47,residential,standard,none,61.95
135,16,0,0,15.95,27.94,4.07,18.95,12,12.63,10.16,56.79,residential,standard,none,54.11
135,17,0,0,10.9,98,1.59,25.61,14,7.52,8.34,47.2,residential,standard,none,58.93
135,18,0,0,10.99,59.72,1.49,23.17,5,17.82,18.98,29.98,peripheral,bulky,none,68.52
135,7,0,0,11.01,32.75,8.53,19.87,11,0,1.6,67.97,central,express,none,28.21
135,8,0,0,6.19,63.66,4.02,22.03,19,2.6,23.58,30.78,peripheral,standard,none,58.34
135,9,0,0,4.66,80.81,0,19.53,14,4.36,1.22,39.63,residential,standard,none,37.86
135,10,0,0,8.18,17.19,2.5,25.14,21,29.47,8.34,43.1,peripheral,standard,none,32.63
135,11,0,0,14.25,43.05,2.6,24.52,17,30.48,8.13,76.61,central,standard,none,50.69
135,12,0,0,10.41,30.68,0.04,24.7,12,7.73,9.58,24.61,peripheral,standard,none,43.5
135,13,0,0,0.5,43.1,0,20.2,17,0,8.37,74.88,residential,standard,none,39.08
135,14,0,0,5.32,46.92,4.27,18.59,12,6.05,4.83,78.75,central,standard,none,27.99
135,15,0,0,8.38,52.27,5.08,19.92,13,5.49,12.52,49.36,residential,standard,none,58.08
135,16,0,0,15.39,57.44,2.33,21.24,15,2.31,18.44,44.28,residential,standard,none,74.23
135,17,0,0,22.49,88.34,0.49,22.9,23,32.3,10.14,86.77,central,standard,none,101.88
135,18,0,0,9.56,61.6,7,19.32,2,14.33,13.83,38.4,peripheral,bulky,none,61.9
135,7,0,0,10.15,33.72,6.2,28.26,8,36.07,10.88,23.43,residential,express,none,32.6
135,8,0,0,7.55,70.55,7.02,26.69,6,5.27,8.6,35.92,residential,standard,none,43.82
135,9,0,0,12.26,63.54,15.45,20.21,15,5.54,6.54,54.41,residential,express,none,49.27
135,10,0,0,0.5,60.05,5.51,21.16,7,21.22,16.9,60.57,residential,standard,none,36.13
136,11,0,0,22.58,13.02,0,26.14,1,25.09,3.92,5,peripheral,bulky,none,52.35
136,12,0,0,10.16,36.22,1.57,21.13,16,31.86,0.89,26.68,peripheral,standard,none,36.55
136,13,0,0,0.5,49.81,1.18,15.5,6,7.79,4.89,78.99,central,express,none,12.44
136,14,0,0,8.35,43.48,3.37,27.69,19,57.55,22.8,55.16,residential,express,none,52.38
136,15,0,0,11.04,59.77,6.39,20.77,18,6.98,3.85,74.84,central,standard,vehicle,84.29
136,16,0,0,2.44,14.24,0,17.48,13,43.26,8.39,26.93,peripheral,standard,none,25.41
136,17,0,0,11.3,86.91,0.77,19.23,7,20.72,7.33,79.11,central,standard,none,48.39
136,18,0,0,10.67,69.69,5.47,18.94,15,12.89,19.66,42.1,residential,standard,none,69.51
136,7,0,0,5.7,41.18,9.9,12.66,10,23.04,8.42,51.88,residential,standard,none,39.83
136,8,0,0,6.29,86.93,0,17.71,19,28.34,27.71,99,central,express,none,60.5
136,9,0,0,10.3,55.14,6.29,18.82,12,17.6,24.3,34.22,peripheral,standard,none,64.04
136,10,0,0,6.98,56.29,0,32.16,12,19.41,10.67,36.91,residential,standard,none,39.05
136,11,0,0,10.22,50.85,0,25.29,14,0,2.81,83.69,central,express,none,36.97
136,12,0,0,7.54,8,5.98,19.33,7,7.57,0,29.63,peripheral,bulky,none,32.71
136,13,0,0,9.75,56.11,0,21.51,10,4.25,1.09,56.62,residential,express,none,35.93
136,14,0,0,7.81,36.05,9.83,21.88,11,8.73,12.35,81.59,residential,standard,none,53.65
136,15,0,0,8.89,65.29,6.31,23.93,5,22.22,7.28,80.13,central,standard,none,39.94
136,16,0,0,8.36,18.38,0,19.19,13,9.94,1.26,21.67,peripheral,standard,none,38.11
136,17,0,0,7.6,91.53,0.7,23.48,18,3.58,13.27,81.08,residential,express,none,45.76
136,18,0,0,11.99,74.07,0.63,21.27,8,6.33,10.7,50.72,residential,standard,none,61.47
136,7,0,0,12.98,65.46,0,15.64,26,29.1,8,96.35,central,standard,none,64.23
136,8,0,0,9.21,66.67,2.85,21.49,20,1.95,14.2,77.64,residential,standard,none,59.49
136,9,0,0,0.86,69.55,0,18.62,14,26.38,25.34,64.86,residential,express,none,32.75
136,10,0,0,10.84,61.36,9.19,23.1,5,1.49,7.93,76.49,central,bulky,none,61.5
136,11,0,0,11.3,32.54,2.05,23.68,16,2.39,17.42,13.7,peripheral,standard,none,55.19
136,12,0,0,23.05,26.32,11.22,21.19,11,30.22,8.51,30.24,peripheral,standard,none,68.43
136,13,0,0,12.03,39.99,0.03,16.2,20,45.32,5.62,89.3,central,standard,none,46.79
136,14,0,0,28.5,31.01,2.08,23.78,20,43.22,14.01,12.25,peripheral,express,none,68.54
136,15,0,0,14.37,16.19,2.84,19.31,20,11.39,0,35.72,peripheral,express,none,35.45
136,16,0,0,7.62,39.61,6,17.82,11,0,11.93,21.61,peripheral,express,none,30.64
136,17,0,0,13.69,65.6,0,24.26,13,16.46,17.76,31.93,peripheral,standard,none,69.19
136,18,0,0,9.27,86.15,3.81,29.39,11,0,23.11,100,central,standard,none,76.34
136,7,0,0,1.05,70.42,0,19.19,11,33.48,3.39,70.56,central,express,none,12.81
136,8,0,0,6.75,87.02,6.49,16.57,14,7.79,16.9,91.82,central,standard,none,59.58
136,9,0,0,4.76,89.61,6.44,18.34,20,7.49,19.08,79.42,central,express,none,48.04
136,10,0,0,11.5,36.04,9.11,27.7,23,9.7,10.96,37.93,peripheral,standard,none,52
136,11,0,0,8.92,39.54,1.4,19.89,9,6.84,0,76.34,central,standard,none,35.07
136,12,0,0,4.61,50.56,0,25.68,19,17.43,7.79,100,central,standard,none,56.3
136,13,0,0,7.4,36.01,3.94,23.21,15,22.23,1.1,71.51,residential,express,none,34.52
136,14,0,0,12.39,30.48,0,20.14,6,37.5,4.38,28.31,peripheral,express,none,37.08
137,15,0,0,0.7,47.11,5.79,24.06,12,26.7,0,42.59,residential,standard,none,22.9
137,16,0,0,27.29,46.54,7.35,24.41,14,29.3,1.24,53.61,residential,standard,none,71.75
137,17,0,0,23.77,84.78,5.69,19.16,11,7.02,14.19,12.89,peripheral,express,none,88.43
137,18,0,0,5.26,72.22,7.12,24.98,13,11.89,8.87,59.11,residential,standard,none,46.22
137,7,0,0,3.14,38.65,0,25.73,20,11.42,10.56,56.67,residential,standard,none,35.93
137,8,0,0,8.02,59.3,6.48,24.32,18,13.91,14.47,25.28,peripheral,standard,none,56.52
137,9,0,0,6.99,71.25,4.87,12.08,13,13.86,10.68,33.49,residential,standard,none,37.91
137,10,0,0,18.67,19.53,5.68,19.22,7,40.08,5.22,9.91,peripheral,standard,none,41.78
137,11,0,0,1.64,56.02,9.15,16.29,8,24.23,2.29,100,central,standard,none,38.86
137,12,0,0,3.55,61.22,0,24.11,13,31.66,8.34,77.17,central,standard,none,36.51
137,13,0,0,12.03,24.72,5.18,15.1,21,0,0,62.73,residential,express,none,42.22
137,14,0,0,3.76,20.35,4.57,25,21,9.31,16.15,31.21,peripheral,standard,none,52.5
137,15,0,0,8.37,38.11,6.07,22.69,21,34.88,7.16,58.16,residential,express,customer_absent,50.57
137,16,0,0,12.64,21.06,9.56,24.23,11,0,10,77.09,residential,standard,none,48.05
137,17,0,0,7.14,98,5.25,18.54,17,11.43,30.06,92.72,central,standard,none,73.67
137,18,0,0,9.02,60.04,0,17.9,13,44.87,17.6,29.8,peripheral,express,none,36.99
137,7,0,0,6.07,55.3,0,18.13,16,0,11.92,88.89,central,express,none,36.64
137,8,0,0,13.54,77.97,0,24.89,22,1.56,10.68,57.45,residential,standard,none,69.84
137,9,0,0,13.7,77.34,5.39,18.12,8,10.11,26.38,51.7,residential,bulky,none,86.52
137,10,0,0,5.16,25.56,3.1,22.27,16,0,11.59,29.66,peripheral,standard,none,35.06
137,11,0,0,13.51,41.91,4.94,20.04,18,43.01,0,44.53,residential,express,none,36.23
137,12,0,0,5.29,33.21,2.66,23.24,18,25.91,0,36.15,residential,standard,none,39.66
137,13,0,0,6.57,39.43,0,18.69,7,12.11,2.15,39.44,peripheral,bulky,none,49.95
137,14,0,0,13.61,49.72,5.71,17.41,21,1.09,5.79,76.61,residential,standard,none,53.43
137,15,0,0,26.06,68.25,1.11,18.64,11,47.02,4.35,46.07,residential,express,none,77.32
137,16,0,0,12.2,47.87,3.71,15.64,12,4.8,4.11,93.3,central,express,none,46.98
137,17,0,0,8.88,58.55,7.61,16.16,26,14.97,9.22,25.28,peripheral,express,none,47.27
137,18,0,0,13.57,83.03,0,25.45,12,18.43,19.16,95.29,central,express,none,62.07
137,7,0,0,9.57,28.15,7.16,24.38,8,2.26,5.33,60.22,residential,standard,none,46.28
137,8,0,0,10.72,59.88,3.1,19.41,8,5.24,7.56,38.83,peripheral,bulky,none,53.93
137,9,0,0,3.41,82.44,3.25,15.55,17,30.44,16.47,63.3,residential,express,none,44.07
137,10,0,0,7.07,31.08,7.61,22.85,15,0,14.17,75.26,central,standard,none,60.6
137,11,0,0,16.74,55.63,4.63,20.02,17,33.23,12.44,79.06,residential,standard,none,72.91
137,12,0,0,7.06,40.23,1.94,29.66,12,28.78,0,75.09,central,standard,none,29.08
137,13,0,0,9.42,39.24,2.66,24.25,18,24.83,0,89.43,central,standard,none,40.47
137,14,0,0,3.46,9.12,0,25.15,22,0,0.11,28.42,peripheral,standard,none,29.86
137,15,0,0,3.04,16.3,4,20.36,11,27.39,0,17.67,peripheral,express,vehicle,35.64
137,16,0,0,5.84,49.36,4.93,30.67,13,29.82,0,55.1,residential,express,none,23.46
137,17,0,0,5.73,74.12,1.02,22.06,10,27.47,23.53,11.24,peripheral,standard,none,41.02
137,18,0,0,9.78,69.18,0,22.33,7,20.13,8.7,29.55,residential,standard,none,51.5
138,7,1,0,7.64,39.23,2.41,19.67,24,24.96,1.39,90.89,central,standard,none,38.76
138,8,1,0,28.37,73.56,6.36,25.42,1,14.78,17.86,56.86,residential,bulky,none,115.35
138,9,1,0,1.47,74.38,0,14.03,17,8.12,13.34,29.53,peripheral,standard,none,35.31
138,10,1,0,14.22,19.29,5.77,28.64,19,36.62,14.79,36.85,peripheral,standard,none,53.67
138,11,1,0,6.46,32.58,4.92,17.82,8,25.7,11.64,71.71,residential,express,none,33.32
138,12,1,0,6.1,12.57,11.35,20.22,10,29.96,17.44,10.01,peripheral,standard,none,36.21
138,13,1,0,17.73,57.43,4.8,19.41,9,16.18,12.78,45.71,residential,standard,none,70.87
138,14,1,0,19.01,38.14,0.21,21.28,17,19.82,9.76,46.09,residential,express,none,53.74
138,15,1,0,19.01,33.46,6.4,23.92,13,26.02,10.08,68.58,central,standard,none,64.4
138,16,1,0,9.69,50.01,9.08,17.74,18,19.1,15.33,36.47,residential,standard,none,54.96
138,17,1,0,8.28,72.8,10.32,18.96,19,24.14,17.9,87.14,central,standard,none,65.29
138,18,1,0,6.44,62.22,0,22.42,10,9.43,14.95,41.46,residential,standard,none,48.68
138,7,1,0,22.73,38.81,4.35,23.16,12,14,15.01,38,residential,standard,none,75.56
138,8,1,0,10.07,71.7,0,22.3,3,26.13,14.47,80.55,central,bulky,none,66.91
138,9,1,0,13.59,68.36,8.25,20.07,19,0,18.44,100,central,express,none,64.05
138,10,1,0,5.6,24.82,5.82,17.57,18,17.35,3.13,74.07,central,standard,none,32.24
138,11,1,0,2.07,18.94,8.81,21.47,1,13.74,1.58,70.93,residential,bulky,customer_absent,36.08
138,12,1,0,7.79,46.09,0,23.54,6,0,3.52,68.51,central,standard,none,41.01
138,13,1,0,10.51,23.58,0,24.27,15,22.54,15.32,23.76,peripheral,express,none,44.51
138,14,1,0,6.05,35.17,0,18.32,19,45.89,0,53.53,residential,standard,none,30.84
138,15,1,0,6.52,26.77,2.55,15.3,12,29.78,14.01,42.44,residential,standard,none,39.9
138,16,1,0,2.5,59.03,5.89,17.05,9,43.04,1.57,84.74,central,standard,none,17.34
138,17,1,0,14.76,75.52,0,15.26,18,19.08,6.36,38.13,residential,standard,none,61.34
138,18,1,0,12.85,52.48,0.25,22.37,13,32.44,26.87,46.38,peripheral,standard,none,76.02
138,7,1,0,30.39,12.31,0,20.16,1,23.02,5.41,31.52,peripheral,bulky,none,73.55
138,8,1,0,9.76,61.94,0.35,20.8,13,13.05,16.59,15.16,peripheral,standard,none,59.19
138,9,1,0,11.38,63,2.36,20.78,18,0,15.55,71.42,residential,standard,none,64.76
138,10,1,0,9.91,53.26,0,24.84,17,53.11,7.44,85.77,central,standard,none,51.55
138,11,1,0,11.85,29.4,0,20.41,14,0,13.75,39.07,residential,standard,none,53.65
138,12,1,0,4.9,21.48,5.54,16.49,13,17.86,6.76,20.96,peripheral,standard,none,25.43
138,13,1,0,23.12,23.43,3.47,28.45,4,32.25,16.87,55.85,residential,bulky,none,77.24
138,14,1,0,25.98,28.63,4.91,20.39,9,6.39,0,12.11,peripheral,standard,none,61.35
138,15,1,0,2.58,41.93,1.08,23.37,19,19.82,19.33,34.57,residential,standard,none,44.98
138,16,1,0,8.48,33.47,0.16,24.73,11,16.01,5.92,26.68,peripheral,standard,none,38.85
138,17,1,0,3.76,79.45,7.19,21.48,12,31.73,16.23,55.41,residential,express,none,35.14
138,18,1,0,7.55,58.61,8.23,25.86,14,0.92,22.64,35.72,peripheral,standard,none,55.86
138,7,1,0,8.78,20.61,0,20.65,16,36.95,0.98,28.19,peripheral,express,none,22.07
138,8,1,0,11.86,79.54,2.86,21.35,21,23.45,14.64,38.63,residential,standard,none,65.09
138,9,1,0,11.17,86.97,3.35,20.95,18,36.8,17.84,71.4,central,express,none,55.94
138,10,1,0,5.23,37.25,10.64,16.13,14,0,5.65,61.14,residential,standard,none,34.38
139,11,1,0,11.79,37.25,0.5,17.27,9,0,21.98,94.66,central,standard,none,67.94
139,12,1,0,24.03,52.97,0,23.18,27,38.93,7.42,96.78,central,standard,none,81.2
139,13,1,0,25.39,8,4.37,20.8,13,27.15,20.05,8.19,peripheral,express,none,58.83
139,14,1,0,0.59,50.64,0,22.66,18,28.79,0,80.05,central,express,none,17.84
139,15,1,0,9.6,14.42,0,27.37,10,29.86,4.41,14.62,peripheral,bulky,none,40
139,16,1,0,17.43,27.82,3.18,24.76,8,15.61,6.33,39.47,residential,express,none,43.42
139,17,1,0,5.33,88.97,0.44,16.55,10,15.44,23.32,100,central,express,none,49.73
139,18,1,0,22.49,73.99,0.53,16.3,13,22.59,15.44,85.36,residential,standard,none,88.09
139,7,1,0,7.16,10.78,8.98,22.66,12,23.89,0,39.28,peripheral,express,none,19.52
139,8,1,0,9.01,66.5,0.06,25.13,10,19.53,15.26,87.23,residential,express,none,46.02
139,9,1,0,12.46,70.72,5.88,19.8,19,37.57,13.72,47.16,residential,standard,none,69.11
139,10,1,0,9.12,25.73,6.76,31.72,25,8.3,10.04,44.37,peripheral,standard,none,51.17
139,11,1,0,7.14,24.08,8.57,20.32,3,10.91,6.78,29.8,peripheral,bulky,none,36.97
139,12,1,0,5.33,49.7,3.17,19.51,15,21.18,13.9,73.87,central,standard,none,51.24
139,13,1,0,3.08,41.67,1.1,19.83,10,3.68,2.18,14.21,peripheral,bulky,none,32.25
139,14,1,0,0.64,26.15,0.53,18.31,11,4.41,13.59,24.03,peripheral,standard,none,29
139,15,1,0,5,39.66,0,15.53,16,0.02,14.16,51.79,residential,standard,none,41.17
139,16,1,0,5.68,47.06,4.58,21.52,26,29.89,1.89,92.1,central,standard,none,46.89
139,17,1,0,10.05,75.15,1.6,17.91,14,18.55,11.35,88.39,central,standard,none,49.29
139,18,1,0,17.53,48.18,3.05,20.75,10,17.88,22.84,46.31,residential,express,none,62.69
139,7,1,0,7.42,30.23,0,27.44,14,38.3,5.59,5,peripheral,express,none,27.68
139,8,1,0,8.55,57.13,1.32,25.31,13,15.31,25.76,54.74,residential,express,none,61.27
139,9,1,0,0.5,47.42,2.6,26.63,9,4.95,13.01,31.75,peripheral,standard,none,30.82
139,10,1,0,12.97,40.29,3.42,31.83,18,13.7,11.64,46.49,residential,express,none,45.98
139,11,1,0,20.58,41.1,0,20.65,23,23.69,1.66,57.2,residential,standard,none,59.13
139,12,1,0,2.8,39.82,0,25.25,19,4.04,15.89,57.83,residential,standard,none,43.81
139,13,1,0,0.5,41.73,7.47,24.61,18,0,1.58,73.29,residential,standard,none,32.52
139,14,1,0,0.5,54.54,0,27.95,13,45.15,0,87.32,central,standard,none,12.3
139,15,1,0,5.76,55.07,0,26.07,19,10.85,0,100,central,standard,none,29.09
139,16,1,0,4.48,33.96,0,26.95,8,5.56,4.75,23.68,peripheral,standard,none,32.5
139,17,1,0,13.46,55.84,12.6,17.98,13,36.54,22.85,20.92,peripheral,express,roadwork,69.03
139,18,1,0,10.92,78.23,4.63,17.86,18,16.07,20.03,55.46,residential,standard,none,71.42
139,7,1,0,10.28,35.68,2.23,23.75,21,9.29,10.67,41.53,residential,standard,none,45.08
139,8,1,0,6.99,94.71,0,17.28,15,0,7.71,100,central,standard,none,56.99
139,9,1,0,3.65,79.75,1.9,19.21,11,0,16.36,90.33,central,standard,none,39.73
139,10,1,0,3.1,33.26,3.18,20.11,16,36.35,3.74,55.21,residential,express,none,15.72
139,11,1,0,5.68,26.83,0,21,10,0,10.3,48.32,residential,standard,none,38.33
139,12,1,0,16.15,31.73,1.01,23.64,10,13.61,14.38,24.35,peripheral,standard,none,58.12
139,13,1,0,1.31,21.62,0.83,20.48,8,0,4.23,32.73,peripheral,bulky,none,41.01
139,14,1,0,25.7,32.05,4.4,27.98,24,9.1,16.72,85.55,central,express,none,83.93
140,15,0,0,32.97,52.42,6.43,17.83,14,21.24,13.42,86.83,central,express,none,104.53
140,16,0,0,14.45,47.31,0,26.26,19,0,0,90.61,central,standard,customer_absent,66.35
140,17,0,0,11.55,96.05,4.96,25.17,6,17.7,15.95,54.17,residential,standard,none,62.26
140,18,0,0,15.73,89.03,0.31,26.04,10,36.32,6.55,37.93,peripheral,express,none,58.1
140,7,0,0,3.19,40.79,0,21.13,11,24.86,8.78,80.18,central,standard,none,29.16
140,8,0,0,4.61,84.04,6.13,26.71,15,25.09,28.58,57.68,peripheral,standard,none,52.45
140,9,0,0,3.7,98,0,25.36,16,41.37,21.74,69.91,central,standard,none,56.38
140,10,0,0,8.94,41.58,5.42,18.25,12,19.74,9.07,22.68,peripheral,bulky,none,54.34
140,11,0,0,1.96,46.68,0,16.4,15,22.1,2.18,100,central,standard,none,26.3
140,12,0,0,18.18,49.98,1.72,21.28,9,48.77,13.22,74.65,residential,bulky,none,68.5
140,13,0,0,6.15,29.29,1.35,24.76,18,25.62,0,5,peripheral,standard,none,34.49
140,14,0,0,8.18,34.08,0,22.8,24,20.13,6.74,7.2,peripheral,standard,none,37.51
140,15,0,0,11.63,17.64,4.71,26.97,15,18.51,13.72,33.7,peripheral,standard,none,42.24
140,16,0,0,17.26,52.28,0,23.44,11,30.76,19.41,78.74,residential,express,none,62.48
140,17,0,0,13.14,87.16,0.19,20.53,7,53.46,26.47,47,residential,express,none,64.31
140,18,0,0,0.5,78.66,4.15,20.03,20,25.41,31.53,61.53,residential,standard,none,49.31
140,7,0,0,10.34,61.59,4.66,20.15,12,6.78,2.55,93.6,central,express,none,46.68
140,8,0,0,4.26,89.65,0,23.49,16,0,12.18,61.3,residential,express,none,46.51
140,9,0,0,7.62,89.56,3,19.13,1,30.84,10.54,77.61,central,bulky,none,60.89
140,10,0,0,28.61,33.75,5.02,20.92,10,12.43,2.56,5.88,peripheral,standard,none,60.7
140,11,0,0,4.11,35.29,0.79,14.89,18,47.04,9.49,86.67,residential,standard,none,32.72
140,12,0,0,6.13,55.54,3.86,21.77,20,22.18,2.27,71.96,central,standard,none,30.87
140,13,0,0,5.58,58.74,6.48,22.53,10,13.35,6.41,87.78,central,standard,none,39.69
140,14,0,0,5.75,37.33,0,23.02,1,21.13,3.46,39.84,peripheral,bulky,none,30
140,15,0,0,11.19,38.55,4.25,24.63,13,26.11,10.21,69.71,residential,standard,none,48.55
140,16,0,0,8.49,36.25,1.08,20.58,12,0,12.33,70.04,residential,standard,none,39.28
140,17,0,0,8.08,85.1,1.94,21.27,19,45.43,12.79,96.75,central,standard,none,47.52
140,18,0,0,4.14,86.72,2.56,18.21,16,0,15.47,36.27,residential,standard,none,51.22
140,7,0,0,7.01,25.39,0.16,14.1,15,23.62,1.26,18.44,peripheral,express,none,21.81
140,8,0,0,5.03,66.41,8.15,17.19,15,7.24,17.3,53.28,residential,express,none,41.64
140,9,0,0,27.87,80.04,0,17.82,11,42.76,13.99,100,central,standard,none,100.22
140,10,0,0,9.69,45.58,7.01,16.38,9,44.9,4.69,95.36,central,standard,none,45.68
140,11,0,0,13.36,46.12,3.83,22.46,6,34.6,3.43,88.83,central,bulky,none,55.59
140,12,0,0,0.5,51.75,0,19.24,13,22.97,13.61,84.07,central,standard,none,39.37
140,13,0,0,8.19,56.43,6.63,20.89,11,19.22,1.82,84.12,central,express,none,43.14
140,14,0,0,3.03,20.89,0,21.41,9,11.15,9.18,35.86,peripheral,standard,none,32.37
140,15,0,0,0.5,25.25,1.38,19.9,16,16.84,7.16,46.22,peripheral,standard,none,24.92
140,16,0,0,12.23,42.66,0,20.42,12,21.7,3.36,100,central,express,none,38.57
140,17,0,0,8.74,80.21,0,20.07,1,17.51,18.61,20.58,peripheral,bulky,none,64.37
140,18,0,0,15.36,83.54,2.83,22.95,17,41.15,16.14,80.96,central,standard,none,83.1
141,7,0,0,0.5,27.13,4.65,20.33,15,29.48,9.2,46,residential,standard,none,24.46
141,8,0,0,5.74,78.76,7.77,17.1,19,23.76,20.46,58.35,residential,standard,none,55.72
141,9,0,0,3.14,60.73,0,26.9,23,27.72,22.21,39.18,peripheral,standard,none,56.12
141,10,0,0,5.84,38.75,5.03,22.37,13,32,1.73,50.63,residential,standard,none,15.96
141,11,0,0,9.47,60.04,0,18.22,1,39.26,6.86,100,central,bulky,none,51.62
141,12,0,0,8.72,19.45,8.62,26.36,19,19.26,6.93,5,peripheral,express,none,35.01
141,13,0,0,7.58,56.56,0,24.21,20,12.76,2.47,75.83,central,standard,none,46.12
141,14,0,0,11.34,27.84,3.02,21.9,22,23.76,3.32,26.69,peripheral,standard,none,38.74
141,15,0,0,8.63,35.49,0,24.79,9,27.81,9.42,68.01,residential,standard,none,39.91
141,16,0,0,5.47,53.45,12.64,18.74,13,30.75,10.39,91.33,central,express,none,46.4
141,17,0,0,5.77,63.36,0,17.29,2,0,18.34,44.98,peripheral,bulky,none,51.38
141,18,0,0,17.95,86.15,3.85,25.38,15,20.15,11.21,99.48,central,standard,none,87.21
141,7,0,0,11.22,39.09,0,12.59,11,23.19,15.99,55.51,residential,standard,none,53.92
141,8,0,0,10.61,72.8,3.37,23.42,19,26.27,19.02,14.31,peripheral,express,none,59.36
141,9,0,0,18.54,91,5.89,26.68,11,0,5.98,89.47,central,express,none,63.91
141,10,0,0,8.32,64.64,0.65,16.61,16,44.97,8.79,78.94,central,standard,none,50.31
141,11,0,0,2.78,52.58,0,21.07,13,28.95,12.83,88.06,central,express,none,29.91
141,12,0,0,22.37,31.52,0,19.56,14,0,19.36,14.33,peripheral,standard,none,77.35
141,13,0,0,5.1,54.69,0,22.88,13,11.38,1.09,92.33,central,standard,none,24
141,14,0,0,5.93,47.64,0,19.78,11,17.74,15.08,100,central,standard,none,39.29
141,15,0,0,6.88,29.33,3.39,18.56,13,46.83,6.92,68.45,residential,standard,none,35.37
141,16,0,0,7.03,23.43,2.71,26.04,11,11.42,23.23,16.18,peripheral,standard,none,50.14
141,17,0,0,8.31,78.14,5.43,21.66,10,15.17,12.54,62.64,residential,standard,none,50.87
141,18,0,0,8.24,87.69,7.45,32.45,11,15.54,20.12,79.33,central,bulky,none,71.34
141,7,0,0,9.12,33.52,4.97,21.33,3,8.95,2.11,27.21,peripheral,bulky,none,41.97
141,8,0,0,8.22,91.26,0,24.31,16,36.95,11.59,93.64,central,standard,none,59.04
141,9,0,0,24.36,72.02,0,26.01,12,19.96,18.52,40.66,peripheral,standard,none,99.54
141,10,0,0,8.55,24.99,8.7,27.47,9,4.69,0,5,peripheral,bulky,none,35.49
141,11,0,0,2.41,58.6,0.8,17.59,18,11.08,0,100,central,express,none,26.09
141,12,0,0,9.01,46.91,0.08,21.14,20,26.33,2.66,79.14,central,standard,none,49.48
141,13,0,0,5.71,56.9,0,19.92,17,22.06,18.35,69.75,residential,standard,none,52.8
141,14,0,0,3.58,34.67,0,18.46,15,18.25,13.51,62.2,residential,express,none,31.86
141,15,0,0,5.91,53.27,6.97,24.26,14,49.71,7.62,45.12,residential,standard,none,30.27
141,16,0,0,10.03,46.53,3.16,19.98,5,31.19,0,13.43,peripheral,bulky,none,37.16
141,17,0,0,12.45,70.11,4.61,19.88,18,27.89,12.53,94.1,central,standard,none,59.8
141,18,0,0,4.33,67.01,0,18.14,15,37.7,19.24,16.08,peripheral,standard,none,43.54
141,7,0,0,25.33,52.17,2.96,24.77,11,34.66,0,100,central,standard,none,73.35
141,8,0,0,13.41,88.34,5.69,20.14,12,15.66,17.21,100,central,express,none,66.45
141,9,0,0,7.49,72.57,4.01,22.06,1,3.54,16.98,58.35,residential,bulky,none,48.66
141,10,0,0,7.54,40.64,0,12.4,9,32.87,7.2,23.44,peripheral,standard,none,32.97
142,11,0,0,10.75,41.13,0.25,18.57,14,24.76,6.61,91.81,central,standard,none,49.09
142,12,0,0,9.01,47.3,12.8,18.91,5,0,18.01,85.44,central,bulky,none,70.3
142,13,0,0,12.3,35.04,0,25.53,15,18.79,8.8,47.68,residential,express,none,40.67
142,14,0,0,1.88,45.75,1.88,18.11,15,22.86,5.32,82.33,central,standard,none,31.11
142,15,0,0,23.83,18.87,0.37,27.1,11,11.89,8.28,53.2,peripheral,standard,none,67.66
142,16,0,0,9.47,20.72,0,23.8,17,0,9.75,41.49,peripheral,standard,none,45.25
142,17,0,0,2.53,72.51,6.13,21.52,20,14.92,20.94,52.4,residential,standard,none,40.55
142,18,0,0,4.92,87.59,0,23.01,16,47.23,19.89,91.57,central,express,none,47.15
142,7,0,0,11.33,52.96,0,21.6,19,38.46,5.91,43.64,residential,standard,none,49.99
142,8,0,0,6.91,79.14,0,23.99,11,37.75,12.1,74.77,central,standard,none,38.07
142,9,0,0,4.2,37.86,4.55,23.81,1,18.45,28.4,5,peripheral,bulky,none,54.61
142,10,0,0,3.33,43.07,9.2,27.48,20,10.38,0,69.62,residential,standard,none,34.41
142,11,0,0,32.88,52.17,2.85,24.77,9,36.22,10.07,77.62,residential,express,none,83.55
142,12,0,0,11.96,45.59,0,19.44,15,0,0,38.89,peripheral,standard,none,46.05
142,13,0,0,26.07,49.11,9.89,21.06,18,5.48,2.98,80.25,residential,standard,none,71.67
142,14,0,0,0.5,37.47,3.28,17.25,17,10.37,19.47,97.41,central,standard,none,46.47
142,15,0,0,16,47.43,3.93,26.27,14,31.29,6.87,100,central,express,none,51.55
142,16,0,0,25.21,53.87,4.25,25.19,1,54.21,14.32,56.63,residential,bulky,none,86.47
142,17,0,0,9.9,73.48,10.56,19.54,16,30.73,22.29,37.21,residential,standard,none,67.25
142,18,0,0,4.72,72.45,1.15,24.69,9,31.89,16.51,69.83,residential,standard,none,36.95
142,7,0,0,5.85,51.65,0,24.63,3,24.42,0,83.04,central,bulky,none,34.35
142,8,0,0,17.47,76.67,10.31,14.96,10,38.43,30.97,9.54,peripheral,standard,none,96.51
142,9,0,0,10.5,50.92,3.14,25.36,12,12.21,7.18,61.92,residential,standard,none,42.54
142,10,0,0,7.56,44.75,0.84,23.77,17,46.87,7.09,95.18,central,standard,none,48.66
142,11,0,0,4.04,35.18,0,20.28,7,14.35,4.44,70.8,residential,standard,none,23.25
142,12,0,0,12.81,40.51,0,26.53,20,0,5.04,55.16,residential,standard,none,53.95
142,13,0,0,10.61,44.16,9.25,18.95,13,6.2,3.52,85.38,residential,express,none,42.54
142,14,0,0,8.58,47.8,2.95,23.15,21,15.9,2.27,48,peripheral,express,none,37.56
142,15,0,0,16.95,12.96,7.82,15.7,18,35.14,14.69,20.24,residential,express,customer_absent,48.33
142,16,0,0,5.63,30.19,3.16,24.44,16,42.94,3.99,46.51,residential,standard,none,35.8
142,17,0,0,17.03,84.65,0,21.79,10,17.24,23.31,61.97,residential,standard,none,84.22
142,18,0,0,8.82,67.97,3.14,24.54,7,26.68,11.16,13.06,peripheral,bulky,none,53.91
142,7,0,0,7.29,47.28,1.59,30.35,10,14.23,0,56.84,residential,standard,none,30.05
142,8,0,0,8.7,89.44,0.2,20.02,18,40.7,10.59,94.67,central,express,none,51.16
142,9,0,0,8.98,80.58,11.19,19.12,10,25.54,17.78,35.37,residential,standard,none,55.34
142,10,0,0,0.85,48.28,0.78,26.66,16,14.84,2.84,56.26,residential,express,none,12.9
142,11,0,0,11.31,14.66,0,21.37,19,27.53,4.05,39.59,peripheral,standard,none,35.13
142,12,0,0,10.73,54.7,9.28,15.74,19,13.19,0,84.17,central,standard,none,48.86
142,13,0,0,7.69,56.99,11.57,23.99,16,21.49,8.66,100,central,express,none,44.34
142,14,0,0,4.65,66.57,1.85,18.78,12,41.62,8.53,76.53,central,standard,none,29.49
143,15,0,0,27.32,38.37,0,19.51,10,5.9,10.11,45.61,residential,standard,none,75.17
143,16,0,0,11.87,53.55,7.17,20.52,1,8.74,10.29,68.87,residential,bulky,none,67.43
143,17,0,0,8.31,78.11,0,20.23,13,13.08,20.92,91,central,standard,none,55.77
143,18,0,0,3.77,75.49,5.94,22.07,9,37.89,15.5,54.07,residential,bulky,none,53
143,7,0,0,2.78,36.25,0,26.04,14,0,6.57,53.32,residential,standard,none,21.36
143,8,0,0,8.24,81.06,4.63,22.1,10,23.93,23.65,76.12,central,standard,none,67.22
143,9,0,0,13.07,66.28,2.76,23.26,16,37.72,15.88,47.72,residential,standard,none,62.86
143,10,0,0,9.95,49.84,8.05,14.79,11,29.96,4.6,100,central,express,none,34.57
143,11,0,0,8.95,50.01,0,22.25,7,39.1,7.28,35.15,residential,bulky,none,45.05
143,12,0,0,13.49,39.43,0.98,22.02,12,12.83,12.42,30.12,peripheral,standard,none,49.54
143,13,0,0,10.15,58.85,2.06,23.49,17,25.04,5.91,94.58,central,standard,none,59.49
143,14,0,0,14.21,38.93,6.19,17.65,21,33.75,6.97,37.83,residential,express,none,38.76
143,15,0,0,13.32,35.92,0,19.8,14,33.56,12.75,24.85,peripheral,standard,none,55
143,16,0,0,7.83,38.82,3.24,27.81,13,8.24,9.19,19.76,peripheral,standard,none,41.02
143,17,0,0,11.17,63.45,3.07,24.58,15,14.98,22.62,100,central,standard,none,68.57
143,18,0,0,4.09,81.97,1.6,23.68,14,26.35,20.61,94.69,central,express,none,43.83
143,7,0,0,15.62,14.16,3.69,19.27,15,19.13,17.73,22.01,peripheral,standard,none,64.79
143,8,0,0,5.81,44.12,1.91,19.03,13,7.66,23.46,65.64,residential,express,none,41.72
143,9,0,0,2.34,93.8,0,18.56,18,16.59,26.83,73.06,central,express,none,57.01
143,10,0,0,14.35,18.81,7.02,30.9,9,39.81,6.53,50.39,residential,standard,none,54.2
143,11,0,0,8.97,52.38,1.83,20.9,16,0,12.98,59.02,residential,standard,none,52.34
143,12,0,0,8.12,40.21,0,24.04,13,9.6,0,91.39,residential,standard,none,26.49
143,13,0,0,36.6,44.01,0,20.42,5,27.54,0,65,residential,bulky,none,81.48
143,14,0,0,18.85,38.48,1.45,20.86,17,44.78,0.82,55.46,residential,standard,none,56.88
143,15,0,0,13.17,42.6,0,27.27,11,19.88,15.46,82.98,residential,express,none,52.09
143,16,0,0,14.88,42.86,8.34,15.91,7,20.29,8.71,11.8,peripheral,bulky,none,56.65
143,17,0,0,1.34,79.75,2.37,22.77,15,13.25,10.72,77.51,central,standard,none,44.38
143,18,0,0,13.16,74.67,4.39,21.96,19,13.29,14.74,61.55,residential,standard,none,63.55
143,7,0,0,24.99,49.65,0.54,21.28,18,35.12,11.4,100,central,express,none,74.72
143,8,0,0,12.49,79.6,9.6,27.06,13,16.19,17.71,28.88,peripheral,standard,none,65.62
143,9,0,0,0.5,60.05,0,20.44,12,14.93,14.5,43.68,residential,standard,none,40.41
143,10,0,0,7.47,28.38,0,21.27,11,15.6,12.02,35.81,peripheral,express,none,27.45
143,11,0,0,12.25,43.32,9.66,21.15,11,0,16.18,23.78,residential,express,none,45.84
143,12,0,0,14.4,47.1,6.64,19.06,16,0,4.07,29.96,residential,standard,none,56.21
143,13,0,0,6.04,43.05,6.12,23.87,9,15.22,7.6,92.31,central,standard,none,39.01
143,14,0,0,9.99,43.62,0,17.77,11,3.01,12.87,100,central,standard,none,46.98
143,15,0,0,10.35,37.69,4.86,21,15,31.93,18.62,39.43,peripheral,standard,none,59.33
143,16,0,0,9.91,28.51,3.06,24.21,19,18.92,2.4,59.48,residential,standard,none,37.56
143,17,0,0,7.65,53.84,3.91,13.77,9,20.82,20.4,67.79,residential,standard,none,56.84
143,18,0,0,12.49,65.01,0,22.69,21,25.22,27.84,33.37,peripheral,standard,none,80.67
144,7,0,0,11.1,19.41,8.36,14.94,17,34.18,15.72,21.62,peripheral,standard,none,53.62
144,8,0,0,7.37,73.94,8.1,23.81,8,1.81,15.82,58.46,residential,standard,none,60.55
144,9,0,0,19.67,85.3,5.94,16.22,7,34.89,16.89,94.99,central,express,none,85.71
144,10,0,0,8.2,36.93,1.65,21.5,17,21.55,7.66,59.27,residential,standard,none,43.46
144,11,0,0,19.12,24.42,0,23.01,13,3.73,0,18.4,peripheral,standard,none,57.47
144,12,0,0,11.11,41.8,8.7,21.17,13,17.63,7.16,51.6,residential,standard,none,53.32
144,13,0,0,12.15,35.62,8.15,15.73,18,32.75,6.8,94.52,central,standard,none,55.22
144,14,0,0,12.11,35.47,0,22.7,5,22.4,0,56.92,residential,bulky,none,42.44
144,15,0,0,6.21,47.89,0,23.77,14,16.38,13.35,53.02,residential,express,none,47.97
144,16,0,0,7.73,28.53,2.72,23.68,1,23.66,1.28,36.64,peripheral,bulky,none,30.12
144,17,0,0,13.79,70.73,6.58,16.91,13,7.52,26.02,36.23,residential,standard,none,84.61
144,18,0,0,7.51,74.19,7.7,27.47,19,14.62,22.99,52.67,residential,standard,none,61.93
144,7,0,0,18.49,31.45,1.07,16.75,11,5.54,0.56,26.62,peripheral,bulky,none,58.5
144,8,0,0,12.47,67.94,0.28,23.09,19,0,12.2,19,peripheral,standard,none,61.56
144,9,0,0,7.93,70.66,9.8,18.64,14,10.4,13.29,49.23,residential,standard,none,50.8
144,10,0,0,11.33,53.91,1.4,24.16,20,3.54,6.07,78.49,central,standard,none,51.56
144,11,0,0,5.46,50.33,10.1,16.91,16,23.74,2.92,60.76,residential,express,none,37.63
144,12,0,0,10.89,34.21,6.22,17.94,15,19.47,7.4,62.36,residential,standard,none,47.02
144,13,0,0,1.64,37.76,0.02,25.64,12,10.61,0.47,18.28,peripheral,standard,none,24.79
144,14,0,0,10.55,37.24,0,19.54,15,47.19,4.66,65.17,central,express,none,29.63
144,15,0,0,9.46,45.55,2.11,19.06,10,25.2,1.89,53.8,residential,standard,none,41.1
144,16,0,0,7.69,39.84,14.6,17.25,1,15.69,6.34,23.88,peripheral,bulky,none,47.36
144,17,0,0,9.94,59.98,0,23.47,9,5.89,19.67,73.73,residential,standard,none,62.42
144,18,0,0,0.81,76.08,2.24,23.43,6,21.69,14.2,63.96,central,bulky,none,43.66
144,7,0,0,27.76,49.32,1.28,26.29,15,11.55,6.34,100,central,standard,none,83.43
144,8,0,0,6.78,59.64,6.48,23.27,15,20.39,8.02,22.41,peripheral,standard,none,34.48
144,9,0,0,10.96,65.11,5.14,23.96,15,45.38,19.51,52.34,peripheral,standard,none,71.73
144,10,0,0,23.13,41.67,4.22,22.2,10,25.21,7.8,34.29,residential,standard,none,63.51
144,11,0,0,2.11,58.66,5.44,23.71,13,36.35,1.59,63.73,residential,bulky,none,31.59
144,12,0,0,8.33,70.38,0,18.36,19,31.84,6.45,89.45,central,standard,none,52.85
144,13,0,0,4.22,63.27,4.04,22.77,12,9.68,0,71.62,central,bulky,none,47
144,14,0,0,13.26,48.78,6.93,20.8,7,22.42,11.92,47.05,residential,express,none,44.48
144,15,0,0,8.51,50.92,7.47,20.85,10,9.19,6.15,55.39,residential,standard,none,41.29
144,16,0,0,11.84,35.49,5.64,15.54,14,16.7,0,23.62,peripheral,standard,none,48.51
144,17,0,0,14.79,98,11.12,18.87,14,29.18,25,80.82,central,standard,none,99.29
144,18,0,0,10.14,63.49,2.4,31.16,14,22.78,20.04,41.05,peripheral,express,none,62.96
144,7,0,0,21.15,56.45,0,17.41,14,9.35,5.5,77.94,central,standard,none,72.86
144,8,0,0,8.81,85.44,0.55,24.75,19,23.49,9.59,56.27,central,standard,none,55.79
144,9,0,0,12.32,58.38,0,23.01,26,24.19,31.25,42.38,peripheral,express,none,69.01
144,10,0,0,12.08,44.1,9.09,22.52,10,34.29,5.07,47.74,residential,standard,none,44.88
145,11,1,0,4.93,35.62,3.76,22.61,14,3.36,13.66,25.09,residential,standard,none,45.61
145,12,1,0,11.21,37.01,1.32,20.84,12,7.4,0,57.67,residential,standard,roadwork,52.62
145,13,1,0,7.03,32.03,10.03,18.52,8,0,8.67,63.55,residential,express,none,41.23
145,14,1,0,2.94,25.57,3.27,29.62,19,11.96,4.8,27.97,peripheral,standard,none,32.43
145,15,1,0,11.49,38.24,0,24.46,18,0,3.48,82.16,central,standard,none,42.63
145,16,1,0,12,48.33,6.16,21.72,14,0,14.22,100,central,standard,none,58.63
145,17,1,0,3.02,72.99,3.87,21.4,15,43.06,15.74,38.45,residential,standard,none,45.75
145,18,1,0,5.57,81.92,0.7,21.26,16,5.1,14.54,100,central,standard,none,41.82
145,7,1,0,12.05,33.8,15.06,24.41,13,19.97,5.56,70.95,central,standard,none,46.64
145,8,1,0,7.82,60.21,2.03,23.97,9,30.43,22.3,28.63,peripheral,express,none,54.89
145,9,1,0,11.61,69.24,0.2,24.51,17,0,7.16,51.47,residential,standard,none,54.42
145,10,1,0,10.59,38.54,0,18.07,21,23.32,9.51,74.69,central,express,none,48.01
145,11,1,0,8.43,33.6,0,24.23,8,21.83,4.62,73.68,central,express,none,30.82
145,12,1,0,16.85,50.75,0,24.27,25,38.66,5.98,100,central,standard,none,56.95
145,13,1,0,7.42,21.16,5.53,17.69,19,55.05,11.86,5,peripheral,standard,none,35.34
145,14,1,0,3.64,48.79,0,19.81,20,18.84,1.91,47.46,residential,standard,none,21.6
145,15,1,0,7.45,36.12,4.33,17.68,15,12.44,3.2,52.46,residential,standard,roadwork,77.81
145,16,1,0,8.52,47.37,4.23,20.69,13,13.1,12.86,93.29,central,express,none,41.89
145,17,1,0,9.11,59.57,11.1,18.72,14,32.65,23.84,100,central,standard,none,65.35
145,18,1,0,13,90.74,7.75,21.77,17,10.36,17.25,96.44,central,express,none,84.03
145,7,1,0,1.26,28.11,2.22,22.08,10,64.75,3.88,64.98,residential,standard,none,26.59
145,8,1,0,10.26,66.96,0.08,23.43,16,26.82,15.62,48.16,residential,standard,none,65.23
145,9,1,0,7.23,75.2,0.81,22.08,10,5.47,16.3,59.5,residential,standard,none,54.87
145,10,1,0,3.96,47.39,10.68,21.09,18,0,13.79,43.71,residential,standard,none,43.61
145,11,1,0,2.77,34,1.24,18.96,16,14.62,10.52,82.56,central,standard,none,37.84
145,12,1,0,19.2,30.34,7.23,19.12,15,2,9.58,65.7,residential,standard,none,65.33
145,13,1,0,0.5,31.31,1.43,26.67,13,6.21,0.11,75.86,residential,standard,none,22.11
145,14,1,0,6.75,31.49,0,22.74,14,5.98,1.69,41.07,residential,standard,none,19.34
145,15,1,0,15.05,51.04,8.38,20.87,6,7.54,2.86,82.08,central,standard,none,54.18
145,16,1,0,14.64,35.54,0,21.27,16,43.47,1.65,61.71,residential,standard,none,43.27
145,17,1,0,6.74,78.76,4.7,22.37,18,34.99,18.69,83.97,central,standard,none,61.68
145,18,1,0,5.34,85.8,2.83,19.1,8,9.94,15.94,74.1,central,standard,none,55.95
145,7,1,0,11.85,52.81,5.59,20.48,18,8.43,15.19,66.43,central,express,none,59.06
145,8,1,0,13.13,85.18,5.93,22.24,14,32.63,26.55,92.82,central,standard,none,86.33
145,9,1,0,14.79,67.77,0,17.66,14,23.58,20.92,71.53,residential,express,none,58.62
145,10,1,0,7.95,45.98,0.9,25.28,15,13.52,13.74,87.04,central,standard,none,57.4
145,11,1,0,10.61,40.11,1.23,26.58,16,36.18,6.2,62.28,residential,standard,none,42.56
145,12,1,0,9.68,58.2,3.53,18.04,15,0,0,100,central,standard,none,45.7
145,13,1,0,9.7,43.95,2.36,24.65,16,19.89,2.86,77.75,central,standard,roadwork,64.82
145,14,1,0,10.53,65.14,2.83,20.48,17,45.48,0,86.62,central,standard,roadwork,43.51
146,15,1,0,9.64,36.8,1.35,15.91,10,32.42,0,81.06,residential,standard,none,37.36
146,16,1,0,10.68,30.56,0,23.91,18,40.9,0,64.62,residential,standard,none,41.28
146,17,1,0,10.39,68.42,10.15,25.91,22,0.66,15.91,100,central,standard,none,64.63
146,18,1,0,8.68,77.3,0,24.16,17,26.2,18.96,55.46,residential,standard,none,62.9
146,7,1,0,8.79,46.67,0,22.25,15,9.92,13.87,81.73,central,standard,none,64.14
146,8,1,0,7.31,63.57,5.53,22.53,2,35.18,15.81,98.57,central,bulky,none,57.04
146,9,1,0,6.18,55.09,0,18.92,16,8.51,13.6,13.33,peripheral,express,none,37.95
146,10,1,0,6.21,60.28,4.56,24.98,15,0,10.78,100,central,standard,none,52.18
146,11,1,0,3.47,47.11,0,16.38,6,0,0.18,38.9,residential,standard,none,18.5
146,12,1,0,3.55,32.42,10.98,21.01,13,0,11.13,55.24,residential,standard,none,49.96
146,13,1,0,16.73,57.13,7.65,23.58,17,7.77,0,48.03,residential,standard,none,70.06
146,14,1,0,11.4,42.32,2.01,23.3,8,19.89,8.92,56.2,residential,standard,none,47.53
146,15,1,0,0.5,37.35,17.29,18.68,14,9.71,10.9,45.21,residential,standard,none,38.14
146,16,1,0,9.56,35.39,4.55,26.91,7,30.16,0,63.66,residential,express,none,22.84
146,17,1,0,11.94,87.96,1.51,19.45,21,32.47,21.23,95.84,central,standard,none,82.41
146,18,1,0,3.93,68.73,0.96,19.79,1,25.83,23.27,42.79,residential,bulky,none,53.63
146,7,1,0,4.12,52.01,1.71,17.48,15,15.13,19.13,99.29,central,standard,none,52.12
146,8,1,0,7.4,56.99,4.73,22.39,12,22.23,22.41,32.31,peripheral,standard,none,61.24
146,9,1,0,6.19,98,1.72,24.35,8,17.06,20,54.08,central,standard,none,54.16
146,10,1,0,15.46,21.15,0.7,17.96,6,12.65,4.9,59.42,residential,bulky,none,51.07
146,11,1,0,4.84,30.33,2.77,22.9,21,0,10.97,52.87,residential,standard,none,45.24
146,12,1,0,13.59,51.7,1.9,24.5,15,17.44,9.57,100,central,standard,none,60.64
146,13,1,0,13.11,55.14,0,21.61,8,21.8,0,92.15,central,standard,none,41.88
146,14,1,0,12.59,10.55,0,23.86,10,3.14,5.17,5,peripheral,standard,none,37.01
146,15,1,0,17.94,8,0,17.37,9,16.65,0.53,27.91,peripheral,bulky,none,40.41
146,16,1,0,11.23,41.37,0,28.15,13,2.34,11.2,89.5,central,standard,none,60.79
146,17,1,0,15.97,86.93,4.16,28.66,8,28.21,19.69,85.45,central,bulky,none,90.26
146,18,1,0,2.99,75.81,3.48,21.44,18,24.61,10.77,66.2,residential,standard,none,37.75
146,7,1,0,20.85,29.49,10.01,23.13,18,1.64,0,66.08,residential,express,none,48.43
146,8,1,0,16.9,63.73,0,19.71,3,6.43,19.16,48.56,residential,standard,none,71.01
146,9,1,0,21.09,83.03,10.4,21.46,15,23.66,13.94,80.92,central,standard,none,104.85
146,10,1,0,5.81,44.17,4.09,26.26,3,9.46,3.17,81.34,central,bulky,none,39.05
146,11,1,0,7.96,32.68,0,23.26,9,7.19,9.68,81.8,central,standard,none,42.93
146,12,1,0,9.88,36.67,0,20.85,12,40.75,6.54,83.97,central,standard,none,38.9
146,13,1,0,30.49,49.29,0,20.43,10,35.38,2.75,61.45,residential,standard,none,77.17
146,14,1,0,5.1,32.94,0.16,21.1,7,21.95,6.33,55.76,residential,express,none,20.59
146,15,1,0,4.71,46.66,0,21.91,4,32.52,11.76,40.3,residential,standard,none,43.29
146,16,1,0,12.9,51.68,14.03,17.04,15,26.69,9.96,33.66,residential,standard,none,67.25
146,17,1,0,5.8,81.85,4.25,24.37,9,35.76,12.45,84.54,central,express,none,37.41
146,18,1,0,8.5,63.47,2.03,29.61,19,20.83,7.56,49.63,residential,express,none,32.38
147,7,0,0,8.89,33.12,7.92,16.84,11,1.37,14.72,46.89,peripheral,express,none,44.79
147,8,0,0,9.62,73.76,0,24.93,14,22.4,21.13,38.52,residential,standard,none,66.65
147,9,0,0,6.84,58.93,1.42,23.32,12,9.45,22.88,20.74,peripheral,standard,none,54.1
147,10,0,0,13.63,41.56,1.84,26.96,14,17.15,14.96,56.76,residential,standard,none,60.38
147,11,0,0,10.16,46.18,0.8,17.86,1,7.3,11.54,79.63,central,bulky,none,57.58
147,12,0,0,8.97,25.18,0,20.65,11,3.51,13.49,72.5,residential,express,none,38.57
147,13,0,0,8.68,36.58,4.7,24.76,12,8.26,0,46.37,residential,standard,none,29.08
147,14,0,0,14.18,33.62,7.63,22.8,6,20.02,7.13,47.96,residential,standard,none,45.96
147,15,0,0,22.01,58.81,0,21.24,6,17.12,0,93.42,central,express,none,59.85
147,16,0,0,3.75,42.06,0.04,23.65,17,25.65,5.75,100,central,standard,none,31.52
147,17,0,0,11.28,92.6,6.08,22.21,16,8.43,14.49,84.31,central,standard,none,69.01
147,18,0,0,25.88,85.58,3.68,21.41,13,37.11,27.23,48.8,peripheral,standard,none,117.03
147,7,0,0,31.95,35.6,5.82,20.81,10,35.77,6.99,37.93,residential,standard,none,76.82
147,8,0,0,6.93,81.96,0,22.03,19,16.03,21.87,71.3,residential,standard,none,59.85
147,9,0,0,7.5,80.65,5.65,21.54,18,0,11.21,11.37,peripheral,standard,none,48.74
147,10,0,0,18.89,54.78,2.12,22.44,18,28.92,0,78.31,central,standard,none,54.53
147,11,0,0,13.5,35.32,0,20.4,21,24.36,12.37,64.24,residential,express,none,48.57
147,12,0,0,11.1,40.04,0,22.38,11,10.15,2.74,28.04,peripheral,standard,none,41.58
147,13,0,0,8.52,59.76,2.33,21.7,7,12.7,10.7,85.8,central,standard,none,47.19
147,14,0,0,9.67,59.88,0,23.57,10,9.52,0,100,central,standard,none,30.92
147,15,0,0,11.76,56.28,0.57,22.85,18,14.09,14.57,94.05,central,standard,none,66.38
147,16,0,0,7.6,25.1,6.51,20.46,17,13.24,10.66,41.72,residential,standard,none,41.16
147,17,0,0,4.98,65.56,1.37,22.21,19,37.8,19.22,46.5,residential,standard,none,46.28
147,18,0,0,35.34,74.01,5,21.86,20,18.31,20.33,33.55,residential,standard,none,137.36
147,7,0,0,0.53,38.54,0,29.03,16,26.44,12.04,88.19,central,standard,none,32.55
147,8,0,0,11.23,66.77,0.2,19.19,12,1.89,2.41,44.11,residential,express,none,43.98
147,9,0,0,8.76,68.31,0,24.8,13,20.72,18.08,69.29,peripheral,bulky,none,71.69
147,10,0,0,12.74,47.16,0,21.02,15,11.21,0,52.48,residential,standard,none,42.46
147,11,0,0,11.24,38.01,2.65,19.7,9,0,0,100,central,bulky,none,45.03
147,12,0,0,7.13,52.52,10.74,22.7,8,1.37,12.22,77.91,central,bulky,none,51.23
147,13,0,0,11.6,35.18,0,21.34,11,37.26,5.31,19.86,peripheral,express,none,33.97
147,14,0,0,11.63,64.94,0,15.6,2,36.36,17.9,77.26,central,bulky,none,63.85
147,15,0,0,5.19,35.34,2.6,21.53,19,14.51,5,32.52,residential,standard,none,26.8
147,16,0,0,3.72,25.43,0.15,25.5,12,12.36,9.5,41.44,peripheral,express,roadwork,53.4
147,17,0,0,7.69,82.26,7.24,19.27,13,22.44,10.47,41.42,residential,standard,none,50.53
147,18,0,0,8.9,60.87,2.8,13.65,11,25.87,15.76,18.06,peripheral,express,none,47.82
147,7,0,0,15.39,45.7,0.6,23.2,14,15.55,0,75.36,central,express,none,37.34
147,8,0,0,8.26,73.23,0,14.46,8,27.38,7.2,54.15,residential,express,none,33.3
147,9,0,0,22.89,76.07,1.67,28.56,11,20.68,12.1,44.42,residential,standard,customer_absent,98.56
147,10,0,0,18.05,26.62,2.9,23.41,9,14.33,27.81,61.25,residential,express,none,68.93
148,11,0,0,3.92,26.74,9.35,23.28,22,17.24,8.77,5,peripheral,standard,none,35.42
148,12,0,0,7.26,28.64,0,20.62,13,7.05,5.06,71.38,residential,standard,none,40.19
148,13,0,0,8.7,37,8.19,25.03,11,0,3.85,28.01,peripheral,standard,none,40.54
148,14,0,0,10.28,23.07,0.48,25.16,2,40.63,6.44,27.12,peripheral,bulky,none,39.92
148,15,0,0,9.87,24.07,4.27,14.79,8,38.57,5.58,10.59,peripheral,standard,none,42.66
148,16,0,0,6.95,38.75,0,18.1,11,39.93,15.69,92.38,central,express,none,33.9
148,17,0,0,7.07,73.11,7.17,24.65,17,27.46,9.61,36.55,peripheral,standard,none,46.92
148,18,0,0,14.43,55.66,11.14,21.82,11,12.77,15.22,20.19,peripheral,standard,none,62.64
148,7,0,0,9.77,65.13,9.58,26.27,15,0,7,92.32,central,standard,none,60.32
148,8,0,0,25.1,86.73,0,22.15,16,29.46,4.07,80.47,central,standard,none,89.82
148,9,0,0,36.99,63.39,1.33,19.72,7,8.57,23.46,37.26,peripheral,standard,none,124.28
148,10,0,0,5.87,27.69,8.49,22.04,9,20.44,16.16,40.84,residential,express,none,41.79
148,11,0,0,39.34,33.79,9.17,21.32,19,10.08,0,56.23,residential,standard,none,95.9
148,12,0,0,9.71,45.32,1.29,22.64,13,10.1,8.57,52.19,residential,standard,none,43.45
148,13,0,0,9.79,63.59,4.97,26.74,23,27.98,10.53,100,central,standard,vehicle,75.46
148,14,0,0,7.22,59.54,0,21.33,11,11.98,0.85,86.94,central,express,none,20.49
148,15,0,0,8.68,15.19,0,25.81,12,39.07,15.99,27.18,peripheral,standard,none,35.63
148,16,0,0,27.02,60.39,1.41,25.26,18,36.49,12.3,100,central,standard,none,96.69
148,17,0,0,10.66,98,0,22.53,10,2.3,16.77,76.51,central,standard,none,74.79
148,18,0,0,9.03,72.63,0,25.49,6,41.52,2.81,26.71,peripheral,bulky,none,57.1
148,7,0,0,12.95,33.88,9.13,25.17,12,6.03,0.1,64.64,residential,standard,none,44.49
148,8,0,0,3.23,61.85,8.92,23.73,17,27.09,14.94,20.99,peripheral,standard,none,42.76
148,9,0,0,10.96,71.62,0,16.16,21,31.04,7.05,52.09,peripheral,standard,none,50.77
148,10,0,0,8.38,37.93,2.13,15.95,3,22.08,21.41,74.61,central,bulky,none,62.33
148,11,0,0,8.11,26.7,3.06,19.49,19,40.72,4.18,25.14,peripheral,express,none,24.61
148,12,0,0,7.22,41.79,0,17.42,1,9.42,0,29.28,peripheral,bulky,none,27.96
148,13,0,0,11.42,26.17,1.02,21.53,13,0,1.05,42.61,residential,express,none,22.73
148,14,0,0,9.61,19.39,0,23.69,4,46.83,1.03,54.34,peripheral,bulky,none,32.86
148,15,0,0,5.24,39.1,0,24.38,1,8.25,0,24.02,peripheral,bulky,none,35.79
148,16,0,0,11.21,57.92,0,19.9,14,12.26,6.43,46.19,residential,standard,none,53.08
148,17,0,0,11.03,57.63,9.47,23.86,13,26.64,17.21,35.65,peripheral,standard,none,72.02
148,18,0,0,5.57,65.86,1.47,25.46,7,30.14,21.19,20.51,peripheral,express,none,38.32
148,7,0,0,14.81,41.86,15.42,26.51,12,19.5,12.29,74.76,residential,standard,none,72.24
148,8,0,0,8.51,76.94,5.79,21.42,16,41.74,12.48,31.35,residential,standard,none,46.09
148,9,0,0,8.23,68.62,7.8,22.91,14,2.96,7.96,70.8,residential,standard,none,52.38
148,10,0,0,26.27,40.85,0,22.36,11,30.23,3.78,97.12,central,standard,none,76.88
148,11,0,0,0.5,67.14,0,20.88,9,13.81,25.4,80.56,central,bulky,none,52.68
148,12,0,0,9.46,32.26,0,20.67,12,28.08,6.13,65.11,residential,standard,none,25.86
148,13,0,0,17.04,31.85,4.15,16.08,20,33.35,17.81,66.12,residential,standard,none,65.65
148,14,0,0,20.11,48.28,3.67,24.2,10,35.47,11.38,58.12,residential,standard,none,70.63
149,15,0,0,24.76,29.74,7.14,21.66,14,23.64,6.4,73.84,central,standard,none,69.82
149,16,0,0,6.07,32.8,0,21.79,8,0,8.17,39.29,residential,express,none,27.6
149,17,0,0,11.19,93.86,6.53,21.64,4,14.54,12.84,31.24,residential,bulky,none,71.81
149,18,0,0,12.5,82.03,0.44,23.63,17,17.54,16.74,52.81,residential,express,none,64.49
149,7,0,0,10.51,41.65,1.27,25.21,14,13.17,7.48,46.84,residential,express,none,50.88
149,8,0,0,10.33,90.41,5.77,18.34,9,25.95,9.09,100,central,standard,none,60.86
149,9,0,0,7.09,73.18,0,23.35,13,17.86,16.73,65.45,residential,bulky,none,59.85
149,10,0,0,4.89,16.85,4.95,23.52,14,36.53,11.36,26.5,peripheral,standard,none,32.31
149,11,0,0,6.46,26.79,1.67,20.21,2,29.33,0.29,32.54,peripheral,bulky,none,31.1
149,12,0,0,8.17,15.36,10.9,21.81,9,10.21,5.59,27.59,peripheral,standard,none,38.49
149,13,0,0,4.4,43.35,0,13.02,15,7.72,6.25,96.78,central,express,none,32.8
149,14,0,0,7.78,39.82,0,23.67,14,2.21,4.14,87.72,central,standard,none,39.24
149,15,0,0,15.61,40.53,7.05,23.54,17,28.18,4.89,42.67,residential,standard,none,53.52
149,16,0,0,6.1,29.02,6.57,20.4,9,20.61,1.57,39.86,peripheral,standard,none,34.4
149,17,0,0,9.14,89.3,1.63,22.86,11,13.44,22.73,75.76,central,standard,none,65.78
149,18,0,0,10,48.95,5.35,22.78,15,13.36,22.63,50.26,residential,standard,none,63.88
149,7,0,0,14.17,37.08,0,17.22,21,14.71,9.91,27.06,peripheral,standard,none,53.81
149,8,0,0,7.55,48.31,7.31,17.97,13,15,12.02,29.88,peripheral,standard,none,41.99
149,9,0,0,8.6,70.7,0,23.05,15,16.26,15.26,40.05,peripheral,standard,none,53.84
149,10,0,0,3.65,29.4,7.28,16.61,13,34.95,0,68.82,residential,standard,none,18.93
149,11,0,0,3.9,27.35,11.07,18.4,13,3.71,1.91,5,peripheral,express,none,24.18
149,12,0,0,7.96,30.58,0,16.89,14,19.46,21.27,30.78,peripheral,standard,none,61.76
149,13,0,0,13.81,38.85,1.15,26.71,13,23.09,8.65,47.25,peripheral,standard,none,50.58
149,14,0,0,7.49,37.41,0,22.88,17,3.22,11.44,44.87,residential,standard,none,42.7
149,15,0,0,11.98,47.07,0,25.83,13,16.39,2.2,80.33,central,express,none,33.03
149,16,0,0,20.21,25.13,5.56,22.92,20,7.91,21.58,21.28,peripheral,standard,none,68.44
149,17,0,0,15.63,63.51,6.24,32.32,3,19.48,9.57,25.96,peripheral,bulky,none,60.34
149,18,0,0,3.46,98,5.07,18.86,11,27.09,24.53,62.3,central,standard,none,53.53
149,7,0,0,10.82,29.57,4.51,23.52,17,35.83,3.01,69.04,residential,standard,roadwork,57.52
149,8,0,0,17.38,91.28,0,15.88,12,0,17.39,43.92,residential,standard,roadwork,113.23
149,9,0,0,10.23,88.02,3.48,23.76,20,10.25,15.37,64.19,central,express,none,63.69
149,10,0,0,17.69,28.2,1.61,16.39,24,30.73,3.68,38.12,peripheral,express,none,53.26
149,11,0,0,4.35,37.78,1.8,21.48,13,0.32,17.6,53.72,residential,standard,none,45.78
149,12,0,0,25.89,46.69,0,21.72,11,5.69,3.41,69.32,residential,standard,none,72.73
149,13,0,0,4.31,36.66,4.08,24.35,8,13.23,0,21.84,peripheral,standard,none,8.57
149,14,0,0,6.02,43.86,9.86,22.38,15,21.25,5.16,35.03,residential,standard,none,34.48
149,15,0,0,7.04,40.79,5.31,20.37,11,12.58,4.79,46.63,peripheral,standard,none,39.96
149,16,0,0,6.13,21.66,1.81,24.1,15,9.19,12.34,63.57,residential,standard,none,42.2
149,17,0,0,3.87,79.74,0.67,28.99,12,29.76,24.55,100,central,express,none,44.8
149,18,0,0,13.28,65.71,0,21.06,18,32.76,7.74,46.29,residential,standard,none,52.85
150,7,0,0,6.41,40.69,0,23,10,4.47,12.41,100,central,express,none,40.04
150,8,0,0,9.82,68.35,3.85,19.45,16,49.47,14.07,29,peripheral,standard,none,48.72
150,9,0,0,33.89,64.77,0,24.85,19,14.33,28.22,64.9,residential,standard,none,124.35
150,10,0,0,12.81,47.23,1.85,18.01,21,13.07,0.46,45.69,peripheral,standard,customer_absent,63.8
150,11,0,0,6.44,44.96,0,20.65,17,17.06,7.09,66.74,residential,standard,none,48.4
150,12,0,0,4.3,56.87,0,22.64,10,39.34,4.12,90.88,central,standard,none,27.25
150,13,0,0,17.65,31.8,5.12,27.32,20,25.89,5.26,55.01,peripheral,standard,none,57.89
150,14,0,0,3.23,50.01,5.38,18.97,11,0,12.83,83.37,central,express,none,32.11
150,15,0,0,9.47,25.62,4.63,15.22,8,55.63,0.04,41.2,peripheral,standard,none,30.72
150,16,0,0,9.46,60.93,0,14.01,21,32.5,6.96,82.82,central,standard,none,42.75
150,17,0,0,15.77,68.36,1.69,19.84,18,34.91,26.79,25.92,peripheral,express,none,79.11
150,18,0,0,0.5,79.33,0,21.79,8,0,8.38,17.33,peripheral,bulky,none,35.63
150,7,0,0,26.26,39.96,0,25.87,8,19.99,7.29,83.39,central,bulky,none,84.17
150,8,0,0,8.29,87.22,0,25.07,18,42.32,13.3,45.32,residential,standard,none,55.52
150,9,0,0,7.41,86.56,0,18.52,8,7.93,12.5,68.9,residential,express,none,47.28
150,10,0,0,5.14,35.61,6.55,16.06,6,23.61,6.84,74.4,residential,bulky,none,48.65
150,11,0,0,10.73,34.66,0,23.71,6,26.08,9.34,30.72,peripheral,bulky,none,53.58
150,12,0,0,1.27,29.76,0,26.99,21,7.07,6.59,49.22,residential,express,none,24.92
150,13,0,0,2.16,38.24,9.91,25.45,14,24.96,6.04,41.32,peripheral,express,none,18.92
150,14,0,0,10.07,32.27,2.6,24.69,14,20.24,12.92,60.79,residential,express,none,44.12
150,15,0,0,9.53,43,0,25.73,14,26.99,10.51,71.48,residential,express,none,45.35
150,16,0,0,6.27,37.21,0,32.18,14,32.12,8.06,56.87,residential,express,none,32.4
150,17,0,0,0.5,94.62,0,21.14,22,17.67,15.29,100,central,standard,none,34.93
150,18,0,0,10.16,78.49,1.8,21.26,14,17.84,14.53,24.2,peripheral,standard,none,62.27
150,7,0,0,25.88,60.69,0,22.66,15,2.78,11.06,84.11,central,standard,none,90.2
150,8,0,0,9.16,72.52,1.54,16.56,17,0,14.52,67.92,residential,standard,vehicle,88.36
150,9,0,0,4.94,98,0,20.87,15,35.95,16.6,88.48,central,standard,none,50.06
150,10,0,0,2.63,41.17,0,24.58,7,34.08,0,50.39,residential,standard,none,19.87
150,11,0,0,4.23,51.37,0,20.22,1,36.73,0,100,central,bulky,none,38.09
150,12,0,0,11.3,38.95,0,22.62,11,0,14.48,35.87,peripheral,standard,none,58.53
150,13,0,0,13.14,43.06,0.9,19.74,5,3.53,0,100,central,bulky,none,48.89
150,14,0,0,11.57,23.36,3.18,25.15,4,3.66,2.46,26.44,peripheral,bulky,none,49.67
150,15,0,0,9.74,63.08,0.74,24.13,1,45.77,10.49,83.79,residential,bulky,none,52.42
150,16,0,0,10.53,30.32,11.02,21.87,17,22.94,0,34.51,peripheral,standard,none,45.57
150,17,0,0,7.49,69.43,4.22,20.22,6,13.17,15.34,51.66,residential,bulky,none,63.91
150,18,0,0,7.34,61.58,0,22.79,5,13.43,23.64,46.08,peripheral,standard,none,50.67
150,7,0,0,10.85,59.09,0.86,25.81,6,40.17,8.66,75.48,central,standard,none,41.66
150,8,0,0,10.58,82.77,3.88,26.42,12,29.24,18.35,78.11,residential,express,none,57.85
150,9,0,0,2.44,67.97,0,19.01,20,0,22.96,55.86,residential,standard,none,52.85
150,10,0,0,25.09,56.92,1.36,17.72,20,24.54,10.96,59.33,residential,express,none,84.98
151,11,0,0,27.87,39.21,0,16.87,6,36.68,3.96,53.96,residential,express,none,67.16
151,12,0,0,4.38,62.17,5.38,27.85,12,14.94,0,86.77,central,standard,none,21.15
151,13,0,0,11.88,47.71,0.8,27.41,18,0,7.93,82.13,central,standard,customer_absent,66.51
151,14,0,0,9.51,23.84,13.37,24.23,11,21.24,7.61,48.55,peripheral,bulky,none,52.25
151,15,0,0,6.36,41.94,0,16.54,16,28.29,14.65,51.35,residential,express,customer_absent,56.52
151,16,0,0,3.11,35.33,1.55,21.23,18,29.65,0,42.14,peripheral,standard,none,25.39
151,17,0,0,13.23,54.39,0,20.36,14,14.91,25.83,15.83,peripheral,standard,roadwork,98.28
151,18,0,0,11.38,74.17,7.38,22.88,22,10.9,7.93,71.24,residential,standard,none,60.29
151,7,0,0,15.44,24.94,0,25.06,12,40.44,2.75,7.75,peripheral,standard,none,36.7
151,8,0,0,11.02,77.93,7.21,16.87,18,0,23.77,48.63,residential,express,none,64.69
151,9,0,0,9.51,75.74,0,23.08,18,0,14.07,51.66,residential,standard,none,52.12
151,10,0,0,9.96,26.61,0.49,20.15,8,30.53,9.14,47.67,peripheral,standard,none,40.88
151,11,0,0,9.54,49.71,6.47,25.4,10,8.17,5.95,90.9,central,express,none,42.12
151,12,0,0,5.71,35.66,0,19.09,6,0,17.5,62.99,residential,bulky,none,58.69
151,13,0,0,19.47,53.64,0,25.4,15,26.51,17.08,85.41,central,express,none,68.52
151,14,0,0,9.14,58.84,5.13,24.62,11,27.37,9.58,93.17,central,standard,none,45.01
151,15,0,0,11.39,44.98,2.23,20.28,12,33.5,2.22,79.65,central,standard,none,34.93
151,16,0,0,13.79,38.46,6.57,21.23,3,36.72,5.82,63.24,central,standard,none,51.68
151,17,0,0,8.82,47.58,5.45,29.92,15,27.53,19.01,17.07,peripheral,standard,none,52.56
151,18,0,0,8.14,83.67,14.12,18.11,14,23.88,15.41,100,central,standard,none,62.82
151,7,0,0,14.05,31.71,5.77,22.62,15,0,5.21,52.27,peripheral,standard,none,50.61
151,8,0,0,3.65,88.04,0,19.67,18,46.73,13.49,72.31,central,standard,roadwork,57.53
151,9,0,0,4.83,68.82,8.63,30.81,16,27.32,25.78,17.22,peripheral,standard,none,47.57
151,10,0,0,7.14,43.54,4.62,17.14,9,27.71,2.07,58.16,residential,bulky,none,46.98
151,11,0,0,15.66,52.28,7.28,18.64,10,1.67,13.18,90.15,central,express,none,56.99
151,12,0,0,21.65,45.04,1.58,20.72,9,0,6.09,37.29,residential,standard,vehicle,86.13
151,13,0,0,8.76,51.39,1.26,26.97,8,0,15.14,72.75,central,standard,none,48.44
151,14,0,0,27.82,51.42,1.45,22.41,16,16.57,9.87,84.92,central,express,none,78.22
151,15,0,0,17.51,67.3,3.84,26.36,5,25.17,16.62,100,central,bulky,none,72.71
151,16,0,0,13.29,66.73,6.27,19.26,11,1.77,10.39,100,central,standard,none,63.48
151,17,0,0,8.03,57.58,0,23.56,14,42.65,16.59,24.23,peripheral,express,none,46.07
151,18,0,0,8.03,80.16,3.02,16.74,20,10.55,24.91,78.87,central,express,none,51.12
151,7,0,0,7.82,59.08,0,29.39,11,17.91,8.69,72.87,central,standard,none,51.22
151,8,0,0,3.58,91.05,9.74,18.23,13,21.78,4.72,100,central,express,customer_absent,47.64
151,9,0,0,12.47,60.62,3.49,21.59,14,7.09,9.95,60.52,residential,standard,none,54.45
151,10,0,0,8.1,43.75,4,25.09,15,39.97,16.03,44.98,residential,standard,none,50.78
151,11,0,0,18.48,37.22,0,23.44,10,13.37,4.94,40.76,peripheral,standard,none,49.53
151,12,0,0,4.19,40.69,5.08,20.05,1,0.36,9.97,49.96,residential,bulky,none,36.48
151,13,0,0,6.45,26.84,5.45,24.39,11,35.85,3.37,26.37,peripheral,express,none,18.61
151,14,0,0,7.92,48.42,0.79,16.28,14,34.75,17.08,100,central,standard,none,49.01
152,15,1,0,1.84,55.25,0,25.81,11,12.68,4.54,87.7,central,standard,none,34.15
152,16,1,0,16.27,30.07,0,24.87,10,2.54,6.56,53.61,residential,express,none,41.87
152,17,1,0,2.36,45.42,13.61,27.45,11,22.59,10.65,74.8,residential,express,none,23.91
152,18,1,0,18.1,73.96,10.07,24.77,17,14.04,6.29,54.55,residential,standard,none,77.2
152,7,1,0,11.9,35.33,0,21.98,17,12.84,4.44,88.4,central,standard,none,46.16
152,8,1,0,11.64,85.85,0,16.82,15,16.36,15.07,100,central,standard,none,61.18
152,9,1,0,14.16,60.45,0,26.37,11,28.43,16.04,64.7,residential,express,none,63.72
152,10,1,0,8.61,28.43,0,19.34,15,0,0.89,58.66,residential,express,none,25.79
152,11,1,0,18.43,31.83,0,30.85,15,11.15,5.74,48.83,residential,standard,none,53.83
152,12,1,0,4.98,55.53,3.9,19.38,13,9.92,0,91.94,central,express,none,21.21
152,13,1,0,12.91,42.02,1.74,21.25,1,7.4,15.23,42.24,residential,bulky,none,67.47
152,14,1,0,4,32.99,0,23.55,10,19.45,6.94,77.2,central,standard,none,25.89
152,15,1,0,6.08,46.52,1.11,23.5,19,36.54,10.75,77,residential,express,none,36.23
152,16,1,0,6.85,33.35,0,23.72,19,15.78,19.04,42.32,residential,standard,none,44.3
152,17,1,0,2.41,70.37,4.79,27.25,11,28.53,13.95,43.8,residential,express,none,31.11
152,18,1,0,4.75,75.07,0,23.22,8,21.3,13.3,100,central,bulky,none,48.7
152,7,1,0,12.33,32.74,2.46,20.87,9,34.94,18.74,36.48,residential,bulky,none,66.63
152,8,1,0,9.25,58.33,3.28,18.52,7,1.92,29.24,11.9,peripheral,bulky,none,74.2
152,9,1,0,11.47,67.84,0,32.33,20,10.2,18.35,66.57,residential,standard,none,71.61
152,10,1,0,13.09,29.88,6.18,23.21,17,8.26,11.22,5,peripheral,express,none,49.07
152,11,1,0,0.5,36.37,0,20.74,18,9.66,1,100,central,express,none,21.3
152,12,1,0,5.02,35.23,1.16,14.87,15,6.44,2.23,62.8,central,standard,none,34.85
152,13,1,0,13.45,33.04,3.3,23.75,14,37.81,10.96,45.38,residential,standard,none,54.15
152,14,1,0,2.35,23.25,0.59,22.79,13,22.95,17.83,76.02,residential,standard,none,34.56
152,15,1,0,8.48,46.99,4.36,15.37,17,15.45,3.66,100,central,express,none,27.44
152,16,1,0,11.9,25.11,0,25.65,14,32.79,16.22,36.78,peripheral,standard,none,55.97
152,17,1,0,15.81,58.8,6.37,22.71,16,14.04,10.89,24.1,peripheral,standard,none,66.99
152,18,1,0,14.12,84.69,4.3,28.35,12,42.37,18.83,82.78,central,standard,none,77.62
152,7,1,0,5.15,51.56,0.74,22.84,18,8.89,4.53,79.91,central,standard,none,39.27
152,8,1,0,19.32,55.86,5.69,21.87,14,3.22,8.65,45.98,peripheral,standard,none,72.74
152,9,1,0,11.18,73.48,0,22.53,17,36.08,26.59,69.15,central,standard,none,73.51
152,10,1,0,5.88,22.09,0.48,25.88,16,41.49,0,69.57,residential,standard,none,15.62
152,11,1,0,10.86,43.68,3.6,19.92,7,21.71,4.46,100,central,express,none,45.26
152,12,1,0,1.41,38.83,0,18.32,17,38.63,10.19,93.3,central,standard,none,32.61
152,13,1,0,14.77,45.82,1.55,28.79,7,12.74,5.61,70.72,residential,standard,none,57.53
152,14,1,0,7.3,33,11.79,21.61,16,33.06,7.58,74.53,central,standard,none,46.25
152,15,1,0,14.31,37.92,7.09,26.02,24,23.88,2.62,69.78,residential,standard,none,54.47
152,16,1,0,0.5,41.05,0.69,21.47,6,30.83,1.95,73.34,residential,bulky,none,26.08
152,17,1,0,6.52,78.58,1.6,22.47,10,20.45,20.34,78.08,central,standard,none,57.06
152,18,1,0,8.35,69.87,3.34,26.42,6,5.24,18.63,41.21,residential,bulky,none,61.77
153,7,1,0,8,54.95,6.23,22.34,15,28.76,4.2,66.85,central,standard,none,35.77
153,8,1,0,12.02,95.04,11.03,17.53,15,20.09,14.61,65.47,central,standard,none,71.95
153,9,1,0,2.37,59.1,0,23.4,18,19.38,12.68,36.3,residential,standard,none,40.17
153,10,1,0,3.88,54.13,0,21.95,12,2.57,12.86,88.56,central,express,none,33.48
153,11,1,0,27.96,41.23,8.99,20.48,14,8.34,0.9,36.89,residential,express,none,66.54
153,12,1,0,1.77,37.34,7.51,19.04,20,37.94,7.6,59.2,residential,standard,none,29.53
153,13,1,0,3.29,26.63,0,22.24,11,21.93,0.76,28.62,peripheral,express,none,8.23
153,14,1,0,4.99,38.23,2.68,23.39,15,35.65,4.27,92.36,central,standard,none,37.24
153,15,1,0,0.5,34.39,0,18.36,9,16.04,8.76,16.21,peripheral,express,none,14.83
153,16,1,0,1.95,67.1,0,23.9,18,13.03,2.14,92.91,central,standard,none,32.83
153,17,1,0,7.39,52.35,0.89,24.74,11,22.6,21.03,52.7,peripheral,express,none,48.98
153,18,1,0,6.98,51.94,5.88,18.44,17,38.53,27.84,17.03,peripheral,standard,none,65.62
153,7,1,0,9.17,39.97,1.07,21.95,10,8.1,6.81,29.87,residential,standard,none,47.7
153,8,1,0,3.14,89.32,0,22.82,18,11.89,28.41,100,central,standard,none,54.15
153,9,1,0,8.76,78.03,0,25.11,17,11.52,18.05,89.64,central,standard,none,63.51
153,10,1,0,9.03,57.01,8.66,14.61,21,9.42,0.04,91.47,central,standard,none,39.39
153,11,1,0,10.14,25.78,0.24,27.06,17,11.02,9.69,87.02,central,express,none,44.31
153,12,1,0,8.53,47.13,0,19.25,14,0,6.12,85.46,central,standard,none,42.21
153,13,1,0,13.86,27.82,1.41,17.45,15,26.22,7.57,31.32,peripheral,express,none,44.4
153,14,1,0,5.49,20.9,6.74,20.48,11,17.15,0,37.41,peripheral,standard,none,20.52
153,15,1,0,23.93,43.04,1.78,23.51,14,24.67,12.32,55.23,residential,standard,none,67.8
153,16,1,0,8.17,44.79,6.5,21.91,18,8.49,11.87,68.15,residential,standard,none,57.27
153,17,1,0,9.93,66.69,2.64,18.19,17,14.92,16.5,53.86,residential,express,none,52.5
153,18,1,0,29.24,49.24,4.76,22.3,15,37.69,9.45,50.01,peripheral,standard,none,88.96
153,7,1,0,6.34,32.95,5.87,26.74,9,22.81,12.58,84.44,residential,standard,none,43.42
153,8,1,0,5.09,69.17,1.49,27.94,16,17.59,5.89,54.89,residential,standard,none,41.22
153,9,1,0,18.22,76.27,2.46,20.31,15,11.38,23.38,79.94,central,standard,none,98.96
153,10,1,0,9.95,25.24,6.49,21.58,6,21.27,0,15.48,peripheral,bulky,none,46.28
153,11,1,0,5.42,30.31,0,23.93,6,12.05,19.46,63.51,residential,express,none,41.94
153,12,1,0,5.15,27,5.57,22.3,11,6.55,9.53,34.55,peripheral,standard,none,25
153,13,1,0,4.21,34.99,0,24.6,11,0,10.27,53.65,residential,standard,none,37.75
153,14,1,0,5.52,38.25,0,26.14,14,30.47,9.81,76.72,central,standard,none,45.3
153,15,1,0,11.51,30.97,6.67,16.16,12,17.92,13.78,42.59,peripheral,standard,vehicle,77.57
153,16,1,0,8.63,52.43,0,18.71,14,20.18,13.15,46.33,residential,standard,none,44.78
153,17,1,0,11.02,72.06,1.56,22.4,16,31.48,26.69,78.82,central,express,none,65.83
153,18,1,0,5.44,97.57,3.31,23.1,10,41.24,21.95,88.69,central,express,none,44.12
153,7,1,0,5.72,55.97,0,21.59,16,0,7.76,61.86,residential,standard,none,46.17
153,8,1,0,16.98,85.09,8.47,14.48,1,11.43,14.45,86.9,central,bulky,none,82.86
153,9,1,0,11.01,72.96,1.9,21.96,14,11.66,9.93,52.22,residential,express,none,50.19
153,10,1,0,18.35,40.18,2.32,25.98,8,28.95,8.97,59.74,residential,standard,none,53.47
154,11,0,0,3.34,60.17,9.48,22.08,22,3.83,10.71,92.54,central,standard,none,43.11
154,12,0,0,0.93,79.09,9.1,26.15,18,8.51,0.43,100,central,standard,none,28.49
154,13,0,0,3.32,46.61,0,24.79,20,0,10.85,70.26,residential,express,none,38.72
154,14,0,0,4.56,43.42,7.15,17.81,6,16.34,18.86,62.83,residential,express,none,30.66
154,15,0,0,10.98,40.64,0,20.68,16,3.12,3.3,45.38,residential,standard,none,42.11
154,16,0,0,12,60.57,2.83,18.47,15,58.54,0,38.11,residential,standard,none,31.31
154,17,0,0,7.12,63.63,3.59,16.91,17,15.13,14.11,30.64,peripheral,standard,none,49.59
154,18,0,0,2.69,96.59,5.53,20.98,20,21.86,13.76,100,central,standard,none,58.13
154,7,0,0,8.11,24.02,0,23.12,1,1.34,11.75,6.11,peripheral,bulky,none,48.61
154,8,0,0,16.57,67.1,12.69,23.08,18,29.37,17.69,76.97,residential,standard,none,78.09
154,9,0,0,4.88,63.2,0,26.14,8,42.33,11.8,5,peripheral,express,none,32.67
154,10,0,0,10.41,45.37,6.06,24.05,12,21.5,0,68.69,residential,standard,none,37.76
154,11,0,0,9.03,41.56,0,19.39,12,9.56,8.53,55.65,residential,standard,none,49.85
154,12,0,0,0.74,56.67,5.15,18.58,1,30.56,3.93,100,central,bulky,none,36.4
154,13,0,0,13.41,34.54,0,18.36,15,15.2,0,11.98,peripheral,standard,none,35.75
154,14,0,0,12.38,35.6,3.03,24.55,4,30.9,17.85,66.36,residential,standard,none,54.18
154,15,0,0,12.45,49.97,0,24.62,9,13.29,0,80.62,central,express,none,35.74
154,16,0,0,4.22,32.22,0,23.95,13,25.38,3.59,50.19,residential,standard,none,17.62
154,17,0,0,8.19,78.21,0.78,22.07,17,23.97,18.09,100,central,standard,none,59.8
154,18,0,0,17.93,85.59,0,19.07,19,16.32,16.96,73.43,central,standard,none,96.83
154,7,0,0,16.02,34.13,6,15.1,13,29.9,0,42.58,residential,express,none,38.43
154,8,0,0,10.81,80.28,1.25,20.11,15,33.23,16.32,24.35,peripheral,standard,none,60.34
154,9,0,0,6.9,76.08,5.7,25.12,17,36.31,22.21,97.37,central,standard,none,73.02
154,10,0,0,12.44,66.81,1.84,16.65,10,0,8.41,66.88,central,standard,none,62.01
154,11,0,0,8.7,44.4,11.4,19.63,14,7.59,12.49,51.2,residential,standard,none,59.4
154,12,0,0,12.03,40.17,6.5,19.61,17,20.76,4.78,84.02,residential,standard,none,54.88
154,13,0,0,18.96,37.14,0,24.23,6,22.15,1.6,64.26,residential,bulky,none,56.62
154,14,0,0,8.55,56.45,3.53,20.47,14,26.01,0,55.27,residential,express,none,37.8
154,15,0,0,8.12,38.82,7.72,21.78,16,32.62,0,51.25,residential,express,none,32.27
154,16,0,0,0.5,26.56,11.62,21.95,12,34.38,0,34.78,peripheral,express,none,9.29
154,17,0,0,7.43,95.1,6.44,26.05,12,26.76,17.49,84.54,central,standard,none,56.8
154,18,0,0,4.9,72.06,0.58,26.18,17,29.04,18.98,59.23,residential,standard,none,54.17
154,7,0,0,3.22,35.51,0.48,19.86,1,26.31,9.22,66.15,residential,bulky,none,40.85
154,8,0,0,5.46,88.22,2.41,24.49,4,10.43,19.08,76.42,central,bulky,none,62.12
154,9,0,0,3.35,88.17,11.02,20.4,15,10.38,16.11,54.76,residential,standard,none,61.17
154,10,0,0,4.89,32.89,3.6,22.14,7,21.84,10.74,40.12,residential,bulky,none,44.78
154,11,0,0,0.5,36.87,0,25.29,17,29.67,0.57,90.2,residential,standard,none,24.42
154,12,0,0,24.99,35.21,0,23.84,21,13.18,15.19,32.12,peripheral,standard,none,70.2
154,13,0,0,6.28,26,0,22.75,16,35.07,12.46,29.35,peripheral,standard,none,41.1
154,14,0,0,3.76,34.97,6.73,27.81,15,12.03,0.23,71.11,residential,standard,none,23.68
155,15,0,0,4.15,31.78,3.9,20.91,12,0,16.95,29.63,peripheral,express,none,30.68
155,16,0,0,7.68,25.42,0,22,21,2.97,6.33,27.29,peripheral,express,none,30.14
155,17,0,0,7.48,79.76,2.43,25.41,10,40.79,13.92,12.72,peripheral,standard,none,34.06
155,18,0,0,5.22,98,0,21.97,18,22.23,8.15,88.78,central,standard,none,45.35
155,7,0,0,16.47,53.79,2.04,18.47,14,11.51,4.97,96.86,central,standard,none,57.27
155,8,0,0,7.33,61.09,2.59,25.95,13,17.25,10.93,69.18,residential,standard,none,55.62
155,9,0,0,10.05,77.76,0,23.82,9,36.16,14.21,100,central,standard,none,54.48
155,10,0,0,6.94,37.7,5.12,20.56,20,17.53,4.27,48.78,peripheral,standard,none,39.28
155,11,0,0,6.14,29.41,0.77,25.05,12,8.05,10.35,34.36,peripheral,standard,roadwork,70.4
155,12,0,0,9.87,50.47,0.63,25.03,12,0,12.09,79.65,residential,standard,none,48.67
155,13,0,0,8.39,55.62,1.21,18.44,9,22.4,5.95,81.16,central,standard,none,33.03
155,14,0,0,7.33,43.05,1.84,25.46,15,17.64,0,47.56,residential,standard,none,32.29
155,15,0,0,3.17,46.17,0,20.91,17,25,9.68,45.09,residential,standard,none,38.39
155,16,0,0,15.57,36.47,0,30.89,7,18.48,15.94,86.32,residential,bulky,none,70.93
155,17,0,0,2.43,83.35,4.48,16.01,20,11.12,15.31,79.12,residential,standard,none,48.82
155,18,0,0,10.25,68.68,0,23.97,11,27.3,14.41,34.17,residential,standard,none,54.13
155,7,0,0,3.26,32.45,0.19,25.67,17,43.94,15.22,67.65,residential,standard,none,38.25
155,8,0,0,15.15,97.43,0,19.97,10,15.12,22.33,97.98,central,standard,none,87.84
155,9,0,0,4.5,64.76,0,22.49,15,0.1,27.27,18.28,peripheral,standard,none,55.24
155,10,0,0,23.72,55.08,4.54,18.87,15,18.17,5.4,93.94,central,standard,none,79.46
155,11,0,0,7.76,52.19,0,13.98,15,24.86,14.24,51.74,residential,express,none,44.56
155,12,0,0,15.15,47.15,2.06,20.69,11,29.43,0,89.33,central,express,none,37.28
155,13,0,0,14.59,35.43,5.6,23.61,11,18.07,16.73,14.95,peripheral,standard,none,58.8
155,14,0,0,9.93,57.53,2.37,15.79,18,33.8,5.79,93.51,central,standard,none,54.78
155,15,0,0,13.02,28.55,1.57,23.96,12,17.77,9.69,29.91,peripheral,standard,none,48.31
155,16,0,0,4.64,24.76,8.41,23,9,9.57,5.83,5.88,peripheral,express,none,25.88
155,17,0,0,4.39,69.52,9.87,24.22,6,18.44,29.41,18.82,peripheral,standard,none,58.84
155,18,0,0,9.53,95.86,0,21.71,11,12.01,14.15,75.99,central,express,none,57.13
155,7,0,0,25.5,41.09,1.16,24.87,16,36.38,13.46,100,central,standard,none,81.83
155,8,0,0,0.5,72.88,10.94,22.83,17,1.71,24.73,79.31,central,standard,none,45.9
155,9,0,0,10.72,88.41,6.18,20.7,14,18.79,11.24,47.87,residential,standard,none,59.79
155,10,0,0,7,55.69,8.05,22.22,12,11.15,11.29,35.61,residential,express,none,39.64
155,11,0,0,6.3,28.62,0,24.94,17,0,3.64,19.46,peripheral,standard,none,37.06
155,12,0,0,38.16,52.88,5.05,24.37,12,12.89,4.23,77.96,central,standard,none,100.95
155,13,0,0,12.84,49.24,4.15,24.29,17,8.7,1.55,84.76,central,express,none,49.06
155,14,0,0,16.29,55.21,4.96,22.28,11,0,10.29,95.76,central,standard,none,62.88
155,15,0,0,11.96,37.15,0,19.9,19,7.13,12.29,39.74,peripheral,standard,none,46.83
155,16,0,0,6.45,38.23,5.74,25.52,7,9.09,10.75,26.45,peripheral,bulky,none,53.99
155,17,0,0,5.76,84.6,3.88,23.65,3,32.6,0,100,central,bulky,none,44.6
155,18,0,0,12.53,86.75,0.91,17.57,12,5.87,17.95,23.86,peripheral,standard,none,74.39
156,7,0,0,8.29,47.69,4.13,24.52,15,16.49,6.55,61.45,residential,standard,none,40.97
156,8,0,0,5.79,71.19,4.11,29.16,8,19.37,18.82,52.31,residential,bulky,none,57.8
156,9,0,0,5.02,77.52,3.75,16.06,2,38.27,12.91,37.11,residential,bulky,none,48.35
156,10,0,0,11.36,71.3,6.09,21.22,14,37.08,14.85,67.62,central,standard,vehicle,99.19
156,11,0,0,15.83,44.13,0,20.82,3,0,11.71,82.43,central,bulky,none,67.56
156,12,0,0,15.88,24.46,2.06,26.96,17,38.06,6.52,38.59,peripheral,standard,none,46.33
156,13,0,0,8.54,41.06,1.07,22.27,9,0,12.66,66.01,central,standard,none,56.69
156,14,0,0,5.78,36.59,3.73,22.26,1,16,0.94,65.39,residential,bulky,roadwork,47.01
156,15,0,0,12.29,41.75,0,18.22,21,14.95,0,41.89,residential,standard,none,46.39
156,16,0,0,8.6,22.08,3.21,22.22,13,9.33,6.26,56.68,residential,standard,none,46.77
156,17,0,0,4.12,54.18,5.41,18.36,17,14.28,20.24,17.77,peripheral,standard,none,49.13
156,18,0,0,9.66,70.91,0,19.79,7,42.59,5.71,62.53,residential,standard,none,37.74
156,7,0,0,7.05,66.45,3.09,19.94,17,39.05,3.26,85,central,express,none,34.12
156,8,0,0,12.02,72.1,0,16.33,8,29,9.53,15.46,peripheral,standard,none,49.45
156,9,0,0,10.38,75.02,0,24.77,19,0,24.32,24.45,peripheral,standard,none,67.69
156,10,0,0,3.61,44.85,0,24.11,13,0.63,10.03,69.99,residential,standard,none,36.78
156,11,0,0,9.32,36.58,0.35,19.14,17,0,5.14,42.19,peripheral,express,none,44.03
156,12,0,0,6.89,60.1,2.95,21.8,17,33.83,8.03,43.26,residential,standard,none,50.42
156,13,0,0,5.74,42.55,0,22.48,9,12.56,2.21,34.03,residential,standard,none,25.34
156,14,0,0,3.09,37.7,16.89,23.9,15,0,10.05,62.8,residential,standard,none,42.32
156,15,0,0,0.65,50.29,4.47,24.34,17,27.86,0.34,59.06,residential,express,none,11.97
156,16,0,0,14.35,48.14,5.96,28.02,10,14.64,3.87,63.13,residential,standard,none,46.44
156,17,0,0,13.47,73.64,0.11,15.42,11,20.81,4.04,65.04,residential,standard,none,45.58
156,18,0,0,10.84,70.8,1.49,27.11,15,25.39,13.56,26.8,peripheral,express,none,54.27
156,7,0,0,31.81,53.27,1.09,17.15,21,21.19,2.39,100,central,express,none,83.52
156,8,0,0,9.89,91.32,4.42,24.81,19,0,21.58,66.78,residential,express,none,68.77
156,9,0,0,1.38,78.04,2.9,23.6,16,38.31,13.66,62.59,residential,standard,none,48.01
156,10,0,0,3.1,50.91,3.3,28.38,19,16.76,13.24,59.58,residential,standard,none,52.05
156,11,0,0,8.57,45.39,0.29,23.52,10,10.58,7.45,48.53,residential,express,none,31.33
156,12,0,0,6.44,43.28,1.64,25.94,11,32.41,9.42,30.48,residential,standard,none,48.92
156,13,0,0,9.6,28.49,7.05,26.95,9,13.28,9.22,64.86,residential,express,none,35.67
156,14,0,0,3.57,45.94,3.34,30.48,16,13.87,0,82.96,central,standard,none,26.59
156,15,0,0,6.49,38.47,0,20.13,21,10.24,3.98,95.32,central,standard,none,39.78
156,16,0,0,19.48,43.81,0,21.42,14,2.63,9.42,100,central,express,none,61.71
156,17,0,0,7.56,91.89,0,23.67,3,20.28,16.72,87.99,central,express,vehicle,84.4
156,18,0,0,7.13,71.56,2.33,25.02,20,23.56,11.63,17.03,peripheral,express,none,39.72
156,7,0,0,7.58,38.32,0,18.83,25,16.61,10.04,64.47,residential,standard,none,44.58
156,8,0,0,16.5,77.53,0.39,21.16,9,0,13.73,63.37,residential,standard,none,72.21
156,9,0,0,4.98,67.36,6.23,21.38,8,25.6,13.98,41.93,peripheral,bulky,none,46.87
156,10,0,0,4.63,38.94,7.89,23.58,15,0,5.68,90.25,central,express,none,32.47
157,11,0,0,6.29,43.53,0,24.67,18,0,0,54.56,residential,express,none,28.61
157,12,0,0,10.43,43.04,8.1,25.6,16,7.2,6.86,35.7,peripheral,express,none,41.87
157,13,0,0,8.4,71.22,0,23.6,2,46.53,12.09,88.9,central,bulky,none,48.18
157,14,0,0,10.75,51.69,8.72,22.58,10,23.04,10.88,20.89,peripheral,express,none,38.96
157,15,0,0,6.18,64.35,6.48,23.95,10,22.07,10.24,66.59,residential,express,none,29.6
157,16,0,0,9.67,40.54,4.4,27,4,22.52,8.3,5,peripheral,standard,none,31.07
157,17,0,0,8.42,91.43,2.46,26.42,1,39.75,18.16,100,central,bulky,none,67.18
157,18,0,0,9.11,45.8,7.51,16.72,16,21.05,15.89,18.67,peripheral,standard,none,45.63
157,7,0,0,5.73,36.46,0,30.26,10,34.43,19.17,16.08,peripheral,standard,none,46.66
157,8,0,0,6.99,89.84,0,23.4,5,13.4,14.38,61.03,residential,bulky,none,59.03
157,9,0,0,12.99,63.7,0,22.36,1,0,14.67,19.15,peripheral,bulky,none,68.14
157,10,0,0,4.81,65.27,4.91,21.65,13,26.69,7.78,100,central,standard,none,45.78
157,11,0,0,8.23,34.12,3.64,20.06,13,16.55,6.98,10.7,peripheral,standard,none,33.65
157,12,0,0,5.6,28.06,0,26.41,15,29.5,12.73,31.09,peripheral,express,none,24.8
157,13,0,0,12.75,38.37,4.32,18.19,1,0,4.75,73.23,residential,bulky,none,47.69
157,14,0,0,4.06,65.53,0,16.76,12,24.43,7.82,100,central,standard,none,33.71
157,15,0,0,7.27,40.55,1.42,24,19,24.08,4.2,29.83,peripheral,standard,none,40.6
157,16,0,0,9.13,18.3,6.85,14.85,12,22.09,2.96,13.29,peripheral,standard,none,29.64
157,17,0,0,7.33,97.74,0,19.03,2,24.37,8.35,87.51,central,bulky,none,58.6
157,18,0,0,10.45,76.13,9.89,16.26,12,45.86,15.07,100,central,express,none,48.27
157,7,0,0,6.56,52.94,0,19.33,19,27.3,3.73,50.26,residential,express,none,32.11
157,8,0,0,23.61,79.21,4.93,23.34,14,3.67,13.34,32.13,peripheral,standard,none,95.42
157,9,0,0,5.14,80.47,0,27.81,12,31.53,13.16,76.8,central,express,none,33.85
157,10,0,0,5.36,39.35,0,23.42,16,46.47,13.68,42.93,residential,standard,none,40.57
157,11,0,0,7.58,33.37,10.02,15.4,7,50.62,1.79,29.51,residential,standard,none,32.78
157,12,0,0,8.01,43.25,0,23.18,18,17.84,11.21,49.9,residential,standard,none,54.43
157,13,0,0,5.3,37.27,4.63,26.09,11,1.15,16.91,31.71,peripheral,express,none,40.02
157,14,0,0,29.85,50.84,0,24.95,14,16.52,13.23,63.84,residential,express,none,90.78
157,15,0,0,17.48,44.09,8.4,24.11,20,13.27,2.28,20.87,peripheral,standard,none,62.05
157,16,0,0,27.21,38.92,3.27,30.09,10,11.44,4.98,50.4,residential,express,none,69.81
157,17,0,0,7.9,68.89,2.13,23.55,5,15.64,29.05,13.9,peripheral,bulky,none,69.9
157,18,0,0,9.22,72.9,0,29.47,11,40.55,13.43,35.11,residential,standard,none,51.07
157,7,0,0,8.03,58.21,7.37,19.32,11,28.95,6.89,88.82,central,standard,none,49.6
157,8,0,0,13.49,98,0,24.86,7,13.69,6.79,87.69,central,standard,none,63.75
157,9,0,0,8.28,98,0,24.8,9,17.93,11.22,75.46,central,standard,none,46.86
157,10,0,0,7.19,37.17,8.51,21.26,21,27.52,11.14,69.32,residential,standard,none,54.79
157,11,0,0,10.42,55.49,5.87,22.29,11,29.23,6.04,40.91,residential,standard,none,43.55
157,12,0,0,7.76,37.61,5.57,30.67,18,11.33,4.61,52.41,peripheral,standard,none,47.51
157,13,0,0,13.55,37.64,0,18.68,15,27.35,12.52,63.57,residential,standard,none,57.29
157,14,0,0,3.23,31.82,0,18.35,7,26.41,13.16,21.23,peripheral,standard,none,28.88
158,15,0,0,7.58,40.78,6.29,26.15,1,25.87,6.8,55.54,residential,bulky,none,39.99
158,16,0,0,9.4,30.95,0.33,22.97,15,27.75,0,35.82,residential,express,none,24.43
158,17,0,0,12,85.28,2.35,18.38,10,12.46,5.85,9.76,peripheral,bulky,none,58.13
158,18,0,0,4.63,55.52,6.17,17.94,12,25.3,15.78,35.17,peripheral,standard,none,42.16
158,7,0,0,8.85,58.96,0,23.67,12,0,10.92,90.55,central,standard,none,47.86
158,8,0,0,13.73,98,1.53,21.2,2,25.4,15.84,72.31,central,bulky,none,77.47
158,9,0,0,8.37,67.8,0,22.61,10,20.91,18.21,79.04,residential,express,none,46.61
158,10,0,0,11.59,47.8,3.5,18.73,16,13.1,8.03,64.45,residential,standard,vehicle,87.23
158,11,0,0,22.13,47.18,0,31.82,11,20.53,12.58,98.12,central,express,roadwork,93.19
158,12,0,0,1.88,24.96,5.5,27.81,17,0,9.17,61.01,residential,standard,none,34.21
158,13,0,0,9.64,37.26,0,25.71,12,13.27,8.25,57.18,residential,express,none,39.07
158,14,0,0,7.18,30.69,0,21.41,5,9.77,10.2,57.77,residential,bulky,none,46.29
158,15,0,0,4.81,29.87,0,19.01,21,20.9,18.78,38.19,peripheral,standard,none,47.2
158,16,0,0,1.98,60.69,2.14,23.05,14,17.62,4.45,75.31,central,express,none,10.68
158,17,0,0,13.08,84.55,0,21.55,7,22.35,21.93,82.81,central,bulky,none,76.49
158,18,0,0,5.24,93.53,6.79,19.68,17,22.57,22.24,77.38,central,standard,none,65.03
158,7,0,0,4.78,52.03,8.66,25.46,9,16.06,11.03,85.16,central,standard,none,33.67
158,8,0,0,10.91,72.77,8.97,22.56,5,40.21,23.64,73,residential,bulky,none,76.36
158,9,0,0,16.19,55.02,5.27,13.88,15,3.89,13.63,33.69,peripheral,standard,none,70.14
158,10,0,0,1.65,47.87,3.53,21.03,1,16.48,0,41.3,residential,bulky,none,28.03
158,11,0,0,9.56,36.76,0,25.66,17,13.91,19.49,80.02,residential,standard,none,60.78
158,12,0,0,23.18,56.5,0.26,18.62,15,33.42,11.94,55.47,residential,standard,none,78.11
158,13,0,0,6.71,37.65,2.7,28.01,14,0,10.02,57.11,residential,standard,none,49.32
158,14,0,0,14.03,44.34,4.57,24.68,3,0,0.87,47.69,residential,express,none,41.11
158,15,0,0,12.54,58.27,2.26,23.16,28,0,4.07,89.36,central,standard,none,47.4
158,16,0,0,4,44.07,12.31,19.6,22,28.72,14.75,76.24,residential,express,none,30.8
158,17,0,0,5.95,80.52,5.83,24.09,6,30.49,22.51,67.51,central,bulky,none,60.7
158,18,0,0,7.88,57.08,0,17.57,9,20.78,10.88,20.66,peripheral,express,none,32.63
158,7,0,0,11.41,56.36,0,22.03,16,0,20.56,77.65,residential,standard,none,68.25
158,8,0,0,12.32,68.44,4.9,25.94,17,0,27.8,21.69,peripheral,standard,none,81.32
158,9,0,0,13.05,61.9,0,16.74,19,0,10.62,52.6,residential,standard,none,65.81
158,10,0,0,10.24,30.11,3.02,23.26,18,0,8.36,31.63,residential,standard,none,45.35
158,11,0,0,9.43,50.87,0,16.47,8,13.73,1.06,92.15,central,bulky,none,43.53
158,12,0,0,6.17,36.29,4.29,22.15,9,0,5.91,16.87,peripheral,standard,none,23.59
158,13,0,0,8.7,22.52,0,22.89,14,29.3,6.14,25.92,peripheral,standard,none,31.6
158,14,0,0,6.17,21.98,0,21.98,13,0,8.94,34.75,peripheral,standard,none,39.11
158,15,0,0,36.34,56.35,0,25.44,15,6.52,7.3,93.29,central,express,none,104.06
158,16,0,0,10.78,71.31,0,18.06,16,33.13,0,78.57,central,standard,none,48.15
158,17,0,0,9.43,62.64,0,25.83,14,12.45,28.42,44.71,residential,express,none,50.35
158,18,0,0,3.3,71.94,14.86,15.17,13,31.92,22.25,69.6,residential,standard,none,63.41
159,7,1,0,10.81,19.89,0.16,27.33,7,23.8,12.42,19.57,peripheral,express,none,42.68
159,8,1,0,7.68,81.66,3.35,23.85,7,31.75,10.5,95.86,central,bulky,none,56
159,9,1,0,14.4,72.76,0,22.71,11,28.33,17.63,67.92,central,standard,none,65.65
159,10,1,0,7.22,37.88,1.89,21.78,15,45.87,14.78,57.75,residential,standard,none,48.78
159,11,1,0,13.64,23.49,3.69,17.82,17,15.87,5.48,9.62,peripheral,express,none,40.31
159,12,1,0,6.06,53.03,2.51,19.07,9,21.67,3.34,95.66,central,standard,none,41.27
159,13,1,0,9.85,31.76,3.35,25.35,7,15.42,12.02,19.6,peripheral,standard,none,42.07
159,14,1,0,9.42,34.6,1.96,24.18,11,29.38,5.39,85.48,central,standard,none,42.89
159,15,1,0,26.95,32.85,5.31,22.01,16,31.67,8.81,64.03,residential,express,none,54.93
159,16,1,0,9.14,48.72,0,25.18,15,47.4,5.55,55.79,residential,standard,none,42.29
159,17,1,0,13.43,57.29,1.99,23.74,2,0,12.85,14.61,peripheral,bulky,none,75.41
159,18,1,0,4.05,86.06,0,19.45,12,16.52,19.87,78.05,central,express,none,37.02
159,7,1,0,9.71,28.76,3.21,31.32,12,23.23,8.59,25.47,peripheral,standard,none,40.33
159,8,1,0,25.98,60.07,2.49,19.7,16,48.33,17.54,59.75,residential,express,none,87.08
159,9,1,0,16.2,60.38,0.71,19.91,20,17.57,20.53,29.72,peripheral,standard,none,73.42
159,10,1,0,8.64,28.26,3.45,22.55,4,4.59,9.15,26.82,peripheral,express,none,24.17
159,11,1,0,11.59,35.99,0,19.73,12,57.34,1.91,24.55,peripheral,standard,roadwork,44.38
159,12,1,0,27.58,31.58,0,22.25,8,18.54,11.8,49.77,residential,standard,none,69.44
159,13,1,0,14.86,26.16,0,20.83,23,0,3.68,76.69,residential,standard,none,60.59
159,14,1,0,5.81,23.29,0,16.51,9,32.33,10.92,28.65,residential,standard,none,34.64
159,15,1,0,10.71,13.18,0.46,24.42,17,32.15,0.38,38.31,peripheral,express,none,26.73
159,16,1,0,8.03,14.38,9.06,19.36,8,48.56,11.38,29.06,peripheral,standard,none,33.95
159,17,1,0,10.69,50.64,10.76,18.37,17,12.7,22.91,40.71,peripheral,standard,none,66.02
159,18,1,0,4.78,55.78,4.41,22.08,18,0,14.7,49.43,peripheral,standard,none,50.04
159,7,1,0,8.22,14.47,1.33,19.69,7,27.26,1.1,50.2,peripheral,standard,none,24.85
159,8,1,0,13.99,79.39,4.94,24.69,19,19.51,16.24,81.44,central,standard,none,75.04
159,9,1,0,0.92,73.94,1.49,21.86,13,12.53,24.48,47.76,residential,standard,none,34.68
159,10,1,0,4.93,50.75,6.58,16.13,15,13.17,13.37,93.36,central,standard,none,45.82
159,11,1,0,13.57,27.39,7.78,19.88,19,6.14,1.57,48.72,residential,standard,none,52.63
159,12,1,0,13.52,40.71,6.5,27.43,15,17.32,8.02,51.58,residential,standard,none,52.05
159,13,1,0,8.72,26.67,0,24.98,12,14.26,9.66,60.52,residential,express,none,44.87
159,14,1,0,9.56,34.08,0.74,28.24,19,7.94,7.62,35.78,residential,express,none,37.14
159,15,1,0,14.09,20.25,0,31.6,17,23.83,4.27,14.08,peripheral,standard,none,49.18
159,16,1,0,8.15,41.91,1.68,21.22,20,14.49,10.14,47.25,residential,express,none,39.37
159,17,1,0,14.1,85.48,0,19.47,13,12.65,19.59,92.26,central,standard,none,77.6
159,18,1,0,7.42,61.58,9.06,23.93,14,23.85,12.99,46.95,peripheral,standard,none,52.94
159,7,1,0,5.04,30.02,9.82,22.43,2,19.8,9.1,9.77,peripheral,express,none,24.67
159,8,1,0,8.04,81.11,0.07,20.97,16,14.98,13.73,82.94,central,express,none,52.09
159,9,1,0,16.59,59.14,0,19.89,17,5.76,15.14,8.7,peripheral,standard,none,70.43
159,10,1,0,11.26,20.59,0.04,22.33,15,6.89,9.56,30.94,peripheral,standard,none,53.49
160,11,1,0,27.19,45.58,6.35,25.14,13,28.65,9.88,90.29,central,standard,none,87.67
160,12,1,0,6.58,35.85,15.73,20.82,12,1.17,16.68,24.36,peripheral,express,none,42.4
160,13,1,0,11.58,16.71,0,23.56,15,10.8,0,84.11,residential,express,none,33.18
160,14,1,0,5.28,16.49,10.04,30.24,13,6.23,0,27.58,peripheral,standard,none,37.5
160,15,1,0,15.01,36.06,0.26,18.76,13,0,11.15,26.09,peripheral,standard,none,52.34
160,16,1,0,2.03,23.02,7.01,28.78,8,28.23,7.35,28.37,peripheral,express,none,16.69
160,17,1,0,14.45,93.62,1.13,28.37,14,33.24,20.62,84.38,central,standard,none,78.2
160,18,1,0,8.49,98,0,24.29,10,28.39,17.97,61.17,central,standard,none,58.21
160,7,1,0,7.21,56.39,0,26.04,12,14.45,11.23,85.59,central,express,none,32.15
160,8,1,0,19.96,78.05,3.15,25.79,8,46.7,11.72,49.51,residential,standard,none,77.9
160,9,1,0,7.87,73.66,3.76,21.23,15,0,14.23,30.13,peripheral,standard,none,52.27
160,10,1,0,0.5,59.02,3.34,26.8,16,25.15,6.19,85.89,central,standard,none,20
160,11,1,0,32.26,17.68,8.5,22.15,13,22.97,11.13,5,peripheral,standard,none,73.78
160,12,1,0,6.07,47.67,8.52,22.74,18,32.71,9.6,61.8,residential,standard,none,41.85
160,13,1,0,7.62,36.82,0,16.48,7,26.31,0,34.51,residential,bulky,none,37.58
160,14,1,0,9.36,33.6,0,23.73,3,23.82,7.13,84.17,central,bulky,none,44.6
160,15,1,0,8.8,22.35,0,20.26,7,26.42,2.07,27.68,peripheral,standard,none,28.32
160,16,1,0,8.34,46.88,0,20.45,7,22.39,0,73.76,central,standard,none,27.18
160,17,1,0,7.09,90.26,2.24,22.06,20,19.93,11.92,100,central,standard,none,52.55
160,18,1,0,4.02,69.07,0,18.59,15,0,12.9,51.98,residential,express,none,35.14
160,7,1,0,10.13,35.02,5.38,20.88,16,15.72,2.76,29.9,peripheral,standard,none,42.81
160,8,1,0,10.81,62.58,0,20.42,12,0,14.6,36.15,peripheral,express,none,47.53
160,9,1,0,8.93,68.53,0.21,24.3,14,11.74,25.41,61.49,residential,standard,none,63.39
160,10,1,0,9.35,47.67,0,25.29,3,24.7,12.46,43.82,residential,bulky,none,52.72
160,11,1,0,5.39,55.05,3.4,26.24,19,8.94,0,87.8,central,standard,none,32.86
160,12,1,0,10.66,43.98,5.9,26.1,10,6.33,7.7,49.6,residential,express,none,38.49
160,13,1,0,17.56,38.39,3.77,24.75,3,0,12.93,74.64,residential,bulky,none,79.93
160,14,1,0,11.3,25.43,0,22.37,6,21.91,7.49,84.24,central,bulky,none,48.28
160,15,1,0,7.3,8,4.95,29.81,18,35.7,14.56,44.41,peripheral,standard,none,44.06
160,16,1,0,41.67,41.43,4.21,17.07,1,8.87,9.53,67.65,central,bulky,none,114.64
160,17,1,0,5.09,58.16,0.63,21.37,1,31.53,15.95,44.17,peripheral,bulky,none,31.36
160,18,1,0,17.27,90.86,0,30.78,10,16.16,18.39,86.15,central,standard,none,89.12
160,7,1,0,9.27,52.82,0,19.61,7,30.57,10.02,100,central,express,none,44.13
160,8,1,0,0.5,67.72,4.43,23.21,9,24.91,17.39,59.5,residential,standard,none,34.62
160,9,1,0,9.51,71.62,0,27.19,19,12.56,13.2,63.94,residential,standard,none,52.82
160,10,1,0,5.26,60.92,1.99,23.07,17,36.65,11.19,68.4,central,standard,none,28.44
160,11,1,0,32.43,51.59,7.23,23.74,16,0,14.4,76.61,central,standard,none,97.01
160,12,1,0,10.4,48.16,6.68,19.62,12,0,20.28,84.35,central,standard,none,68.55
160,13,1,0,8.94,36.87,0,23.81,9,0,0,43.6,residential,standard,none,34.46
160,14,1,0,7.27,41.21,0,21.61,17,34.91,0,99.19,central,express,none,21.53
161,15,0,0,10.69,31.98,7.13,28.42,16,26.71,11.29,39.67,residential,standard,none,47.65
161,16,0,0,27.8,21.97,3.43,23.7,18,26.94,14.89,30.74,peripheral,standard,none,78.37
161,17,0,0,8.74,94.2,0,29.17,10,0,11.67,82.44,central,standard,none,57.63
161,18,0,0,9.52,85.03,0,25.53,11,0,15.84,47,residential,standard,none,56.26
161,7,0,0,6.62,31.96,9.9,20.04,17,13.4,11.49,36.25,residential,standard,none,41.99
161,8,0,0,4.37,82.48,0,19.86,14,19.54,20.09,88.83,central,express,none,47.04
161,9,0,0,18.22,39.37,0.52,22.55,8,50.27,28.97,51.35,residential,standard,none,77.68
161,10,0,0,12.4,59.33,5.62,27.13,14,50.94,6.23,83.63,central,express,none,44.41
161,11,0,0,4.72,27.14,0,24.97,18,38.78,8.16,8.02,peripheral,standard,none,28.73
161,12,0,0,10.42,47.22,1.38,21.24,5,16.71,0,47.41,residential,bulky,none,46.96
161,13,0,0,3.09,46.24,1.09,28.32,8,45.84,14,90.57,residential,bulky,none,47.42
161,14,0,0,3.74,35.39,0.53,24.57,11,29.03,9,55.25,residential,standard,none,31.1
161,15,0,0,8.63,58.37,14.86,18.24,6,20.08,8.87,100,central,standard,none,50.66
161,16,0,0,22.2,43.42,11.47,22.67,18,12.66,7.07,32.33,residential,standard,none,75.4
161,17,0,0,7.47,63.15,0,16.52,20,21.27,8.39,45.85,residential,standard,none,50.92
161,18,0,0,3.49,72.06,6.5,21.37,11,5.69,22.34,54.97,residential,standard,none,50.18
161,7,0,0,6.08,33.37,5.4,20.53,12,18.31,9.2,23.22,peripheral,standard,none,38.75
161,8,0,0,14.39,66.45,0,18.7,9,19.67,20.67,16.9,peripheral,bulky,none,75.1
161,9,0,0,3.02,58.19,7.2,23.03,18,2.87,21.3,91.39,residential,standard,none,42.21
161,10,0,0,13.1,53.28,7.64,18.89,10,0,7.77,82.02,central,express,none,49.64
161,11,0,0,4.89,37.24,0,24.14,11,0,5.35,40.07,residential,standard,none,34.52
161,12,0,0,6.68,14.76,4.99,18.3,19,28.03,5.97,24.94,peripheral,express,none,32.38
161,13,0,0,0.5,46.37,9.11,22.08,15,0,9.08,84.33,central,standard,none,34.39
161,14,0,0,12.57,26.67,8.47,22.3,15,18.8,8.35,44.13,peripheral,express,none,35
161,15,0,0,6.46,39.85,10.65,27.46,18,5.12,4.53,43.48,residential,standard,none,38.58
161,16,0,0,1.04,48.81,6.68,23.41,10,18.75,4.7,100,central,standard,none,24.31
161,17,0,0,8.36,76.94,4.87,15.44,16,7.81,22.19,42.14,residential,standard,none,65.98
161,18,0,0,28.22,88.71,10.24,19.71,1,28.43,8.94,85.77,central,bulky,none,105.28
161,7,0,0,9.85,25.05,3.49,25.86,20,32.77,11.4,34.84,peripheral,standard,none,40.86
161,8,0,0,10.57,69.88,12.56,26.17,15,0.66,25.29,67.22,residential,standard,none,65.84
161,9,0,0,16.27,94.89,0,27.26,14,18.9,11.08,86.79,central,standard,none,79.65
161,10,0,0,6.16,48.16,3.16,15.99,12,0,9.9,49.7,residential,standard,none,45.36
161,11,0,0,12.28,35.74,4.43,16.22,2,16.28,3.84,52.05,residential,bulky,none,48.29
161,12,0,0,9.4,46.34,4.7,20.89,15,25.13,8.64,29.06,residential,express,none,41.18
161,13,0,0,9.62,54.69,0.7,23.14,11,11.01,5.07,84.45,central,express,none,47.3
161,14,0,0,6.82,45.37,1.67,23.61,11,22.78,0,54.73,residential,express,vehicle,60.48
161,15,0,0,12.72,46.02,3.72,20.37,6,35.01,10.72,48.95,residential,bulky,none,55.95
161,16,0,0,10.1,39.83,0.64,25.73,1,31.23,10.04,50.75,residential,bulky,none,51.78
161,17,0,0,5.14,79.2,10.64,23.92,12,33.11,20.62,15.08,peripheral,standard,none,54.08
161,18,0,0,7.88,63.09,0,26.85,14,29.58,26.92,48.15,residential,standard,none,62.56
162,7,0,0,12.44,36.91,8.43,18.19,13,24.18,6.82,85.88,central,standard,none,50.83
162,8,0,0,8.63,92.27,4.86,21.19,12,41.76,2.29,44.8,peripheral,standard,roadwork,55.27
162,9,0,0,11.07,62.78,3.23,25.73,15,25.74,6.99,32.08,peripheral,standard,none,49.33
162,10,0,0,8.49,14.72,1.14,28.61,6,17.23,4.76,42.29,peripheral,bulky,none,33.06
162,11,0,0,6.05,34.76,0,21.17,15,2.12,15.81,30.27,peripheral,standard,none,37.36
162,12,0,0,8.75,53.19,0,27.93,16,6.49,9.51,80.16,central,standard,none,38.81
162,13,0,0,8.52,54.53,0,22.23,16,0.56,0,71.89,central,standard,none,41.91
162,14,0,0,37.33,35.36,3.25,18.12,13,19.65,6.3,42.01,peripheral,standard,none,99.15
162,15,0,0,5.57,46.13,0,18.15,1,0.34,10.22,90.99,central,bulky,none,42.12
162,16,0,0,5.02,48.54,0,26.07,12,13.5,9.26,11.15,peripheral,express,none,24.7
162,17,0,0,8.71,77.99,1.26,26.03,14,41.95,10.26,54.13,residential,express,none,46.61
162,18,0,0,13.24,62.4,17.48,17.51,17,6.44,21.65,72.01,central,standard,customer_absent,104.14
162,7,0,0,6.07,59.22,7.96,19.35,12,4.75,18.15,80.32,central,express,none,45.46
162,8,0,0,10.66,64.79,0,22.99,16,28.88,15.6,29.04,peripheral,standard,none,62.69
162,9,0,0,0.5,70.54,2.91,25.29,10,31,16.73,52.76,residential,standard,none,35.95
162,10,0,0,12.12,46.49,0,23.58,15,9.12,5.08,59.14,residential,standard,none,56.19
162,11,0,0,15.89,48.67,5.04,19.93,5,18.23,7.21,64.57,residential,bulky,none,66.13
162,12,0,0,7.4,31.35,1.04,24.99,11,14.39,0,65.6,residential,standard,none,21.33
162,13,0,0,9.48,49.45,0.69,26.71,13,29.82,12.13,81.97,central,standard,none,59.88
162,14,0,0,18.69,32.91,3.7,23.58,15,34.88,8.99,37.87,peripheral,standard,none,60.5
162,15,0,0,9.6,29.95,0,21.9,12,0,8.22,50.19,residential,express,none,37.38
162,16,0,0,12.54,42.72,1.5,21.36,21,0,12.96,42.28,residential,standard,none,57
162,17,0,0,12.02,81.2,8.8,21.25,3,36.22,22.64,37.08,residential,bulky,none,79.2
162,18,0,0,14.51,72.72,0,19.63,11,11.94,15.78,8.17,peripheral,standard,none,68.54
162,7,0,0,13.05,50.2,1.42,19.32,20,2.69,8.29,32.16,residential,standard,none,57
162,8,0,0,3,60.1,0,29.14,11,11.84,13.39,27.07,peripheral,bulky,none,41.35
162,9,0,0,5,74.6,10.27,16.67,8,18.77,22.21,100,central,express,none,52.83
162,10,0,0,8.14,35.97,9.75,25.77,15,16.1,10.26,50.95,residential,standard,none,55.31
162,11,0,0,13.65,24.81,10.09,17.2,19,21.31,10.94,5,peripheral,standard,none,45.17
162,12,0,0,11.2,71.3,0,29.59,11,30.87,0,73.55,central,standard,none,37.68
162,13,0,0,6.08,19.58,0,21.85,12,11.22,0,46.48,peripheral,express,none,21.86
162,14,0,0,11.55,43.47,8.01,17.54,10,31.2,2.17,89.02,central,standard,none,45.32
162,15,0,0,5.49,41.04,0.93,23.53,15,5.63,10.7,74.64,residential,standard,none,35.7
162,16,0,0,8.41,29.05,5.68,19.47,16,19.14,4.23,24.04,peripheral,standard,none,50.67
162,17,0,0,15.37,85.53,5.77,25.15,6,16.99,18.62,75.9,central,standard,customer_absent,79.72
162,18,0,0,8.89,69,9.15,14.84,15,18.33,14.8,17.22,peripheral,express,none,49.28
162,7,0,0,3.73,56.61,12.55,18.84,10,14.92,3.34,85.57,central,standard,none,33.18
162,8,0,0,3,85.56,0,29.33,14,2.41,14.96,52.37,residential,standard,none,35.81
162,9,0,0,6.94,98,0,20.58,7,22.17,17.93,77.67,central,standard,none,60.33
162,10,0,0,12.81,40.99,0,20.31,12,18.16,8.62,65.52,residential,standard,none,48.68
163,11,0,0,0.5,16.55,4.35,26.37,9,8.73,8.08,13.58,peripheral,standard,none,25.74
163,12,0,0,10.39,48.93,4.24,28.33,12,20.98,3.76,36.52,residential,standard,none,50.61
163,13,0,0,4.05,56.38,0,23.78,16,21.07,0.56,100,central,standard,none,23.81
163,14,0,0,10.29,33.35,0,20.84,15,19.43,4.1,41.61,peripheral,express,none,31.52
163,15,0,0,11.53,52.11,0,24.44,25,24.73,4.17,95.57,central,express,none,44.81
163,16,0,0,0.5,40.89,0,20.85,9,19.64,4.24,98.67,central,bulky,vehicle,82.49
163,17,0,0,9.63,93.33,7.39,19.73,15,13.44,7.76,83.66,central,standard,none,57.22
163,18,0,0,5.48,92.74,2.1,19.99,9,30.67,21.48,65.29,central,express,none,45.55
163,7,0,0,9.01,47.68,0.07,23.36,14,4.4,16.81,81.37,residential,standard,none,59.87
163,8,0,0,5.76,55.07,3.96,19.57,11,37.63,27.26,19.17,peripheral,standard,none,52.02
163,9,0,0,7.72,94.04,6.02,14.3,17,16.51,15.34,77.38,central,standard,none,56.87
163,10,0,0,4.07,38.98,0,15.25,10,20.26,2.47,82.25,central,standard,none,32.76
163,11,0,0,12.42,42.63,0.69,24.42,11,12.85,10.05,35.29,residential,standard,none,59.05
163,12,0,0,0.5,30.69,0,21.59,15,34.2,0,33.13,residential,express,none,8.08
163,13,0,0,7.03,36.89,0,26.18,20,27.31,8.31,5,peripheral,standard,none,44.4
163,14,0,0,13.75,35.2,6.89,20.99,18,46.65,0,46.37,residential,standard,none,50.08
163,15,0,0,6.13,31.73,4.68,18.29,1,26.61,20.35,25.15,peripheral,bulky,none,49.61
163,16,0,0,12.68,35.52,4.31,17.97,1,31.15,10.53,100,central,bulky,none,52.09
163,17,0,0,2.24,82.01,0,20.69,17,0,22.38,97.65,central,standard,none,53.9
163,18,0,0,7.08,69.97,6.93,19.03,6,0,15.11,6.25,peripheral,bulky,none,61.95
163,7,0,0,26.17,45.31,4.38,24.13,13,24.41,8.7,100,central,standard,none,84.49
163,8,0,0,7.61,91.64,9.01,22.72,14,32.99,11.48,73.39,central,standard,none,52.61
163,9,0,0,2.75,62.22,12.27,22.82,5,20.41,21.19,16.02,peripheral,bulky,none,55.71
163,10,0,0,12.1,46.69,10.18,21.74,10,11.63,3.29,26.04,peripheral,standard,none,53.06
163,11,0,0,12.74,49.6,11.44,29.36,9,31.88,0.5,67.1,residential,standard,none,44.57
163,12,0,0,9.1,22.41,0,24.65,13,40.01,6,48.69,residential,standard,none,31.49
163,13,0,0,6.12,45.88,0,17.33,13,46.84,2.82,81.78,central,express,none,23.52
163,14,0,0,7.41,59.13,0.38,25.33,10,9.79,0,85.88,central,express,none,22.85
163,15,0,0,8.97,60.24,0,29.89,6,13.21,4.96,100,central,bulky,none,48.53
163,16,0,0,10.33,38.74,8.08,27.1,18,24.54,14.21,30.03,peripheral,standard,none,56.23
163,17,0,0,10.4,70.43,0,21.23,16,0,19.6,42.37,peripheral,standard,none,62.75
163,18,0,0,18.7,90.37,5.53,21.26,7,18.36,17.26,52.61,residential,standard,none,87.68
163,7,0,0,7.54,28.54,0,22.67,9,15.92,3.7,62.33,residential,standard,none,36.92
163,8,0,0,8.13,98,3.15,18.61,12,23.3,21.76,87.15,central,express,none,57.47
163,9,0,0,12.4,73.65,0,17.49,18,21.21,16.89,100,central,standard,none,62.28
163,10,0,0,5.03,35.97,0,26.66,5,19.23,5.68,73.75,residential,bulky,none,40.68
163,11,0,0,5.71,22.73,5.38,22.78,13,0,4.22,41.39,residential,standard,none,43.76
163,12,0,0,17.51,39.47,0.17,23.33,10,1.98,13.92,100,central,standard,none,69.41
163,13,0,0,31.24,40.03,5.2,24.02,13,18.1,15.23,64.73,residential,express,none,74.63
163,14,0,0,10.69,38.79,8.66,20.26,20,37.33,6.95,23.03,peripheral,express,none,41.66
164,15,0,0,5.9,35.46,2.68,27.24,15,24.36,0,29.28,residential,standard,none,30.93
164,16,0,0,6.6,57.71,8.21,21.87,11,8.94,2.47,91.33,central,express,none,25.71
164,17,0,0,8.13,63.02,4.73,23.54,15,9.02,26.17,31.59,peripheral,express,none,51.15
164,18,0,0,12.15,76.57,1.22,23.99,15,35.58,25.28,43.71,residential,standard,none,75.64
164,7,0,0,10.5,58.59,5.43,15.77,4,21.34,10.65,57.55,residential,bulky,none,58.01
164,8,0,0,8.29,79.4,5.6,16.16,20,14.41,13.97,100,central,express,none,42.68
164,9,0,0,4.23,63.45,0,19.97,21,38.47,24.57,38.91,peripheral,standard,none,48.41
164,10,0,0,5.12,29.14,11.52,28.5,17,0,17.31,26.52,peripheral,standard,none,48.1
164,11,0,0,7.62,43.1,10.67,15.75,12,32.83,6.31,49.13,residential,standard,none,34.02
164,12,0,0,9.73,17.17,7.71,19.97,1,6.88,12.07,5,peripheral,bulky,none,41.94
164,13,0,0,5.16,48.22,3.53,19.28,14,19.61,1.67,93.43,central,standard,none,43.51
164,14,0,0,11.3,35.82,6.89,19.97,21,24.45,4.72,10.21,peripheral,standard,none,45.74
164,15,0,0,6.26,30.01,2.3,21.62,9,56.65,4.93,25.68,peripheral,express,none,24.53
164,16,0,0,12.39,44.01,5.19,21.14,18,8.68,3.38,83.78,residential,standard,none,46.2
164,17,0,0,19.77,94.16,0,29.63,14,9.69,12.79,78.65,central,standard,none,85.3
164,18,0,0,6.51,69.25,0.54,27.74,13,12.29,13.74,41.49,peripheral,bulky,none,54.44
164,7,0,0,12.69,46.02,0,16.05,16,35.96,0.2,39.41,residential,express,none,34.87
164,8,0,0,2.72,60.16,0,23.18,15,33.06,12.82,5.21,peripheral,standard,none,35.58
164,9,0,0,7.9,63.65,6.54,24.84,17,21.51,22.28,31.44,peripheral,standard,none,58.2
164,10,0,0,18.37,40.37,10.34,22.37,4,12.44,3.03,29.5,peripheral,bulky,none,66.69
164,11,0,0,4.21,35.28,0,23.95,14,7.28,7.57,38.47,peripheral,standard,none,28
164,12,0,0,8.7,48.76,0.6,19.07,16,7.45,11.46,53.88,residential,standard,none,55.52
164,13,0,0,36.83,41.27,1.49,20.76,14,3.33,13.19,76.39,residential,standard,none,93.38
164,14,0,0,1.94,36.1,0,26.78,21,32.15,10.18,32.5,peripheral,standard,none,32.38
164,15,0,0,16.92,41.14,9.06,25.29,12,22.91,6.16,28.39,peripheral,express,none,50.61
164,16,0,0,9.05,32.88,0,21.92,16,21.16,5.52,55.92,residential,standard,none,34.57
164,17,0,0,12.89,73.63,5.03,25.7,11,14.2,6.65,43.47,residential,standard,none,58
164,18,0,0,20.28,63.83,0,28.24,15,11.18,0.71,23.32,peripheral,express,none,66.2
164,7,0,0,10.99,39.37,0,26.2,12,22.11,11.46,58.38,residential,standard,none,49.72
164,8,0,0,14.23,75.37,2.73,25.07,13,10.13,16.56,9.15,peripheral,express,none,70.65
164,9,0,0,12.2,59.14,4.81,31.73,10,10.17,34.54,14.97,peripheral,bulky,none,90.98
164,10,0,0,1.56,41.05,4.76,22.07,19,15.25,0,62.19,residential,standard,none,19.3
164,11,0,0,2.91,54.07,10.45,22.39,10,12.29,4.78,54.33,residential,express,none,19.48
164,12,0,0,6.83,18.96,3.48,23.94,12,9.53,16.57,5,peripheral,standard,none,38.22
164,13,0,0,10.34,44.63,0,24.97,13,20.84,4.78,94.17,central,standard,none,45.28
164,14,0,0,10.17,24.45,7.06,27.41,10,31.82,5.41,72.9,residential,standard,none,40.21
164,15,0,0,10.23,41.2,5.93,18.51,12,32.26,17.52,70.9,central,standard,none,57.1
164,16,0,0,21.98,65,12.24,21.47,15,16.07,10.41,82.63,central,express,none,66.7
164,17,0,0,8.37,74.43,2.76,24.69,11,38.51,8.91,10.4,peripheral,standard,none,46.78
164,18,0,0,11.11,67.1,6.35,26.39,17,0,19.22,90.61,central,express,none,62.31
165,7,0,0,7.81,65.08,0.59,24.05,16,2.51,7.94,89.2,central,standard,none,42.82
165,8,0,0,6.58,68.95,0,24.21,22,24.62,14.05,18.1,peripheral,express,none,48.42
165,9,0,0,8.15,95.54,9.96,26.9,17,37.04,9.95,92.81,central,standard,roadwork,96.56
165,10,0,0,8.87,35.83,0.33,23.71,6,16.82,8.39,24.05,peripheral,bulky,none,45.99
165,11,0,0,0.5,56.77,5.13,26.79,17,23.39,4.67,90.66,central,express,none,16.49
165,12,0,0,18.95,40.22,0.37,21.98,13,29.89,15.25,90.65,central,standard,none,74.3
165,13,0,0,6.88,23.11,0,25.89,15,27.61,9.84,19.15,peripheral,standard,none,35.46
165,14,0,0,10.66,54.8,0,26.85,10,27.55,7.98,100,central,standard,none,52.96
165,15,0,0,6.4,51.41,12.88,27.38,12,15.39,6.7,48.39,residential,standard,none,39.21
165,16,0,0,10.83,42.71,2.32,17.7,13,25.01,3.97,45.09,residential,standard,none,38.28
165,17,0,0,13.83,70.06,6.08,18.86,4,33.25,19.71,13.5,peripheral,bulky,roadwork,87.96
165,18,0,0,11.83,75.59,3.61,24.63,8,7.38,23.5,36.22,residential,express,none,58.86
165,7,0,0,27.2,38.39,0,17.72,7,3.56,17.12,73.91,central,bulky,none,94.03
165,8,0,0,7.3,98,0,20.18,21,17.15,16.58,82.26,central,standard,none,62.39
165,9,0,0,6.95,98,0.38,20.47,12,7.46,13.43,91.27,central,standard,none,59.73
165,10,0,0,8.15,53.83,0,28.05,1,1.33,10.86,95.95,central,bulky,none,48.8
165,11,0,0,6.89,57.75,11.09,20.19,13,31.49,0,84.13,central,express,none,32.85
165,12,0,0,13.74,33.2,0,23.62,6,25.92,0,87.1,residential,express,none,28.88
165,13,0,0,6.68,47.63,9.95,19.22,14,2.86,2.58,51.72,residential,express,none,31.38
165,14,0,0,4.43,42.42,2.42,27.46,16,26.61,4.36,87.38,central,standard,none,32.19
165,15,0,0,10.15,77.32,1.76,19.78,7,6.9,2.44,100,central,standard,none,40.58
165,16,0,0,15.16,34.3,8.3,28.32,17,32.96,4.56,54.76,residential,standard,roadwork,62.52
165,17,0,0,11.93,74.65,7.31,25.06,13,14.18,22.75,75.04,central,express,none,66.97
165,18,0,0,4.06,72.62,0,25.11,10,24.95,11.23,62.47,residential,express,none,31.7
165,7,0,0,8.96,29.82,0,18.09,11,32.47,3.82,23.43,peripheral,standard,none,23.55
165,8,0,0,7.46,62.2,0,18.63,13,24.95,15.2,8.87,peripheral,standard,none,47.73
165,9,0,0,4.48,76.02,3.13,24.87,16,24.08,25.9,5,peripheral,standard,none,56.19
165,10,0,0,4.73,42.5,6.44,27.62,20,28.31,3.72,54.33,residential,express,none,23.37
165,11,0,0,9.78,54.1,0,21.81,8,37.42,3.95,100,central,standard,none,42.68
165,12,0,0,2.96,53.21,6.71,26.88,1,0,1.92,58.66,residential,bulky,none,32.91
165,13,0,0,13.3,48.5,1.84,21.86,10,36.03,9.34,57.62,residential,standard,none,55.91
165,14,0,0,9.58,56.55,5.99,18.56,11,7.46,0,100,central,express,none,29.74
165,15,0,0,13.87,43.17,2.5,19.97,15,9.26,7.64,72.95,residential,express,none,50.2
165,16,0,0,7.93,18.81,6.03,29.24,12,24.98,1.26,58.43,residential,standard,none,24.07
165,17,0,0,9.45,95.57,0,23.94,12,5.53,15.32,85.77,central,standard,none,65.15
165,18,0,0,20.32,94.51,0,23.32,16,14.93,14.71,84.38,central,standard,none,100.06
165,7,0,0,9.43,25.94,8.54,22.26,15,10.69,3.42,55.26,residential,standard,none,52.41
165,8,0,0,11.53,63.39,0,23.06,15,22.28,12.64,39.46,peripheral,standard,none,48.79
165,9,0,0,2.09,85.18,1.5,24.45,15,5.59,11.7,33.32,residential,standard,none,34.61
165,10,0,0,12.73,44.84,0,22.04,13,21.09,9.55,30.61,peripheral,standard,none,46.58
166,11,1,0,14.8,23.05,0,26.35,16,11.56,3.36,33.18,residential,standard,none,42.52
166,12,1,0,11.08,25.79,6.76,21.91,9,26.23,0,17.82,peripheral,bulky,none,45.39
166,13,1,0,10.66,19.5,3.95,17.06,11,23.07,12.07,55.56,peripheral,express,none,31.51
166,14,1,0,2.94,30.29,0,22.82,20,24.81,7.03,26.52,peripheral,standard,none,22.4
166,15,1,0,3.96,44.21,4.04,22.1,5,13.45,9.8,66.82,residential,express,none,26.09
166,16,1,0,1.64,12.99,0,21.66,7,29.23,0,28.49,peripheral,standard,none,15.99
166,17,1,0,9.42,86.46,0.07,24.67,10,2.18,14.09,65.45,central,standard,none,50.23
166,18,1,0,7.67,65.37,6.28,25.89,11,15.11,19.63,73.59,central,standard,none,62.74
166,7,1,0,8.08,17.51,0,17.78,12,10.98,7.08,84.09,residential,standard,none,38.78
166,8,1,0,12.58,54.24,0,24.4,11,0,10.94,53.8,peripheral,express,none,53.59
166,9,1,0,5.5,76.32,0,19.72,18,8.52,17.56,65.87,central,standard,none,58.55
166,10,1,0,11.26,43.06,3.62,25.26,17,0,17.64,36.95,residential,standard,none,59.66
166,11,1,0,5.27,34.82,7.74,21.41,11,32.85,4.34,70.64,central,express,none,36.51
166,12,1,0,21.59,34.32,2.82,26.33,13,0,10.17,35.71,peripheral,standard,none,62.27
166,13,1,0,12.08,40.5,0,29.65,1,6.33,0,97.57,central,bulky,none,53.41
166,14,1,0,12.42,23.45,4.45,23.2,17,21.46,6.7,10.88,peripheral,express,vehicle,72.4
166,15,1,0,10.25,19.02,0,17.88,4,23.08,10.64,38.68,peripheral,bulky,none,50.44
166,16,1,0,2.75,43.41,0.83,25.93,13,16.53,0.53,100,central,standard,none,28.77
166,17,1,0,2.82,62.97,0,26.07,1,12.34,16.02,6.24,peripheral,bulky,none,47.22
166,18,1,0,15.48,59.73,10.89,24.86,2,7.64,12.15,43.98,peripheral,bulky,none,66.69
166,7,1,0,13.83,35.48,4.83,23.48,13,15.62,19.23,85.81,central,standard,none,58.17
166,8,1,0,11.25,53.57,0.97,25.89,18,35.18,20.16,52.15,peripheral,standard,none,79.74
166,9,1,0,0.5,62.47,5.85,21.47,17,28.34,18.24,37.82,residential,standard,none,40.8
166,10,1,0,12.26,25.63,4.5,19.6,18,11,8.17,22.88,peripheral,standard,none,58.72
166,11,1,0,21.23,45.24,4.67,30.09,1,33.08,9.19,83.47,central,bulky,none,71.04
166,12,1,0,9.01,48.3,12.19,28.8,18,4.35,7.64,8.14,peripheral,standard,none,47.43
166,13,1,0,9.55,32.18,0,24.11,16,13.06,6.76,52.77,residential,standard,none,43.44
166,14,1,0,0.5,47.48,3.71,15.53,11,16.14,8.13,100,central,standard,none,43.19
166,15,1,0,19.69,34.65,0,23.52,13,27.75,0,81.65,residential,express,none,42.43
166,16,1,0,10.25,10.55,0,25.57,21,5.23,0.06,7.45,peripheral,express,none,32.83
166,17,1,0,7.72,77.24,0.4,21.21,12,0,6.44,40.58,residential,standard,none,36.19
166,18,1,0,4.57,78.27,3.69,23.57,20,16.07,10.21,54.52,residential,standard,none,38.21
166,7,1,0,13.25,38.71,1.57,23.51,23,54,7.93,81.56,residential,standard,none,52.81
166,8,1,0,7.5,88.73,4.89,16,17,22.03,15.24,70.31,residential,express,none,58.01
166,9,1,0,3.77,67.46,6.35,24.1,8,17.73,18.74,48.94,peripheral,standard,none,52.28
166,10,1,0,0.5,17.8,0,24.28,15,17.04,11.44,22.69,peripheral,standard,none,27.71
166,11,1,0,25.24,29.23,7.15,25,20,37.92,10.3,63.2,residential,standard,none,73.35
166,12,1,0,0.5,35.87,8.91,20.21,13,23.4,0.18,73.95,residential,express,none,16.3
166,13,1,0,7.11,30.54,14.21,27.26,9,32.98,1.34,50.95,residential,standard,none,32.23
166,14,1,0,8.99,19.32,8.47,28.95,18,18.12,9.58,63.53,residential,standard,roadwork,49.97
167,15,1,0,4.97,25.02,0,23.51,9,15.02,13.26,57.76,residential,express,none,30.85
167,16,1,0,4.65,19.47,11.98,21.49,13,32,3.26,23.1,peripheral,bulky,none,32.22
167,17,1,0,10.18,46.87,5.01,20.52,13,37.67,14.12,13.35,peripheral,bulky,none,52.65
167,18,1,0,21.4,74.67,3.26,24.36,8,14.21,14.39,100,central,standard,none,84.32
167,7,1,0,13.74,28.94,0,22.34,10,20.85,4.57,94.06,central,express,none,34.41
167,8,1,0,10.22,73.3,2.95,27.87,12,10.58,22.33,53.92,residential,express,none,66.91
167,9,1,0,4.32,48.29,0,22.95,18,0,14.16,10.69,peripheral,standard,none,43.93
167,10,1,0,4.57,19.34,0.82,26.17,14,17.92,0,24.02,peripheral,standard,none,24.36
167,11,1,0,13.34,14.12,2.73,22.5,13,5.05,7.46,7.51,peripheral,standard,none,47.34
167,12,1,0,7.34,19.41,4.33,25.5,10,13.92,14.24,21.04,peripheral,standard,none,46.54
167,13,1,0,9.74,50.67,8.64,20.37,20,34.78,4.29,84.75,central,standard,none,50.72
167,14,1,0,0.5,46.76,1.2,16.54,20,5.44,11.1,81.44,central,standard,none,30.37
167,15,1,0,12.67,27.09,5.56,29.32,15,0,11.16,94.46,central,standard,none,61.28
167,16,1,0,22.04,52.13,5.67,18,1,11.11,4.12,92.18,central,bulky,none,69
167,17,1,0,30.53,86.05,7.46,27.17,10,11.97,16.41,57.64,residential,standard,none,115.79
167,18,1,0,7.34,61.4,6.92,22.41,16,6.21,4.65,78.17,central,express,none,33.08
167,7,1,0,5.99,38.25,10.3,27.88,20,24.01,12.62,80.75,central,express,none,40.18
167,8,1,0,13.13,61.37,0,25.05,18,25.6,24.65,25.88,peripheral,standard,none,73.14
167,9,1,0,5.5,62.11,7.42,21.64,7,52.12,23.8,63.37,residential,standard,none,53.13
167,10,1,0,9.12,32.13,1.24,21.02,12,32.17,3.32,35.53,peripheral,standard,none,31.88
167,11,1,0,10.87,14.57,5.8,21.58,9,16.66,6.4,24.9,peripheral,standard,none,25.49
167,12,1,0,31.06,51,7.59,20.44,16,18.72,11.15,79.73,central,standard,none,90.87
167,13,1,0,1,37.79,5.1,22.23,17,60.41,4.82,83.81,central,standard,none,21.75
167,14,1,0,12.11,22.32,2.54,24.29,12,46.8,7.51,9.28,peripheral,standard,none,49.09
167,15,1,0,11.37,45.58,2.92,21.83,19,9.76,8.78,19.6,peripheral,standard,none,51.67
167,16,1,0,7.75,25.02,5.41,22,12,33.62,8,47.8,residential,express,none,29.61
167,17,1,0,11.34,70.71,4.84,24.04,18,31.78,15.94,56.5,residential,standard,none,61.99
167,18,1,0,25.93,72.21,2.53,23.98,9,29.93,17.21,64.88,central,standard,none,98.68
167,7,1,0,12.62,39.23,0,24.34,17,11.64,12.47,76.45,residential,express,none,45.36
167,8,1,0,9.25,95.15,1.28,19.92,12,21.09,27.59,90.34,central,standard,none,72.17
167,9,1,0,10.08,88.01,6.56,23.8,14,15.82,25.15,94.28,central,standard,none,72.27
167,10,1,0,10.46,45.58,6.15,22.66,13,0,5.25,37.72,residential,express,none,41.7
167,11,1,0,14.72,30.44,6.46,22.97,5,34.6,3.29,70.55,residential,bulky,none,52.41
167,12,1,0,8.38,49.38,5.88,25.09,18,19.36,13.26,88.16,central,standard,none,58.17
167,13,1,0,2.83,43.74,3.8,24.21,15,44.83,8.62,44.41,residential,express,none,26.28
167,14,1,0,11.44,29.12,3.72,21.39,17,19.12,11.59,24.99,peripheral,express,none,39.37
167,15,1,0,12.43,44.54,0.91,21.02,18,23.59,13.22,79.94,central,standard,none,57.47
167,16,1,0,11.82,33.74,5.89,22,12,23.37,0.81,15,peripheral,express,none,38
167,17,1,0,14.65,58.98,2.27,23.75,11,0,19.32,22.44,peripheral,bulky,none,83.36
167,18,1,0,30.17,70.56,2.27,24.48,9,25.23,16.01,65.78,residential,standard,none,103.07
168,7,0,0,12.27,32.46,0,32.72,15,27.27,4.55,39.23,residential,express,none,42.61
168,8,0,0,10.58,78.73,8.17,30.31,3,0,14.33,77.46,residential,bulky,none,80.31
168,9,0,0,18.95,91.28,0,20.76,7,25.1,19.75,66.68,central,standard,none,81.09
168,10,0,0,17.1,33.67,1,20,12,11.72,1.14,58.09,residential,express,none,36.78
168,11,0,0,9.79,45.6,10.27,21.37,14,27.04,5.42,42.28,residential,standard,none,40.67
168,12,0,0,3.22,45.31,0,20.89,9,3.46,5.24,42.08,residential,express,none,33.38
168,13,0,0,10.57,53.11,0,24.94,13,35.02,16.62,56.88,residential,standard,none,52.68
168,14,0,0,8.55,38.55,0,23.31,1,15.16,11.56,71.97,residential,bulky,none,54.54
168,15,0,0,4.8,36.16,5.51,29.98,19,16.26,8.51,52.93,residential,standard,none,38.12
168,16,0,0,6.57,61.67,0,22.15,10,42.29,0,83.2,central,bulky,roadwork,75.21
168,17,0,0,13.5,68.98,0,27.12,12,40.69,14.47,42.91,residential,standard,none,59.58
168,18,0,0,7.8,77.38,0.43,22.48,14,0,11.65,62.02,residential,standard,none,53.1
168,7,0,0,7.44,45.62,0,27.62,17,29.48,11.7,91.53,central,standard,none,49.28
168,8,0,0,0.83,70.65,0,25.7,15,8.78,11.19,22.82,peripheral,standard,none,33.61
168,9,0,0,12.64,85.65,4.03,22.68,20,5.77,15.56,66.66,residential,standard,none,67.32
168,10,0,0,8.6,34.09,0.45,17.56,6,27.75,8.83,49.93,residential,standard,none,35.58
168,11,0,0,8.04,46.42,4.43,23.2,9,22.6,4.63,94.26,central,standard,none,46.46
168,12,0,0,9.41,65.18,0,23.95,16,14.76,10.21,100,central,express,none,54.74
168,13,0,0,12.67,45.18,0.51,26.43,15,26.13,18.4,100,central,standard,none,68.07
168,14,0,0,9.91,52.92,0,18.65,21,13.5,2.71,74.59,central,express,none,44.81
168,15,0,0,1.4,42.86,4.98,18.04,13,11.3,1.28,64.59,residential,express,none,25.06
168,16,0,0,6.77,41.1,0,17.68,17,13.5,5.83,95.98,central,standard,none,45.48
168,17,0,0,8.29,57.17,8.08,19.85,19,22,8.07,10.68,peripheral,express,none,44.43
168,18,0,0,0.5,82.28,0,24.14,17,23.52,23.48,69.9,residential,express,none,32.97
168,7,0,0,8.2,31.82,2.18,25.16,19,9.13,8.02,60.66,residential,standard,none,46.62
168,8,0,0,0.96,92.77,0,23.39,15,28.83,24.16,78.37,central,standard,none,42.96
168,9,0,0,8.27,69.5,0,24.35,15,14.91,24.7,70,residential,express,none,58
168,10,0,0,21.21,37.95,0,21.29,10,11.35,15.46,36.98,peripheral,standard,none,70.33
168,11,0,0,16.25,44,6.75,20.64,12,12.16,10.74,90.37,central,standard,none,72.94
168,12,0,0,4.04,55.73,0,24.36,14,29.14,15.37,68.15,central,express,none,45.22
168,13,0,0,11.83,57.77,0.13,21.39,17,27.44,1.47,75.41,central,standard,none,42.74
168,14,0,0,12.24,35.52,0,22.19,13,9.9,0,33.2,peripheral,standard,none,36.86
168,15,0,0,14.68,46.61,10.58,27.55,20,24.17,2.79,90.98,central,standard,none,55.29
168,16,0,0,4.94,43.32,0,24.92,9,46.17,4.45,36.3,residential,standard,none,23.31
168,17,0,0,20.51,96.56,14.64,23.86,10,3.06,21.27,72.05,central,bulky,none,120.18
168,18,0,0,7.24,72.44,11.07,22.02,11,37.43,18.04,29.01,peripheral,standard,none,53.78
168,7,0,0,10.34,35.5,0,26.6,10,0,11.18,36.84,peripheral,standard,none,47
168,8,0,0,4.85,83.62,5.59,26.78,10,34.15,17.68,88.8,central,express,none,49.92
168,9,0,0,0.5,52.06,0,26.19,14,0,10.97,18.99,peripheral,standard,none,22.87
168,10,0,0,1.93,42.08,3.39,24.41,15,43.14,0,97.23,central,standard,none,18
169,11,0,0,1.96,54.32,0,19.81,16,0,13.09,59.57,residential,standard,none,32.62
169,12,0,0,25.67,58.8,6.01,24.94,17,0,10.47,84.03,central,standard,none,92.31
169,13,0,0,4.09,24.5,3.78,25.41,13,15.17,4.92,56.15,residential,express,none,23.93
169,14,0,0,8.09,40.74,8.37,22.94,9,54.03,3.79,84.33,residential,standard,none,34.11
169,15,0,0,13.59,42.91,4.36,19.61,15,12.64,5.5,68.59,residential,standard,none,48.54
169,16,0,0,9.35,35.94,0,23.82,7,0,8.67,22.04,peripheral,bulky,none,47.32
169,17,0,0,13.04,83.19,0,28.52,17,0,18.97,73.65,central,standard,none,70.4
169,18,0,0,10.96,58.59,0.5,16.04,10,13.72,24.66,64.96,residential,standard,none,67.13
169,7,0,0,12.14,39.63,0,21.82,20,3.55,13.54,63.16,residential,standard,none,57.06
169,8,0,0,2.28,73.65,4.25,16.34,15,16.87,25.18,80.67,residential,standard,roadwork,71.95
169,9,0,0,2.14,74.16,6.63,26,14,27.63,21.63,72.55,residential,standard,none,41.2
169,10,0,0,8.62,47.02,0,26.27,17,0,8,100,central,standard,none,50.05
169,11,0,0,9.87,53.06,0,21.43,16,0,8.7,44.19,residential,express,none,31.52
169,12,0,0,6.42,22.35,4.73,25.03,13,24.46,10.34,50.49,residential,standard,none,33.68
169,13,0,0,11.6,34.13,1.66,21.68,11,30.39,1.12,62.27,residential,standard,none,38.7
169,14,0,0,0.5,46.26,8.06,19.34,16,16.5,5.84,48.69,residential,standard,none,18.51
169,15,0,0,6.18,24.64,0,21.37,10,14.08,17.79,66.53,residential,standard,none,41.98
169,16,0,0,11.18,26.13,5.07,17.09,1,35.66,1.32,49.53,residential,bulky,none,43.63
169,17,0,0,9.58,81.55,4.24,25.22,20,5.67,20.6,45.06,peripheral,standard,none,61.93
169,18,0,0,10.86,90.26,0,23.7,15,43.01,18.61,91.38,central,standard,none,61.63
169,7,0,0,6.62,46.94,6.85,27.56,17,1.06,8.01,16.64,peripheral,standard,none,39.56
169,8,0,0,6.76,52.57,0.27,19.88,17,7.39,20.85,9.44,peripheral,standard,none,45.89
169,9,0,0,12.19,52.17,4.73,22.99,15,9.6,25.87,24.1,peripheral,standard,none,73.33
169,10,0,0,4,55.92,0,22.27,7,13.42,5.01,51.04,residential,bulky,none,33.27
169,11,0,0,12.14,25.24,2.48,21.37,12,36.44,3.22,30.33,peripheral,standard,none,41.2
169,12,0,0,6.9,54.42,2.76,25.46,19,22.17,0,45.85,residential,standard,none,34.97
169,13,0,0,14.76,29.68,0,19.55,13,14.9,5.98,26.31,peripheral,standard,none,44.69
169,14,0,0,28.2,48.37,0,17.74,15,33.98,0,99.51,central,standard,none,78.41
169,15,0,0,13.41,40.36,4.28,22.63,16,37.08,10.44,22.99,peripheral,express,none,50.64
169,16,0,0,12.64,43.82,3.16,21.72,18,21.38,12.54,55.94,residential,standard,none,51.01
169,17,0,0,12.29,66.93,7.21,20.37,16,33.97,21.72,61.73,peripheral,standard,none,76.99
169,18,0,0,13.31,83.05,4.67,24.48,1,39.74,22.96,79.52,residential,bulky,none,80.32
169,7,0,0,11.39,32.67,5.07,23.02,4,21.97,0,76.8,residential,bulky,none,49.75
169,8,0,0,11.85,63.96,0.64,19.7,14,17.01,0.82,50.94,residential,standard,none,45.52
169,9,0,0,7.66,78.3,0,23.03,15,11.53,23.12,43.89,residential,standard,none,67.99
169,10,0,0,10.84,43.83,13.74,18.64,10,20.04,6.72,20.25,peripheral,standard,none,53.96
169,11,0,0,10.45,27.87,1.18,16.34,11,4.49,4.76,33.69,peripheral,standard,none,40.33
169,12,0,0,3.13,31.15,3.37,18.58,7,38.61,7.85,37.53,peripheral,bulky,none,33.84
169,13,0,0,6.18,34.57,2.28,18.54,12,20.57,16.03,58.37,residential,standard,none,47.25
169,14,0,0,9.52,46.96,0,19.41,16,12.42,0,87.81,central,standard,none,34.49
170,15,0,0,9.03,56.2,5.01,22.06,17,19.24,11.5,98,central,express,none,47.96
170,16,0,0,7.17,58.7,10.3,18.15,4,36,10.22,87.27,central,bulky,none,46.34
170,17,0,0,11.09,71.19,12.83,23.4,12,26.45,11.13,49.93,residential,express,none,45.47
170,18,0,0,4.92,92.44,0,21.3,15,0,18.19,88.12,central,express,none,47.53
170,7,0,0,2.54,16.3,0,18.14,11,2.12,0,16.74,peripheral,standard,none,12.84
170,8,0,0,12.02,66.42,0,25.13,14,6.82,18.39,73.65,residential,standard,none,61.33
170,9,0,0,4.51,65.86,6.58,27.6,13,12.73,12.23,14.15,peripheral,standard,none,40.25
170,10,0,0,12.81,23.13,9.01,19.93,15,24.6,6.67,20.1,peripheral,express,none,38.57
170,11,0,0,1.82,52.07,6.74,22.99,9,0,1.73,47.31,residential,standard,none,24.08
170,12,0,0,3.57,41.5,1.44,21.4,19,4.8,7.23,100,central,express,none,27.91
170,13,0,0,9.88,31.22,0,16.98,8,16.63,12.37,23.62,peripheral,express,none,35.91
170,14,0,0,10.34,24.77,0,22.41,3,17.38,8.01,36.62,peripheral,standard,none,35.96
170,15,0,0,11.04,31.73,3.2,19.95,6,14.38,5.81,29.92,peripheral,standard,none,41.05
170,16,0,0,9.04,39.64,8.66,22.8,13,24.11,0,100,central,standard,none,40.08
170,17,0,0,4.09,72.09,0.74,22.43,12,5.3,23.43,21.05,residential,standard,none,53.9
170,18,0,0,9.15,67.11,0,23.05,20,17.01,17.22,55.68,residential,standard,none,56.7
170,7,0,0,26.86,45.55,2.66,28.83,21,31.2,5.58,55.89,residential,standard,none,81.41
170,8,0,0,5.45,79.22,4.15,24.94,6,31.28,16.61,38.71,residential,bulky,none,49.23
170,9,0,0,15.27,67.68,0,29.24,8,26.43,21.18,47.34,residential,standard,roadwork,89.67
170,10,0,0,7.3,47.61,4.93,25.78,18,38.78,10.88,57.94,residential,standard,none,46.98
170,11,0,0,1.79,35.35,3.5,18.04,6,12.94,6.38,39.36,peripheral,bulky,none,30.38
170,12,0,0,18.63,29.33,3.88,18.58,14,9.96,1.55,45.03,residential,express,none,48.24
170,13,0,0,4.78,46.63,0,21.01,10,37.09,2.49,63.44,residential,express,none,22.08
170,14,0,0,9.36,61.57,8.88,26.52,19,18.56,0,74.9,central,bulky,none,63.68
170,15,0,0,28.48,47.28,0,28.38,6,0,13.76,100,central,standard,none,88.44
170,16,0,0,13.11,37.6,6.38,15.97,13,33.75,13.71,52.6,residential,standard,none,57.47
170,17,0,0,7.04,97.28,0,24.87,13,41.41,10.89,100,central,standard,none,45.06
170,18,0,0,5.64,71.95,0,23.89,7,10.27,9.99,50.87,residential,standard,none,40.01
170,7,0,0,12.07,38.6,7.42,21.48,13,12.73,2.68,29.56,peripheral,standard,none,43.74
170,8,0,0,8.17,87.46,1.72,20.33,11,30.27,35.75,62.47,residential,standard,none,75.85
170,9,0,0,13.13,69.54,4.27,25.69,7,32.26,12.36,83.16,residential,standard,none,61.13
170,10,0,0,14.18,38.4,0,17.61,13,3.48,9.39,65.24,residential,express,none,53.32
170,11,0,0,12.76,49.09,0,25,16,5.3,7.33,97.65,central,standard,none,47.33
170,12,0,0,11.6,37.33,0,25.14,9,6.12,15.5,54.53,residential,standard,none,50.7
170,13,0,0,4.72,42.6,0,21.35,13,28.16,8.39,75.93,central,standard,none,31.91
170,14,0,0,16.9,44.78,5.37,24.47,10,4.54,4.74,63.94,residential,standard,none,59.22
170,15,0,0,20.4,36.38,6.66,23.17,8,15.54,6.18,100,central,express,none,65.63
170,16,0,0,13.91,62.63,6.87,24.63,8,42.29,2.16,100,central,standard,none,46.56
170,17,0,0,2.31,51.96,0,25.88,15,11.51,14.63,12.93,peripheral,express,none,28.12
170,18,0,0,14.78,82.24,7.67,21.8,12,6.02,13.79,53.23,residential,standard,none,72.93
171,7,0,0,11.36,30.72,6.22,29.31,10,26.56,2.9,8.5,peripheral,express,none,25.91
171,8,0,0,22.18,69.87,1.56,20.59,2,19.18,5.92,26.99,residential,express,none,65.09
171,9,0,0,24.49,57.15,0.51,14.93,12,23.21,4.14,8.6,peripheral,express,none,62.46
171,10,0,0,13.56,29.59,0,23.2,14,7.24,0.21,29.13,peripheral,standard,none,40.7
171,11,0,0,7.17,52.42,3.26,20.13,9,24.16,1.66,76.76,central,standard,none,29.02
171,12,0,0,9.16,47.52,0,20.33,15,8.06,0.1,73.82,central,standard,none,40.99
171,13,0,0,10.53,57.91,0,28.77,19,0,0,58.17,residential,standard,none,44.25
171,14,0,0,9.21,37.52,3.15,24.97,11,28.67,17.94,16.66,peripheral,standard,none,58.24
171,15,0,0,19.57,21.1,6.7,25.58,12,16.1,0.91,25.97,peripheral,standard,none,52.04
171,16,0,0,3.65,29.98,6.88,20.74,10,22.27,10.7,73.24,residential,express,none,39.47
171,17,0,0,10.4,65.52,0,23.14,11,0,5,53.8,residential,bulky,none,57.21
171,18,0,0,8.19,85.72,8.4,26.88,14,4.34,20.73,44.41,residential,express,none,55.19
171,7,0,0,3.76,60.8,0,21.01,12,1.11,18.12,93.94,central,bulky,none,56.29
171,8,0,0,11.52,88.53,0,22.32,12,23.42,21.4,64.01,central,express,none,64.76
171,9,0,0,5.19,87.14,2.6,20.3,18,2.03,15.26,88.16,central,standard,none,56.77
171,10,0,0,15.13,47.01,0.5,22.11,16,29.95,5.35,100,central,express,none,46.79
171,11,0,0,10.99,24.32,8.74,22.19,18,10.64,5.68,5.75,peripheral,standard,none,35.82
171,12,0,0,9.04,34.07,8.09,24.74,16,1.48,12.18,42.89,residential,standard,none,48.59
171,13,0,0,8.89,36.35,0,24.24,17,0,1.35,76.73,residential,standard,none,36.5
171,14,0,0,11.87,38.55,2.59,19.34,15,12.94,5.49,46.14,residential,standard,none,40.99
171,15,0,0,17.26,45.54,0,27.38,18,25.13,6.5,37.66,peripheral,express,customer_absent,56.42
171,16,0,0,4.78,40.81,3.43,21.22,13,27.6,0,45.55,residential,express,none,23.58
171,17,0,0,12.53,85.43,1.84,26.93,7,22.72,21.88,54.19,residential,bulky,none,83.23
171,18,0,0,17.01,71.87,0,23.03,7,30.24,15.54,59.3,residential,standard,none,70.29
171,7,0,0,10.72,46.26,0,25.68,4,16.57,7.73,5,peripheral,bulky,none,46.61
171,8,0,0,4.02,92.71,3.14,18.75,22,29.3,22.71,80.25,central,standard,none,63.32
171,9,0,0,4.52,55.45,5.81,24.05,9,6.11,11.18,21.01,peripheral,standard,none,43.46
171,10,0,0,8.66,23.69,6.46,19.5,15,20.38,0.76,50.2,residential,standard,none,33.19
171,11,0,0,10.03,50.74,5.19,24.68,10,33.85,11.49,100,central,standard,none,50.13
171,12,0,0,2.49,38.66,6.18,26.43,19,25.25,9.58,61.01,residential,standard,none,38.47
171,13,0,0,18.26,41.95,2.78,22.01,13,23.23,13.05,63.82,residential,standard,none,64.35
171,14,0,0,21.04,49.52,4.79,19.04,14,24.71,0,77.86,central,standard,none,54.83
171,15,0,0,5.83,49.9,4.28,24.37,7,23.26,1.84,88.49,central,standard,none,38.11
171,16,0,0,9.87,40.14,7.79,32.85,14,7.29,17.92,40.33,residential,standard,none,63.53
171,17,0,0,10.78,85.75,0,26.07,13,39.86,19.07,100,central,express,none,57.94
171,18,0,0,8.83,83.35,7.89,25.21,7,14.31,15.98,61.16,residential,standard,none,63.33
171,7,0,0,5.46,21.43,17.18,18.92,13,8.58,6.38,14.11,peripheral,standard,none,34
171,8,0,0,10.06,73.66,0,23.39,14,0,15.3,14.93,peripheral,express,none,43.79
171,9,0,0,8.43,82.66,1.78,24.92,11,33.95,16.53,75.37,residential,standard,none,51.23
171,10,0,0,21.74,33.5,0,21.8,14,25.03,12.57,100,central,bulky,none,79.42
172,11,0,0,6.73,42.51,7.84,23.25,6,21.12,2.17,56.56,residential,bulky,none,36.98
172,12,0,0,3.01,35.33,0,21.48,12,1,4.05,48.32,peripheral,standard,none,30.43
172,13,0,0,3.34,38.71,3.21,16.66,20,22.22,0.37,70.06,residential,express,none,8.41
172,14,0,0,9.01,49.27,9.88,25.68,15,11.27,8.45,81.84,central,express,none,42.69
172,15,0,0,15.24,40,1.03,23.63,14,19.92,3.24,100,central,standard,none,50.78
172,16,0,0,14.25,50.26,5.04,20.7,18,0.68,0,86.04,central,standard,none,53.61
172,17,0,0,7.26,86.15,0,26.13,9,12.51,23.53,99.22,central,standard,none,59.85
172,18,0,0,11.15,84.31,8.53,22.82,14,31.95,8.51,41.12,residential,standard,none,57.74
172,7,0,0,4.66,27.62,3.27,19.29,22,18.43,9.39,42.7,peripheral,standard,none,36
172,8,0,0,14.98,68.4,0,28.52,1,0,19.2,59.19,residential,bulky,none,76.82
172,9,0,0,5.17,64.36,7.4,22.7,15,29.45,26.29,29.7,peripheral,standard,customer_absent,63.84
172,10,0,0,4.38,31.89,3.21,24.5,16,11.07,27.01,35.54,peripheral,express,none,49.01
172,11,0,0,19.79,41.18,0,26.75,17,29.89,0,50.42,residential,standard,none,53.81
172,12,0,0,7.76,46.74,6.8,22.11,18,42.39,5.92,73.05,central,standard,none,45.64
172,13,0,0,8.56,29.66,3.8,24.63,7,9.84,15.03,71.1,residential,bulky,none,52.78
172,14,0,0,12.37,44.8,0,24.9,18,29.76,2,28.85,peripheral,standard,none,46.76
172,15,0,0,33.19,59.24,4.13,14.62,14,35.48,5.84,77.79,central,express,none,88.63
172,16,0,0,8.45,43.16,2.67,20.25,16,25.41,4.66,86.96,central,standard,none,41.86
172,17,0,0,21.85,89.92,10.28,25.81,16,13.13,26.1,93.44,central,express,none,109.4
172,18,0,0,6.25,80.74,5.28,26.14,9,22.14,16.04,65.07,central,bulky,none,61.37
172,7,0,0,5.15,37.17,6.98,21.44,14,22.86,5.02,47.79,residential,standard,none,33.71
172,8,0,0,5.28,61.48,4.4,26.09,11,11.52,33.13,23.92,peripheral,standard,none,64.88
172,9,0,0,1.41,87.57,8.98,20.44,14,0,23.8,77.23,central,express,none,47.31
172,10,0,0,5.29,37.7,0,25.42,2,37.06,9.12,37.36,residential,bulky,none,32.61
172,11,0,0,11.14,48.27,8.82,19.22,3,7.39,2.4,63.71,residential,bulky,none,48.99
172,12,0,0,12.04,33.53,4.37,22.59,18,8.85,4.68,48.42,residential,standard,none,48.25
172,13,0,0,9.32,54.44,7.75,26.08,20,28.28,5.94,90.57,central,standard,none,47.58
172,14,0,0,7.59,15.18,0,21.73,18,21.14,0,39.25,peripheral,express,none,22.87
172,15,0,0,0.5,38.9,0,27.22,21,11.4,18.8,69.03,residential,express,none,33.93
172,16,0,0,7.38,65.04,0,23.69,23,27.53,0,100,central,standard,none,42.79
172,17,0,0,12.92,77.4,1.54,24.22,15,0,16.48,15.62,peripheral,standard,none,65.48
172,18,0,0,9.69,82.49,4.86,17.42,10,46.58,20.53,45.46,residential,standard,none,62.66
172,7,0,0,8.18,33.92,8.35,24.09,15,6.12,11.86,52.64,residential,standard,none,53.63
172,8,0,0,9.83,92.08,0.13,16.97,11,9.62,21.99,80.92,central,express,none,63.04
172,9,0,0,2.94,98,0.8,18.52,12,22.89,17.72,82.47,central,standard,none,49.16
172,10,0,0,7.31,44.56,3.41,21.75,16,14.51,13.06,41.09,residential,standard,none,47.03
172,11,0,0,7.14,55.13,1.71,22.31,14,18.73,10.5,55.74,residential,standard,none,51.57
172,12,0,0,5.93,35,0,26.82,14,15.32,14,51.25,residential,standard,none,45.34
172,13,0,0,0.78,38.67,8.92,20.65,15,32.5,5.61,17.14,peripheral,express,customer_absent,38.32
172,14,0,0,26.74,63.57,0,22.91,11,31.68,10.81,88.85,central,standard,none,86.48
173,15,1,0,12.81,26.23,1.42,14.24,11,24.95,0,53.36,residential,standard,none,42.27
173,16,1,0,1.17,44.12,0,18.51,16,19.49,7.41,100,central,standard,none,26.29
173,17,1,0,12.36,52.81,0,16.47,10,0,7.94,6.89,peripheral,standard,none,54.89
173,18,1,0,1.93,66.47,5,20.69,10,18.41,8.88,68.74,residential,standard,none,27.55
173,7,1,0,5.99,27.74,11.96,15.56,1,36.17,2.33,22.58,residential,bulky,vehicle,76.39
173,8,1,0,26.65,78.02,8.11,18.32,19,22.45,20.04,56.9,residential,standard,none,112.3
173,9,1,0,11.39,63.45,12.06,25.77,15,19.18,10.51,42,residential,express,none,45.73
173,10,1,0,7.49,56.56,0,22.3,8,3.89,17.17,92.08,central,standard,none,56.28
173,11,1,0,43.71,43.62,0,15.31,13,19.8,8.97,70.83,central,express,none,111.85
173,12,1,0,4.15,11.94,0,20.13,18,17.8,12.77,21.47,peripheral,standard,none,38.21
173,13,1,0,11.42,36.39,5.92,21.48,3,16.19,8.89,90.34,central,express,none,34.79
173,14,1,0,11.97,38.89,0,27.48,8,17.27,5.04,49.79,residential,express,none,35.39
173,15,1,0,4.18,56.26,0,22.35,3,0,0,100,central,bulky,none,35.58
173,16,1,0,12.88,33.66,0,16.81,17,46.84,8.74,64.5,peripheral,standard,none,54.38
173,17,1,0,11.24,90.47,0,22.34,16,9.82,17.81,91.36,central,standard,none,72.47
173,18,1,0,15.35,89.29,3.87,28.46,18,0,26.96,68.56,central,standard,none,92.65
173,7,1,0,8.81,30.9,3.43,23.34,19,27.05,5.03,83.44,central,express,none,33.46
173,8,1,0,8.11,90.43,0,29.13,10,5.68,9.85,66.4,central,bulky,none,74.5
173,9,1,0,5.05,60.4,9.27,21.13,10,9.59,23.91,63.12,residential,express,none,49.71
173,10,1,0,13.13,19.5,0,22.3,12,6.35,5.95,23.37,peripheral,standard,none,42.06
173,11,1,0,14.95,28.7,2.52,22.93,14,1.77,3.8,44.34,residential,standard,none,46.41
173,12,1,0,13.89,28.49,0,21.65,14,35.35,2.61,49.73,residential,standard,none,40.98
173,13,1,0,19.26,33.72,0,21.7,21,13.29,6.99,24.23,peripheral,standard,none,58.68
173,14,1,0,5.42,31.92,2.13,28.94,15,19.25,2.61,46.58,residential,standard,none,27.07
173,15,1,0,14.37,50.47,9.69,24.29,1,6.01,5.47,42.39,residential,bulky,none,52.43
173,16,1,0,31.49,46.32,0,25.17,19,14.15,13.52,100,central,express,none,86.92
173,17,1,0,25.04,69.87,9.48,19.09,10,15.55,2.83,43.89,residential,standard,none,72.89
173,18,1,0,23.78,78.96,3.12,23.22,11,9.59,19.93,89.79,central,standard,none,104.44
173,7,1,0,27,26.08,5.04,25.42,16,16.14,6.42,21.55,peripheral,standard,none,67.45
173,8,1,0,4.25,73.82,6.46,24.01,11,30.16,21.54,94.66,central,express,none,43.24
173,9,1,0,3.3,87.04,4.07,19.49,14,18.78,15.44,87.03,central,express,none,34.12
173,10,1,0,6.39,42.97,2.11,24.09,5,10.67,1.36,100,central,bulky,none,35.67
173,11,1,0,14.83,47.11,0,18.94,16,23.33,3.27,73.91,central,express,none,45.93
173,12,1,0,8.55,49.2,1.82,22.64,11,0,9.49,78.05,residential,standard,none,50.26
173,13,1,0,4.56,32.29,2.08,18.82,15,7.42,10.52,26.95,peripheral,express,none,27.56
173,14,1,0,8.07,40.44,4.23,18.49,21,7.49,5.11,66.68,residential,standard,none,44.4
173,15,1,0,14.22,28.63,9.68,19.25,21,0,5.42,41.97,residential,standard,none,58.61
173,16,1,0,0.5,37.6,0.42,25.7,7,22.53,4.46,71.05,central,standard,none,33.2
173,17,1,0,11.24,72.13,0,27.13,17,0.89,11.34,100,central,standard,none,63.36
173,18,1,0,35.41,78.56,4.92,23.8,6,1.44,17.01,72.42,central,bulky,none,127.22
174,7,1,0,8.08,43.4,0,19.62,10,30.79,8.63,98.59,central,standard,none,47.74
174,8,1,0,3.48,64.85,10.21,18.84,17,23.08,7.87,56.77,residential,express,none,30.38
174,9,1,0,2.38,72.38,4.68,21.87,14,0,5.37,42.06,central,express,none,28.66
174,10,1,0,12.21,35.21,0,28.05,15,22.44,11.84,95.32,central,standard,none,51.73
174,11,1,0,2.64,22.74,0.56,19.71,6,19.86,5.98,47.4,residential,standard,none,23.41
174,12,1,0,0.58,27.96,1.44,23.14,7,28.6,0,9.4,peripheral,express,none,11.37
174,13,1,0,4.69,55.53,3.54,20.64,10,24.78,7.06,82.61,central,standard,none,28.38
174,14,1,0,21.46,54.62,0,19.8,9,26.95,8.79,89.6,central,standard,none,72.66
174,15,1,0,23.97,37.83,0,24.11,17,3.23,15.72,17.84,residential,standard,none,67.21
174,16,1,0,39.14,22.33,10.64,19.47,17,1.01,4.76,77.94,residential,standard,none,99.35
174,17,1,0,8.83,79.44,0,21.55,16,0,22.93,100,central,standard,none,65.36
174,18,1,0,5.16,60.07,0,22.78,9,14.62,18.59,11.7,peripheral,bulky,none,51.32
174,7,1,0,1.92,29.5,6.9,24.72,16,9.14,13.18,42.73,residential,standard,none,36.89
174,8,1,0,6.89,80.84,1.11,19.79,11,11,9.74,87.11,central,standard,none,54.14
174,9,1,0,9.07,84.77,6.57,20.2,15,16.17,28.39,61.32,residential,standard,none,77.2
174,10,1,0,8.89,35.45,5.22,22.16,16,27.33,0,42.28,peripheral,express,none,28.86
174,11,1,0,6.62,33.01,5,24.52,9,23.18,11.83,47.11,peripheral,express,none,22.42
174,12,1,0,10.25,49.55,0,15.03,11,10.14,8.07,86.39,central,standard,none,53.37
174,13,1,0,43.36,49.41,5.37,23.98,12,38.45,2.72,93.44,central,standard,none,113.96
174,14,1,0,11.12,50.21,0,23.57,1,42.09,7.13,76.92,central,bulky,none,46.13
174,15,1,0,16.96,20.88,4.96,16.71,10,0,0,73.95,residential,standard,none,43.8
174,16,1,0,5.56,51.25,4.32,28.41,13,7.7,1.24,100,central,standard,none,30.78
174,17,1,0,10.86,68.58,6.84,22.72,19,31.13,15.73,99.04,central,standard,none,62.07
174,18,1,0,13.72,93.11,7.37,23.73,8,25.73,13.4,86.1,central,standard,none,62.28
174,7,1,0,5.07,31.6,0,24.11,5,24.34,13.77,13.14,peripheral,standard,none,36.11
174,8,1,0,27.67,73.44,0.64,19.69,12,25.89,16.34,23.34,residential,standard,roadwork,116.93
174,9,1,0,12.26,79.37,8.97,20.43,12,0,14.79,47.68,residential,standard,none,59.45
174,10,1,0,16.33,34.49,0,23.26,16,24.26,10.45,46.4,residential,standard,none,61.64
174,11,1,0,12.16,26,8.73,17.62,18,23.32,2.62,22.9,peripheral,express,none,38.34
174,12,1,0,5.35,22.56,12.36,24.6,5,24.02,1.87,58.62,residential,bulky,none,37.56
174,13,1,0,14.61,23.68,0,22.97,8,29.47,15.95,62.99,residential,standard,none,61.26
174,14,1,0,6.01,30.65,0,24.86,5,7.37,3.4,13.83,peripheral,bulky,none,37.56
174,15,1,0,9.42,46.04,1.98,23.18,12,19.11,7.54,61.52,residential,standard,none,36.73
174,16,1,0,9.73,39.05,0,21.81,14,45.23,7.99,71.03,residential,standard,none,45.62
174,17,1,0,12.13,64.52,2.24,23.79,9,22.83,22.8,24.22,peripheral,standard,none,58.33
174,18,1,0,3.14,68.15,0,19.02,8,7.48,23.3,59.57,residential,bulky,none,53
174,7,1,0,11.36,28.89,5.18,23.82,15,26.77,6.65,76.77,residential,standard,none,46.59
174,8,1,0,4.56,61.23,0.74,21.71,16,10.21,23.36,22.68,peripheral,standard,none,55.56
174,9,1,0,2.59,58.01,0,30.47,20,21.26,19.65,47.66,residential,express,none,32.32
174,10,1,0,9.83,18.5,8.07,27.17,13,0,0,33.63,peripheral,standard,none,23.52
175,11,0,0,12.43,55.45,8.27,29.94,16,22.44,6.93,54.18,residential,standard,none,56.6
175,12,0,0,27.26,41.86,0,28.65,16,0,5.04,37.79,peripheral,standard,vehicle,101.84
175,13,0,0,4.16,54.47,9.61,24.54,8,0,3.14,79.84,central,standard,vehicle,57.78
175,14,0,0,0.5,36.8,2.01,25.57,12,2.32,6.22,10.92,peripheral,standard,none,18.55
175,15,0,0,7.04,35.62,0,18.63,12,28.19,8.5,37.63,residential,express,none,35.88
175,16,0,0,9.5,48.6,4.33,20.91,4,2.84,17.29,72.75,residential,bulky,none,61.78
175,17,0,0,9.54,71.83,10.89,22.16,10,10.56,15.46,56.12,residential,standard,none,48.41
175,18,0,0,4.68,61.06,0.16,21.36,5,19.59,28.17,11.41,peripheral,bulky,none,61.05
175,7,0,0,9.46,45.27,5.23,31.46,16,5.84,10.75,44.18,peripheral,standard,none,50.49
175,8,0,0,10,58.69,13.52,18.48,7,16.25,23.09,33.42,peripheral,bulky,none,74.78
175,9,0,0,39.74,53.76,8.94,16.88,11,5.41,12.81,30.48,peripheral,standard,none,114.87
175,10,0,0,8.42,45.42,2.27,20.19,11,8.78,0,97.7,central,standard,none,38.13
175,11,0,0,28.37,33.09,0,28.3,15,39.66,9.65,43.72,residential,standard,none,72.61
175,12,0,0,28.86,50.94,5.71,18.95,8,0,10.95,77.19,central,express,none,79.18
175,13,0,0,7.6,54.01,4.56,24.77,13,0,4.9,81.54,central,standard,none,40.85
175,14,0,0,3.83,49.97,4.83,19.84,19,13.26,8.13,22.37,peripheral,standard,none,35.55
175,15,0,0,10.95,54.29,2.78,19.72,14,17.53,2.86,58.88,residential,standard,none,47.73
175,16,0,0,3.55,37.45,7.95,28.82,12,17.38,7.99,6.51,peripheral,standard,none,34.08
175,17,0,0,5.71,84.6,8.54,29.15,11,9.86,6.46,74.84,central,express,none,39.79
175,18,0,0,4.51,78.55,10.22,25.75,13,43.61,15.29,90.4,central,standard,none,43.81
175,7,0,0,11.35,41.8,4.53,23.33,11,13.83,11.78,75.28,residential,express,none,48.28
175,8,0,0,9.31,88.43,3.07,24.24,14,34.98,19.18,50.68,residential,standard,none,60.76
175,9,0,0,6.4,88.51,4.65,33.11,1,31.01,9.02,83.36,residential,bulky,none,59.31
175,10,0,0,11.69,18,14.87,26.99,2,27.79,24.69,25.81,peripheral,bulky,none,60.92
175,11,0,0,6.1,21.99,0.35,25.61,14,25.41,9.65,21.45,peripheral,standard,none,37.11
175,12,0,0,7.33,29.81,2.96,22.82,12,19.84,10.76,60.31,residential,express,none,37.28
175,13,0,0,11.99,51.41,0,22.9,13,24.29,7.64,52.46,residential,standard,none,48.7
175,14,0,0,0.5,34.03,4.63,22.99,10,45.83,8.32,46.64,residential,standard,none,26.62
175,15,0,0,8.72,57.68,4.86,26.21,17,20.53,13.64,76.37,residential,standard,none,57.79
175,16,0,0,10.9,28.51,2.86,21.91,3,1.97,0.72,11.65,peripheral,standard,none,22.44
175,17,0,0,4.59,65.25,1.16,20.48,11,24.46,23.39,55.59,residential,express,none,45.36
175,18,0,0,11.01,85.36,2.16,25.27,19,41.26,17.55,62.9,residential,standard,none,71.81
175,7,0,0,0.5,53.72,0,26.36,14,12.72,2.54,94.42,central,standard,none,23.56
175,8,0,0,13.2,85.32,3.1,25.11,17,13.71,17.05,37.68,residential,standard,none,70.76
175,9,0,0,11.99,80.02,0,25.01,9,44.67,23.44,45.81,peripheral,standard,none,75.51
175,10,0,0,9.01,51.7,1.09,24.34,20,15.86,3.55,93.96,central,express,none,43.86
175,11,0,0,9.84,43.54,3.9,24.3,12,33.17,8.74,40.35,residential,express,none,31.88
175,12,0,0,4.77,30.47,3.13,22.72,15,10.26,11.92,20.49,peripheral,standard,none,41.15
175,13,0,0,5.89,46.44,5.21,25.23,21,30.29,6.96,92.22,central,standard,none,46.57
175,14,0,0,6.39,41.08,3.41,24.78,14,16.31,1.08,89.97,central,standard,none,25.65
176,15,0,0,5.06,30,5.12,23.27,22,28.26,10.34,57.46,residential,standard,none,41.52
176,16,0,0,11.9,22.56,7.69,24.73,13,6.19,9.39,38.63,peripheral,express,none,42.16
176,17,0,0,5.19,60.3,6.76,18.65,10,35.46,22.37,52.93,peripheral,standard,none,55.34
176,18,0,0,3.82,76.46,0,27.08,8,32.46,15.26,53.93,residential,standard,none,39.64
176,7,0,0,26.6,30.24,4.73,22.28,4,3.8,20.96,28.7,peripheral,bulky,none,93.98
176,8,0,0,10.92,84.99,9.72,25.06,17,0,16.26,98.72,central,standard,none,67.84
176,9,0,0,1.93,98,2.32,25.26,6,27.16,21.43,55.76,residential,bulky,none,44.77
176,10,0,0,9.31,49.16,0,20.5,11,15.65,13.92,95.11,central,bulky,none,60.02
176,11,0,0,10.6,51.23,2.09,26.89,5,19.19,15.31,71.88,residential,standard,none,50.06
176,12,0,0,45.37,22.17,0,24.15,16,21.79,4.16,52.82,residential,standard,none,92.61
176,13,0,0,11.38,40.61,0,25.05,17,21.29,11.52,55.58,residential,standard,none,60.43
176,14,0,0,13.28,44.54,5.18,29.46,17,29.43,0,61.29,residential,express,none,36.19
176,15,0,0,7.6,53.82,0,21.82,21,15.17,3.2,86.07,central,standard,none,52.53
176,16,0,0,14.92,37.55,0,25.73,16,11.11,8.16,79.11,residential,standard,none,60.73
176,17,0,0,8.68,71.85,0,21.53,8,10.86,13.14,5,peripheral,bulky,none,56.15
176,18,0,0,9.95,62.7,10.44,21.53,17,0,17.79,34.74,peripheral,standard,roadwork,68.73
176,7,0,0,4.8,45.99,2.8,23.45,2,5.67,9,100,central,bulky,none,42.46
176,8,0,0,10.15,55.97,5.07,24.69,5,10.79,18.07,95.66,central,standard,none,56.89
176,9,0,0,14.35,82.03,2.85,27.99,11,44.64,12.89,66.6,residential,standard,none,66.96
176,10,0,0,9.96,45.52,13.16,25.59,5,9.81,15.75,50.32,residential,standard,none,47.84
176,11,0,0,10.36,62.96,8.79,20.49,13,11.89,16.43,90.53,central,standard,none,58.83
176,12,0,0,8.18,34.81,3.67,21.82,13,35.82,6.22,49,peripheral,express,none,27.3
176,13,0,0,13.06,49.21,0,23.58,5,0,18,37.09,residential,standard,none,54.55
176,14,0,0,8.49,52.62,4.89,28.93,13,24.1,8.78,91.52,central,standard,none,48.92
176,15,0,0,14,36.92,0,22.91,28,30.4,12.91,67.04,residential,standard,none,68.8
176,16,0,0,5.95,62.71,0,28.84,8,35.16,1.53,100,central,bulky,vehicle,66.42
176,17,0,0,4.73,88.74,0.37,18.35,9,21.82,12.95,91.21,central,standard,none,45.18
176,18,0,0,3.87,63.14,2.57,33.78,17,24.72,21.96,26.17,peripheral,standard,none,58.53
176,7,0,0,7.93,33.83,3.15,28.79,16,41.13,1.79,33.95,peripheral,standard,none,25.74
176,8,0,0,11.24,62.95,1.62,15.68,12,22.09,16.86,28.75,peripheral,standard,none,54.4
176,9,0,0,0.5,71.63,0,18.26,13,24.79,14.19,54.38,residential,standard,none,43.52
176,10,0,0,5.69,40.95,8.71,23.22,10,37.19,6.61,73.21,residential,standard,none,42.21
176,11,0,0,6.18,34.06,0,19.12,7,13.41,0.1,56.15,residential,express,none,21.96
176,12,0,0,11.1,20.17,0.15,22.48,13,25.51,0,49.38,peripheral,standard,none,33.82
176,13,0,0,11.73,32.7,0,22.54,7,21.84,3.6,31.37,peripheral,standard,none,34.91
176,14,0,0,14.67,35.93,0,20.87,13,8.22,9.96,31.07,peripheral,express,none,48.59
176,15,0,0,6.41,43.79,0,19.71,16,10.63,6.74,69.02,central,standard,none,31.19
176,16,0,0,8.54,49.87,0,23.87,13,11.63,0,84.03,central,express,none,21.43
176,17,0,0,4.4,82.01,0,17.54,16,16.44,13.64,50.81,residential,express,vehicle,74.21
176,18,0,0,8.07,80,1.59,22.15,20,0,17.16,57.87,residential,standard,none,64.3
177,7,0,0,8.48,45.84,1.96,26.95,14,8.55,19.35,49.95,residential,standard,none,47.94
177,8,0,0,7.91,64.26,6.54,24.04,1,38.62,28.73,58.13,residential,bulky,none,68.6
177,9,0,0,14.17,61.25,0,19.35,14,9.16,14.41,40.36,peripheral,standard,none,62.54
177,10,0,0,11.33,47.65,2.96,29.67,9,5.17,6.99,85.75,central,express,none,33.99
177,11,0,0,7.09,50.9,1.35,33.1,16,14.51,8.69,97.16,central,express,none,48.11
177,12,0,0,8.75,53.79,8.66,29.51,9,22.64,3.86,96.69,central,standard,none,35.16
177,13,0,0,4.53,24.76,8.09,16.66,5,27.56,0,5,peripheral,express,none,8
177,14,0,0,10.55,12.04,0,20.74,14,22.06,13.99,27.31,peripheral,standard,none,46.99
177,15,0,0,9.94,62.9,3.42,23.77,5,44.42,7.16,98.04,central,standard,none,43.47
177,16,0,0,7.06,25.35,9.7,31.71,13,33.49,10.54,45.6,residential,standard,none,40.62
177,17,0,0,8.49,71.57,0,19.72,16,29.25,22.95,46.49,residential,standard,none,63.07
177,18,0,0,10.1,90.21,1.12,19.82,1,0,18.7,77.64,central,bulky,none,71.37
177,7,0,0,7.99,49.68,0,23.6,11,18.68,2.53,98.61,central,standard,none,29.77
177,8,0,0,5.57,98,9.51,20.57,7,42.09,20.3,100,central,standard,none,64.08
177,9,0,0,0.5,73.22,2.27,21.26,9,0,24,74.05,residential,standard,none,44.26
177,10,0,0,9.49,38.41,6.63,25.91,9,26.62,11.6,20.81,peripheral,standard,none,40.31
177,11,0,0,9.78,34.88,11.81,23.82,11,30.58,9.67,64.74,residential,standard,none,43.57
177,12,0,0,8.74,28.81,1.25,18.89,1,1.61,0,6.22,peripheral,bulky,none,27.08
177,13,0,0,6.58,16.31,0,16.29,14,39.23,8.22,26.43,peripheral,standard,none,38.78
177,14,0,0,2.05,41.53,4.03,25.71,4,30.15,0,100,central,bulky,none,35.9
177,15,0,0,11.86,47.55,7.98,28.31,11,23.87,10.43,79.19,residential,standard,none,48.78
177,16,0,0,13.51,41.02,8.78,19.86,15,14.27,4.92,64.51,residential,standard,none,48.02
177,17,0,0,8.12,89.3,3.42,28.88,11,5.12,25.64,100,central,standard,none,74.7
177,18,0,0,7.23,86.74,0,26.55,23,24.61,13.01,100,central,express,none,43.08
177,7,0,0,5.86,26.08,3.05,23.94,9,7.09,2.45,59.12,residential,standard,none,22.87
177,8,0,0,7.18,54.14,3.82,23.55,13,22.47,11.66,25.53,peripheral,standard,none,39.17
177,9,0,0,26.69,71.87,8.87,28.12,13,22.58,21.09,26.49,peripheral,standard,none,106.09
177,10,0,0,24.96,39.88,3.84,17.6,19,17.19,3.65,49.77,residential,express,none,64.8
177,11,0,0,23.36,32.74,0,24.43,18,25.79,9.2,40.34,residential,standard,none,62.74
177,12,0,0,9.36,49.18,0.18,25.57,8,13.92,0.3,34.05,residential,express,none,28.57
177,13,0,0,17.56,52.11,1.45,20.11,22,25.65,8.95,70.98,central,express,none,58.24
177,14,0,0,8.15,43.6,3.1,23.65,8,25.46,15.77,48.14,residential,bulky,none,56.96
177,15,0,0,16.43,47.4,11.1,22.47,7,12.6,0,50.56,residential,standard,none,58.89
177,16,0,0,18.17,49.02,0,21.19,14,27.48,14.09,56.73,peripheral,standard,none,73.46
177,17,0,0,12.08,71.16,12.25,23.96,5,0,19.89,74.87,residential,bulky,none,77.18
177,18,0,0,8.37,72.52,0,22.99,5,7.08,15.08,48.66,residential,bulky,none,55.52
177,7,0,0,12.88,52.44,7.03,24.48,11,11.24,4.19,43.73,residential,express,none,43.39
177,8,0,0,7.58,87.51,0,28.9,18,32.56,8.05,31.69,peripheral,express,none,46.59
177,9,0,0,3.3,59.36,7.04,25.64,10,19.66,30.86,27.94,peripheral,standard,none,57.95
177,10,0,0,4.35,46.8,2.8,23.08,9,22.11,7.92,69.37,residential,standard,none,30.09
178,11,0,0,7.78,51.41,5.74,23.8,12,22.48,0.6,100,central,standard,none,37.91
178,12,0,0,7.18,41.62,5.21,20.31,11,21.05,1.04,52.87,residential,standard,none,34.01
178,13,0,0,8.66,21.73,4.87,23.87,4,14.03,8.32,57.62,residential,bulky,none,43.23
178,14,0,0,6.99,58.2,9.06,22.01,14,10.67,0.68,100,central,standard,none,49.98
178,15,0,0,12.98,28.85,4.62,24.47,15,18.8,5.35,44.35,residential,standard,none,46.89
178,16,0,0,10.5,42.14,9.76,25,14,3.94,9.29,50.29,residential,express,none,40.05
178,17,0,0,11.08,80,12.04,19.93,21,43.89,21.64,24.16,peripheral,standard,none,76.98
178,18,0,0,10.1,61.73,3.03,18.42,10,36.06,11.33,20.56,peripheral,standard,none,48.44
178,7,0,0,9.74,60.48,5.96,25.91,10,13.17,10.7,83.43,central,standard,none,52.8
178,8,0,0,8.77,58.07,2.04,27.22,12,10.33,18.09,65.4,peripheral,standard,none,46.81
178,9,0,0,11.26,82.11,5.8,25.81,9,0.93,14.99,89.54,central,standard,none,67.11
178,10,0,0,6.66,41.64,4.33,18.77,18,21.98,16,92.06,central,express,none,46.45
178,11,0,0,7.55,52.54,0,24.63,18,30.78,0,72.48,central,standard,none,31.56
178,12,0,0,6.08,49.13,0,21.6,5,5.77,0,80.66,central,bulky,none,33.82
178,13,0,0,10.33,34.95,1.46,26.6,10,23.25,0,58.48,residential,standard,customer_absent,56.99
178,14,0,0,8.02,53.15,4.2,24.11,21,23.84,25.31,100,central,express,none,60.3
178,15,0,0,14.2,53.62,0,20.83,13,23.08,17.14,65.01,central,standard,none,74.23
178,16,0,0,7.56,36.65,8.19,21.87,15,23.08,6.61,72.94,central,standard,none,38.88
178,17,0,0,9.72,78.37,0,25.01,17,32.98,16.9,84.78,central,standard,none,63.26
178,18,0,0,13.03,64.59,6.77,17.88,21,21.82,20.9,18.02,peripheral,standard,none,74.9
178,7,0,0,12.12,30.53,0,21.97,5,12.4,7.9,64.95,residential,bulky,none,50.18
178,8,0,0,3.26,91.08,5.88,20.85,1,47.04,19.42,93.18,central,bulky,none,47.82
178,9,0,0,12.05,68.67,1.67,25.2,14,18.89,10.4,23.71,peripheral,standard,none,56.9
178,10,0,0,5.47,36.28,12.28,18.39,17,4.14,1.19,63.51,residential,express,none,31.3
178,11,0,0,30.41,39.38,7.15,21.54,14,20.15,8.71,38.75,residential,express,none,73.78
178,12,0,0,11.28,36.86,10.69,21.78,12,0,7.58,42.38,residential,standard,none,55.69
178,13,0,0,13.67,39.96,0.86,17.96,10,13.71,2.52,57.94,residential,express,none,33.5
178,14,0,0,6.46,36.33,1.22,26.06,15,0.64,15.7,18.38,peripheral,standard,none,49.55
178,15,0,0,1.11,22.93,1.21,22.78,17,20.86,2.42,45.08,peripheral,express,none,22.57
178,16,0,0,4.29,31.97,5.49,24.89,12,2.57,8.95,34.8,peripheral,standard,none,31.53
178,17,0,0,4.24,81.8,6.51,22.6,9,26.21,16.16,32.71,residential,standard,none,35.21
178,18,0,0,38.95,97.44,0.77,18.33,16,23.32,9.83,83.37,central,standard,none,147.74
178,7,0,0,0.5,37.06,0,24.39,22,26.16,1.09,33,residential,standard,none,30.02
178,8,0,0,15.28,70.96,2.84,24.6,19,9.59,19.06,77.47,residential,standard,none,77.93
178,9,0,0,5.99,75.16,0.21,29.64,17,31.76,3.36,57.76,residential,standard,none,39.15
178,10,0,0,10.46,31.68,2.89,19.92,12,3.85,15.98,26.17,peripheral,express,none,46.64
178,11,0,0,16.07,23.9,1.1,20.11,11,21.96,5.35,28.07,peripheral,express,none,44.52
178,12,0,0,12.68,52.41,2.52,21.24,15,10.96,7.34,41.7,residential,standard,none,56.38
178,13,0,0,4.01,44.58,2.83,18.26,11,31.18,3.07,49.04,residential,standard,none,23.7
178,14,0,0,0.5,47.85,3.73,29.88,22,26.39,12,64.32,residential,standard,none,34.02
179,15,0,0,5.43,33.36,7.63,20.25,16,24.3,7.99,18.68,peripheral,standard,none,32.01
179,16,0,0,5.87,42.01,5.35,20.59,8,15.81,12.43,32.83,peripheral,bulky,none,48.27
179,17,0,0,20.3,62.9,10.58,26.66,11,27.03,22.63,40.84,peripheral,standard,none,89.09
179,18,0,0,10.82,86.36,2.33,22.61,9,38.43,18.59,69.22,residential,standard,none,62.58
179,7,0,0,0.5,37.94,3.39,19.13,1,30.15,6.73,52.04,residential,standard,none,22.87
179,8,0,0,8.63,62.38,3.1,19.67,17,0.4,13.62,5,peripheral,standard,none,55.56
179,9,0,0,3.28,62.15,0,22.11,16,10.92,14.4,73.5,residential,standard,none,40.21
179,10,0,0,10.73,30.18,0,30.04,13,4.72,7.95,20.13,peripheral,standard,none,44
179,11,0,0,2.27,35.79,2.83,26.65,18,9.81,6.32,54.39,residential,standard,none,33.09
179,12,0,0,36.73,59.75,9.28,17.6,15,17.05,5.43,81.4,central,standard,none,105.03
179,13,0,0,13.33,42.2,0,17.64,3,15.75,0,41.03,residential,bulky,none,45.96
179,14,0,0,17.01,42.06,1.76,18.42,20,24.63,6.4,99.02,central,standard,none,59.59
179,15,0,0,2.14,30.74,0.87,23.76,9,13.73,20.23,62.28,residential,express,none,37.35
179,16,0,0,4.82,44.88,4.98,20.57,20,4.9,5.57,54.5,residential,standard,none,40.01
179,17,0,0,11.98,93.21,0,29.45,6,20.34,10.21,51.66,residential,bulky,none,60.74
179,18,0,0,1.17,81.32,2.64,20.54,4,22.69,18.56,100,central,bulky,none,44.19
179,7,0,0,28.89,43.57,4.77,26.1,11,11.09,13.1,48.3,residential,standard,none,99.73
179,8,0,0,7.64,71.35,15.41,21.06,13,34.27,18.48,18.68,peripheral,standard,none,57.48
179,9,0,0,9.85,49.64,0,23.54,13,22.77,10.01,76.33,residential,standard,none,49.88
179,10,0,0,6.4,38.52,9.25,22.16,19,2.38,14.71,49.89,peripheral,standard,none,41.04
179,11,0,0,7.42,47.15,11.69,20.65,13,29.4,2.94,51.88,residential,express,none,28.94
179,12,0,0,10.38,36.91,9.71,20.84,12,0,12.59,50.12,residential,standard,none,54.63
179,13,0,0,5.37,45.44,5.76,23.27,14,4.23,10.78,21.49,residential,standard,none,37.69
179,14,0,0,2.2,44.91,2.34,27.16,17,35.31,19.76,52.36,residential,standard,none,29.22
179,15,0,0,29.03,47.87,2.4,19.28,3,10.81,14.71,100,central,bulky,none,99.07
179,16,0,0,10.88,36.67,0,26.11,17,23.84,13.57,36.9,residential,standard,none,52.43
179,17,0,0,1.91,81.85,7.67,24.78,23,15,8.02,67.47,residential,standard,none,48.2
179,18,0,0,7.19,88.15,0,25.85,13,46.35,23.37,100,central,express,none,54.64
179,7,0,0,25.02,52.19,5.22,25.54,7,16.53,5.11,59.59,residential,bulky,none,89.14
179,8,0,0,16.94,76.76,0,19.69,16,21.7,8.75,81.22,central,standard,none,67.24
179,9,0,0,19.35,75.33,6.04,21.09,12,10.46,18.58,56.71,residential,standard,none,87
179,10,0,0,11.65,28.33,10.64,20.31,12,28.12,16.17,59.34,residential,standard,none,56.38
179,11,0,0,7.97,18.92,10.91,26.08,13,7.97,4.79,29.14,peripheral,standard,none,40.27
179,12,0,0,5.31,35.2,1.29,25.78,5,25,5.01,57.1,residential,standard,none,25.91
179,13,0,0,5.09,37.53,3.24,19.51,14,12.27,0,34.47,peripheral,standard,none,29.57
179,14,0,0,9.61,38.4,1.29,22.04,14,0.45,15.78,62.36,residential,standard,none,42.22
179,15,0,0,11.84,34.61,7.58,25.07,9,26.77,9.83,44.24,peripheral,standard,none,45.87
179,16,0,0,15.56,45.81,2.4,24.14,21,21.91,4.03,92.09,central,standard,none,53.49
179,17,0,0,1.09,77.18,0,30.21,14,35.76,8.98,79.19,central,standard,none,29.7
179,18,0,0,14,78.75,5.85,22.77,12,2.53,13.84,25.26,peripheral,standard,none,67.33
180,7,1,0,28.04,19.43,5.64,22.2,15,21.14,16.85,57.31,residential,standard,none,68.12
180,8,1,0,3.1,75.47,0.45,26.77,11,12.3,16.76,91.12,central,standard,none,51.3
180,9,1,0,4.95,56.38,9.25,26.57,9,25.63,20.34,26.9,peripheral,standard,none,44.96
180,10,1,0,4.07,49.89,4.6,24.66,5,16.58,12.08,93.69,central,bulky,none,47.12
180,11,1,0,6.51,37.67,4.59,29.02,16,0,4.89,36.11,residential,standard,none,36.92
180,12,1,0,11,25.16,5.69,25.58,18,30.97,0,100,central,express,none,29.05
180,13,1,0,6.72,31.89,11.97,25.67,11,27.04,7.79,44.28,residential,standard,none,36.73
180,14,1,0,5.66,44.61,1.28,18.41,18,37.12,8.06,46.47,residential,standard,none,47.94
180,15,1,0,10.53,50.29,2.48,27.43,12,11.33,0.4,65.96,residential,standard,none,47.06
180,16,1,0,9.42,23.66,0,23.58,19,28.06,3.76,67.87,residential,express,none,43.25
180,17,1,0,14.66,82.59,5.61,20.72,9,38.92,16,96.48,central,bulky,none,90.09
180,18,1,0,6.22,71.7,2.05,22.6,13,15.6,15.31,54.97,residential,standard,none,47.97
180,7,1,0,9.59,15.87,2.61,18.58,15,14.6,2.92,39.25,peripheral,express,none,20
180,8,1,0,12.81,56.78,5.33,24.8,21,25.83,24.11,19.44,peripheral,standard,none,72.29
180,9,1,0,20.97,98,2.4,20.65,20,1.76,17.07,77.76,central,express,none,95.85
180,10,1,0,12.99,10.07,5.21,19.66,20,0,6.55,16.91,peripheral,standard,none,47.28
180,11,1,0,17.21,16.73,0,23.86,10,23.06,6.07,26.31,peripheral,standard,none,52.27
180,12,1,0,15.44,63.89,0,25.27,15,25.64,1.42,100,central,express,none,49.09
180,13,1,0,0.5,36.01,3.04,28.04,21,31.07,0,81.56,central,standard,none,30.78
180,14,1,0,11.6,12.14,0.79,19.91,7,27.62,5.67,39.13,peripheral,express,none,27.19
180,15,1,0,13.29,45.83,0.52,21.64,14,0,5.62,90.46,central,express,none,39.08
180,16,1,0,7.63,39.15,0,28.02,13,14.9,2.76,58.01,residential,standard,none,33.23
180,17,1,0,11.84,55.3,8.18,24.36,11,22.72,10.42,55.37,residential,bulky,none,65.09
180,18,1,0,6.46,82.71,6.11,26.08,1,5.21,9.05,90.04,central,bulky,none,56.11
180,7,1,0,14.31,54,0,29.97,6,9.53,8.81,100,central,standard,none,54.49
180,8,1,0,0.5,47.45,10.16,14.34,17,23.68,13.64,17.49,peripheral,standard,none,35.11
180,9,1,0,4.94,48.1,1.62,26.7,5,16.78,13.9,5,peripheral,bulky,none,41.47
180,10,1,0,6.37,54.44,6.68,23.17,13,8.08,8.56,34.29,peripheral,standard,none,34.73
180,11,1,0,3.68,8,1.49,18.71,18,0,7.57,9.2,peripheral,standard,none,34.67
180,12,1,0,10.52,24.99,1.98,20.07,18,61.86,0,48.03,residential,standard,none,33.76
180,13,1,0,11.51,39.17,0,29.48,19,38.58,5.99,69.2,residential,express,none,32.56
180,14,1,0,6.59,14.31,0,24.05,11,37.11,0,50.02,peripheral,express,none,17.87
180,15,1,0,32.83,52.2,4.12,24.81,8,28.34,16.9,91.55,central,standard,customer_absent,107.45
180,16,1,0,0.5,32.25,5.59,26.26,4,22.82,0,7.01,peripheral,bulky,none,29.33
180,17,1,0,5.01,83.67,9.78,28.48,7,45.08,14.86,64.07,residential,express,none,36.7
180,18,1,0,0.64,74.68,0,19.29,9,15.62,29.79,50.48,residential,express,none,32.87
180,7,1,0,8.53,41.74,0.81,22.79,14,14.11,0,51.11,residential,standard,none,36.93
180,8,1,0,8.17,55.68,11.97,24.34,16,4.98,0,65.45,residential,standard,none,40.98
180,9,1,0,17.21,75.09,0,22.9,14,50.87,18.33,80.57,central,standard,none,80.22
180,10,1,0,8.04,30.33,0.87,25.4,9,24.09,0,21.9,residential,express,none,22.91
181,11,1,0,10.05,30.77,6.77,26.68,12,50.25,2.79,40.39,residential,standard,none,37.03
181,12,1,0,7.96,29.21,8.3,27.81,12,6.22,11.35,58.94,residential,express,none,33.08
181,13,1,0,5.93,17.84,2.4,24.67,4,20.29,16.79,41.42,peripheral,bulky,none,55.61
181,14,1,0,14.52,25.32,0.28,19.15,18,45.75,0,47.42,residential,standard,none,36.91
181,15,1,0,5.91,53.26,8.13,21.52,5,13.48,9.12,98.34,central,bulky,none,52.37
181,16,1,0,10.45,22.72,11.44,21.64,10,25.15,11.77,20.04,peripheral,standard,none,42.99
181,17,1,0,6.43,70.98,5.21,21.46,8,33.03,11.85,48.83,residential,express,none,49.93
181,18,1,0,11.92,66.02,7.89,23.74,22,0,15.27,8.03,peripheral,standard,none,62.85
181,7,1,0,15.95,29.81,3.54,22.22,15,33.09,5.9,7.17,peripheral,standard,none,53.23
181,8,1,0,6.97,66.76,3.69,23.68,9,33.67,22.26,49.17,residential,standard,none,51.97
181,9,1,0,8.85,78.19,6.44,22.39,16,14.68,12.01,90.18,central,express,none,49.27
181,10,1,0,26.4,42.16,2.79,22.09,14,10.38,11.3,83.25,central,express,none,83.11
181,11,1,0,10.85,40.38,0,25.35,9,7.33,0.83,58.38,residential,standard,none,40.84
181,12,1,0,21.77,33.65,0,21.67,10,0,0.78,88.57,residential,standard,none,54.33
181,13,1,0,14.73,44.5,0,25.44,4,34.94,2.08,78.61,central,bulky,none,52.16
181,14,1,0,10.25,27.83,0,24.89,12,19.25,0,14.92,peripheral,standard,none,27.7
181,15,1,0,6.14,16.26,1.32,20.17,12,24.29,8.59,10.62,peripheral,standard,none,32.76
181,16,1,0,3.53,26.54,0,28.04,10,49.58,5.45,100,central,standard,none,25.02
181,17,1,0,12.09,78.99,0,23.62,16,0,13.09,81.29,residential,standard,none,70.43
181,18,1,0,5.43,62.57,0,26.3,14,0,23.85,74.9,residential,express,roadwork,70.53
181,7,1,0,6.11,24.67,8.68,22.7,15,25.2,19.35,69.22,residential,standard,none,49.75
181,8,1,0,3.78,53.81,10.82,23.94,16,14.77,21.61,33.68,peripheral,express,none,45.67
181,9,1,0,8.15,63.38,9.91,24.18,10,15.46,10.15,32.19,peripheral,standard,none,39.19
181,10,1,0,8.51,41.31,0,22.73,21,49.66,3.11,100,central,standard,none,39.01
181,11,1,0,7.1,50.94,1.08,21.62,14,3.13,10.69,75.29,central,express,none,31.27
181,12,1,0,6.73,34.86,5.23,22.52,14,14.63,0,90.41,central,standard,none,33.18
181,13,1,0,11.05,27.31,0,21.89,12,17.27,4.87,57.07,residential,standard,none,37.84
181,14,1,0,5.66,43.25,0.98,24.5,12,15.01,0,89.01,central,standard,none,31.47
181,15,1,0,4.47,65.87,12.18,22.16,17,0,10.37,73.85,central,express,none,36.84
181,16,1,0,3.99,36.77,0.7,18.35,3,42.06,16.83,88.19,central,bulky,none,50.65
181,17,1,0,10.71,70.99,1.17,23.14,14,12.12,30.53,21.29,peripheral,standard,none,78.49
181,18,1,0,8.44,77.32,0,24.91,14,66.34,23.35,59.78,residential,standard,none,64.57
181,7,1,0,17.43,18.92,1.58,19,16,0,4.28,30.08,peripheral,express,none,46.78
181,8,1,0,11.91,88.31,0,20.36,18,0,16.88,99.26,central,standard,none,75.9
181,9,1,0,9.33,61.07,9.03,21.63,3,13.99,19.56,53.43,residential,bulky,none,63.67
181,10,1,0,10.62,31.39,4.31,27.82,19,18.34,16.46,56.38,residential,standard,none,49.9
181,11,1,0,4.79,38.68,0,22.88,10,12.8,17.42,62.67,residential,standard,none,36.7
181,12,1,0,5.73,39.21,7.71,19.92,1,31.19,10.98,56.64,residential,bulky,none,45.12
181,13,1,0,22.46,8,2.96,25.13,19,25.97,4,33.27,peripheral,standard,none,48.31
181,14,1,0,15.31,16.41,2.17,21.6,10,19.23,18.85,35.92,peripheral,standard,none,53.84
182,15,0,0,4.82,53.49,0,19.85,14,45.76,5.51,61.85,residential,express,none,18.78
182,16,0,0,26.23,37.09,0.77,23.59,11,40.62,4.34,66.84,residential,standard,none,76.17
182,17,0,0,16.96,88.28,0,26.74,14,6.46,12.4,95.63,central,express,none,73.57
182,18,0,0,5.95,76.66,0,21.61,9,11.27,15.83,64.73,central,standard,none,51.83
182,7,0,0,5.94,52.1,2.42,20.07,16,3.12,2.92,49.47,residential,standard,none,35.57
182,8,0,0,4.02,83.93,8.51,17.03,7,11.38,13.58,93.2,central,express,none,33.63
182,9,0,0,4.02,71.14,0,25.73,19,0,19.03,61.86,residential,standard,none,57.65
182,10,0,0,11.53,50.02,2.81,23.62,15,4.28,3.67,76.74,residential,standard,none,44.28
182,11,0,0,26.66,61.73,12,22.55,10,12.05,18.62,81.09,central,express,none,99.96
182,12,0,0,8.92,61.16,0,29.39,12,30.18,16.09,83.56,central,standard,roadwork,71.91
182,13,0,0,6.95,20.6,10.08,23.84,16,29.23,1.69,19.09,peripheral,standard,none,35.4
182,14,0,0,8.01,19.37,0,21.26,15,11.55,15.27,41.02,peripheral,standard,none,50.47
182,15,0,0,13.63,47.79,2.31,19.14,13,12.9,6.02,61.23,residential,standard,none,60.22
182,16,0,0,4.89,21.02,10.3,22.66,10,43.2,11.13,56.23,residential,standard,none,44.66
182,17,0,0,10.49,73.23,5.53,25.48,16,17.03,13.63,63.03,residential,standard,none,54.95
182,18,0,0,5.44,68.06,3.23,21.97,10,21.92,17.85,20.23,peripheral,bulky,none,50.25
182,7,0,0,9.16,38.23,5.03,19.37,8,3.62,2.24,44.03,peripheral,standard,none,38.48
182,8,0,0,8.69,62.59,0,17.28,10,0.49,20.9,55.23,residential,standard,none,52.3
182,9,0,0,13.01,86,2.44,30.64,15,26.59,6.8,58.07,residential,standard,none,64
182,10,0,0,4.36,33.03,12.66,27,12,22.05,0,77.48,central,express,none,25.16
182,11,0,0,8.48,48.99,6.01,22.14,14,17.33,6.41,61.64,residential,standard,none,52.04
182,12,0,0,3.21,47.01,6.79,20.3,10,24.11,8.89,77.23,central,express,none,30.05
182,13,0,0,10.99,42.45,3.06,25.59,2,3.45,9.72,20.34,peripheral,bulky,none,55.31
182,14,0,0,9.07,45.89,1.47,18.1,8,27.27,7.82,35.47,peripheral,express,none,33.52
182,15,0,0,9.24,53.92,0,25.13,15,0,0,50.61,residential,express,none,30.3
182,16,0,0,39.12,32.32,0.96,22.79,20,34.96,8.37,52.24,peripheral,express,none,94.08
182,17,0,0,14.15,88.25,0,21.68,16,26.91,4.58,90.43,central,standard,none,70.37
182,18,0,0,16.27,76.9,8.84,24.54,15,19.44,19.56,48.23,residential,express,none,78.04
182,7,0,0,7.78,53.81,6.21,28.73,17,26.26,6.88,100,central,express,none,34.63
182,8,0,0,12.1,91.56,5.19,18.3,17,4.3,9.69,97.09,central,express,none,66.6
182,9,0,0,7.99,66.46,1.98,20.3,12,0,14.32,76.96,residential,express,none,42.27
182,10,0,0,0.85,24.94,0,21.31,16,18.96,4.23,57.81,peripheral,express,none,15.7
182,11,0,0,2.16,51.29,5.8,25.17,14,12.5,19.58,80.88,central,standard,roadwork,64.1
182,12,0,0,7.21,37.03,5.01,29.84,11,22.09,11.06,61.77,residential,standard,none,48.97
182,13,0,0,7.44,49.42,0.6,24.56,7,14.81,2.55,82.71,central,bulky,none,50.85
182,14,0,0,4.99,31.92,7.06,18.4,17,7.42,1.89,70.52,residential,express,none,24.3
182,15,0,0,12.68,43.09,1.74,25.54,23,20.46,0.73,43.09,residential,standard,none,48.76
182,16,0,0,27.47,43.65,0.02,18.97,14,12.49,5.15,43.92,peripheral,standard,none,79.72
182,17,0,0,9.59,89.25,5.59,28.99,13,14.03,15.15,96.37,central,bulky,none,72.77
182,18,0,0,10.05,82.72,0,26.75,5,20.48,13.47,36.64,residential,standard,none,49.08
183,7,0,1,8.92,61.86,0,24.63,3,31.94,15.36,100,central,bulky,none,56.42
183,8,0,1,5.39,86.91,0,24.33,1,19.89,13,42.31,residential,bulky,none,45.14
183,9,0,1,5.77,79.32,3.65,20.45,12,26.17,10.91,37.98,residential,standard,none,38.97
183,10,0,1,14.73,59.69,11.79,23.2,15,17.68,0.96,68.73,residential,standard,none,58.14
183,11,0,1,34.56,39.45,4.18,24.84,16,29.96,14.38,41.86,residential,standard,none,95.85
183,12,0,1,17.41,36.56,0,26.72,9,32.24,0,44.22,peripheral,bulky,none,57.78
183,13,0,1,12.69,48.12,0,25.59,17,18.03,1.45,26.42,residential,standard,none,49.01
183,14,0,1,7.95,39.14,8.83,15.24,19,18.88,10.72,21.57,peripheral,standard,none,49.48
183,15,0,1,3.23,46.94,0,17.3,21,0.46,4.39,38.31,residential,standard,none,36.41
183,16,0,1,1.97,51.88,6.42,19.93,14,30.25,0,74.07,central,standard,none,22.48
183,17,0,1,20.43,85.76,0,20.86,13,0.6,18,5,peripheral,standard,none,93.64
183,18,0,1,8.97,54.26,9.23,20.4,13,0,8.36,35.11,peripheral,express,none,42.25
183,7,0,1,8.38,86.87,0,18.32,16,19.5,2.46,79.37,central,express,none,42.42
183,8,0,1,5.5,84.8,0.1,24.68,15,13.95,12.78,81.07,central,standard,none,49.71
183,9,0,1,7.95,63.95,5.35,23.28,12,10.1,11.48,60.37,residential,express,none,49.75
183,10,0,1,4.11,22.01,7.23,23.08,15,36.1,10.76,27.93,peripheral,standard,none,32.06
183,11,0,1,4.78,22.51,4.26,25.08,12,32.49,4.53,38.18,peripheral,standard,none,36.29
183,12,0,1,7.38,46.47,5.79,24.2,1,26.56,8.79,84.85,central,bulky,none,44.98
183,13,0,1,4.32,38.64,0,27.68,10,35,14.08,57.71,residential,standard,none,31.29
183,14,0,1,5.2,23,5.09,19.78,17,0.75,5.97,29.73,peripheral,standard,none,32.79
183,15,0,1,12.98,39.67,11.47,24.08,6,42.59,21.71,71.48,residential,standard,none,61.3
183,16,0,1,5.57,54.45,3.18,18.59,9,10.49,12.31,80.47,central,standard,none,48.9
183,17,0,1,30.3,95.15,5.01,21.2,4,22.13,15.05,62.66,residential,bulky,none,117.52
183,18,0,1,21.05,90.52,0.73,22.98,1,25.17,20.88,100,central,bulky,none,104.56
183,7,0,1,3.77,28.86,0,21.54,15,24.21,3.38,8.83,peripheral,standard,none,27.67
183,8,0,1,3.36,89.19,0,21.1,17,13.8,14.63,37.09,residential,express,none,38.82
183,9,0,1,2.34,80.81,6.83,23.77,18,36.42,13.91,51.57,residential,standard,none,33.69
183,10,0,1,7.01,40.52,12.79,20.94,9,54.2,2.81,82.01,central,standard,customer_absent,50.98
183,11,0,1,9.03,49.01,7.78,18.89,16,21.48,19.43,60.58,residential,express,none,48.84
183,12,0,1,0.5,30.5,1.99,25.26,2,9.7,8.48,5,peripheral,bulky,none,24.26
183,13,0,1,3.84,52,6.46,23.56,18,21.99,8.47,70.92,residential,standard,none,38.91
183,14,0,1,15.36,49.01,1.8,28.38,12,1.94,8.22,64.65,central,standard,none,57.54
183,15,0,1,11.17,26.38,0,20.37,14,12.56,9.86,26.73,peripheral,express,none,39.52
183,16,0,1,8.51,48.93,7.05,25.16,16,40.98,11.22,83.97,central,express,none,43.63
183,17,0,1,8.85,74.12,5.34,21.53,17,24.87,21.44,84.37,central,standard,none,58.79
183,18,0,1,8.09,67.93,12.53,21.12,15,2.55,17.75,5,peripheral,express,none,45.93
183,7,0,1,11.78,69.4,0,15.78,8,0,8.33,96.69,central,bulky,none,66.78
183,8,0,1,8.96,86.43,8.08,22.56,12,8.71,12.67,99.56,central,standard,none,60.87
183,9,0,1,22.83,56.82,0,23.33,14,28.59,9.65,26.87,peripheral,standard,none,83.3
183,10,0,1,5.28,47.35,3.54,24.23,15,24.55,0,64.89,residential,standard,none,33.97
184,11,0,0,7.23,18.04,4.11,24.59,13,3.51,4.71,55.84,residential,standard,none,36.63
184,12,0,0,8.65,39.45,4.65,30.97,13,17.36,2.3,73.62,residential,standard,none,43
184,13,0,0,12.01,45.08,3.47,21.91,3,22.91,6.58,50.62,residential,bulky,none,48.11
184,14,0,0,9.64,57.11,0,22.9,15,32.89,6.43,76.66,central,express,none,48.26
184,15,0,0,16.1,47.9,3.1,22.43,1,20.79,0.02,59.55,residential,bulky,none,49.09
184,16,0,0,14.14,46.42,0,23.31,26,16.65,1.84,34.96,peripheral,standard,none,47.46
184,17,0,0,13.97,65.86,0.43,19.04,14,17.45,14.56,28.62,peripheral,standard,none,67.09
184,18,0,0,6.87,71.98,5,20.33,13,32.84,28.34,41.03,residential,standard,none,64.32
184,7,0,0,8.25,46.88,4.48,15.85,12,12.76,1.85,40.75,residential,express,none,29.96
184,8,0,0,24.9,73.99,12.18,17.63,3,16.38,25.97,100,central,bulky,none,113.91
184,9,0,0,4.52,61.38,0.9,19.9,18,21.59,21.28,32.29,peripheral,standard,none,49.76
184,10,0,0,19.57,34.43,0,20.39,13,34.31,9.27,5,peripheral,express,none,47.95
184,11,0,0,5.41,28.72,0,22.59,19,0.3,4.15,75.13,residential,standard,customer_absent,40.21
184,12,0,0,12.23,30.06,1.32,27.36,2,10.92,12.13,77.05,central,bulky,none,61.09
184,13,0,0,17.3,46.74,3.82,21.11,11,0,0,35.55,residential,standard,none,62.48
184,14,0,0,8.31,45.12,6.39,19.86,14,0,7.1,67.48,residential,standard,none,48.93
184,15,0,0,19.13,52.73,0,18.25,16,26.33,0,53.41,residential,standard,none,66.68
184,16,0,0,6.56,42.21,0,23.04,9,17.66,8.61,71.93,residential,standard,none,29.92
184,17,0,0,13.78,77.22,0,24.66,5,20.95,24.36,59.67,residential,standard,none,74.79
184,18,0,0,15.19,70.94,9.7,19.09,20,21.43,18.08,56.63,residential,standard,none,78.96
184,7,0,0,7.26,42.26,0,21.84,1,21.1,3.36,58.77,residential,bulky,none,32.56
184,8,0,0,18.36,73.54,5.55,30.18,12,7.15,22.56,86.03,residential,standard,none,90.29
184,9,0,0,1.87,95.17,5.98,25.34,17,0,19.74,62.09,residential,express,none,34.75
184,10,0,0,11.85,38.22,2.42,24.32,9,14.85,4.12,50.1,residential,standard,none,42.56
184,11,0,0,7.41,23.54,8.02,24.3,15,14.54,9.55,33.51,peripheral,standard,none,37.42
184,12,0,0,4.68,46.39,0,23.85,14,20.42,5.84,44.63,residential,standard,none,21.04
184,13,0,0,14.38,53.13,0,22.34,14,2.43,10.62,68.68,residential,standard,none,57
184,14,0,0,8.5,47.45,9.98,21.99,7,10.82,23.9,46.33,residential,bulky,none,67.15
184,15,0,0,7.64,29.25,0,18.86,19,8.23,6.87,66.88,residential,standard,none,44.06
184,16,0,0,6.51,58.11,0,27.45,14,17.1,13.61,53.88,residential,standard,none,44.25
184,17,0,0,26.53,79.28,3.55,16.04,14,31.32,9.1,46.27,residential,standard,none,100.16
184,18,0,0,13.58,77.47,0,19.72,8,60.01,14.69,65.49,residential,standard,none,61.85
184,7,0,0,10.58,37.24,4.76,19.9,16,0,7.75,77.53,residential,standard,none,59.94
184,8,0,0,21.12,86.3,0,22.44,7,14.73,23.58,91.4,central,bulky,none,105.19
184,9,0,0,8.89,88.66,3.24,21.19,13,5.67,18.39,49.16,residential,express,none,51.45
184,10,0,0,10.23,21.56,5.93,25.7,10,29.46,11.58,23.9,peripheral,standard,none,41.54
184,11,0,0,1.69,36.15,2.04,20.09,14,20.53,4.3,14.89,peripheral,express,none,14.02
184,12,0,0,12.47,32.63,0,29.89,11,15.95,14.05,60.98,residential,express,none,43.32
184,13,0,0,10.3,50.6,5.39,24.15,18,15.88,9.85,59.53,residential,standard,none,59.67
184,14,0,0,30.7,54.78,9.3,22.14,13,8.14,11.25,93.3,central,standard,none,100.48
185,15,0,0,5.46,27.44,0,25.66,11,10.61,6.01,46.57,peripheral,standard,none,37.21
185,16,0,0,6.37,54.22,2.62,20.54,12,4.66,1.38,100,central,express,none,20.65
185,17,0,0,8.65,83.25,3.33,19.17,13,22.92,14.6,29.21,peripheral,express,none,47.25
185,18,0,0,6.29,81.28,8.15,22.92,13,1.08,10.93,52.03,residential,express,none,45.51
185,7,0,0,7.21,52.17,2.35,22.34,16,0.96,2.59,65.64,residential,standard,vehicle,87.4
185,8,0,0,8.6,98,0,15.23,13,29.71,17.31,94.02,central,bulky,none,69.26
185,9,0,0,1.35,80.38,0,21.15,23,22.82,19.77,44.23,residential,express,none,40.1
185,10,0,0,2.8,37.21,12.07,22.55,13,16.03,8.6,73.5,residential,standard,none,35.15
185,11,0,0,10.13,55.54,0,21.46,7,1.1,9.74,84.27,residential,bulky,none,55.59
185,12,0,0,10.69,25.61,7.82,24.38,4,37.16,3.99,77.29,residential,bulky,none,49.87
185,13,0,0,10.42,35.67,3.52,26.32,9,11.89,8.27,17.6,peripheral,standard,none,49.88
185,14,0,0,9.46,24.6,3.22,16.36,17,25.36,8.77,9.77,peripheral,standard,none,34.66
185,15,0,0,14.81,31.06,15.9,19.86,3,7.38,20.23,32.32,residential,bulky,none,66.29
185,16,0,0,5.12,40.06,11.76,18.29,13,0,14.65,31,residential,standard,none,47.8
185,17,0,0,31.9,75.57,4.96,22.01,9,0,17.58,33.76,peripheral,standard,none,109.76
185,18,0,0,4.71,69.29,0,26.15,13,15.43,10.82,25.24,peripheral,standard,none,36.63
185,7,0,0,0.5,52.51,0.23,15.93,21,20.25,5.1,41.63,residential,standard,none,28.46
185,8,0,0,13.87,78.63,2.3,21.44,5,43.49,24.05,70.32,residential,bulky,none,94.51
185,9,0,0,8.8,76.06,6.35,21.49,18,0,26.41,44.67,residential,express,none,62.59
185,10,0,0,5.61,37.51,0,21.33,14,9.84,0.37,63.13,residential,standard,none,27.14
185,11,0,0,6.85,39.4,2.47,21.62,11,42,3.05,59.94,residential,standard,none,30.54
185,12,0,0,6.21,51.63,0,17.37,4,29.26,15.42,80.21,central,bulky,none,51.33
185,13,0,0,7.27,54,4.3,30.15,12,14.37,8.74,91.73,central,express,none,42.03
185,14,0,0,13.22,45.63,8.75,22.49,18,20.65,10.83,97.14,central,standard,none,54.98
185,15,0,0,0.57,41.74,9.38,27.37,12,60.72,13.06,46.28,peripheral,express,none,21.21
185,16,0,0,4.25,43.69,0,21.75,14,30.54,7.97,100,central,standard,none,38.02
185,17,0,0,6.29,51.25,5.63,20.83,16,10.11,25.81,43.36,peripheral,standard,none,68.2
185,18,0,0,37.18,86.62,0,18.71,11,45.86,20.16,65.22,central,standard,none,139.71
185,7,0,0,8.2,46.03,0,20.99,11,0,2.05,53.82,residential,express,none,26.84
185,8,0,0,12.1,66.57,15.07,23.74,16,22.29,21.31,33,peripheral,standard,none,76.17
185,9,0,0,2.6,75.91,0,22.83,9,28.9,25.32,78.13,central,standard,none,43.7
185,10,0,0,26.98,30.35,1.4,24.5,9,33.32,7.53,70.92,residential,express,none,52.52
185,11,0,0,38.7,54.12,0,20.92,10,15.27,4.29,72.36,central,bulky,none,115.25
185,12,0,0,8.61,34.5,0,28.31,1,9.65,10.19,38.87,peripheral,bulky,none,53.43
185,13,0,0,16.87,51.66,1.31,18.14,6,29.74,0.81,97.24,central,bulky,none,49.69
185,14,0,0,5.84,31.35,0,22.57,10,5.53,11.59,44.63,residential,express,none,34.79
185,15,0,0,9.57,44.84,1.2,23.98,15,28.21,14.91,41.23,residential,express,none,36.14
185,16,0,0,10.14,33.8,9.38,27.52,23,6.03,6.14,63.13,residential,express,none,40.84
185,17,0,0,5.13,73.07,0,17.15,15,34.37,15.06,59.66,residential,standard,none,40.59
185,18,0,0,7.56,77.62,1.1,21.18,11,0,8.12,86.35,central,standard,none,46.66
186,7,0,0,5.42,19.58,0,25.29,11,4.16,16.35,17.86,peripheral,express,none,34.95
186,8,0,0,15.67,87.8,4.4,24.69,10,13.15,13.83,56.19,residential,standard,none,76.19
186,9,0,0,10.15,64.98,8.16,29.59,6,7.69,13.56,54.26,residential,express,none,57.93
186,10,0,0,11.13,53.51,3.54,25.84,15,0,13.27,69.62,residential,standard,none,62.1
186,11,0,0,1.46,40.27,0.67,27.76,9,22.02,7.89,56.67,residential,express,none,27.72
186,12,0,0,10.18,61.79,2.7,23.62,15,23.52,6.89,84.61,central,standard,none,53.7
186,13,0,0,5.88,32.13,0,23.25,16,4.87,8.93,96.88,central,express,none,30.59
186,14,0,0,10.69,51.15,0,20.75,9,18.19,0,65.54,central,standard,none,29.53
186,15,0,0,3.07,55.07,4.22,25.39,9,14.6,5.54,52.65,residential,express,none,18.92
186,16,0,0,5.77,47.63,3.47,24.77,9,8.23,2.49,48.27,residential,express,none,28.18
186,17,0,0,2.57,77.74,0,24.37,1,0,12.65,78.84,residential,standard,none,44.31
186,18,0,0,11.25,69.51,0,19.78,18,14.53,26.75,49.87,peripheral,standard,none,70.09
186,7,0,0,37.86,32.45,9.56,23.13,15,6.88,9.48,58.49,residential,standard,none,85.87
186,8,0,0,11.28,91.14,6.68,18.32,9,16.24,19.91,100,central,bulky,none,81.12
186,9,0,0,13.1,88.32,4.77,18.92,15,18.16,10.54,63.7,residential,express,none,59.18
186,10,0,0,11.53,43.76,0,22.85,5,47.24,4.39,85.74,central,bulky,none,52.26
186,11,0,0,8.83,37.31,0,23.21,18,22.15,6.97,49.64,residential,standard,none,45.63
186,12,0,0,12.38,53.54,2.12,22.52,15,15.14,3.98,95.76,central,standard,none,51.32
186,13,0,0,10.3,32.56,3.39,18.76,11,11.72,17.97,43.28,residential,express,none,52.67
186,14,0,0,20.39,47.86,0,26.11,13,19.47,6.69,43.33,residential,standard,none,65.93
186,15,0,0,11.05,38.12,2.68,20.25,16,52.89,4.95,82.84,central,standard,none,40.39
186,16,0,0,7.02,34.74,0,24.67,20,18.21,5.53,43.64,residential,standard,none,37.01
186,17,0,0,12.28,78.9,4.28,21.86,18,15.11,14.08,70.13,residential,standard,none,68.5
186,18,0,0,14.84,90.86,0,24.26,16,14.16,11.79,66.8,central,standard,none,71.89
186,7,0,0,4.14,30.96,0.5,17.34,13,46.65,7.08,31.49,peripheral,express,none,23.06
186,8,0,0,1.35,70.04,0,22.5,18,9.84,28.85,51.51,residential,standard,none,56.75
186,9,0,0,0.5,88.02,2.29,20.56,13,10.4,9.51,100,central,express,customer_absent,49.23
186,10,0,0,7.04,36.48,2.34,19.57,17,28.04,17.83,28.88,peripheral,standard,none,44.5
186,11,0,0,8.52,54.27,0.95,21.4,15,25.97,8.21,72.5,central,express,none,34.39
186,12,0,0,31.66,45.41,6.65,24.47,8,35.91,11.8,71.96,residential,express,none,86.87
186,13,0,0,12.72,45.2,0,20.74,17,20.73,3.95,71.81,residential,express,none,41.16
186,14,0,0,10.3,52.15,0.19,20.41,24,0,3.16,74.11,central,standard,none,48.16
186,15,0,0,4.37,39.29,4.84,20.13,13,0,4.74,54.92,residential,standard,none,33.95
186,16,0,0,5.24,23.07,0,22.56,17,5.01,11.61,71.16,residential,standard,none,36.97
186,17,0,0,5.82,64.69,2.28,24.61,9,17.38,19.22,31.85,peripheral,standard,none,54.6
186,18,0,0,5.24,85.5,0,19.71,22,14.68,4.14,59.23,central,standard,none,37.62
186,7,0,0,8.46,56.54,4.26,24.97,16,29.48,2.62,59.75,residential,standard,none,31.94
186,8,0,0,10.23,92,5.59,24.53,7,2.91,15.96,97.39,central,standard,none,63.08
186,9,0,0,14.9,60.59,7.99,19.67,16,31.56,15.17,38.9,peripheral,standard,none,76.43
186,10,0,0,11.19,40.78,2.96,19.1,12,29.54,2.8,60.2,residential,standard,none,41.11
187,11,1,0,16.18,41.94,2.39,28.57,22,0,11.84,44.23,residential,express,none,56.99
187,12,1,0,5.18,31.53,2.81,14.08,20,27.84,6.39,40.13,residential,standard,none,43.69
187,13,1,0,4.36,34.23,5.47,23.63,12,28.71,4.62,48.51,residential,bulky,none,31.52
187,14,1,0,16.69,42.48,2.85,21.79,14,16.65,7.15,91.41,central,express,none,53.91
187,15,1,0,10.2,32.42,3.23,20.51,10,44.79,6.13,97.43,central,express,vehicle,42.15
187,16,1,0,11.36,41.25,0,23.72,19,35.93,15.77,33.16,residential,standard,none,57.95
187,17,1,0,13.51,68.81,0,22.02,13,51.68,19.43,91.74,central,express,none,64.1
187,18,1,0,0.5,70.66,6.28,21.13,13,20.58,16.74,55.58,residential,express,none,25.16
187,7,1,0,1.47,41.47,0.68,19.48,12,23.57,13.18,91.94,central,express,none,30.42
187,8,1,0,5.64,56.29,1.3,21.55,14,40.41,21.34,25.77,peripheral,standard,customer_absent,66.62
187,9,1,0,16.18,56.46,0,23.15,14,26.58,11.95,62.49,residential,standard,none,70.24
187,10,1,0,3.19,39.55,0.39,24.33,18,27.28,7.6,69.37,central,express,vehicle,44.38
187,11,1,0,20.02,21.38,0,23.93,7,0,4.95,7.23,peripheral,standard,none,51.11
187,12,1,0,5.09,31.87,1.55,23.87,11,25.17,7.72,45.77,residential,standard,roadwork,56.57
187,13,1,0,4.61,30.58,6.78,17.54,20,10.12,21.57,49.26,residential,standard,none,43.53
187,14,1,0,7.34,11.33,12.01,22.69,10,30.3,4.23,34.81,peripheral,standard,none,38.26
187,15,1,0,5.87,20.53,4.31,21.75,13,20.89,0,44.7,peripheral,standard,none,23.82
187,16,1,0,14.99,51.75,0,24.13,15,3.7,8.09,86.82,central,standard,none,58
187,17,1,0,12.64,72.3,8.15,20.99,11,33.16,21.28,54.71,residential,express,none,55.45
187,18,1,0,11.17,85.17,4.68,23.65,1,32.8,13.57,98.36,central,bulky,none,67.29
187,7,1,0,5.86,39.59,5.12,28.7,16,7.89,5.8,84.29,central,standard,none,37.14
187,8,1,0,13.23,55.62,3.89,20.21,19,39.63,12.79,52.27,residential,standard,none,60.53
187,9,1,0,7.42,69.74,7.12,20.29,9,10.46,9.17,66.55,residential,express,none,41.54
187,10,1,0,6.36,32.1,7.23,25.26,11,16.34,13.98,86.93,central,standard,vehicle,104.48
187,11,1,0,0.5,39.74,0,27.68,14,0,8.49,81.82,central,standard,none,30.34
187,12,1,0,6.37,56.06,2.49,23.38,2,15.11,0,88.74,central,express,none,27.57
187,13,1,0,18.79,40.4,0,21.28,12,25.61,2.39,84.63,central,express,none,39.26
187,14,1,0,9.15,57.33,0,17.26,9,0,13.24,96.98,central,standard,none,56.4
187,15,1,0,2.68,41.48,7.97,13.08,17,32.02,5.34,80.99,central,standard,none,32.8
187,16,1,0,2.54,19.58,8.51,25.47,24,25.67,23.26,46.23,peripheral,standard,none,46.15
187,17,1,0,15.03,84.51,7.37,23.82,11,28.65,19.04,100,central,standard,none,74.63
187,18,1,0,9.02,78.39,12.42,19.75,18,1.87,1.94,36.98,residential,standard,none,53.54
187,7,1,0,18.74,45.66,6.93,24.33,13,18.72,0,93.65,central,standard,none,56.19
187,8,1,0,13.71,63.9,8.45,22.94,10,26.08,16.05,64.54,residential,standard,none,70.68
187,9,1,0,31.33,74.37,1.37,22.29,17,31.52,19.43,87.63,central,standard,none,122.52
187,10,1,0,7.37,59.73,3.11,22.14,13,4.08,4.85,100,central,standard,none,41.26
187,11,1,0,7.33,44.66,5.22,23.44,16,12.16,18.51,88.24,central,express,none,58.68
187,12,1,0,15.61,35.08,2.39,22.33,1,19.28,14.03,82.79,central,bulky,none,68.62
187,13,1,0,6.25,26.79,2.81,22.68,9,22.77,4.34,32.89,peripheral,express,none,15.05
187,14,1,0,9.56,31.88,3.78,24.91,15,36.1,1.09,27.09,peripheral,express,none,20.43
188,15,1,0,11.5,44.31,4.84,24.63,18,25.46,5.06,46.25,residential,express,none,37.15
188,16,1,0,6.58,31.31,0.68,22.47,14,9.62,2.27,76.38,central,express,none,22.39
188,17,1,0,6.32,65.49,2.39,21.93,8,3.31,0.27,63.67,residential,express,none,29.04
188,18,1,0,12.04,57.47,4.83,26.81,14,24.26,26.98,59.39,residential,express,none,70.76
188,7,1,0,13.41,58.59,0,20.15,13,15.7,0,78.84,central,standard,none,55.36
188,8,1,0,9.74,67.08,0,23.81,6,4.25,13.96,58.24,residential,standard,none,62.4
188,9,1,0,12.74,85.18,6.23,28.65,14,38.51,10.38,96.86,central,express,none,60.76
188,10,1,0,6.2,31.58,10.71,27.05,11,21.28,4.65,100,central,standard,none,36.45
188,11,1,0,7.15,31.68,0,20.05,16,27.68,0,57.86,residential,express,none,21.78
188,12,1,0,13.43,47.59,0,20.65,16,31.1,9.27,83.73,central,express,none,47.5
188,13,1,0,5.76,32.84,6.6,22.45,9,1.41,7.26,35.36,residential,standard,none,33.63
188,14,1,0,6.42,35.97,4.89,25.57,15,19.07,9.25,50.46,residential,standard,none,39.1
188,15,1,0,8.74,21.24,2.38,12.82,11,18.6,3.7,58.24,peripheral,express,none,26.88
188,16,1,0,4.93,8,0,25.6,2,18.29,0,16.14,peripheral,bulky,none,24.26
188,17,1,0,11.03,63.86,1.41,20.81,13,15.61,12.18,54.11,residential,standard,none,49.34
188,18,1,0,11.22,59.17,8.27,27.1,18,16.51,20.84,19.93,peripheral,standard,roadwork,85.18
188,7,1,0,2.64,29.84,7.79,17.3,11,1.97,7.8,49,peripheral,standard,none,39.73
188,8,1,0,8.54,80.6,2.14,23.68,15,16.58,22.31,74.38,central,standard,none,63.73
188,9,1,0,47,70.8,4.91,23.96,14,13.07,24.96,34.89,peripheral,standard,none,162.8
188,10,1,0,11.52,36.91,4.37,21.83,11,23.39,0,26.85,peripheral,standard,none,30.42
188,11,1,0,5.32,53.5,0,26.94,8,47,6.92,84.44,central,standard,none,33.85
188,12,1,0,0.79,25.35,0,20.77,14,15.12,0,57.55,residential,standard,none,19.75
188,13,1,0,5.08,33.31,5.84,20.56,16,5.95,5.73,60.41,residential,express,none,29.58
188,14,1,0,10.86,29.86,0,20.86,9,43.97,5.59,33.64,residential,express,none,25.42
188,15,1,0,6.85,31.93,3.15,22.76,17,10,17.18,25.03,peripheral,standard,none,52.97
188,16,1,0,30.81,36.97,0.7,23.39,18,3.14,2.3,54.05,residential,standard,none,70.49
188,17,1,0,13.73,65.59,9.63,24,13,30.81,10.49,54.18,residential,standard,none,61.38
188,18,1,0,25.54,83.39,4.61,20.17,11,27.74,20.98,88.05,central,standard,none,112.48
188,7,1,0,19.4,20.92,3.3,20.4,7,19.32,10.73,24.01,peripheral,standard,none,65.94
188,8,1,0,8.63,46.33,0.81,24.48,13,12.07,16.83,53.95,residential,standard,none,52.05
188,9,1,0,8.77,47.52,5.98,24.76,20,14.57,16.43,29.18,peripheral,standard,none,58.41
188,10,1,0,25.13,49.86,0,20.78,5,19.62,10.77,100,central,standard,none,73.91
188,11,1,0,7.71,66.83,1.66,21.23,17,18.08,7.65,97.23,central,standard,vehicle,97.49
188,12,1,0,7.23,8,0,25.46,9,16.96,9.5,43.36,peripheral,express,none,27.2
188,13,1,0,30.84,29.64,4.53,25.26,16,10.29,9.24,66.54,residential,standard,none,76.54
188,14,1,0,4.11,27.66,4,25.58,15,16.07,1.39,47.5,residential,standard,none,24.24
188,15,1,0,13.7,28.85,2.28,23.65,13,0,9.23,56.42,residential,standard,none,51.86
188,16,1,0,6.67,53.91,0,20.4,11,0,0,84.86,central,express,none,29.99
188,17,1,0,12.89,54.77,0,20.89,6,51.14,21,47.73,peripheral,standard,none,59.8
188,18,1,0,16.06,79.54,0,20.65,11,0,18.72,88.74,central,standard,none,75.73
189,7,0,0,8.26,40.45,0,24.25,2,8.28,2.02,33.41,peripheral,bulky,none,35.75
189,8,0,0,12.95,68.72,0,17.95,8,35.79,14.64,62.88,residential,standard,none,55.44
189,9,0,0,11.5,98,0.11,25.24,8,20.69,12.46,94.8,central,express,none,51
189,10,0,0,2.88,53.58,0,21.95,8,30.38,12.41,87.11,central,standard,none,34.91
189,11,0,0,0.5,44.95,1.36,22.15,13,29.78,0,68.85,residential,standard,none,17.91
189,12,0,0,4.08,46.03,13.22,22.84,1,0,0,75.66,central,bulky,none,34.9
189,13,0,0,4.94,38.34,2.43,26.57,12,0,14.59,74.72,residential,standard,none,48.61
189,14,0,0,9.11,30.31,7.67,19.92,8,20.61,8.2,27.84,peripheral,standard,none,48.83
189,15,0,0,16.07,65.9,0,24.72,12,31.27,9.93,100,central,bulky,none,78.4
189,16,0,0,5.7,38.23,0,28.64,10,11.79,10.69,63.95,residential,express,none,25.51
189,17,0,0,8.97,67.22,1.23,20.36,13,16.2,11.87,33.18,peripheral,standard,none,54.03
189,18,0,0,21.51,64.09,0,25,12,43.36,16.09,33.68,peripheral,standard,none,80.08
189,7,0,0,6.41,47.78,0,23.46,14,25.2,6.55,55.07,residential,standard,none,40.45
189,8,0,0,8.92,63.61,3.02,17.62,5,26.17,4.44,50.74,residential,bulky,none,49.61
189,9,0,0,3.48,79.14,4.38,21.69,16,13.47,11.19,53.5,residential,express,none,36.83
189,10,0,0,7.5,52.77,7.79,21.07,12,17.88,9.89,85.09,central,standard,none,38.85
189,11,0,0,5.36,44.28,0,29.61,15,0,8.24,37.23,residential,standard,none,43.39
189,12,0,0,9.26,39.61,3.29,22.11,12,11.32,17.53,62.38,residential,standard,none,48.28
189,13,0,0,6.42,51.3,4.86,25.87,15,0,2.52,91.61,central,standard,none,30.95
189,14,0,0,6.32,59.77,4.01,17.54,15,45.72,7.86,98.63,central,standard,none,34.36
189,15,0,0,5.46,51.65,0,22.27,13,19.83,10.23,87.02,central,standard,none,39.47
189,16,0,0,6.05,33.09,11.04,24.35,18,7.87,0,25.42,peripheral,standard,none,35.82
189,17,0,0,9.95,83.39,0,19.17,11,22.63,9.63,63.36,residential,standard,none,51.11
189,18,0,0,15.68,98,5.51,28.36,7,0,16.18,95.56,central,bulky,none,91.73
189,7,0,0,3.34,61.5,9.34,18.62,16,3.72,6.11,77.53,central,express,none,24.76
189,8,0,0,10.07,87.06,11.32,18.98,3,15.62,21.11,23.47,peripheral,bulky,none,77.89
189,9,0,0,14.2,72.98,15.14,24.77,14,0,26.76,91.58,central,standard,none,86.35
189,10,0,0,8.89,34.66,1.8,14.53,7,29.4,10.91,31.56,residential,bulky,none,48.37
189,11,0,0,4.6,44.41,0,18.18,10,5.61,1.73,65.23,residential,standard,none,23.86
189,12,0,0,1.65,33.8,6.38,22.88,1,10.47,0.66,31.64,peripheral,bulky,none,20.17
189,13,0,0,4.6,42.56,0,23.27,15,4.66,8.72,95.2,central,standard,none,36.39
189,14,0,0,2.2,23.55,0,23.93,18,18.15,14.25,67.7,residential,standard,none,36.38
189,15,0,0,11.07,43.04,6.81,23.87,9,9.59,0,69.55,residential,standard,none,31.46
189,16,0,0,10.18,49.15,2.36,23.92,14,40.34,7.57,63.28,residential,standard,none,49.71
189,17,0,0,15.22,57.13,6.44,20.15,8,23.98,24.82,25.02,peripheral,bulky,none,72.04
189,18,0,0,7.69,88.26,11.96,22.53,6,29.85,21.55,99.03,central,express,none,53.4
189,7,0,0,30.64,58.13,0,21.27,11,8,6.13,79.23,central,standard,none,99.71
189,8,0,0,12.3,85.64,9.01,23.88,6,0,17.48,56.09,residential,standard,none,68.43
189,9,0,0,3.85,56.04,3.36,29.45,19,4.32,13.63,5,peripheral,standard,none,43.21
189,10,0,0,8.89,30.73,1.95,21.1,4,45.83,14.09,36.92,residential,bulky,none,50.79
190,11,0,0,8.65,57.06,3.59,18.25,17,18.7,7.79,79.7,central,standard,none,53.26
190,12,0,0,12.61,31.48,1.77,25.66,15,29.32,7.16,52.57,residential,standard,none,39
190,13,0,0,26.06,28.79,6.56,21.21,10,13.06,4.97,23.41,peripheral,standard,none,56.2
190,14,0,0,20.8,51.16,2.78,22.5,16,8.69,3.11,51.61,residential,express,none,67.51
190,15,0,0,10.12,60.4,4.94,24.38,11,25.54,0,51.08,central,standard,none,47.39
190,16,0,0,15.31,40.58,1.79,24.63,12,20.46,3.96,45,residential,standard,none,48.2
190,17,0,0,10.97,73.66,0,18.33,11,0,25.31,21.4,peripheral,standard,customer_absent,91.82
190,18,0,0,12.13,79.65,3.34,25.27,10,5.86,12.97,63.57,central,express,none,51.04
190,7,0,0,10.56,37.48,0,21.79,16,21.69,10.64,29.43,peripheral,standard,none,51.02
190,8,0,0,7.8,71.15,3.65,26.21,17,38.67,18.79,43.12,residential,express,none,45.52
190,9,0,0,19.11,96.05,9.18,16.66,10,14.89,22.39,74.14,central,standard,none,95.91
190,10,0,0,10.07,28.39,0.74,23.5,12,26.09,14.12,25.37,peripheral,express,none,38.45
190,11,0,0,17.05,37.62,5.82,15.85,16,28.42,0,75.94,central,standard,none,46.04
190,12,0,0,12.6,49.9,1.76,24.3,14,15.46,0.89,56.99,central,standard,none,49.41
190,13,0,0,34.4,50.66,7.98,17.08,22,6.23,0,55.11,residential,standard,none,88.11
190,14,0,0,10.67,60.33,0,19.94,4,4.2,8.42,100,central,express,none,40.19
190,15,0,0,21.24,54.03,0,19.63,10,19.12,13.29,47.88,peripheral,standard,none,74
190,16,0,0,5.2,56.44,3.23,15.02,10,39.61,6.87,100,central,bulky,none,52.3
190,17,0,0,10.42,85.56,2.72,18.65,18,15.44,13.26,99.6,central,standard,none,68.3
190,18,0,0,10,82.32,13.96,23.74,18,27.57,15.07,71.71,residential,express,none,62.14
190,7,0,0,4.54,15.75,0.13,17.46,13,0.83,11.62,26.37,peripheral,express,none,27.57
190,8,0,0,10.76,60.32,10.36,21.61,12,16.25,12,7.74,peripheral,standard,none,61.44
190,9,0,0,12.36,77.48,6.34,21.04,21,20.69,4.19,60.22,residential,express,none,56.19
190,10,0,0,1.59,46.1,4.97,22.51,16,50.94,0,36.06,peripheral,standard,none,12.21
190,11,0,0,31.69,22.13,1.11,27.41,13,27.56,5.15,39.03,peripheral,standard,none,67.4
190,12,0,0,4.1,37.48,5.98,25.58,9,64.67,0.58,34.39,residential,standard,none,18.37
190,13,0,0,16.86,40.57,1.68,24.87,8,10.25,8.29,52.99,residential,express,none,48.44
190,14,0,0,9.43,44.91,5.3,25.99,5,16.96,1.7,94.67,central,bulky,none,50.88
190,15,0,0,13.36,40.7,0,15.95,11,47.97,2.16,76.31,residential,standard,none,40.46
190,16,0,0,0.91,47.91,0,23,10,10.56,15.17,82.47,central,standard,none,34.02
190,17,0,0,2.42,62.32,0,21.78,15,45.87,16.91,26.39,peripheral,express,none,36.43
190,18,0,0,4.05,80.16,3.72,28.58,17,10.05,8.46,65.48,residential,standard,none,49.88
190,7,0,0,9.75,45.86,0,21.03,16,19.65,6.91,41.46,peripheral,standard,none,43.13
190,8,0,0,21.95,73.9,3.47,26.22,9,0,19.58,57.46,residential,standard,none,90.41
190,9,0,0,3.74,98,0,16.3,14,14.12,19.58,89.02,central,express,none,41.8
190,10,0,0,1.21,37.33,2.82,22.99,9,21.61,4.68,100,central,standard,none,20.97
190,11,0,0,35.02,37.73,11.13,24.28,10,15.45,14.37,45.88,peripheral,standard,none,107.22
190,12,0,0,11.66,51.86,0,22.4,19,21.91,3.62,72.89,central,standard,none,43.8
190,13,0,0,6.9,71.96,0.78,22.48,13,30.23,1.69,94.67,central,express,none,23.38
190,14,0,0,12.43,31.64,7.72,24.88,14,37.79,14.73,13.98,peripheral,standard,none,51.27
191,15,0,0,11.63,35.29,0,26.11,15,0,7.54,22.07,peripheral,standard,none,39.15
191,16,0,0,7.03,44.16,2.14,24.99,17,10.98,0,52.62,residential,standard,none,35.61
191,17,0,0,25.2,71.31,0,23.84,7,45.32,6,66.77,residential,bulky,none,86.09
191,18,0,0,10.19,70.75,1.74,17.25,16,31.32,13.37,65.12,residential,standard,none,57.13
191,7,0,0,6.05,56.8,6.3,25.68,4,44.28,8.02,37.12,residential,bulky,none,43.3
191,8,0,0,3.24,98,6.64,19.28,7,36.69,18.76,74.19,central,express,none,38.7
191,9,0,0,11.1,70.71,1.87,22.69,20,20.35,15.19,60.64,residential,standard,none,53.71
191,10,0,0,2.67,44.82,10.98,21.67,17,38.85,0,90.66,central,standard,none,24.67
191,11,0,0,30.09,37.39,9.99,23.19,4,18.59,0,47.76,residential,bulky,none,73.43
191,12,0,0,5.12,47.5,9.41,23.98,12,9.63,6.97,32.41,residential,standard,none,40.6
191,13,0,0,9.22,28.93,5.83,22.51,12,12.45,10.61,34.33,residential,standard,none,39.31
191,14,0,0,10.98,62.8,0,19.06,13,0,9.01,92.59,central,standard,none,60.75
191,15,0,0,26.01,37.74,1.63,18.24,16,2.05,12.16,69.11,residential,express,none,70.35
191,16,0,0,0.5,55.22,2.21,25.4,14,0,3.32,50.54,residential,standard,none,26.02
191,17,0,0,7,59.79,5.6,16.39,10,60.11,21.59,23.42,peripheral,standard,none,53.27
191,18,0,0,4.67,73,2.26,22.25,10,14.22,13.25,20.56,peripheral,standard,none,35.04
191,7,0,0,26.96,21.71,8.37,21.49,19,33.93,0,72.21,residential,standard,none,55.18
191,8,0,0,11.58,73.04,2.5,21.44,22,8.47,18.62,25.59,peripheral,standard,none,71.79
191,9,0,0,9.3,90.26,0,18.01,18,37.97,21.04,92.35,central,standard,none,63.69
191,10,0,0,27.19,41.56,7.58,16.05,16,29.31,3.92,32.3,residential,standard,none,59.01
191,11,0,0,5.26,59.57,8.72,22.64,12,6.89,0,86.9,central,express,none,23.63
191,12,0,0,8.6,42.35,2.64,18.5,18,16.8,15.77,66.81,residential,standard,none,54.1
191,13,0,0,1.63,23.23,2.12,20.85,11,11.28,12.44,24.63,peripheral,standard,none,34.52
191,14,0,0,10.73,47.04,4.88,22.47,15,1.87,0,48.99,residential,standard,none,41.36
191,15,0,0,7.77,36.88,0,26.36,18,29.17,7.32,51.65,residential,express,none,31.59
191,16,0,0,11.64,39.66,1.76,21.24,15,18.12,10.97,77.9,residential,express,none,49.41
191,17,0,0,5.2,64.24,0,25.46,1,32.03,20.41,42.78,residential,bulky,none,49.88
191,18,0,0,6.29,95.14,0,24.87,16,0,28.34,74.16,central,standard,none,65.3
191,7,0,0,0.5,59.1,10.97,20.6,12,15.62,0,67.42,residential,standard,none,19.05
191,8,0,0,5.06,49.39,3.25,28.38,12,15.64,23.1,36.21,peripheral,standard,none,54.08
191,9,0,0,0.81,87.82,11.28,22.88,10,11.7,18.31,69.05,residential,express,none,39.55
191,10,0,0,7.69,47.62,4.58,23.36,23,35.98,9.2,87.19,central,standard,none,54.7
191,11,0,0,13.53,47.62,6.51,18.97,7,20.81,8.3,73,residential,bulky,none,66.05
191,12,0,0,0.5,39.82,6.82,14.27,14,39.86,10.49,41.73,residential,standard,none,31.26
191,13,0,0,5.4,59.46,4.27,22.55,14,32.89,1.75,55.32,residential,standard,none,41.07
191,14,0,0,8.21,31.93,0,17.39,14,22.57,1.94,16.85,peripheral,standard,none,30.73
191,15,0,0,10.51,30.9,3.45,21.38,14,24.97,4.85,57.74,residential,express,none,35.33
191,16,0,0,8.28,51.75,0,21.28,9,0,1.92,73.56,residential,standard,none,40.25
191,17,0,0,13.39,75.54,0,23.09,7,2.19,21.89,66.94,residential,bulky,none,81.98
191,18,0,0,7.85,92.61,3.53,24.45,13,1.33,7.41,79.34,central,standard,none,58.63
192,7,0,0,0.5,35.39,1.45,23.3,13,14.41,3.65,52.91,residential,standard,none,24.93
192,8,0,0,15.53,74.28,5.02,24.1,6,18.72,15.87,26.63,peripheral,bulky,none,82.73
192,9,0,0,18.31,66.79,0,21.37,20,25.38,13.64,38.32,peripheral,express,none,73.8
192,10,0,0,16.21,54.11,3.85,22.08,9,18.46,4.28,76.95,residential,standard,none,51.9
192,11,0,0,32.63,45.19,9.42,18.49,11,16.25,11.68,71.86,residential,standard,none,94.91
192,12,0,0,7.28,41.54,0,19.42,16,45.11,13.4,62.63,residential,standard,none,57.27
192,13,0,0,9.38,60.46,0,25.84,10,19.01,3.29,81.42,central,bulky,none,63.01
192,14,0,0,29.31,42.53,3.68,23.97,23,3.31,13.01,98.23,central,express,customer_absent,111.64
192,15,0,0,1.53,32.01,10.4,22.22,18,25.89,1.61,51.34,residential,express,none,14.13
192,16,0,0,5.02,38.96,5.78,23.16,16,43.67,5.91,58.66,residential,standard,none,24.61
192,17,0,0,8.64,65.72,6.12,26.04,16,7.09,7.22,17.46,peripheral,express,none,29.02
192,18,0,0,5.17,97.15,2.44,23.38,4,0,12.68,100,central,bulky,none,58.15
192,7,0,0,19.54,46.83,0,25.96,9,7.05,6.99,100,central,express,none,65.48
192,8,0,0,13.52,58.75,10.2,24.25,13,14.78,20.7,57.88,residential,express,none,68.95
192,9,0,0,9.95,69.23,1.81,22.67,9,29.24,7.08,68.1,residential,standard,none,58.61
192,10,0,0,11.01,55.27,0,19.74,7,12.44,5.24,100,central,bulky,none,60.01
192,11,0,0,8.78,61.8,0,22.3,13,8.43,16.93,80.94,central,express,none,52.88
192,12,0,0,12,58.05,0,19.84,22,59.56,18.91,39.63,residential,standard,none,71.03
192,13,0,0,12.56,47.77,0.22,20.49,14,24.22,11.51,44.28,residential,express,none,53.89
192,14,0,0,10.06,44.15,0,26.97,14,49.81,0,68.65,residential,standard,none,36.87
192,15,0,0,7.69,45.63,0,19.73,13,29.68,16.34,84.03,central,standard,none,58.35
192,16,0,0,7.87,38.28,1.1,24.9,16,5.09,5.83,54.74,residential,express,none,38.49
192,17,0,0,6.61,63.59,1.05,20.37,9,4.82,17.04,21.78,peripheral,standard,none,40.47
192,18,0,0,32.16,64.78,0,26,18,0,23.26,56,residential,standard,none,123.75
192,7,0,0,7.9,36.6,3.16,18.44,8,28.69,4.46,5,peripheral,standard,none,35.77
192,8,0,0,7.09,73.52,0,23.33,17,10.87,12.55,18.33,peripheral,standard,none,51.31
192,9,0,0,6.18,70.4,1.99,19.02,14,23.55,13.23,42.12,peripheral,standard,customer_absent,56.29
192,10,0,0,11.17,39.99,1.25,21.56,12,14.89,1.36,17.51,peripheral,standard,none,29.1
192,11,0,0,6.48,36.46,14.11,26.16,11,36.66,5.69,63.23,residential,bulky,none,40.9
192,12,0,0,7.29,50.35,0,24.32,1,34.97,22.96,91.82,central,bulky,none,66.66
192,13,0,0,18.04,42.05,4.39,20.64,19,28.59,11.81,64.24,residential,express,none,68.32
192,14,0,0,10.14,44.17,2.1,21.57,3,24.36,17.98,59.04,residential,standard,none,56.82
192,15,0,0,9.94,60.8,0,22.57,10,33.01,10.49,100,central,express,none,35.91
192,16,0,0,2.27,41.84,1.54,20.95,15,38.2,7.28,41.89,residential,standard,none,25.51
192,17,0,0,35.73,76.71,0,14.55,16,0,15.7,98.5,central,standard,none,122.8
192,18,0,0,13.75,64.49,2.05,21.88,14,18.02,18.12,11.48,peripheral,standard,none,63.65
192,7,0,0,9.69,35.97,0,23.89,14,12.53,8.34,16.04,peripheral,standard,none,42.3
192,8,0,0,9.36,85.71,4.91,23.49,21,17.84,16.86,96.56,central,standard,none,75.95
192,9,0,0,5.91,88.31,0.79,24.62,15,13.1,13.11,82.42,residential,express,none,48.73
192,10,0,0,14.07,53.51,2.91,24.77,11,16.33,0,76.47,central,express,none,39.66
193,11,0,0,4.91,40.04,0,29.25,13,19.55,2.02,5,peripheral,standard,none,26.53
193,12,0,0,3.48,41.03,5.84,23.71,8,23.99,13.21,25.43,peripheral,bulky,none,38.96
193,13,0,0,3.32,48.9,13.7,21.59,12,22.89,14.28,66.06,central,standard,none,40.95
193,14,0,0,12.1,42.7,0,20.89,12,18.33,9.83,35.95,residential,express,none,42.78
193,15,0,0,13.84,42.81,0,17.52,16,28.22,13.99,61.11,residential,express,none,55.52
193,16,0,0,11.09,37.2,5.76,23.92,17,22.04,0,25.32,peripheral,standard,none,36.46
193,17,0,0,1.38,78.79,0,24.22,15,24.89,23.34,59.63,central,standard,none,46.02
193,18,0,0,8.97,92.88,6.97,14.55,16,9.96,9.18,94.35,central,standard,none,54.94
193,7,0,0,3.94,54.12,9.32,17.07,11,28.76,0.54,51.33,residential,standard,none,25.05
193,8,0,0,5.15,90.74,3.44,20.33,15,0,30.75,56.5,central,standard,none,62.17
193,9,0,0,8.25,78.52,6.3,22.79,10,16.15,13.58,68.89,residential,standard,none,56.23
193,10,0,0,4.76,45.33,5.87,19.23,8,0,5.42,69.65,central,standard,none,39.79
193,11,0,0,8.47,53.73,7.34,17.81,2,29.12,10.08,90.48,central,bulky,none,45.87
193,12,0,0,6.9,57.97,0,29.28,18,8.21,4.68,99.02,central,express,none,24.84
193,13,0,0,8.06,29.78,3.01,24.12,7,12.77,5.61,81.52,residential,standard,roadwork,52.59
193,14,0,0,0.91,31.19,6.73,26.87,18,20.08,0.94,39.3,residential,express,none,22.75
193,15,0,0,17.59,55.87,3.88,30.66,22,15.63,1.1,48.51,residential,standard,none,56.63
193,16,0,0,12.24,50.79,0,23.44,14,16.56,2.28,71.81,residential,standard,none,42.32
193,17,0,0,18.71,95.7,3.75,20.97,12,36.24,15.04,58.44,central,standard,none,81.87
193,18,0,0,0.63,72.79,2.02,17.55,16,32.94,11.5,45.36,residential,standard,none,33.21
193,7,0,0,13.64,49.28,7.79,21.64,9,34.07,13.93,88.61,central,standard,none,56.37
193,8,0,0,6.15,65.64,3.12,19.17,9,56.16,27.75,33.41,residential,standard,none,51.94
193,9,0,0,5.68,61.29,4.49,19.51,14,31.99,21.51,82.82,central,express,none,43.52
193,10,0,0,12.29,41.98,13.21,15.75,17,15.96,13.75,83.07,central,standard,none,57.48
193,11,0,0,7.87,59.78,5.19,26.12,6,0,10.67,90.01,central,standard,none,47.44
193,12,0,0,12.07,42.14,10.35,21.32,16,15.31,2.19,30.56,residential,standard,none,42.35
193,13,0,0,13.54,62.47,2.56,24.5,13,12.99,16.9,97.52,central,standard,customer_absent,79.08
193,14,0,0,10.9,46.45,0,18.58,21,26.94,5.05,49.38,residential,standard,none,43.68
193,15,0,0,2.97,31.85,3.41,25.69,15,13.06,0,19.58,peripheral,standard,none,19.15
193,16,0,0,17.95,59.82,3.12,23.81,20,20.22,0,75.37,residential,standard,none,56.6
193,17,0,0,16.39,83.41,0.4,23.4,7,0,12.47,100,central,standard,none,77.79
193,18,0,0,5.98,68.81,3.22,24.72,11,19.38,21,20.93,peripheral,standard,none,54.97
193,7,0,0,17.02,38.84,1.95,18.16,9,6.47,6.06,25.82,peripheral,express,none,45.02
193,8,0,0,13.72,80,0,22.63,7,0,22.71,66.48,residential,bulky,none,90.51
193,9,0,0,6.5,91.06,0,24.27,16,18.48,22.5,99.15,central,express,none,61.57
193,10,0,0,3.52,36.34,2.91,17.96,15,0.31,9.6,40.86,peripheral,standard,none,36.92
193,11,0,0,23.28,51.9,2.85,18.24,13,8.16,3.95,100,central,express,none,68.34
193,12,0,0,6.74,21.07,2.12,32.18,16,8.85,9.83,26.7,peripheral,standard,none,42.12
193,13,0,0,10.22,32.21,7.81,21.66,22,37.29,0,46.78,residential,standard,none,36.23
193,14,0,0,15.76,29.26,0,17.65,3,9.71,10.62,14.74,peripheral,bulky,none,63.55
194,15,1,0,11.97,19.15,0.21,24.83,7,16.58,5.23,25.74,peripheral,bulky,none,41.69
194,16,1,0,4.93,21.63,4.18,20.34,15,20.33,10.57,76.87,residential,standard,none,46.62
194,17,1,0,24.76,77.53,1.32,21.68,13,22.46,19.71,41.28,residential,express,none,98.77
194,18,1,0,7.43,63.2,3.28,31.95,13,42.25,21.73,29.96,peripheral,standard,none,49
194,7,1,0,6.3,50.01,1.4,21.43,5,39.21,10.6,73.95,central,bulky,none,53.53
194,8,1,0,11.16,87.7,0,27.87,11,11.08,14.91,92.09,central,standard,none,63.72
194,9,1,0,7.64,51.19,9.66,27.37,8,42.87,20.56,19.51,peripheral,express,none,36.13
194,10,1,0,14.27,47.31,0,24.23,5,32.04,2.25,60.55,central,standard,none,47.75
194,11,1,0,14.83,26.18,2.94,24.61,13,26.55,2.91,10.33,peripheral,standard,none,41.25
194,12,1,0,19.46,31.73,7.67,20.59,18,15.8,10.26,46.74,residential,express,none,44.84
194,13,1,0,0.5,22.46,0.45,15.13,18,0,15.03,44.91,peripheral,standard,none,35.5
194,14,1,0,10.41,54.3,15.03,21.2,11,22.37,0,89.87,central,bulky,none,55.86
194,15,1,0,26.3,33.28,0,21.46,16,4.89,6.81,87.75,central,standard,none,69.64
194,16,1,0,6.48,36.05,1.73,20.02,6,30.49,14.53,47.4,peripheral,standard,none,44.86
194,17,1,0,15.5,58.49,1.82,29.19,11,48.54,16.61,56.81,residential,express,none,61.21
194,18,1,0,6.58,86.4,1.97,19.45,4,14.72,21.46,81.85,central,bulky,none,63.83
194,7,1,0,11.1,26.55,3.16,21.79,10,48.32,11.03,68.01,residential,express,none,34.21
194,8,1,0,9.86,72.22,0,21.99,14,13.98,19.86,44.85,peripheral,standard,none,64.11
194,9,1,0,5.59,57.27,0.26,19.17,15,21.87,29.35,50.15,peripheral,express,none,55.38
194,10,1,0,13.4,28.28,0,17.79,16,34.2,0.91,59.56,residential,standard,none,38.65
194,11,1,0,5.98,25.3,5.02,25.85,14,17.38,13.63,70.04,residential,standard,none,35.93
194,12,1,0,7.53,33.56,8.98,24.25,15,20.82,2.98,80.72,central,standard,none,35.42
194,13,1,0,11.77,48.66,3.17,18.4,11,26.99,0,90.03,central,standard,none,50.29
194,14,1,0,9.3,42.66,6.67,19.54,15,22.26,13.45,63.04,residential,standard,none,55.04
194,15,1,0,28.54,37.18,3.63,28.66,19,2.28,10.74,31.91,peripheral,standard,none,84.65
194,16,1,0,5.79,38.42,7.12,18.11,14,13.55,20.16,97.47,central,standard,none,56.96
194,17,1,0,3.37,77.92,8.86,18.21,10,8.29,15.67,53.48,residential,express,none,39.52
194,18,1,0,12.36,81.98,0,22.52,15,19.41,27.06,60.45,residential,standard,none,84.02
194,7,1,0,7.04,47.61,0.26,20.94,12,0,5.91,94.63,central,bulky,none,56.56
194,8,1,0,11.41,82.15,0,18.89,17,25.87,24.51,67.58,residential,standard,none,76.16
194,9,1,0,7.26,77.1,0,18.95,22,10.58,9.65,100,central,standard,none,50.06
194,10,1,0,2.82,48.08,2.6,18.69,11,16.76,0,44.66,residential,standard,none,19.38
194,11,1,0,13.41,40.44,4.94,19.05,13,34.78,16.79,32.21,residential,standard,none,56.47
194,12,1,0,8.57,29.94,1.34,21.59,17,6.77,9.37,88.2,central,standard,none,39.63
194,13,1,0,10.85,41.85,0,21.58,6,23.1,5.17,15.89,peripheral,standard,none,37.35
194,14,1,0,7.88,45.06,3.97,25.56,16,35.99,12,44.34,residential,standard,none,45.04
194,15,1,0,3.99,44.89,2.07,18.3,7,3.61,10.15,45.95,residential,standard,none,27.44
194,16,1,0,3.99,53.61,2.24,22.84,16,10.61,9.03,96.16,central,standard,none,31.08
194,17,1,0,11.47,80.27,6.21,26.25,9,16.89,18.09,73.27,residential,standard,none,69.88
194,18,1,0,1.64,75.74,4.15,18.22,15,1.35,11.65,55.02,residential,standard,roadwork,46.1
195,7,1,0,8.69,28.96,6.54,17.85,17,5.65,2.73,38.75,residential,standard,none,45.21
195,8,1,0,6.26,73.31,0.5,19.87,7,28.94,8.98,25.92,peripheral,standard,none,37.43
195,9,1,0,13.85,80.67,3.96,25.03,12,0,13.97,71.13,central,standard,none,66.58
195,10,1,0,29.89,32.58,0,24.43,13,0,7.44,13.12,peripheral,standard,none,71.17
195,11,1,0,17.71,28.08,8.62,22.08,11,10.33,12.46,88.39,central,express,none,59.63
195,12,1,0,8.69,16.18,0,17.02,6,30.21,4.46,20.45,peripheral,bulky,none,36.41
195,13,1,0,6.82,43.17,2.19,26.89,13,5.59,4.05,96.53,central,express,none,34.82
195,14,1,0,6.82,41.18,0,21.82,23,21.79,0,55.91,residential,standard,none,32.86
195,15,1,0,0.5,50.56,1.36,22.38,20,37.28,1.9,95.38,central,standard,none,37.96
195,16,1,0,1.61,27.02,3.61,27.94,4,30.27,10.95,60.58,residential,standard,none,26.69
195,17,1,0,4.84,63.88,0,18.96,14,28.73,13.32,12.52,peripheral,standard,none,32.95
195,18,1,0,8.67,63.46,0.98,22.22,22,12.01,14.08,69.59,residential,standard,none,49.29
195,7,1,0,6.93,47.92,0,25.34,19,0,0,65.47,central,standard,none,46.81
195,8,1,0,1.97,67.47,2.83,23.32,14,33.03,13.87,63.42,residential,standard,none,34.88
195,9,1,0,11.99,69.81,2.87,23.73,8,19.68,19.36,80.1,residential,standard,none,67.97
195,10,1,0,5.73,35.67,11.74,22.78,6,6.26,1.91,32.55,residential,standard,none,32.36
195,11,1,0,2.7,32.83,5.68,24.9,9,49.09,4.12,46.82,residential,bulky,none,32.34
195,12,1,0,12.25,32.59,0,16.27,20,42.39,5.66,61.63,residential,standard,none,45.29
195,13,1,0,6.67,24.06,1.17,18.38,15,15.47,5.65,82.87,central,standard,none,36.23
195,14,1,0,6.76,29.31,1.9,25.36,15,15.14,4.97,55.52,residential,express,none,31.16
195,15,1,0,8.51,22.63,0.28,16.96,16,0,0,72.7,residential,standard,none,34.81
195,16,1,0,5.22,10.24,10.94,24.88,12,2.65,5.74,28.24,peripheral,standard,none,31.41
195,17,1,0,25.83,65.68,12.57,23.27,6,9.27,19.36,43.62,peripheral,bulky,none,100.73
195,18,1,0,13.77,78.72,0,22.91,17,14.03,15.66,49.07,residential,express,none,66.36
195,7,1,0,9.72,17.4,8.63,16.87,8,23.91,0,33.29,peripheral,express,none,27.46
195,8,1,0,12.28,59.61,0,23.79,8,16.92,19.62,22.99,residential,express,none,52.65
195,9,1,0,10.11,62.94,4.37,21.72,17,23.14,18.1,18.57,peripheral,express,none,48.54
195,10,1,0,1.91,22.41,0,16.85,18,8.55,5.7,46.71,peripheral,standard,none,33.47
195,11,1,0,5.81,33.55,8.43,25.43,15,22.54,18.82,72.11,residential,express,none,46.79
195,12,1,0,8.87,23.31,3.02,22.53,18,5.07,4.05,35.72,peripheral,standard,none,42.19
195,13,1,0,4.7,35.35,0,23.46,12,12.6,12.92,33.45,peripheral,standard,none,38.03
195,14,1,0,7.51,29.89,0,27.99,22,24.34,6.58,50.91,residential,standard,none,38.81
195,15,1,0,2.38,15.83,0.08,26.09,18,8.02,4.07,39.23,residential,standard,none,32.31
195,16,1,0,7.81,48.9,3.25,26.12,8,8.57,0.82,100,central,bulky,none,42.45
195,17,1,0,12.4,66.3,1.77,19.15,15,24.81,21.87,21.86,peripheral,express,none,62.17
195,18,1,0,10.36,76.57,0,25.5,16,22.86,12.2,81.41,residential,express,none,55.92
195,7,1,0,8.31,16.27,10.81,12.79,22,19.75,5.47,39.9,residential,express,none,41.51
195,8,1,0,5.83,55.89,7.11,14.56,16,17.34,28.24,26.01,peripheral,standard,none,56.23
195,9,1,0,8.46,45.32,1.29,22.8,19,6.99,28.67,48.64,peripheral,standard,none,61.4
195,10,1,0,19.79,48.55,1.74,28.16,9,0,8.19,24.21,residential,standard,none,70.07
196,11,0,0,7.47,50.37,1.28,21.71,13,41.31,11.47,42.8,residential,standard,none,38.07
196,12,0,0,17.29,33.4,1.31,22.87,11,18.2,6.98,62.67,residential,standard,none,56.71
196,13,0,0,7.52,32.26,0.62,19.07,15,26.62,0,31.36,peripheral,express,none,22.1
196,14,0,0,13.94,26.47,7.89,27.06,12,18.09,10.03,24.69,peripheral,standard,none,50.65
196,15,0,0,6.72,50.68,6.61,19.76,1,10.34,4.13,42.88,residential,bulky,none,38.57
196,16,0,0,0.5,29.18,11.32,17.84,20,6,10.94,14.21,peripheral,standard,none,43.53
196,17,0,0,12.81,54.97,0,21.94,14,23.06,13.08,23.77,peripheral,standard,none,55.52
196,18,0,0,19.11,75.81,10.12,22.25,15,0,21.66,44.35,residential,standard,none,90.33
196,7,0,0,3.23,66.95,7.13,25.51,13,8.75,3.44,100,central,express,none,27.39
196,8,0,0,6.13,81.85,4.97,24.44,22,30.77,19.29,77.79,central,express,none,51.27
196,9,0,0,19.27,58.38,4.97,24.77,21,27.64,26.81,15.29,peripheral,standard,none,87.53
196,10,0,0,13.62,24.82,2.21,13.3,19,23.53,10.47,44.04,peripheral,standard,none,50.39
196,11,0,0,12.75,60.42,5.93,26.41,12,0,1.29,71.69,central,standard,none,50.15
196,12,0,0,14.13,59.98,3.43,23.41,12,22.05,16.71,79.01,central,standard,none,70.47
196,13,0,0,12.67,32.79,2.03,17.9,14,27.04,10.37,62.18,residential,express,none,34.75
196,14,0,0,8.58,71.37,3.64,18.64,18,29.08,9.84,96.73,central,express,none,52.05
196,15,0,0,6.77,41.33,6.03,15.49,23,3.52,8.38,84.31,residential,standard,none,47.43
196,16,0,0,4.15,36.28,15.2,16.07,17,0,3.96,30.04,residential,express,customer_absent,49.17
196,17,0,0,7.63,77.26,7.82,17.44,16,4.33,32.19,44.62,residential,standard,none,74.89
196,18,0,0,10.49,69.95,0,21.49,10,43.62,8.79,57.49,residential,standard,none,45.45
196,7,0,0,9.74,66.43,0,21.91,15,23.09,7.3,99.87,central,standard,none,48.35
196,8,0,0,14.31,79.68,2.07,22.72,17,14.62,12.52,52.53,residential,standard,none,73.4
196,9,0,0,0.5,70.56,7.56,25.04,1,26.23,13.04,94.66,central,bulky,none,44.04
196,10,0,0,9.88,24.87,0,17.63,12,25.4,9.04,5.85,peripheral,express,none,33.43
196,11,0,0,12.83,36.06,2.25,25.53,12,20.28,5.58,54.09,residential,bulky,none,55.16
196,12,0,0,4.58,55.49,2.44,20.02,4,19.55,6.03,82.42,central,standard,none,35.74
196,13,0,0,13.9,47.43,0.95,24.64,16,35.93,11.89,43.48,residential,standard,none,51.63
196,14,0,0,30.38,50.41,10.69,20.18,11,20.72,13.15,46.66,residential,bulky,none,106.85
196,15,0,0,1.05,40.77,7.86,19.45,23,20.62,13.25,67.92,residential,express,none,29.48
196,16,0,0,6.26,28.94,0,30.13,12,28.76,5.63,27.11,peripheral,standard,none,31.65
196,17,0,0,12.42,68.83,7.47,23.14,6,17.19,18.06,50.33,residential,bulky,none,67.12
196,18,0,0,10.51,68.44,9.23,21.9,15,31.94,20.26,21.14,peripheral,standard,none,73.94
196,7,0,0,7.06,41.69,5.08,26.54,12,12.93,20.58,61.47,residential,standard,none,52.46
196,8,0,0,3.33,66.14,0,25.12,7,29.85,16.99,77.91,residential,standard,roadwork,50.59
196,9,0,0,6.35,55.43,0,26.22,7,19.62,21.78,18.05,peripheral,express,none,39.13
196,10,0,0,6.62,33.57,3.84,23.35,8,14.91,2.15,67.63,residential,bulky,none,41.5
196,11,0,0,13.62,54.52,0,14.29,10,11.6,1.34,96.92,central,standard,none,59.4
196,12,0,0,6.14,64.32,5.1,22.92,14,25.21,0.1,62.84,central,express,none,31.58
196,13,0,0,14.61,34.25,8.63,25.44,17,23.13,14.1,52.62,residential,standard,none,61.21
196,14,0,0,13.55,34.78,0.95,23.96,7,30.93,11.4,67.73,residential,bulky,none,56.77
197,15,0,0,10.5,64.16,5.52,18.71,19,13.86,4.19,91.17,central,standard,none,56.94
197,16,0,0,1.25,33.65,0,25.87,18,0,1.57,41.82,peripheral,express,none,22.59
197,17,0,0,2.48,77.5,0,21.46,9,10.81,21.96,11.37,peripheral,express,none,43.44
197,18,0,0,11.52,63.57,4.37,18.27,15,18.54,21.14,26.41,peripheral,express,none,63.45
197,7,0,0,11.77,46.58,0,22.93,5,0.18,0,59.48,residential,bulky,none,57.55
197,8,0,0,10.66,90.11,2.35,20.42,18,18.48,2.31,63.92,residential,standard,none,51.47
197,9,0,0,5.89,52.73,0,20.56,15,28.78,19.56,31.64,peripheral,express,none,46.29
197,10,0,0,9.42,37.75,12.07,22.22,17,5.65,2.91,17.89,peripheral,express,vehicle,41.06
197,11,0,0,5.9,52.04,2.62,20.3,10,34.04,1.43,50.05,residential,standard,none,28.62
197,12,0,0,0.5,52.96,1.03,22.59,17,14.19,0.54,55.42,residential,express,none,13.31
197,13,0,0,12.03,52.7,0,25.72,15,14.52,0,47.93,residential,standard,none,40.17
197,14,0,0,10.6,51.68,0.7,15.55,19,42.95,7.53,93.7,central,express,none,50.55
197,15,0,0,12.09,48.66,0,19.28,21,0,11.69,95.79,central,express,none,50.39
197,16,0,0,6.2,59.26,0,20.28,16,5.72,7.72,91.94,central,standard,none,50.23
197,17,0,0,10.45,81.99,0,25.82,18,3.18,15.67,88.6,central,standard,none,64.08
197,18,0,0,6.94,91.93,0,18.35,12,19.37,19.43,51.53,residential,standard,none,56.5
197,7,0,0,4.79,38.58,0,26.75,10,2.75,9.78,32.71,residential,standard,none,27.63
197,8,0,0,6.06,76.96,0,23.16,9,11.19,7.21,65.11,residential,bulky,none,54.04
197,9,0,0,8.65,82.38,2.58,23.88,11,0,15.16,81.94,residential,express,none,66.91
197,10,0,0,6.3,32.24,1.11,30.27,19,42.88,13.57,42.8,residential,express,none,36.41
197,11,0,0,11.14,56.77,5.76,26.95,11,11.58,0.75,100,central,standard,none,51.28
197,12,0,0,9.95,23.16,0,31.65,19,22.15,8.76,21.61,residential,standard,none,47.7
197,13,0,0,14.17,52.66,10.18,21.99,19,1.42,17.56,46.25,residential,express,none,58.68
197,14,0,0,20.8,45.27,0.31,22.2,11,20.46,0,49.78,residential,express,none,53.65
197,15,0,0,3.66,52.36,2.39,20.02,11,12.74,9.9,76.58,central,standard,none,39.55
197,16,0,0,9.1,54.34,6.26,19.95,12,29.44,15.48,62.25,residential,standard,none,49.83
197,17,0,0,19.2,90.42,8.51,21.34,14,42.15,9.22,48.34,residential,standard,none,80.76
197,18,0,0,9.07,82.74,0.09,22.15,12,6.67,23.4,54.49,residential,standard,none,71.62
197,7,0,0,3.03,43.77,2.64,21.82,17,39.51,15.1,81.43,central,standard,none,33.15
197,8,0,0,28.56,66.52,0.28,21.42,15,11.48,18.05,41.97,residential,express,none,94.61
197,9,0,0,9.41,80.31,0.43,19.3,5,9.43,22.19,80.65,central,bulky,none,63.87
197,10,0,0,6.6,61.14,4.1,20.18,10,23.6,0.07,68.76,central,express,customer_absent,28.69
197,11,0,0,8.35,34.34,6.3,22.44,6,14.73,7.17,21.86,peripheral,express,none,39.49
197,12,0,0,2.87,28.48,0,22.02,5,18.89,10,74.16,residential,bulky,none,33.59
197,13,0,0,11.91,56.41,11.94,21.9,17,12.04,0.07,82.97,central,standard,none,42.8
197,14,0,0,5.41,39.74,4.06,28.48,11,34.49,20.61,61.61,residential,standard,none,52.35
197,15,0,0,8.56,39,0,21.09,10,35.97,4.9,39.12,residential,standard,none,34.46
197,16,0,0,10.75,21.23,0,14.54,11,22.36,8.51,25.08,peripheral,standard,none,38.14
197,17,0,0,15.7,69.41,0.61,18.32,16,23.02,8.98,66.25,residential,standard,none,68.33
197,18,0,0,5.09,69.59,0,15.79,10,29.36,9.14,26.33,peripheral,standard,none,40.92
198,7,0,0,7.27,36.51,1.4,24.61,4,17.85,4.15,14.99,peripheral,bulky,none,39.81
198,8,0,0,14.46,67.42,1.15,23.39,19,18.25,22.59,52.48,peripheral,standard,none,87.34
198,9,0,0,4.84,80.11,2.14,23.55,10,17.32,18.98,74.33,central,bulky,none,57.3
198,10,0,0,6.77,54.55,8.93,23.86,8,20.86,8.89,81.99,central,bulky,none,64.07
198,11,0,0,9.78,53.41,0,17.96,12,22.69,8.79,100,central,express,none,47.38
198,12,0,0,9.95,45.31,0.86,18.94,14,24.24,6.6,92.21,central,standard,none,45.68
198,13,0,0,4.56,72.24,15.83,24.24,10,23,8.64,66.38,central,standard,none,31.51
198,14,0,0,11.23,52.17,3.93,14.7,8,13.25,10.32,95.2,central,standard,none,43.95
198,15,0,0,4.51,43.21,5.62,20.28,12,38.31,7.15,97.81,central,express,none,28.61
198,16,0,0,7.57,46.2,1.09,21.12,12,4.48,0,80.32,residential,standard,none,31.23
198,17,0,0,23.61,67.77,5.01,18.95,20,20.9,17.62,40.78,peripheral,standard,none,98.32
198,18,0,0,6.68,60.05,0,27.08,1,9.9,24.17,42.31,peripheral,bulky,none,57.81
198,7,0,0,8.65,44.39,0,22.27,13,12.58,22.35,60.21,residential,standard,none,65.7
198,8,0,0,24,94.11,3.39,22.78,15,29.16,23.34,83,central,express,none,113.68
198,9,0,0,1.93,60.82,0,28.3,12,42.46,17.65,30.38,peripheral,standard,none,27.67
198,10,0,0,11.01,57.24,0,23.99,13,3.52,16.23,100,central,standard,none,60.87
198,11,0,0,9.57,51.03,0,24.93,13,17.94,5.16,52.24,central,standard,none,37.71
198,12,0,0,8.47,45.42,4.64,18.55,19,0,9.67,90.66,central,express,none,43.62
198,13,0,0,3.22,53.12,1.59,26.51,17,3.18,13.79,100,central,express,none,36.76
198,14,0,0,7.55,32.08,4.35,24,18,9.69,10.1,56.93,peripheral,express,none,34.29
198,15,0,0,9.64,49.85,2.38,24.42,5,12.16,8.81,93.76,central,bulky,none,61.24
198,16,0,0,9.78,44.23,5.02,19.03,16,48.55,7.91,75.55,residential,express,none,46.95
198,17,0,0,0.5,88.96,4.5,24.2,14,26.75,21.19,22.19,residential,standard,none,50.36
198,18,0,0,6.44,69.61,0.97,18.13,19,31.52,16.84,83.36,residential,standard,none,46.23
198,7,0,0,4.62,42.06,0,22.35,21,9.31,2.56,61.04,residential,standard,none,26.18
198,8,0,0,4.29,79.56,1.21,21.72,16,0,16.64,61.61,central,standard,none,49.13
198,9,0,0,3.29,83.78,2.79,25.97,9,18.5,12.37,56.57,residential,standard,none,35.48
198,10,0,0,10.04,60.44,10.33,27.47,5,12.39,4.65,100,central,standard,none,50.36
198,11,0,0,14.96,54.03,4.88,22.77,12,25.81,11.89,65.37,residential,standard,none,62.79
198,12,0,0,6.74,42.15,0,17.07,14,41.65,3.66,82.64,residential,standard,none,24.75
198,13,0,0,9.44,39.79,2.24,19.26,11,11.47,10.34,67.54,central,standard,none,49.01
198,14,0,0,8.56,23.17,2.69,23.51,20,29.89,19.21,27.42,peripheral,express,none,47.1
198,15,0,0,7.24,46.97,8.05,17.49,9,22.43,11.31,94.15,central,standard,none,48.27
198,16,0,0,8.21,16.03,0.06,23.22,10,10.49,12.29,54.3,peripheral,bulky,none,42.27
198,17,0,0,25.2,57.97,7.35,21.52,20,53.06,8.11,45.77,residential,standard,none,84.1
198,18,0,0,11.91,50.79,6.68,20.22,16,18.62,13.11,11.15,peripheral,bulky,none,59.81
198,7,0,0,11.92,49.24,1.84,22.78,17,19.61,11.85,57.2,central,standard,none,55.45
198,8,0,0,11.18,77.64,10.75,19.26,6,4.84,23.93,65.45,residential,standard,none,76.4
198,9,0,0,5.64,61.48,0,20.84,6,7.79,15.04,37,peripheral,standard,none,41.22
198,10,0,0,1.35,18.41,0,24.68,13,32.58,5.46,17.2,peripheral,express,none,25.42
199,11,0,0,10.31,23.14,0,20,22,26.71,15.95,55.22,residential,standard,none,50.13
199,12,0,0,9.44,39.93,3.07,26.58,13,16.65,3.44,55.12,residential,standard,none,39.49
199,13,0,0,9.52,32.47,6.12,18.08,1,24.3,9.21,54.66,peripheral,bulky,none,46.88
199,14,0,0,11.51,58.06,0,26.18,4,16.77,14.52,87.21,central,bulky,none,65.7
199,15,0,0,4.73,40.09,0,22.13,19,13.42,8.3,88.98,central,standard,none,44.96
199,16,0,0,7.62,61.46,0,20.89,3,29.66,14.11,74.04,central,bulky,none,58.2
199,17,0,0,14.6,93.8,0,27.47,12,38.99,27.08,76.29,central,standard,none,93.4
199,18,0,0,6.73,88.1,0,23.1,19,24.53,14.75,97.14,central,express,none,39.79
199,7,0,0,19.32,20.41,11.1,24.74,14,20.05,0,40.83,peripheral,express,none,36.59
199,8,0,0,8.69,92.61,5.88,21.18,8,12.32,16.83,74.49,central,standard,none,61.13
199,9,0,0,4,82.34,6,19.78,3,15.09,12.92,74.52,central,bulky,roadwork,63.07
199,10,0,0,11.28,24.75,0,27.17,13,32.59,5.49,22.87,peripheral,standard,none,39.3
199,11,0,0,11.15,48.64,0,27.97,13,19,11.77,60.86,residential,standard,none,52.69
199,12,0,0,11.12,49.16,5.11,24.48,8,17.31,0,63.33,residential,bulky,none,47.51
199,13,0,0,14.71,47.84,1.58,20.32,19,21.35,13.02,66.3,residential,standard,none,65.98
199,14,0,0,0.5,57.59,1.19,22.18,11,29.48,2.73,86.17,central,express,none,11.14
199,15,0,0,15.5,29.43,6.84,24.8,15,14.65,10.65,58.72,residential,express,vehicle,81.01
199,16,0,0,13.23,22.62,3.31,23.44,22,38.09,9.31,21.19,peripheral,standard,none,47.08
199,17,0,0,7.28,57.53,0,19.23,13,42.49,25.1,41.65,residential,standard,none,60.88
199,18,0,0,6.19,63.66,8.7,23.89,10,40.07,12.89,66.21,residential,standard,none,47.94
199,7,0,0,0.5,53.44,0.71,23.26,15,29.61,8.27,100,central,standard,none,24.18
199,8,0,0,5.98,86.76,0,23.59,12,5.66,18.82,67.57,residential,standard,none,53.9
199,9,0,0,9.72,81.05,0,22.45,15,42.41,15.36,48.94,peripheral,standard,none,60.67
199,10,0,0,8.51,42.44,4,18.85,19,22.05,9.41,81.12,central,standard,none,49.26
199,11,0,0,2.02,40.02,0,25.96,12,28.96,6.45,71.42,residential,standard,none,28.71
199,12,0,0,9.66,41.32,8.94,21.65,12,38.99,1.7,60.75,residential,express,none,36.41
199,13,0,0,7.41,35.04,1.38,21.94,19,10.78,16.23,48.65,peripheral,standard,none,44.47
199,14,0,0,1.3,36.16,0,22.51,19,0.05,11.85,23.3,peripheral,standard,none,37.26
199,15,0,0,22.25,49.1,0,24.95,6,0.92,0.4,59.24,residential,bulky,none,73.45
199,16,0,0,0.5,30.13,4.2,20.92,14,15.76,4.05,24.69,peripheral,standard,none,21.8
199,17,0,0,16.5,76.83,5.57,15.99,12,6.74,10.94,55.63,residential,express,none,58.51
199,18,0,0,4.03,95.44,2.29,27.99,19,29.85,13.25,50.22,residential,standard,none,37.07
199,7,0,0,4.27,34.55,0,17.78,21,6.79,0,44.33,residential,standard,none,33.64
199,8,0,0,10.02,83.47,7.26,16.21,5,13.4,22.19,53.29,residential,express,none,60.24
199,9,0,0,2.13,54.05,0,22.9,14,21.97,20.91,50.79,residential,standard,none,44.92
199,10,0,0,6.73,40.27,8.76,21.89,11,32.68,12.71,30.06,peripheral,standard,none,38.72
199,11,0,0,31.59,42.6,7,17.79,10,11.94,10.67,54.38,residential,standard,none,88.99
199,12,0,0,2.95,53.65,6.51,22.18,14,0,2.34,89.31,central,standard,none,35.96
199,13,0,0,5.19,34.45,9.78,19.24,16,13.22,3.26,45.08,residential,standard,none,40.37
199,14,0,0,11.34,47.19,0,23.52,8,17.13,9.3,50.34,residential,express,none,42.56
200,15,0,0,8.59,23.6,0,15.87,17,24.12,5.89,5,peripheral,standard,none,38.91
200,16,0,0,10.13,16.67,9.17,22.3,10,0,11.64,10.09,peripheral,standard,none,37.69
200,17,0,0,11.87,72.69,4.82,17.37,1,16.21,10.48,31.93,peripheral,bulky,none,61.75
200,18,0,0,34.57,81.31,3.19,21.21,15,36.47,18.17,47.34,residential,standard,none,122.43
200,7,0,0,8.6,68.74,5.72,19.67,20,0,4.49,100,central,standard,none,50.35
200,8,0,0,11.89,94.13,4.13,19.66,11,13.49,20.1,96.22,central,standard,none,75.59
200,9,0,0,30.73,69.97,0.4,26.83,20,8.11,22.52,33.65,peripheral,standard,none,109.44
200,10,0,0,6.1,39.93,10.04,28.91,9,16.23,5.39,15.9,peripheral,express,none,27.68
200,11,0,0,20.68,47.36,11.08,21.67,9,0,13.17,78.14,central,standard,none,82.88
200,12,0,0,9.77,75.49,1.38,22.05,12,33.51,10.58,84.81,central,standard,none,69.25
200,13,0,0,32.35,41.69,0,25.13,12,50.71,8.16,55.74,residential,standard,none,88.83
200,14,0,0,10.39,42.07,4.89,18.54,15,42.66,1.14,72.17,residential,standard,none,40.06
200,15,0,0,12.81,20.26,0,23.62,12,18.91,3.32,18.45,peripheral,standard,none,35.09
200,16,0,0,9.48,49.69,1.91,25.78,11,37.27,1.18,98.08,central,standard,none,41.77
200,17,0,0,12.02,82.65,0,19.84,1,20.86,10.63,96.34,central,bulky,none,62.51
200,18,0,0,2.74,92.08,1.46,17.77,16,0,8.95,76.85,central,standard,none,45.77
200,7,0,0,11.21,44.11,0,29.27,9,25.59,14.22,100,central,standard,none,55.96
200,8,0,0,24.18,90.18,3.83,25.4,10,19.21,24.2,100,central,standard,vehicle,143.75
200,9,0,0,16.44,58.79,6.16,19.03,3,0,18.42,11.16,peripheral,bulky,none,81.81
200,10,0,0,8.16,51.34,8.15,19.53,15,36.89,9.03,92.75,central,express,none,39.6
200,11,0,0,7.43,36.6,2.89,22.13,20,27.48,13.13,57.77,residential,standard,none,43.71
200,12,0,0,12.09,15.74,6.88,26.4,13,7.91,8.49,37.32,peripheral,express,none,51.89
200,13,0,0,10.52,50.23,4.26,20.67,14,16.04,7.69,100,central,standard,none,46.95
200,14,0,0,4.48,38.9,3.07,25.72,19,39.79,14.86,38,peripheral,standard,none,42.49
200,15,0,0,6.71,33.29,0.08,23.24,7,4.32,10.97,97.17,central,bulky,none,48.21
200,16,0,0,4.54,62.34,4.58,25.85,20,6.39,0.06,47.35,residential,standard,none,34.69
200,17,0,0,5.09,65.97,9.02,26.19,18,0.24,19.96,69.95,residential,express,none,45.85
200,18,0,0,8.41,65.25,4.44,24.88,1,41.01,7.59,22.91,peripheral,bulky,none,47.06
200,7,0,0,7.59,55.07,1.98,13.04,20,12.74,5.84,73.44,central,express,none,46.43
200,8,0,0,8.37,74.94,0,20.27,14,6.76,22.39,76.47,residential,express,none,56.14
200,9,0,0,7.22,67.91,1.61,18.4,22,34.79,17.84,35.51,peripheral,standard,roadwork,74.48
200,10,0,0,9.99,34.46,10.82,22.22,11,18.95,11.34,55.75,residential,standard,none,52.22
200,11,0,0,13.17,39.85,4.78,19.77,18,3.43,3.93,34.35,peripheral,standard,none,45.04
200,12,0,0,0.5,32.28,7.57,25.52,14,33.22,4.25,58.17,residential,standard,none,17.2
200,13,0,0,6.9,33.92,7.12,21.22,5,0,5.19,16.93,peripheral,standard,none,28.19
200,14,0,0,15.13,26.85,1.16,23.96,14,17.73,0,26.87,peripheral,standard,none,49.51
200,15,0,0,11.42,57.86,7.19,21.83,12,20.52,12.08,95.25,central,express,none,46.09
200,16,0,0,17.66,43.34,4.98,20.31,15,19.86,1.8,73.16,residential,standard,none,50.72
200,17,0,0,13.12,77.33,13.73,18.09,25,8.36,21.6,5,peripheral,standard,none,75.38
200,18,0,0,5.54,71.02,4.69,16.41,20,23.8,23.1,27.23,peripheral,express,none,52.04
201,7,1,0,2.55,42.51,2.52,22.99,10,15.3,12.93,73.02,residential,express,none,28.72
201,8,1,0,6.99,64.97,7.43,19.28,14,14.22,14.16,37.68,peripheral,standard,none,52.58
201,9,1,0,0.5,73.37,4.4,22.44,16,27.09,17.49,60.25,residential,standard,none,36.28
201,10,1,0,9.09,15.84,0,25.23,12,27.37,0.81,30.32,peripheral,express,none,25.42
201,11,1,0,13.11,19.96,0,18.92,9,17.18,17.89,42.04,residential,standard,none,56.62
201,12,1,0,9.62,53.18,0.16,22.63,23,4.3,9.27,88.27,central,standard,none,53.45
201,13,1,0,1.39,26.88,9.45,19.11,5,43.66,9.27,64.43,residential,express,none,24.41
201,14,1,0,10.83,23.67,0,27.72,11,24.42,17.78,81.24,residential,standard,none,49.5
201,15,1,0,10.83,27.83,0,24,20,28.45,0,34.52,peripheral,standard,none,35.79
201,16,1,0,9.78,36.7,6.3,23.02,17,37.34,4.54,69.31,residential,standard,none,38.01
201,17,1,0,5.29,56.11,4.74,20.17,16,34.11,15.75,52.14,residential,express,none,39.88
201,18,1,0,14.77,62.31,0,23.14,6,42.37,14.76,41.51,residential,bulky,none,66.2
201,7,1,0,10.44,37.35,1.88,15.4,13,27.54,21.73,100,central,express,none,50.77
201,8,1,0,8.1,79.3,3.87,26.09,13,33.02,12.25,95.95,central,standard,none,48.67
201,9,1,0,4.85,71.64,3.76,21.05,7,37.89,12.67,43.15,residential,bulky,none,43.17
201,10,1,0,10.69,56.89,0,20.49,12,34.51,4.35,100,central,express,none,29.33
201,11,1,0,11.38,10.64,0,19.53,9,40.7,15.44,20.7,peripheral,express,none,34.1
201,12,1,0,9.94,24.79,3.84,21.68,16,19.25,7.74,58.44,residential,standard,none,39.56
201,13,1,0,4.3,31.99,0,25.98,13,17.76,0.99,49.6,residential,express,none,11.12
201,14,1,0,11.05,45.9,0.82,21.78,11,18.53,3.13,100,central,express,none,30.04
201,15,1,0,3.69,33.45,0,23.41,16,41.26,0,95.59,central,express,none,17.09
201,16,1,0,4.67,37.21,11.07,19.37,14,13.82,17,31.72,residential,standard,none,44.34
201,17,1,0,9.34,97.67,5.67,19.34,13,6.44,19.19,99.55,central,express,none,57.88
201,18,1,0,6.98,87.3,3.33,14.42,10,14.11,15.3,87.27,central,express,none,46.6
201,7,1,0,29.6,27.26,5.19,22.11,13,9.56,13.59,20.85,peripheral,standard,none,84.42
201,8,1,0,7.26,66.75,7.71,19.06,22,0,21.02,56.57,residential,standard,none,67.99
201,9,1,0,14.89,85.78,2.05,19.9,10,24.49,6.52,77.53,central,standard,none,64.7
201,10,1,0,9.49,19.79,3.83,23.86,14,20.77,7.13,43.6,peripheral,standard,none,42.39
201,11,1,0,2.93,56.76,0,23.65,11,0,4.87,100,central,standard,none,22.33
201,12,1,0,9.36,41.07,0,21.5,14,19.24,10.9,88.06,central,express,none,40.69
201,13,1,0,7.78,44.17,0,27.46,6,0,12.92,49.85,residential,standard,none,45.68
201,14,1,0,4.31,29.29,0,14.57,13,1.67,0,44.73,residential,standard,none,27.58
201,15,1,0,6.9,58.76,7.24,20.87,9,19.4,5.22,71.99,central,express,none,33.1
201,16,1,0,12.78,52.79,0,23.1,2,18.41,9.1,100,central,bulky,none,57.12
201,17,1,0,0.5,72.73,0,18.74,4,7.12,9.76,65.79,residential,standard,none,31.99
201,18,1,0,15.31,64.2,1.43,23.13,12,14.19,24.34,54.44,residential,standard,vehicle,98.55
201,7,1,0,0.5,22.23,4.35,24.77,13,18.47,1.34,34.1,peripheral,standard,none,15.41
201,8,1,0,12.31,74.8,13.46,18.07,4,14.16,20.34,96.57,central,standard,none,78.21
201,9,1,0,11.53,67.84,7.29,25.15,13,0,16.47,68.68,central,express,none,66.59
201,10,1,0,20.14,25.62,1.65,23.24,19,6.53,13.36,6.53,peripheral,standard,none,72.74
202,11,1,0,13.22,30.51,8.82,25.55,20,20.14,9.1,46.53,residential,express,none,41.23
202,12,1,0,34.56,55.97,5.9,20.25,16,18.26,9.35,100,central,express,none,105.17
202,13,1,0,8.82,26.49,7.99,21.15,11,34.53,14.67,48.42,residential,standard,none,41.29
202,14,1,0,5.15,14.77,1.52,17.91,6,0,19.02,29.6,peripheral,standard,none,37.59
202,15,1,0,8.93,36.7,0,26.37,15,25.19,7.54,75.68,residential,express,none,26.9
202,16,1,0,7.25,42.08,4.25,18.94,16,40.22,0,52.09,residential,standard,none,32.84
202,17,1,0,10.25,81.86,9.91,23.07,10,41.31,18.29,100,central,standard,none,66.81
202,18,1,0,2.62,69.08,4.59,24.38,15,42.77,23.29,64.68,residential,standard,none,49.51
202,7,1,0,9.16,35.67,0,25.23,7,2.33,5.06,48.83,residential,standard,none,41.04
202,8,1,0,10.26,59.7,13.72,18.39,14,14.95,10.79,5,peripheral,express,none,49.43
202,9,1,0,6.9,90.86,8.31,28.66,15,11.29,18.87,89.07,central,standard,none,58.91
202,10,1,0,8.67,23.17,0,21.71,11,0,7.63,11.6,peripheral,standard,none,33.43
202,11,1,0,8.92,25.2,0,20.14,12,0,3.6,87.97,central,standard,none,40.97
202,12,1,0,6.37,30.46,0,19.02,8,20.83,11.92,100,central,standard,none,40.05
202,13,1,0,11.11,40.53,4.2,20.7,12,16.42,10.39,70.21,central,bulky,none,60.19
202,14,1,0,3.82,54.24,9.7,18.95,12,32.96,14.26,77.42,central,standard,none,37.25
202,15,1,0,15.06,36.37,1.58,22.6,10,12.02,2.72,100,central,express,none,35.83
202,16,1,0,15.51,22.99,6.36,19.17,5,42.92,2.78,17.47,peripheral,express,none,27.27
202,17,1,0,11.45,65.46,9.35,18.24,8,25.7,18.37,95.77,central,express,none,57.68
202,18,1,0,5.15,87.29,3.16,22.32,7,0,8.98,100,central,standard,none,45.63
202,7,1,0,4.09,17.56,3.36,20.37,4,12.89,2.34,6.81,peripheral,bulky,none,33.22
202,8,1,0,6.14,45.61,0.59,26.11,24,32.17,5.84,30.17,peripheral,standard,none,50.54
202,9,1,0,13.85,79.38,0,21.83,15,16.41,22.29,74.75,central,standard,none,79.48
202,10,1,0,11.37,47.24,4.53,23.11,20,27.27,15.18,46.14,residential,standard,none,65.74
202,11,1,0,19.21,47.27,8.22,22.9,10,9.22,13.43,92.58,central,standard,none,76.74
202,12,1,0,7.88,34.97,0.54,18.93,2,0.56,16.58,64.06,residential,bulky,none,62.36
202,13,1,0,15.18,29.82,7.28,20.36,4,5.18,11.86,64.41,residential,bulky,none,58.23
202,14,1,0,10.17,55.64,2.47,18.58,12,0,1.13,97.64,central,standard,none,39.58
202,15,1,0,37.73,28.89,11.14,18.91,15,31.21,18.85,20.33,peripheral,standard,none,98.57
202,16,1,0,3.09,36.13,0,25.69,7,20.07,22.99,48.47,residential,standard,none,52.73
202,17,1,0,5.67,52.28,4.7,22.57,3,31.85,0,22.1,peripheral,standard,none,19.54
202,18,1,0,8.4,72.75,13.17,22.26,13,2.72,21.18,63.06,residential,standard,none,65.81
202,7,1,0,11.35,36.28,12.64,18.01,12,34.33,7.21,22.79,peripheral,express,none,48.03
202,8,1,0,3.64,63.2,8.77,16.47,11,0,23.58,6.38,peripheral,standard,none,55.1
202,9,1,0,8.6,60.77,0.27,22.15,16,12.08,9.15,25.98,peripheral,express,none,47.53
202,10,1,0,8.86,43.78,5.94,22.62,11,6.64,15.83,86.74,central,standard,none,47.41
202,11,1,0,7.97,31.79,2.25,25.44,3,17.56,2.62,97.76,central,express,none,31.65
202,12,1,0,7.94,22.22,6.01,18.8,15,28.53,1.46,82.86,central,standard,none,31.89
202,13,1,0,10.2,33.82,5.18,18.04,11,8.39,6.57,33.96,peripheral,standard,none,40.93
202,14,1,0,25.64,43.46,5.4,22.94,7,18.81,10.18,52.9,residential,express,none,79.01
203,15,0,0,5.86,59,0.58,22.21,2,13.21,9.53,79.07,central,bulky,none,46.32
203,16,0,0,6.78,44.6,2.35,22.84,21,0,9.48,51.88,residential,standard,none,30.4
203,17,0,0,22.87,70.13,0,26.27,17,27.7,15.49,24.92,peripheral,standard,roadwork,109.32
203,18,0,0,3.02,73.43,9.09,17.72,23,6.53,12.48,9.33,peripheral,standard,none,42.95
203,7,0,0,0.5,51.5,0.08,19.6,9,12.93,0.29,100,central,express,none,18.21
203,8,0,0,13.27,81.87,2.34,18.01,3,10.67,24.03,61.05,residential,bulky,none,87.45
203,9,0,0,10.09,88.67,2.48,20.73,16,26.3,7.43,76.92,central,standard,none,61.13
203,10,0,0,7.86,22.1,4.94,22.49,10,24.74,4.08,48.02,residential,express,none,30.95
203,11,0,0,10.01,64.35,4.23,15.59,15,4.16,9.51,85.93,central,standard,none,53.37
203,12,0,0,0.5,44.09,11.12,14.93,5,23.19,0,90.97,central,standard,none,17.16
203,13,0,0,13.51,33.82,0.67,16.95,6,44.82,0.31,51.03,residential,bulky,none,49.01
203,14,0,0,4.23,36.9,5.03,21.08,7,39.51,6.4,7.13,peripheral,bulky,none,41.65
203,15,0,0,6.73,38.78,0,20.61,14,4.54,13.72,40.59,residential,standard,none,43.32
203,16,0,0,8.77,60.06,0,17.69,14,26.85,3.23,50.16,residential,express,none,35.74
203,17,0,0,12.23,79.02,5.71,24.35,18,45.54,12.35,78.05,central,express,none,59.04
203,18,0,0,10.38,81.61,5.17,20.51,15,12.54,17.88,51.39,peripheral,standard,none,73.13
203,7,0,0,7.45,53.51,0,17.29,16,36.17,2.8,71.16,central,standard,none,40.96
203,8,0,0,12.99,72.81,8.77,19.51,12,9.06,30.62,63.9,residential,standard,none,93.03
203,9,0,0,9.75,71.97,0,18.42,11,21.93,9.07,39.29,residential,standard,none,48.02
203,10,0,0,6.84,43,1.78,15.75,1,43.17,14.65,60.09,residential,bulky,none,47.76
203,11,0,0,9.36,17.13,11.16,23.3,13,34.54,10.8,29.62,peripheral,standard,none,40.32
203,12,0,0,10.35,64.93,1.35,23.87,4,7.36,0,39.62,residential,bulky,none,54.51
203,13,0,0,4.14,54.34,4.69,16.17,12,27.63,7.42,86.34,residential,express,none,29.09
203,14,0,0,15.27,39.2,5.54,25.14,17,9.4,0,21.78,peripheral,standard,none,46.19
203,15,0,0,14.15,43.32,0,26.22,18,2.37,13.96,72.74,residential,express,none,48.29
203,16,0,0,0.5,49.48,0,21.9,8,17.39,0,81.25,central,standard,none,20.07
203,17,0,0,11.63,74.38,5.12,23.42,18,17.51,11.03,23.15,peripheral,standard,none,60.74
203,18,0,0,13,76.64,0,25.97,15,0,9.09,46.97,residential,standard,none,65.8
203,7,0,0,20.35,58.64,0,22.72,12,5,5.38,100,central,standard,none,79.2
203,8,0,0,0.5,77.43,3.58,23.21,6,33.43,21.74,38.2,peripheral,standard,none,43.6
203,9,0,0,8.63,87.27,2.81,18.54,14,7.85,21.56,100,central,standard,none,72.4
203,10,0,0,4.56,68.93,3.57,20.3,6,3.43,9.39,77.88,central,bulky,none,49.85
203,11,0,0,23.22,48.44,0,20.23,17,22.51,1.12,40.54,residential,standard,none,63.68
203,12,0,0,18.13,18.18,3.11,22.77,12,22.23,8.05,49.97,peripheral,standard,none,53.1
203,13,0,0,6.52,57.11,4.9,21.26,16,7.59,26.97,100,central,standard,none,62.95
203,14,0,0,0.75,21.8,5.48,22.36,14,40.87,0,76.94,residential,express,none,12.85
203,15,0,0,18.78,48.91,6.8,20.82,17,0,11.34,54.34,residential,standard,none,74.54
203,16,0,0,3.16,32.32,6.01,20.18,13,16.71,15.06,47.15,residential,express,none,32.64
203,17,0,0,7.24,88.16,5.13,17.8,9,0,16.72,61.57,residential,standard,customer_absent,66.85
203,18,0,0,11.1,67.5,5.21,24.44,13,12.85,15.84,25.89,peripheral,express,none,44.99
204,7,0,0,9.54,49.42,6.17,23.98,18,50.88,3.71,88.51,central,standard,none,43.66
204,8,0,0,11.79,98,4.27,24.37,9,27.5,9.24,37.5,residential,bulky,none,69.58
204,9,0,0,12.34,83.87,0,18.95,11,25.65,4.53,74.63,residential,standard,none,60.44
204,10,0,0,3.76,33.78,1.1,19.14,12,6.04,0,44.25,residential,standard,none,29.42
204,11,0,0,13.97,37.93,5.44,22.23,4,0,4.12,64.91,residential,bulky,none,57.21
204,12,0,0,12.96,66.42,2.8,21.33,13,0,5.42,67.01,central,express,none,46.31
204,13,0,0,2.82,29.37,10.17,18.1,11,39.71,5.53,51.81,residential,standard,none,27.29
204,14,0,0,11.74,61.12,9.59,20.63,16,9.09,8.29,78.53,central,standard,none,61.2
204,15,0,0,11.33,32.41,0,11.84,18,24.02,7.93,59.21,residential,express,none,31.75
204,16,0,0,13.13,53.01,1.42,20.56,15,0,5.24,63,residential,standard,none,60.67
204,17,0,0,13.86,98,1.96,20.73,14,19.6,23.19,100,central,standard,none,86.51
204,18,0,0,11.81,86.43,5.54,24.5,14,25.43,28.96,94.49,central,standard,none,75.44
204,7,0,0,5.69,29.41,0,22.05,7,33.78,16.77,34.98,peripheral,standard,none,42.06
204,8,0,0,17.68,92.36,2.69,22.42,13,31.1,11.75,85.45,central,bulky,none,86.98
204,9,0,0,5.29,78.81,0,16.46,19,33.51,22.99,50.78,residential,express,none,42.16
204,10,0,0,1.13,40.53,5.73,23.58,12,2.38,0,5,peripheral,standard,none,26.09
204,11,0,0,24.16,24.64,0.16,25.85,20,15.49,0,6.02,peripheral,standard,none,63.71
204,12,0,0,13.24,32.58,4.82,10.14,19,9.17,3.87,17.62,peripheral,standard,none,47.07
204,13,0,0,5.51,32.51,3.74,18.91,14,32.17,15.94,43.19,peripheral,standard,none,43.91
204,14,0,0,8,20.93,3.75,18.95,18,9.39,0,7.92,peripheral,standard,none,38.39
204,15,0,0,1.78,45.95,0,17.33,12,13.66,7.85,31.31,residential,standard,none,26.72
204,16,0,0,15.8,62.66,0,20.33,9,0,7.04,96.02,central,standard,none,50.52
204,17,0,0,4.04,80.24,5.14,23.7,14,5.15,17.47,72.84,central,standard,none,57.93
204,18,0,0,6.66,83.99,0,18.19,13,19.59,17.09,97.46,central,standard,none,52
204,7,0,0,12.27,50.95,0,18.36,17,22.75,2.8,87.76,central,standard,none,50.08
204,8,0,0,11.72,86.4,2.27,17.87,22,0,16.51,96.84,central,express,none,75.08
204,9,0,0,28.28,70.7,0.2,24,15,37.05,18.72,68.1,residential,standard,none,98.08
204,10,0,0,20.88,43.06,1.6,19.06,8,27.19,7.61,51.94,residential,bulky,none,75.09
204,11,0,0,7.14,34.03,0.33,15.83,11,10.98,11.04,12.07,peripheral,express,none,29.71
204,12,0,0,13.75,56.4,0,22.02,9,1.7,0.31,67.43,central,express,none,49.74
204,13,0,0,0.5,43.44,12.01,22.09,10,27.61,5.69,43.98,residential,standard,none,27.23
204,14,0,0,8.71,26.57,0.81,22.31,8,26.87,8.36,5,peripheral,bulky,none,42.55
204,15,0,0,8.05,38.02,6.26,21.12,19,7.02,8.5,100,central,express,none,41.96
204,16,0,0,10.41,48.32,3.72,17.91,13,16.36,11.68,64.59,central,standard,none,43.18
204,17,0,0,20.66,56.09,6.18,17.55,12,37.38,13.48,15.4,peripheral,standard,none,74.62
204,18,0,0,5.62,96.89,3.86,21.88,17,23.73,20.65,89.14,central,express,none,58.56
204,7,0,0,4.3,45.68,4.82,25.37,16,0,0,89.12,central,standard,none,35.23
204,8,0,0,16.98,74.5,4.59,19.83,17,4.69,19.19,89.81,central,express,none,79.89
204,9,0,0,12.15,64.94,0,19.13,12,3.75,11.91,28.6,residential,standard,none,61.44
204,10,0,0,13.11,44.41,0,22.98,15,18.99,5.86,74.78,central,standard,none,49.68
205,11,0,0,6.28,57.75,3.43,15.86,20,0,1.45,80.81,central,standard,none,39.8
205,12,0,0,13.47,46.32,3.45,14.83,13,20.49,2.49,57.34,residential,standard,none,49.75
205,13,0,0,23.85,53.84,5.87,21.89,11,24.49,7.33,100,central,standard,none,79.31
205,14,0,0,12.13,38.77,9.85,22.8,12,20.19,4.32,23.09,peripheral,express,none,36.22
205,15,0,0,6.26,39.22,5.51,24.04,14,3.09,11.74,24.24,peripheral,standard,none,50.49
205,16,0,0,13.32,59.21,12.02,14.76,16,12.47,8.81,61.05,residential,standard,none,61.18
205,17,0,0,14.57,67.86,8.5,19.38,13,27.7,16.93,45.33,residential,express,none,70.33
205,18,0,0,7.41,67.09,0,31.61,10,42.03,12.32,49.77,residential,standard,none,40.82
205,7,0,0,4.93,57.02,1.52,22.21,20,6.69,9.33,64.1,residential,standard,none,43.53
205,8,0,0,12.87,84.56,0,25.13,12,27.91,8.98,82.04,central,express,none,51.29
205,9,0,0,16.59,91.3,0,22.36,5,25.08,15.46,74.04,central,bulky,none,86.65
205,10,0,0,10.81,60.2,0.61,20.88,12,26.77,6.56,100,central,standard,none,52.68
205,11,0,0,8.79,26.22,0,20.9,4,0,0,34.79,peripheral,bulky,none,37.34
205,12,0,0,6.18,18.36,9.78,14.99,18,34.57,5,21.98,peripheral,standard,none,38.21
205,13,0,0,13.04,21.67,0,18.84,1,50.94,14.02,44.09,peripheral,bulky,none,50.95
205,14,0,0,8.99,21.25,0,23.93,14,4.19,5,15.06,peripheral,express,customer_absent,33.1
205,15,0,0,3.76,38.27,4.71,25.89,16,21.02,4.58,70.18,central,express,none,20.27
205,16,0,0,11.74,29.48,4.04,18.7,14,14.13,11.13,18.42,peripheral,standard,none,57.53
205,17,0,0,11.85,79.39,19.34,20.97,16,24.03,17.9,59.83,residential,express,none,62.19
205,18,0,0,9.71,68.06,6.91,25.74,14,41.15,12.26,11.06,peripheral,express,none,50.75
205,7,0,0,13.33,47.33,1.69,19.7,12,43.34,0,63.58,central,standard,none,43.52
205,8,0,0,10.83,49.47,0,19.83,9,11.56,12.86,23.05,peripheral,standard,none,59.34
205,9,0,0,10.94,98,3.22,19.93,11,0,18.82,97.76,central,standard,none,73.36
205,10,0,0,5.3,23.03,2.86,26.52,9,6.57,12.29,11.86,peripheral,standard,none,33.03
205,11,0,0,10.17,42.61,0,20.8,2,38.17,0,51.4,residential,bulky,none,39.64
205,12,0,0,7.05,46.47,4.22,17.38,17,39.47,10.47,40.99,residential,standard,none,35.95
205,13,0,0,7.31,55.95,1.27,24.05,2,30.76,6.35,63.64,central,bulky,none,45.61
205,14,0,0,2.49,37.46,0,20.74,19,0,14.16,32.69,peripheral,standard,roadwork,60.12
205,15,0,0,14.07,43.09,0,16.39,14,42.38,3.45,13.11,peripheral,standard,none,43.64
205,16,0,0,10.43,45.33,0.55,24.03,18,29.62,11.77,94.03,central,standard,none,56.09
205,17,0,0,3.77,98,0,19.16,16,30.85,5.68,100,central,standard,none,33.89
205,18,0,0,10.83,87.48,7.22,20.5,19,20.29,14.68,83.36,central,standard,none,69.81
205,7,0,0,33.39,30.23,1.09,24.31,13,0,0,29.46,peripheral,express,none,65.81
205,8,0,0,3.16,97.53,11.04,17.5,14,33.06,18.35,94.4,central,standard,none,50.52
205,9,0,0,7.06,85.9,9.46,19.19,11,23.88,15.27,93.65,central,standard,none,45.48
205,10,0,0,3.35,22.51,3.94,22.89,20,21.96,5.16,38.78,peripheral,standard,none,27.19
205,11,0,0,0.5,52.35,8.94,11.5,11,7.05,5.71,94.56,central,express,none,15.46
205,12,0,0,8.6,28.15,0,23.07,17,31.19,0,38.71,peripheral,standard,none,38.65
205,13,0,0,4.58,46.05,5.43,11.96,9,19.87,4.12,58.7,residential,express,none,24.66
205,14,0,0,10.9,11.68,4.11,18.46,19,10.9,2.78,14.76,peripheral,standard,none,38.16
206,15,0,0,0.87,23.23,4.32,24.78,2,27.23,11.48,24.76,peripheral,bulky,none,34.55
206,16,0,0,20.08,36.31,0,19.9,10,39.52,0,59.04,residential,standard,none,46.92
206,17,0,0,6.5,95.83,3.71,17.9,20,19.69,23.9,99.73,central,express,none,68.46
206,18,0,0,11.11,78.95,3.45,20.25,8,24.85,6.57,97.18,central,standard,none,54.19
206,7,0,0,0.5,38.13,6.29,23.03,22,46.28,0,18.04,peripheral,express,none,9.62
206,8,0,0,5.25,68.27,0,17.17,14,2.69,13.35,27.3,peripheral,express,none,35.5
206,9,0,0,7.84,58.7,1.08,27.62,10,41.44,10.02,8.88,peripheral,bulky,none,43.08
206,10,0,0,29.14,39.34,2.32,22.04,5,25.76,2.2,39.11,residential,bulky,none,81.51
206,11,0,0,0.5,37.67,7.47,15.99,8,19.43,0,100,central,standard,none,22.86
206,12,0,0,19.06,63.83,10.35,20.27,9,11.03,12.69,76.95,central,express,none,75.34
206,13,0,0,4.94,48.31,4.81,19.82,1,29.42,5.86,90.11,central,bulky,none,38.15
206,14,0,0,8.78,40.18,9.95,23.08,15,0,13.65,31.61,peripheral,standard,none,44.74
206,15,0,0,10.91,43.52,7.63,17.11,8,32.17,0,46.9,residential,bulky,none,48.47
206,16,0,0,7.85,32.77,8.74,19.29,8,31.15,17.23,56.49,residential,bulky,none,48.25
206,17,0,0,19.19,86.61,0,24,15,23.22,14.55,100,central,standard,none,95.79
206,18,0,0,10.66,74.01,3.04,19.52,12,11.09,1.47,55.85,residential,standard,none,48.21
206,7,0,0,17.33,53.34,0,23.84,14,0,0,93.88,central,standard,none,61.02
206,8,0,0,3.47,55.12,8.29,23,16,20.66,17.8,67.11,residential,express,none,32.35
206,9,0,0,11.36,74.03,7.56,23.67,13,14.85,16.2,53.31,residential,express,none,56.77
206,10,0,0,8.3,44.91,7.62,16.61,14,9.86,2.81,57.36,residential,express,none,24.65
206,11,0,0,5.12,59.6,4.49,15.37,10,17.1,10.22,72.18,central,standard,none,41.68
206,12,0,0,14.2,48.79,2.43,19.63,18,27.96,5.88,54.09,residential,standard,none,52.82
206,13,0,0,16.34,30.52,0,21.7,13,43.33,12.43,31.94,peripheral,express,none,50.06
206,14,0,0,10.64,39.13,4.94,13.02,12,13.37,3.34,96.07,central,express,none,46.27
206,15,0,0,15.69,46.72,0,24.72,17,15.21,0,62.63,residential,standard,none,50.13
206,16,0,0,28.91,45.69,7.14,23.72,11,0,5.24,87.62,central,bulky,none,96.79
206,17,0,0,24.01,68.59,3.24,18.52,6,16.39,22.66,46.5,residential,standard,none,99.21
206,18,0,0,9.25,73.56,2.7,28.03,13,7.97,12.81,29.84,peripheral,standard,none,48.84
206,7,0,0,7.88,34.33,4.79,22.91,21,40.04,6.63,76.55,central,standard,none,34.87
206,8,0,0,11.61,81.99,0,19.75,12,17.79,8.6,74.03,residential,standard,none,58.15
206,9,0,0,15.95,88.65,0,24.96,16,15.22,21.24,85.61,central,standard,none,92.55
206,10,0,0,11.59,41.91,3.23,10.68,25,35.8,5.45,87.19,central,standard,none,40.43
206,11,0,0,6.4,55.27,9.22,26.42,8,12.71,14.44,92.91,central,bulky,none,46.01
206,12,0,0,10.72,43.59,2.03,19.12,13,23.05,7.12,47.43,residential,standard,none,45.15
206,13,0,0,16.16,60.69,6.51,21.67,12,30.59,12.85,43.06,residential,standard,none,64.73
206,14,0,0,1.27,40.98,9.23,23.29,20,37.13,12.32,45.1,peripheral,express,none,27.16
206,15,0,0,8.67,56.81,0.86,23.61,16,8.42,0,83.34,central,standard,none,42.33
206,16,0,0,10.26,56.2,0.43,21.68,16,35.74,5.83,92.2,central,express,none,33.24
206,17,0,0,10.27,76.39,0,20.33,11,37.09,4.78,49.84,residential,standard,none,47.64
206,18,0,0,10.69,70.55,1.83,18.81,18,36.65,17.29,72.2,residential,standard,none,67.91
207,7,0,0,12.51,51.83,5.03,17.83,15,24.91,25.5,100,central,express,none,62.79
207,8,0,0,15.13,77.76,1.77,17.12,17,17.53,13.02,54.74,residential,standard,none,70.7
207,9,0,0,8.62,80.69,13.62,20.54,10,39.82,12.91,93.78,central,standard,none,55.27
207,10,0,0,9.9,56.34,0,24.43,14,11.89,5.44,68.89,central,standard,none,43.33
207,11,0,0,17.91,17.47,0,15.67,13,0.7,5.96,20.08,peripheral,standard,none,61.8
207,12,0,0,23.55,57.85,13.23,25.01,2,0,3.53,67.3,central,bulky,none,88.11
207,13,0,0,11.21,45.36,0,25.57,10,12.84,4.42,81.69,central,standard,none,34.13
207,14,0,0,3.88,50.2,12.97,15.92,11,18.79,15.82,56.79,residential,express,none,32.96
207,15,0,0,22.36,61.34,5.58,16.74,15,40.1,0,100,central,express,none,63.06
207,16,0,0,7.21,45.28,2,17.46,9,3.15,5.44,28.92,peripheral,bulky,none,42.27
207,17,0,0,10.26,98,3.7,23.69,5,39.43,15.13,86.35,central,bulky,none,67.51
207,18,0,0,3.65,75.79,6.26,23.33,18,18.49,12.97,66.01,central,express,none,39.16
207,7,0,0,4.57,65.55,0,21.3,22,48.42,0.4,85.57,central,express,none,29.18
207,8,0,0,7.77,59.92,0,25.13,17,14.1,23.8,45.59,residential,standard,none,58.11
207,9,0,0,2.66,55.68,6.2,27.55,15,31.15,27.1,30.83,peripheral,standard,none,53.25
207,10,0,0,0.5,29.43,6.48,17.86,13,5.04,9.34,67.19,residential,standard,none,29.15
207,11,0,0,3.78,19.92,0,21.4,17,11.56,8.68,41.2,residential,standard,none,36.36
207,12,0,0,12.49,47.52,0,19.5,8,22.7,15.37,73.47,residential,standard,none,70.26
207,13,0,0,12.44,32.36,2.39,23.05,15,5.88,1.65,24.92,peripheral,express,none,32.74
207,14,0,0,0.5,35.56,9.07,20.21,4,18.92,12.75,41.84,peripheral,bulky,none,45.54
207,15,0,0,2.61,39.49,6.21,29.53,21,3.74,3.58,67.71,residential,standard,none,31.6
207,16,0,0,7.23,51.24,5.1,23.14,12,0.18,3.72,86.42,central,express,none,40.09
207,17,0,0,12.78,87.07,4.69,19.22,2,13.99,24.06,96.57,central,bulky,none,93.18
207,18,0,0,12.47,92.25,4.65,15.4,16,27.21,25.29,66.95,central,express,none,76.11
207,7,0,0,22.24,50.14,0.51,18.7,14,23.32,9.45,54.47,residential,express,none,63.08
207,8,0,0,0.5,73.45,1.78,20.2,23,4.77,16.89,17.31,peripheral,standard,none,40.51
207,9,0,0,8.07,90.74,0,15.8,13,15.07,6.11,62.58,central,standard,none,52.53
207,10,0,0,12.84,52.75,2.96,17.93,15,32.73,15.43,51.37,residential,express,none,56.35
207,11,0,0,7.43,63.22,0,19.84,10,30.85,1.07,88.16,central,standard,none,33.75
207,12,0,0,4.27,47.11,0,21.21,13,11.07,18.61,53.05,residential,express,none,44.78
207,13,0,0,7.09,53.37,2.95,15.73,13,6.22,2.22,88.7,central,standard,vehicle,76.4
207,14,0,0,4.18,37.41,0,13.13,10,0,9.87,100,central,standard,none,38.55
207,15,0,0,6.49,27.43,0,24.52,19,11.12,3.26,76.68,residential,standard,none,33.24
207,16,0,0,14.71,57.31,1.67,17.8,23,38.22,4.69,100,central,standard,none,60.15
207,17,0,0,15.01,60.88,0.09,24.08,16,11.25,12.47,59.5,residential,standard,none,73.14
207,18,0,0,18.17,66.44,4.13,18.84,10,11.93,24.23,30.45,peripheral,standard,none,83.38
207,7,0,0,3.04,62.22,5.41,22.32,17,7.55,0,83.11,central,standard,none,28.47
207,8,0,0,3.15,77.09,13.43,19.65,3,21.11,18.8,50.16,residential,bulky,none,49.84
207,9,0,0,15.69,65.55,1.79,21.41,15,22.87,11.35,15.32,peripheral,standard,none,71.47
207,10,0,0,24.42,39.49,0.59,28.41,12,4.27,13.44,81,residential,standard,none,79.29
208,11,1,0,9.51,31.58,0,23,10,22.93,1.1,75.24,residential,express,none,31.63
208,12,1,0,10.61,43.21,6.01,23.04,10,25.13,9.71,62.16,residential,standard,none,42.75
208,13,1,0,0.5,29.08,3.96,22.23,7,22.73,13.55,36.85,peripheral,bulky,none,37.16
208,14,1,0,8.82,24.7,5.19,21.22,16,0,12.32,54.2,residential,standard,none,50.96
208,15,1,0,23.79,21.12,0,22.99,12,17.21,5.36,22.3,peripheral,standard,none,53.87
208,16,1,0,6.06,19.19,13.12,18.91,14,24.29,10.84,36.52,peripheral,standard,none,40.53
208,17,1,0,7.49,84.3,7.09,20.95,18,4.13,7.55,89.25,central,express,none,45.26
208,18,1,0,12.87,89.12,0,21.01,3,35.53,12.38,91.91,central,bulky,none,68.92
208,7,1,0,11.32,39.55,4.14,20.72,11,23.81,11.95,70.36,central,standard,none,50.75
208,8,1,0,2.93,75.14,17.58,27.36,13,0,10.68,14.97,peripheral,standard,none,37.92
208,9,1,0,7.09,57.45,6.02,17.83,10,30.74,22.24,21.51,peripheral,standard,none,51.16
208,10,1,0,6.11,22.67,11.14,21.59,15,5.52,13.48,20.26,peripheral,standard,none,41.68
208,11,1,0,2.57,22.24,0.99,23.94,10,19.23,9.48,22.94,peripheral,standard,none,28.19
208,12,1,0,2.15,33.39,11.22,24.62,8,28.48,12.66,76.43,central,express,none,31.03
208,13,1,0,8.21,47.61,8.52,20,21,11.61,10.59,88.7,central,express,none,47.65
208,14,1,0,11.38,59.24,5.02,22.8,9,21,14.74,73.06,central,bulky,none,61.24
208,15,1,0,8.29,13.43,0.73,20.06,7,3.44,7.47,28.56,peripheral,standard,none,36.55
208,16,1,0,9.55,43.36,1.39,16.47,12,34.59,0,34.1,residential,standard,none,40.75
208,17,1,0,3.43,67.14,3.88,24.35,9,10.86,28.67,56.81,residential,standard,none,54.64
208,18,1,0,15.92,98,7.62,24.86,13,36.58,22.25,100,central,standard,none,91.51
208,7,1,0,10.34,32.24,11.25,20.31,20,17.64,12.44,55.43,residential,standard,roadwork,84.4
208,8,1,0,4.06,98,7.56,20.5,11,21.62,22.64,83.29,central,express,none,43.33
208,9,1,0,23.33,87.07,8.21,16.78,13,38.12,18.57,45.47,residential,standard,none,95.03
208,10,1,0,13.61,45.43,0,19.16,6,28.57,5.75,72.19,residential,bulky,none,48.22
208,11,1,0,11.89,32.45,12.09,27.08,10,37.64,11.2,46.24,residential,standard,none,46.12
208,12,1,0,5.36,25.69,0,20.85,10,31.17,1.07,72.52,residential,standard,none,34.11
208,13,1,0,19.15,45.46,0.94,19.88,21,45.27,5.95,81.62,central,standard,none,69.77
208,14,1,0,14.42,45.17,0,28.12,16,33.4,10.55,83.04,residential,standard,none,51.91
208,15,1,0,13.08,34.87,6.73,16.23,7,16.47,9.15,72.95,central,bulky,none,63.86
208,16,1,0,12.38,57.86,0,22.47,4,34.02,5.89,95.96,central,bulky,none,53.95
208,17,1,0,11.36,76.57,5.7,21.73,12,38.87,16.4,63.99,residential,express,none,62.7
208,18,1,0,4.38,77.68,0,17.64,5,2.47,13.95,94.66,central,standard,none,42.53
208,7,1,0,15.77,8,8.71,25.77,12,3.51,5.1,25.01,peripheral,standard,none,47.04
208,8,1,0,7.88,66.99,2.23,22.31,16,45.39,11.6,17.33,peripheral,standard,none,49.8
208,9,1,0,12.73,49.45,1.19,19.72,12,10.02,20.85,40.46,peripheral,standard,none,58.33
208,10,1,0,10.97,26.12,7.34,15.39,13,26.8,9.08,26.58,peripheral,express,none,33.14
208,11,1,0,0.5,24.5,7.21,18.16,12,31.95,17.45,36.22,peripheral,express,none,27.98
208,12,1,0,9.21,46.13,8.5,21.97,14,23.15,9.51,83.18,central,standard,none,44.54
208,13,1,0,8.92,25.33,2.28,22.85,5,43.98,1.99,50.1,residential,bulky,none,42.54
208,14,1,0,5.51,32.85,7.18,20.17,15,19.6,15.38,48.24,residential,standard,none,55.39
209,15,1,0,5.22,45.14,5.1,25.31,10,25.16,9.88,91.4,central,standard,none,43.45
209,16,1,0,29.59,44.44,3.27,24.44,14,22.78,0,39.72,residential,express,none,73.84
209,17,1,0,8.82,63.94,2.56,21.21,5,7.84,14.77,74.1,residential,bulky,none,56.2
209,18,1,0,6.86,98,14.82,17.21,13,6.93,20.09,98.62,central,express,none,55.59
209,7,1,0,6.89,23.17,7.88,19.77,12,25.75,7.73,13.48,peripheral,express,none,24.73
209,8,1,0,13.72,62.72,0,20.83,11,28.27,8.62,36.86,peripheral,express,none,49.67
209,9,1,0,12.2,71.7,0,19.18,13,12.74,27.63,47.16,residential,standard,none,74.84
209,10,1,0,5.67,21.56,2.13,25.42,8,21.1,4.41,38.18,peripheral,bulky,none,41.85
209,11,1,0,13.12,31.97,0.59,18.68,15,22.13,6.17,52.99,residential,express,none,35.28
209,12,1,0,11.24,36.06,8.22,21.01,8,11.77,0,100,central,express,none,27.19
209,13,1,0,6.72,36.85,4.77,23.51,10,1.14,0,43.47,residential,express,none,18.62
209,14,1,0,13.19,27.67,4.72,22.87,11,29.3,7.39,49.2,peripheral,express,none,30.66
209,15,1,0,7.22,37.87,1.61,21.07,17,22.3,0,11.44,peripheral,express,none,25.6
209,16,1,0,25.95,44.5,6.79,20.71,13,7.47,0.54,86.68,central,standard,none,76.61
209,17,1,0,9.6,77.53,0.81,21.41,14,0,22.69,48.84,residential,express,none,64.51
209,18,1,0,11.35,68.4,8.56,18.55,8,46.94,17.47,20.78,peripheral,bulky,none,69.6
209,7,1,0,1.61,31.92,5.94,16.04,17,19.17,6.58,60.13,residential,standard,none,36.33
209,8,1,0,9.26,78.16,0.31,22.48,8,32.14,0,86.38,central,standard,none,51.69
209,9,1,0,13.15,59.1,4.67,26.7,3,19.24,14.73,58.88,residential,bulky,none,67.14
209,10,1,0,7.74,31.63,0,20.36,15,29.52,14.63,43.76,residential,standard,none,50.89
209,11,1,0,45.89,25,4.1,18.77,14,26.15,0,33.15,peripheral,standard,none,87.64
209,12,1,0,4.12,12.49,0,24.29,11,15.8,0,24.3,peripheral,standard,none,12.66
209,13,1,0,7.82,35.55,1.98,16.63,1,6.74,0,57.15,residential,bulky,none,33.2
209,14,1,0,11.08,36.68,2.22,28.39,15,34.55,0,51.66,residential,express,customer_absent,45.11
209,15,1,0,8.45,33.22,2.49,25.98,10,26.2,10.86,73.87,residential,standard,none,38.2
209,16,1,0,5.08,27.2,0,21.76,10,14.24,6.4,31.42,peripheral,standard,none,21.76
209,17,1,0,15.08,69.33,0,15.26,7,13.32,11.35,15.95,peripheral,standard,none,55.48
209,18,1,0,1.28,70.27,0,21.81,19,10.16,20.15,39.65,peripheral,standard,none,41.18
209,7,1,0,5.29,41.87,1.99,22.36,12,10.34,8.29,43.01,residential,standard,none,34.9
209,8,1,0,9.66,63.73,5.56,13,16,13.32,2.61,60.81,residential,express,none,34.99
209,9,1,0,4.72,75.92,2.46,24.99,18,31.72,28.48,83.8,central,standard,none,57.36
209,10,1,0,7.96,37.51,2.59,17.37,13,51.38,9.33,72.11,central,standard,none,40.64
209,11,1,0,5.72,47.4,9.72,22.76,10,17.63,3.8,82.98,central,standard,none,27.89
209,12,1,0,10.46,8,0,25.48,7,14.33,9.31,16.37,peripheral,bulky,roadwork,65.04
209,13,1,0,5.04,36.89,0,19.14,14,31.08,12.03,62.37,residential,express,none,32.44
209,14,1,0,14.1,27.65,0,20.58,13,0,0.5,57.38,residential,standard,none,37.43
209,15,1,0,13.62,46.01,4.12,16.75,12,21.82,14.95,86.45,central,express,none,58.81
209,16,1,0,5.36,29.48,0.16,21.27,16,7.08,11.55,32.04,peripheral,standard,none,40.33
209,17,1,0,11.82,85.74,0,22.51,17,16.4,16.09,72.94,central,standard,none,68.83
209,18,1,0,7.37,60.65,12.86,14.73,21,1.42,19.64,36.08,peripheral,standard,customer_absent,75.29
210,7,0,0,13.95,50.42,9.98,21.74,14,35.39,22.15,64.82,residential,standard,none,80.24
210,8,0,0,4.39,56.23,9.6,22.73,8,17.98,16.61,44.73,residential,standard,none,48.87
210,9,0,0,13.14,79.01,4.58,24.3,17,11.02,12.51,52.02,residential,standard,none,70.32
210,10,0,0,5.43,38.25,1.28,22.44,2,39.48,3.1,58.07,residential,bulky,none,29.64
210,11,0,0,7.1,31.12,2.62,20.87,1,3.09,0,34,peripheral,bulky,none,34.34
210,12,0,0,1.85,40.81,1.68,21.08,19,32.7,8.53,86.96,residential,express,none,27.55
210,13,0,0,5.32,47.12,10.66,22.91,8,4.24,0,31.74,peripheral,standard,none,32.47
210,14,0,0,19.9,30.86,0.24,22.41,12,23.98,2.51,65.49,residential,standard,none,43.61
210,15,0,0,5.37,29.18,0.26,22.81,11,33.74,10.8,49.63,residential,express,none,28.06
210,16,0,0,6.29,31.36,5.85,16.52,6,16.83,15.17,55.12,residential,bulky,none,42.88
210,17,0,0,3.34,84.24,9.8,20.93,9,31.57,26.87,60.79,central,standard,none,62.23
210,18,0,0,14.49,77.41,6.99,18.02,15,25.83,13.06,35.44,peripheral,standard,none,70.52
210,7,0,0,28.47,31.09,0.1,25.84,14,26.86,0,34.85,residential,express,none,47.83
210,8,0,0,7.57,62.15,1.02,24.14,5,0,9.78,33.53,peripheral,bulky,none,49.28
210,9,0,0,3.66,84.22,0,14.15,17,19.02,22.47,80.53,central,standard,none,55.12
210,10,0,0,4.42,31.04,2.04,19.24,15,7.35,17.19,81.45,residential,express,none,28.02
210,11,0,0,15.99,32.29,0.97,21.8,19,27.18,16.1,64.03,residential,standard,none,61.21
210,12,0,0,11.97,14.7,3.27,16.66,14,15.88,13.84,29.09,peripheral,standard,none,51.63
210,13,0,0,2.8,63.38,2.24,17.41,10,34.9,9.53,90.5,central,standard,none,39.41
210,14,0,0,20.04,28.29,0.2,18.75,14,23.59,16.84,38.38,peripheral,express,none,60.12
210,15,0,0,11.99,27.69,0,17.77,13,24.26,8.6,31.27,peripheral,express,none,36.53
210,16,0,0,4.41,49.78,0,21.26,13,13.65,17.69,57.47,residential,standard,none,43.85
210,17,0,0,10.95,78.46,3.2,25.53,9,29.22,20.97,61.51,residential,standard,none,74.03
210,18,0,0,9.65,71.32,0,21.27,13,13.7,12.58,65.3,residential,standard,none,55.58
210,7,0,0,13.95,52.17,7.57,17.33,2,41.11,7.03,100,central,bulky,none,61.56
210,8,0,0,7.84,84.69,0.57,21.67,16,27.75,22.12,88.48,central,standard,none,66.5
210,9,0,0,8.58,84.06,2.96,21.45,13,16.96,20.21,89.56,central,express,none,49.9
210,10,0,0,5.96,17.44,0.16,20.49,10,0,15.52,5,peripheral,express,none,30.16
210,11,0,0,17.15,58.28,5.86,19.99,13,23.18,7.8,83.93,central,standard,none,68.14
210,12,0,0,13.79,26.65,2.23,23.09,16,16.42,11.88,73.47,residential,standard,none,55.39
210,13,0,0,8.6,35.69,9.13,28.98,14,39,10.02,47.65,residential,standard,none,45.61
210,14,0,0,2.81,35.93,8.82,27.24,5,13.7,13.16,34.01,residential,bulky,none,41.93
210,15,0,0,7.78,18.86,1.27,24.06,17,9.48,4.1,27.16,peripheral,express,none,35.31
210,16,0,0,0.5,68.2,0,24.11,12,24.71,3.84,64.59,residential,standard,none,19.22
210,17,0,0,11.01,75.29,1.26,11.32,12,25.83,8.29,62.8,residential,standard,none,53.39
210,18,0,0,9.57,95.94,5.26,21.83,16,27.88,28.68,99.31,central,standard,none,72.47
210,7,0,0,7.62,37.78,5.62,19.86,23,0,12.98,86.35,central,standard,none,56.61
210,8,0,0,9.69,83.8,5.94,16.63,7,0,24.8,86.86,central,standard,none,70.62
210,9,0,0,11.59,98,0,20.27,7,21.39,18.12,62.13,residential,express,none,68.6
210,10,0,0,11.59,39.4,1.87,29.9,17,27.87,3.79,60.72,residential,standard,none,48.42
211,11,0,0,10.41,46.9,3.32,17.68,14,34.22,15.99,69.32,central,standard,none,50.99
211,12,0,0,3.13,33.4,2.37,19.7,19,8.93,0,41.16,peripheral,standard,none,20.54
211,13,0,0,20.77,45.6,3.56,20.47,21,17.39,0,78.13,residential,standard,none,67.94
211,14,0,0,10.13,36.44,2.72,18.99,22,18.96,7.3,49.51,residential,standard,none,48.59
211,15,0,0,5.02,49.88,8.89,20.91,14,26.15,6.54,48.78,residential,standard,none,33.22
211,16,0,0,12.38,47.47,12.03,21.8,17,12.66,12.31,87.06,central,standard,none,62.63
211,17,0,0,17.58,71.29,2.46,25.26,15,10.31,27.9,57.72,residential,standard,none,96.36
211,18,0,0,10.59,78.2,4.1,21.29,15,0,26.28,79.26,central,express,none,72.08
211,7,0,0,5.74,54.98,13.77,25.22,16,40.75,11.07,100,central,standard,none,38.23
211,8,0,0,2.64,70.35,11.89,20.19,8,13.62,16.6,61.43,residential,express,none,41.7
211,9,0,0,13.49,84.12,0,21.04,14,40.79,25.06,43.73,residential,standard,none,73.37
211,10,0,0,7.74,44.37,0,24.07,13,19.81,12.15,40.47,residential,express,none,33.25
211,11,0,0,10.52,34.16,9.91,21.25,17,13.83,9.57,76.39,residential,standard,none,51.46
211,12,0,0,9.83,42.3,0.84,16.32,20,12.31,5.91,37.7,peripheral,standard,none,45.84
211,13,0,0,11.11,48.38,2.07,18.22,4,11.26,13.5,61.49,residential,bulky,none,64.17
211,14,0,0,9.97,45.6,0,21.8,5,24.02,8.52,44.36,residential,bulky,none,48
211,15,0,0,9.11,35.1,2.54,16.62,15,9.98,0,19.15,peripheral,standard,none,34.24
211,16,0,0,15.79,51.58,3.52,23.19,11,34.56,5.1,46.58,residential,standard,none,54.72
211,17,0,0,9.12,92.75,0,23.25,16,24.28,17.29,43.16,residential,express,none,55.58
211,18,0,0,25.6,97.51,0,19.4,11,15.38,26.69,77.92,central,standard,none,129.54
211,7,0,0,7.8,69.19,7.8,21.52,16,26.09,4.74,82.15,central,express,none,39.65
211,8,0,0,10.35,76.56,5.45,19.93,17,21.89,15.67,52.31,residential,express,none,50.13
211,9,0,0,8.76,74.92,2.03,22.68,13,10.8,22.69,36.1,residential,standard,none,59.14
211,10,0,0,7.77,40.59,7.06,19.78,14,39.14,4.3,21.3,peripheral,standard,none,38.26
211,11,0,0,13.04,65.74,12.4,23.28,4,35.17,10.06,100,central,bulky,none,62.8
211,12,0,0,0.55,38.35,9.62,18.66,6,4.55,4.18,34.42,residential,bulky,none,38.18
211,13,0,0,6.42,26.57,0,24.27,11,19.22,10.12,28.95,peripheral,standard,none,33.35
211,14,0,0,0.5,34.4,3.63,18.93,12,16.86,7.58,81.01,residential,standard,none,24.96
211,15,0,0,7.93,38.04,2.16,16.01,12,19.86,10.7,47.62,residential,standard,none,44.22
211,16,0,0,4.98,41.06,0,20.58,8,10.41,14.21,72.03,residential,express,none,28.63
211,17,0,0,8.58,70.47,3.22,16.59,3,31.73,6.98,32.38,residential,bulky,none,40.62
211,18,0,0,0.5,67.55,5.06,14.25,12,6.28,12.85,57.8,peripheral,standard,none,33.88
211,7,0,0,10.82,40.23,0,22.93,14,8.23,0,54.48,residential,standard,none,31.74
211,8,0,0,5.92,86.91,3.85,17.55,15,42.43,26.6,35.61,residential,express,none,57.74
211,9,0,0,11.28,61.63,0,14.48,15,18.4,21.21,35.63,peripheral,standard,none,57.9
211,10,0,0,14.37,61.38,7.01,25.05,18,27.25,9.78,80.53,central,express,none,60.42
211,11,0,0,10.81,50.47,0,24.33,15,13.74,0,87.95,central,standard,none,45.75
211,12,0,0,3.49,53.3,0.08,20.58,1,41.12,0,86.39,central,bulky,customer_absent,41.97
211,13,0,0,10.17,27.54,1.55,19.59,14,4.28,7.74,80.55,residential,express,none,37.12
211,14,0,0,11.96,32.79,6.58,21.04,6,27.48,10.28,80.14,central,bulky,none,63.05
212,15,0,0,16.34,42.88,0,23.27,17,9.66,11.76,99.55,central,express,none,63.03
212,16,0,0,4.47,37.35,5.82,18.19,16,0,4.1,74.73,residential,standard,none,27.71
212,17,0,0,3.41,66.52,5.94,17.58,14,15.1,7.66,52.9,residential,express,none,25.46
212,18,0,0,8.96,67.72,5.58,17.04,7,11.79,15.8,44.81,residential,bulky,none,61.59
212,7,0,0,26.26,31.73,10.63,12.71,12,31.4,10.84,5,peripheral,standard,none,76.46
212,8,0,0,7.38,92.55,2.61,19.67,1,21.49,7.9,94.4,central,bulky,none,48.6
212,9,0,0,2.91,74.06,2.5,20.15,18,22.19,21.09,39.48,residential,standard,none,40.35
212,10,0,0,16.09,57.76,2.16,20.81,17,20.9,14.86,94.06,central,express,none,66.31
212,11,0,0,12.96,29.17,9.98,28.07,19,25.95,0.71,70.4,residential,standard,none,41.35
212,12,0,0,27.99,37.93,6.81,23.72,22,33.22,8.32,21.43,peripheral,express,none,70.74
212,13,0,0,2.77,26.37,6.57,16.84,8,27.68,7.23,51.4,peripheral,standard,none,39.23
212,14,0,0,0.5,37.7,11.46,17.51,10,19.35,14.73,58.56,residential,standard,none,34.04
212,15,0,0,12.5,36.49,3.19,17.6,14,15.49,11.64,54.87,residential,standard,none,49.69
212,16,0,0,2.64,30.9,0,16.93,16,21.39,12.61,14.03,peripheral,standard,none,30.55
212,17,0,0,9.28,66,2.55,21.25,14,20.46,23.71,44.09,residential,standard,none,58.16
212,18,0,0,8.34,63.18,11.38,14.18,11,0,20.79,26.85,peripheral,standard,none,62.8
212,7,0,0,3.2,41.99,0,18.79,15,43.96,12.41,71.05,residential,express,none,34.21
212,8,0,0,29.07,77.61,8.03,20.12,16,48.51,14.87,49.97,residential,standard,none,107.29
212,9,0,0,7.88,82.96,9.17,15.75,15,23.07,17.17,61.34,residential,standard,none,57.63
212,10,0,0,13.19,56.16,0,21.03,13,14.04,4.27,74.52,central,standard,none,57.02
212,11,0,0,9.54,34.54,5.8,14.5,10,16.78,18.02,83.04,residential,express,none,44.86
212,12,0,0,18.04,51.81,0.15,21.14,15,13.31,9.4,89.49,central,standard,none,67.41
212,13,0,0,8.25,29.87,0,23.86,6,30.84,10.53,48.36,residential,standard,none,35.7
212,14,0,0,4.77,41.47,1.71,23.29,14,13.01,6.23,99.01,central,express,none,29.87
212,15,0,0,26.74,55.04,5.31,20.06,21,2.9,2.78,93.19,central,standard,none,90.32
212,16,0,0,6.37,46.95,10.16,22.84,1,26.75,14.52,77.82,central,bulky,none,48.43
212,17,0,0,27.55,73.31,11.58,17.82,2,24.87,18.86,58.78,residential,bulky,none,111.05
212,18,0,0,7.93,86.48,0,22.5,20,38.82,22.51,82.64,central,express,none,61.54
212,7,0,0,14.6,36.4,2.94,16.96,11,22.45,6.67,12.56,peripheral,standard,none,48.79
212,8,0,0,14.33,72.32,0.97,18.96,9,0,25.73,15.95,peripheral,standard,none,81.98
212,9,0,0,4.44,76.49,0,18.97,16,35.83,19.59,57.4,residential,standard,none,41.82
212,10,0,0,12.55,25.67,8.66,19.1,15,29.39,8.62,22.78,peripheral,standard,none,52.95
212,11,0,0,9.77,30.45,2.53,22.77,14,6.44,15.45,60.4,residential,standard,none,49.19
212,12,0,0,0.5,47.01,1.42,19.76,4,27.15,5.99,81.28,residential,bulky,none,30.43
212,13,0,0,10.24,33.5,1.52,17.46,13,26.54,5.17,45,residential,standard,none,33.56
212,14,0,0,0.5,39.14,10.12,22.49,11,21.63,5.87,54.4,residential,standard,none,27
212,15,0,0,11.14,26.49,0,15.66,12,13.77,4.99,23.71,peripheral,standard,none,38.84
212,16,0,0,13,21.19,1.15,26.2,1,30.37,1.53,42.83,peripheral,bulky,none,47.47
212,17,0,0,3.93,76.48,0,22.53,11,25.35,20.74,20.84,peripheral,express,none,41.78
212,18,0,0,12.72,62.79,3.54,20.32,2,5.36,14.08,34.11,peripheral,bulky,vehicle,91.08
213,7,0,0,6.87,27.65,8.02,22.01,13,11.35,0,21.69,peripheral,standard,none,27.28
213,8,0,0,0.5,93.48,0,14.8,14,47.39,22.24,87.27,central,express,none,29.39
213,9,0,0,11.19,80.46,0,28.12,18,17.55,21.11,76.05,residential,standard,none,71.01
213,10,0,0,7.01,33.81,0,22.75,20,17.78,4.24,30.83,peripheral,express,none,35.26
213,11,0,0,0.52,20.04,5.77,20.32,22,6.86,7.26,22.35,peripheral,standard,none,39.47
213,12,0,0,19.57,32.31,3.93,24.28,11,28.8,1.32,59.12,residential,standard,none,52.81
213,13,0,0,9.45,35.14,1.8,14.73,1,17.31,13.06,47.52,peripheral,standard,none,46.52
213,14,0,0,8.72,54.45,0,23.92,16,15.33,4.8,79.18,central,standard,none,46.91
213,15,0,0,35.97,39.33,2.14,18.39,3,4.8,2.16,56,residential,bulky,none,87.76
213,16,0,0,7.27,43.71,4.49,22.74,14,20.6,12.57,23.23,peripheral,standard,none,48.87
213,17,0,0,8.18,73.4,0.7,24.46,14,33.91,33.37,15.19,peripheral,standard,none,65.06
213,18,0,0,9.21,69.93,10.4,24.55,16,31.73,18.7,84.35,residential,standard,none,61.55
213,7,0,0,10.38,43.56,2.19,15.11,11,23.15,1.73,95.71,central,standard,none,41.52
213,8,0,0,19.78,72.59,0,25.18,12,0,13.76,65.51,residential,express,customer_absent,88.65
213,9,0,0,6.62,69.83,3.65,16.95,12,15.31,25.36,59.22,residential,standard,none,56.07
213,10,0,0,7.54,18.67,4.27,20.11,2,13.22,0,27.54,peripheral,bulky,none,32.83
213,11,0,0,13.7,37.12,10.7,17.35,11,2.81,7.62,28.25,peripheral,standard,none,49.01
213,12,0,0,9.2,46.5,3.68,20.42,16,33.77,12.9,47.73,residential,express,none,41.87
213,13,0,0,0.5,34.03,0,18.69,8,17.1,6.86,72.93,residential,standard,none,20.71
213,14,0,0,6.56,40.43,0,17.33,15,21.9,7.91,58.05,residential,standard,none,44.78
213,15,0,0,5.22,51.51,4.45,16.95,7,13.46,5.72,48.76,residential,bulky,none,44.23
213,16,0,0,8.03,50.81,4.69,19.37,12,0,13.05,34.69,residential,standard,customer_absent,68.32
213,17,0,0,7.31,76.81,1.55,17.89,12,0,24.02,47.2,residential,standard,none,54.09
213,18,0,0,4.67,58.47,4.03,24.36,10,22.78,9.43,65.87,residential,standard,none,40.12
213,7,0,0,8.89,26.37,8.68,19.25,14,26.36,6.94,65.28,residential,standard,none,36.28
213,8,0,0,0.5,79.44,0.95,28.79,18,10.23,17.25,46.95,residential,express,none,28.53
213,9,0,0,12,98,5.66,27.51,11,19.64,12.14,90.71,central,standard,none,66.13
213,10,0,0,7.11,56.17,0,14.63,7,9.53,8.15,76.37,central,standard,none,37.46
213,11,0,0,11.33,43.31,1.93,18.64,2,19.54,8,37.1,residential,bulky,none,47.09
213,12,0,0,11.23,55.73,4.26,21.04,16,24.25,7.28,100,central,standard,none,53.83
213,13,0,0,8.61,44.57,6.5,16.44,13,8.4,0.81,65.56,residential,express,none,44.28
213,14,0,0,11,43.64,9.41,17.99,13,29.83,11.84,98.03,central,standard,none,51.98
213,15,0,0,24.94,46.59,1.06,28.13,13,34.37,9.69,56.54,residential,standard,none,73.99
213,16,0,0,0.5,63.22,10.46,22.85,1,18.57,5.4,66.13,residential,bulky,none,27.15
213,17,0,0,12.12,88.29,0,19.33,12,15.41,14.94,65.24,residential,standard,none,67.18
213,18,0,0,7.67,97.9,0.62,19.71,20,31.16,27.93,88.26,central,express,none,63.12
213,7,0,0,9.26,35.41,0,17.04,5,12.72,6.56,40.51,peripheral,bulky,none,50.45
213,8,0,0,0.5,86.44,3.2,15.21,11,47.17,17.68,62.27,residential,standard,none,43.49
213,9,0,0,5.44,82.31,9.31,22.61,4,20.11,20.64,88.6,central,bulky,none,55
213,10,0,0,27.52,50.65,0,19.62,14,22.97,0,99.06,central,express,none,68.97
214,11,0,0,1.88,37.55,2.37,21.93,8,22.95,8.27,25.85,peripheral,bulky,none,42.06
214,12,0,0,10.45,44.77,2.23,23.05,16,50.43,14.58,100,central,standard,none,52.72
214,13,0,0,5.08,51.13,3.32,17.59,10,34.94,8.89,91.15,central,standard,none,35.69
214,14,0,0,18.5,23.77,0,13.94,9,37.05,7.94,18.45,peripheral,standard,none,57.7
214,15,0,0,5.62,39.41,5.42,18.54,9,25.7,9.88,73.31,residential,express,none,32.15
214,16,0,0,8.74,45.88,0.83,17.74,17,10.28,0.65,19.44,peripheral,standard,none,39.71
214,17,0,0,13.09,72.95,4.03,18.96,13,0,17.15,35.61,peripheral,standard,none,70.74
214,18,0,0,14.07,71.31,0,21.54,15,28.12,32.02,96.93,central,standard,none,83.06
214,7,0,0,6.07,57.69,6.43,25.25,10,37.25,0,47.03,residential,bulky,customer_absent,48.08
214,8,0,0,31.12,79.08,3.39,16.56,10,25.81,21.83,70.7,residential,standard,none,124.55
214,9,0,0,10.47,79.65,2.63,19.47,6,13.39,11.97,70.82,central,bulky,none,70.05
214,10,0,0,13.58,40.11,5.37,19.56,23,2.61,0,39.86,peripheral,express,none,37.11
214,11,0,0,5.51,28.99,0,14.05,14,0,7.13,34.29,peripheral,express,none,19.86
214,12,0,0,6.47,64.49,3.64,18.24,9,23.48,7.89,84.61,central,standard,none,36.14
214,13,0,0,8.9,24.48,3.62,18.09,19,0,9.64,20.25,peripheral,standard,none,49.95
214,14,0,0,21.03,53.56,1.07,15.07,1,8.78,7.73,85.74,central,bulky,none,72.52
214,15,0,0,6.57,27.65,6.94,18.11,12,25.01,6.72,88.45,residential,express,none,26.88
214,16,0,0,0.99,63.68,3.25,12.23,12,34.86,5.52,60.02,central,express,none,20.2
214,17,0,0,8.41,69.58,1.1,22.12,11,26.27,14.17,40.37,peripheral,standard,none,42.02
214,18,0,0,10.48,81.84,10.74,22.39,9,23.64,8.7,52.23,residential,standard,none,59.92
214,7,0,0,13.03,46.24,7.84,22.35,12,5.82,8.59,50.09,residential,standard,none,47.36
214,8,0,0,19.86,85.33,0,28.14,7,32.55,8.37,82.02,residential,bulky,none,92.76
214,9,0,0,7.17,64.19,2.56,15.1,25,39.63,15.96,42.35,peripheral,express,none,42.15
214,10,0,0,15.43,37.26,2.2,18.92,13,23.34,7.72,55.51,residential,standard,none,50.65
214,11,0,0,9.34,47.14,4.76,26.64,3,7.28,8.03,42.15,residential,standard,none,43.02
214,12,0,0,1.68,56.3,8.04,19.55,13,19.12,9.08,72.05,central,standard,none,30.02
214,13,0,0,21.22,53.13,5.51,10.4,15,15.11,16.39,86.09,central,standard,none,90.52
214,14,0,0,14.62,50.59,0,19.61,19,26.39,8.3,100,central,standard,none,57.76
214,15,0,0,14.31,33.18,0,22.94,10,19.16,4.49,24.52,peripheral,standard,none,45.37
214,16,0,0,8.98,42.46,0,17.67,12,7.89,3.13,58.75,residential,standard,none,39.21
214,17,0,0,7.09,78.61,6.45,12.98,6,12.82,22.37,90.82,central,bulky,none,62.07
214,18,0,0,10.23,71.19,1.04,16.71,9,0,17.25,98.5,central,standard,none,64.23
214,7,0,0,14.29,56.84,5.36,19.92,3,2.69,5.29,98.31,central,bulky,none,60.98
214,8,0,0,14.64,66.67,2.56,24.44,13,31.8,18.7,30.3,peripheral,standard,none,70.02
214,9,0,0,11.39,84.75,0.42,22.96,12,13.95,16.88,13.82,peripheral,standard,none,67.67
214,10,0,0,12.01,39.23,3.86,24.86,7,2.81,7.59,65.15,residential,bulky,none,56.29
214,11,0,0,3.93,54.98,0,15.25,12,33.89,2.77,87.87,central,standard,none,39.41
214,12,0,0,6.25,42.32,4.35,19.97,10,1.59,0,80.48,central,express,none,29.36
214,13,0,0,10.99,26.26,0,26.81,10,15.08,5.35,19.06,peripheral,standard,none,34.57
214,14,0,0,0.5,55.83,2.59,25.58,24,31.07,5.66,41.24,residential,standard,none,34.15
215,15,1,0,8.51,20.71,0,22.13,15,30.77,4.18,18.85,peripheral,standard,none,27.55
215,16,1,0,14.1,54.52,0,20.87,22,39.16,21.48,67.44,central,express,none,65.04
215,17,1,0,5.81,66.69,4.67,16.99,11,30.59,14.07,38.79,peripheral,express,none,28.36
215,18,1,0,4.75,62.03,5.56,23.03,13,27.39,18.46,26.15,peripheral,standard,vehicle,71.94
215,7,1,0,7.79,25.09,0.9,17.7,9,6.41,8.71,25.29,peripheral,standard,none,37.78
215,8,1,0,11.52,76.49,0.64,20.78,15,0,13.14,19.16,peripheral,standard,none,66.7
215,9,1,0,7.36,81.08,4.49,19.62,14,31.09,7.66,80.67,central,standard,none,47.87
215,10,1,0,4.95,39.37,4.33,19.84,26,4.37,10.25,54.55,residential,standard,none,42.17
215,11,1,0,5.62,34.09,0,12.9,3,18.37,3.47,47.34,residential,standard,none,21.17
215,12,1,0,4.71,24.23,2.93,19.73,17,24.39,8.16,78.72,residential,express,none,31.39
215,13,1,0,15.52,25.46,0,19.62,16,28.99,5.64,19.99,peripheral,standard,none,41.59
215,14,1,0,8.61,49.85,0,23.34,11,27.63,2.27,88,central,bulky,none,48.51
215,15,1,0,5.26,48.35,0,12.77,12,9.6,5.02,100,central,standard,none,38.58
215,16,1,0,4.45,34.14,3.63,16.92,13,3.3,0,49.24,residential,bulky,none,29.49
215,17,1,0,8.32,50.09,0,20.19,14,10.03,4.83,26.31,peripheral,standard,none,44.64
215,18,1,0,0.5,75.84,2.94,24.67,11,37.89,29.03,70.31,residential,standard,none,51.26
215,7,1,0,19.65,26.95,0,18.81,9,9.07,8.07,100,central,express,none,50.69
215,8,1,0,4.76,57.74,0,20.68,16,25.54,13.3,30.27,peripheral,standard,none,45.91
215,9,1,0,9.67,94.21,2.21,22.09,5,11.32,23.25,94.72,central,bulky,customer_absent,100.36
215,10,1,0,6.65,46.18,3.16,17.06,18,21.2,2.42,46.13,residential,standard,none,30.31
215,11,1,0,14.64,24.86,2.18,21.8,19,35.28,5.3,15.26,peripheral,standard,none,51
215,12,1,0,39.64,35.25,0.82,19.15,15,27.52,7.93,34.38,residential,standard,none,98.77
215,13,1,0,4.62,22.4,3.04,14.38,14,3.45,14.84,27.65,peripheral,standard,none,42.7
215,14,1,0,9.1,21.75,2.46,17.29,10,0,0.6,61.8,residential,standard,none,38.7
215,15,1,0,9.57,37.16,0.13,22.34,16,32.56,11.62,59.93,residential,standard,none,40.49
215,16,1,0,5.68,29.36,1.09,14.8,15,8.2,8.23,37.81,residential,standard,none,35.46
215,17,1,0,9.96,72.16,4.65,20.31,9,7.17,9.09,12.7,peripheral,standard,none,45.08
215,18,1,0,36.44,69.48,0,21.35,14,31.6,14.34,46.31,residential,standard,none,117.89
215,7,1,0,12.2,44.12,0,16.13,6,13.91,19.05,100,central,bulky,none,61.89
215,8,1,0,6.69,71.29,3.35,21.31,14,9.58,27.28,43.28,peripheral,express,none,53.9
215,9,1,0,4.22,47.81,6.79,13.79,8,22.72,7.21,66.43,residential,express,none,24.62
215,10,1,0,9.4,55.94,1.74,17.62,16,32.87,0.89,100,central,standard,none,34.67
215,11,1,0,10.15,13.06,7.33,22.3,13,0.53,16.8,20.38,peripheral,express,none,36.45
215,12,1,0,4.46,48.71,0,16.56,3,13.39,7.85,80.02,central,standard,none,29.31
215,13,1,0,9.09,57.87,6.76,18.58,15,12.32,0,100,central,express,none,30.1
215,14,1,0,9.21,24.48,0,23.9,11,18.09,1.91,38.58,peripheral,express,none,40.38
215,15,1,0,8.65,27.7,0.89,19.58,15,2.96,5.7,58.28,residential,standard,none,38.49
215,16,1,0,6.31,41.68,0,18.21,8,5.56,10.46,82.67,central,express,none,42.34
215,17,1,0,21.72,62.06,0,20.39,16,0,11.23,57.24,residential,standard,none,71.03
215,18,1,0,18.23,56.96,9.99,20.56,11,39.27,15.94,58.82,residential,standard,none,73.77
216,7,1,0,8.79,20.61,0.76,18.17,16,42.38,10.34,53.79,residential,express,none,34.55
216,8,1,0,13.04,85.02,0.3,21.95,16,30.5,20.34,57.26,central,standard,customer_absent,78.85
216,9,1,0,12.16,89.01,2.93,21.37,15,25.52,18.55,100,central,standard,none,79.28
216,10,1,0,11.43,47.16,6.79,20.34,13,24.97,5.54,90.92,central,standard,none,48.38
216,11,1,0,7.86,20.08,11.9,25.84,5,19.1,13.42,35.05,peripheral,bulky,none,56.76
216,12,1,0,6.35,42.94,0,15.06,7,15.72,2.63,29.38,peripheral,standard,none,33.18
216,13,1,0,7.69,27.79,6.3,17.4,16,0,0,69.47,residential,standard,none,44.03
216,14,1,0,7.1,29.79,0,24.26,12,11.98,5.74,64.79,residential,standard,none,34.24
216,15,1,0,8.04,21.38,0,19.62,12,20.05,15.8,40.06,residential,standard,none,47.7
216,16,1,0,19.66,31.78,0,26.04,12,20.1,13.37,59.16,residential,standard,none,62.33
216,17,1,0,4.11,70.5,1.69,17.64,16,32.33,12.49,100,central,express,none,34.94
216,18,1,0,14.52,58.03,6.24,11.58,16,16.77,8.19,41.89,residential,standard,none,62.16
216,7,1,0,2.19,30.69,0,18.8,8,6.89,10.06,72.78,residential,express,none,22.35
216,8,1,0,9.12,81.3,5,19.09,18,38.05,13.81,50.7,residential,standard,none,57.63
216,9,1,0,20.54,98,7.46,21.13,12,21.31,13.78,77.82,central,express,none,90.02
216,10,1,0,4.55,41.18,5.02,18.04,16,0,6.64,94.95,central,standard,none,40.38
216,11,1,0,12.62,34.62,0,21.53,13,30.8,0.57,90.77,central,standard,none,41.04
216,12,1,0,12.38,29.33,0.61,24.21,16,11.28,0,60.28,residential,express,none,32.08
216,13,1,0,7.99,34.18,0,22.28,15,0,5.39,42.72,residential,standard,none,37.26
216,14,1,0,4.44,37.37,1.86,24.33,6,4.69,10.53,61.15,residential,express,none,18.1
216,15,1,0,27.45,34.53,7.77,22.21,15,13.83,7.33,52.25,residential,express,none,70.77
216,16,1,0,11.54,27.48,2.39,21.56,15,41.33,14.05,70.1,residential,standard,none,59.56
216,17,1,0,13.47,78.68,10.34,21.37,15,28.76,27.08,76.23,central,standard,none,80.92
216,18,1,0,25.82,77.77,15.62,18.75,19,37.01,10.7,100,central,standard,none,108.67
216,7,1,0,2.78,32.23,3.51,13.27,17,22.09,10.76,44.83,residential,standard,none,40.59
216,8,1,0,9.76,78.36,4.46,22.2,6,28.8,13.75,69.27,central,standard,none,65.65
216,9,1,0,0.95,66.56,1.23,22.06,13,20.81,20.51,62.92,residential,standard,none,43.18
216,10,1,0,9,35.41,0.26,18.9,11,22.51,4.49,56.98,residential,standard,none,37.96
216,11,1,0,6.23,51.06,1.17,15.12,15,15.64,4.39,66.48,central,standard,none,32.21
216,12,1,0,3.42,30.66,0,18.47,11,29.19,7.79,58.8,peripheral,standard,vehicle,60.51
216,13,1,0,15.54,8,0.14,25.17,20,24.28,4.58,5.35,peripheral,standard,none,45.01
216,14,1,0,12.13,26.87,3,22.07,15,10.11,2.82,31.39,residential,express,none,23.8
216,15,1,0,10.9,44.39,4.38,18.95,8,28.53,0,33.01,residential,bulky,none,39.21
216,16,1,0,8.18,34.11,3.09,18.05,17,12.99,3.55,81.67,central,standard,none,34.01
216,17,1,0,22.7,74.79,5.18,18.18,7,31.22,11.28,99.49,central,bulky,none,98.17
216,18,1,0,6.36,65.96,8.21,23.19,15,42.29,12.99,28.48,peripheral,express,none,33.25
216,7,1,0,17.7,36.34,0.01,22.35,12,14.5,9.55,52.5,residential,standard,none,61.66
216,8,1,0,37.02,53.61,2.22,22.38,10,0,28.56,45.57,residential,standard,none,129.88
216,9,1,0,5.43,75.68,0,16.39,15,31.23,14.38,5,peripheral,standard,none,46.65
216,10,1,0,6.77,38.18,3.5,20.53,17,20.93,12.46,65.42,residential,standard,none,45.02
217,11,0,0,14.55,50.37,0,16.78,14,9.77,6.02,93.5,central,express,none,55.42
217,12,0,0,35.41,32.17,2.59,23.03,9,9.08,11.95,10.51,peripheral,standard,customer_absent,105.89
217,13,0,0,5.76,59.19,0,18.88,18,1.5,8.66,80.46,central,express,none,51.13
217,14,0,0,7.48,62.14,3.36,23.13,6,30.96,11.46,97.84,central,bulky,none,43.54
217,15,0,0,12.01,30.01,0,17.28,10,38.11,13.01,21.26,peripheral,bulky,none,55.95
217,16,0,0,12.52,33.41,10.08,24.32,15,8.71,19.33,46.53,residential,bulky,none,69.61
217,17,0,0,12.69,84.86,5.85,25.58,18,9.17,15.89,86.37,residential,standard,none,72.43
217,18,0,0,7.73,98,0,15.83,13,33.18,6.3,96.49,central,standard,none,45.92
217,7,0,0,6.22,59.94,2.2,20.73,14,20.47,0,78.62,central,standard,none,23.36
217,8,0,0,11.64,80.92,0,22.65,3,50.52,22.68,56.95,residential,bulky,none,75.77
217,9,0,0,5.53,68.05,0,20.99,11,40.36,11.6,83.48,central,standard,none,38.42
217,10,0,0,13.01,16.77,0,16.11,10,32.88,9.21,12.7,peripheral,standard,none,40.36
217,11,0,0,12.25,65.92,0.16,20.7,16,0,1.47,96.82,central,standard,none,50.66
217,12,0,0,10.11,42.45,8.08,16.72,18,15.17,13.89,56.51,residential,standard,none,51.26
217,13,0,0,7.69,29.92,2.32,12.7,7,29.16,0,50.69,peripheral,bulky,none,31.06
217,14,0,0,7.8,33.69,3.06,17.63,22,18.04,5.29,64.02,residential,standard,none,42.41
217,15,0,0,18.92,36.53,3.71,17.06,13,16.31,0,61.46,residential,express,none,48.51
217,16,0,0,3.14,34.24,0.98,22.36,1,21.22,8.59,64.97,residential,express,none,9.36
217,17,0,0,0.5,74.85,0,19.85,18,24.71,9.9,77.01,central,standard,none,32
217,18,0,0,6.7,87.09,3.63,23.49,14,19.08,19.15,34.3,residential,standard,none,63.65
217,7,0,0,8.02,46.64,8.61,17.94,20,23.42,12.01,82.66,central,express,none,39.21
217,8,0,0,3.19,69.28,11.02,26.79,15,0,15.04,63.62,residential,standard,none,46.81
217,9,0,0,8.23,93.4,9.05,26.3,6,23.35,5.81,82.77,central,bulky,none,62.06
217,10,0,0,7.68,39.51,9.61,19.49,19,10.78,7.05,100,central,standard,vehicle,65.37
217,11,0,0,15.76,32.83,3.59,16.27,18,31.7,0,83.9,residential,standard,none,60.31
217,12,0,0,20.3,36.39,5.94,19.41,8,38.01,11.12,100,central,bulky,none,71.63
217,13,0,0,14.12,37.9,7.83,21.74,16,17.86,6.01,36.74,residential,standard,none,50
217,14,0,0,3.58,26.52,5.35,16.42,16,20.46,0,34.79,peripheral,standard,none,22.04
217,15,0,0,3.56,21.52,0,19.96,18,14.9,7.12,27.42,peripheral,standard,none,30.74
217,16,0,0,9.99,39.4,3.62,24.91,10,0.22,4.26,100,central,bulky,none,60.37
217,17,0,0,9.93,84.89,0,24.04,14,0,25.93,97.39,central,standard,none,66.16
217,18,0,0,5.1,61.35,0,18.06,8,26.96,18.58,47.81,peripheral,standard,none,45.81
217,7,0,0,2.91,39.21,5.92,12.31,11,14.63,16.55,62.37,residential,standard,none,42.8
217,8,0,0,8.64,85.04,5.64,24.56,16,30.58,19.56,61.33,residential,standard,none,61.61
217,9,0,0,4.71,60.2,5.93,20.39,11,29.71,25.66,67.23,residential,express,none,45.3
217,10,0,0,12.09,43.03,6.92,11.8,11,39.67,5.8,44.13,residential,express,none,34.1
217,11,0,0,13.39,28.93,3.52,16.41,9,31.58,9.09,17.98,peripheral,standard,none,41.39
217,12,0,0,13.47,29.5,0,24.52,11,13.9,0,37.17,peripheral,standard,none,41.26
217,13,0,0,10.75,55.15,3.59,18.27,17,24.07,4.97,57.86,residential,express,none,35.16
217,14,0,0,18.68,60.45,1.47,21.81,15,19.16,5.98,100,central,standard,none,73.11
218,15,0,0,8.29,45.47,3.35,16.2,17,13.76,3.16,57.04,residential,standard,none,36.21
218,16,0,0,15.82,57.15,7.41,19.59,11,35.39,6.84,94.13,central,standard,none,62.38
218,17,0,0,4.41,67.69,0,17.3,12,2.48,23.84,77.49,residential,express,none,48.9
218,18,0,0,14.27,73.36,0,20.34,14,0,15.87,51,residential,standard,none,66.19
218,7,0,0,8.97,48.63,3.38,18.95,16,9.81,2.7,74.24,central,standard,none,45.49
218,8,0,0,0.5,80.37,3.76,22.1,2,26.1,21.37,41.78,residential,standard,roadwork,42.92
218,9,0,0,6.29,77.29,2.51,16.11,21,24.47,25.11,59.87,central,standard,none,67.29
218,10,0,0,10.5,35.2,3.41,21.92,20,4.43,6.46,12.9,peripheral,standard,none,39.06
218,11,0,0,3.31,37.64,1.09,16.29,17,19,3.16,53.11,peripheral,standard,none,30.55
218,12,0,0,8.44,46.56,2.33,23.13,16,8.31,0,37.86,residential,standard,none,28.73
218,13,0,0,11.67,37.64,8.94,15.45,17,14.36,7.84,39.44,peripheral,standard,none,59.52
218,14,0,0,11.12,60.24,2.01,18.09,17,0,6.43,82.66,central,standard,none,51.98
218,15,0,0,4.51,66.47,0,18.28,13,19.26,11.23,84.11,central,standard,none,41.8
218,16,0,0,9.53,43.74,6.98,15.83,12,9.36,13.06,52.09,residential,standard,none,49.3
218,17,0,0,7.97,96.44,2.95,21.32,12,0,26.88,81.16,central,express,none,81.53
218,18,0,0,8.29,51.55,0,18.05,18,0,22.02,19.01,peripheral,express,none,50.38
218,7,0,0,5.9,43.37,1.47,28.58,21,2.56,0,100,central,standard,none,39.49
218,8,0,0,14.84,94.93,7.69,13.93,19,40.42,31.83,84.03,central,standard,none,97.53
218,9,0,0,16.46,80.83,5.14,19.93,12,22.67,13.4,45.1,residential,express,none,74.81
218,10,0,0,14.61,34.13,4.52,25.03,15,9.34,10.93,56.03,residential,express,none,56.02
218,11,0,0,7.52,34.82,3.37,19.73,7,0,1.93,55.88,peripheral,bulky,none,41.23
218,12,0,0,10.41,67.32,12.05,15.42,19,39.6,0.08,100,central,standard,none,57.5
218,13,0,0,12.09,41.44,10.23,25.49,9,0,9.65,100,central,standard,none,61.04
218,14,0,0,6.17,56.26,3.67,16.67,5,0,10.97,77.78,central,bulky,none,53.6
218,15,0,0,14.25,40.21,0,17.48,17,39.36,5.75,13.15,peripheral,standard,none,48.13
218,16,0,0,4.08,32.18,4.74,17.03,12,11.91,16.31,20.67,peripheral,standard,none,41.48
218,17,0,0,3.8,87.1,0,19.95,13,26.9,10.91,90.26,central,standard,none,42.09
218,18,0,0,1.52,73.16,0,20.24,6,16,19.67,14.49,peripheral,bulky,none,50.8
218,7,0,0,7.13,37.49,8.03,18.43,11,0,3,53.85,residential,express,none,34.5
218,8,0,0,7.65,63.25,1.33,21.66,7,18.76,9.62,37.96,peripheral,standard,none,48.57
218,9,0,0,9.41,79.95,0,23.45,14,16.46,21,12.01,peripheral,standard,none,57.77
218,10,0,0,18.66,36.27,4.61,22.98,16,6.54,11.96,28.87,peripheral,express,none,59.96
218,11,0,0,14.26,38.23,0,23.63,14,32.71,8.82,88.58,central,express,none,47.35
218,12,0,0,3.21,30.69,12.63,17.25,18,8.26,8.36,5,peripheral,standard,none,33.89
218,13,0,0,0.5,36.03,4.8,19.96,21,9.32,18.91,72.33,residential,standard,none,50.4
218,14,0,0,19.57,64.56,0,18.68,14,1.49,17.79,94.56,central,standard,none,77.16
218,15,0,0,6.43,68.32,9.84,13.09,15,43.76,4.84,100,central,standard,none,41.79
218,16,0,0,11.08,50.56,2.78,17.88,11,22.18,7.56,95.29,central,express,none,39.51
218,17,0,0,9.87,83.68,0,14.87,12,34.19,25.64,55.2,residential,standard,none,72.03
218,18,0,0,17.25,66.8,1.9,23.87,19,33.06,26.52,32.08,peripheral,express,none,72.7
219,7,0,0,9.67,46.19,8.41,15.34,8,13.38,14.41,95.29,residential,standard,none,50.46
219,8,0,0,10.24,63.74,0,15.78,11,3.03,16.87,65.78,residential,express,none,49.43
219,9,0,0,9.25,80.74,0,22.95,10,20.93,26.33,76.74,central,standard,none,72.71
219,10,0,0,11.72,41.84,2.41,14.91,12,0,14.53,67.11,residential,standard,none,59.25
219,11,0,0,2.5,52.28,0,22.77,10,34.05,0,71.84,central,standard,none,23.43
219,12,0,0,7.77,42.53,11.89,19.78,17,10.46,11.51,7.61,peripheral,standard,none,40.08
219,13,0,0,6.81,39.16,0,24.72,17,0,7.13,51.67,residential,standard,none,38.59
219,14,0,0,8.89,37.4,0.37,14.51,4,33.59,8.88,67.01,residential,bulky,none,43.21
219,15,0,0,16.53,47.6,3.52,18.41,12,23.68,0,52.09,residential,standard,none,53.52
219,16,0,0,10.79,53.46,3.56,23.95,14,28.61,13.84,98.97,central,standard,roadwork,73.78
219,17,0,0,6.58,57.24,6.16,22.32,14,21.12,24.62,35.58,peripheral,standard,none,64.66
219,18,0,0,6.83,57.55,0,19.73,16,55.06,14.25,20.61,peripheral,standard,none,52.57
219,7,0,0,2.89,52.76,0,20.73,13,0,12.59,76.25,central,express,none,25.87
219,8,0,0,11.03,68.41,5.44,10.78,11,35.53,14.37,75.79,central,express,none,51.03
219,9,0,0,8.48,62.12,7.44,15.92,2,13.2,11.55,37.43,peripheral,bulky,none,55.75
219,10,0,0,9.49,21.45,4.08,20.07,8,25.79,20.73,26.89,peripheral,standard,none,55.79
219,11,0,0,7.29,47.84,7.74,17.29,17,12.24,11.59,100,central,express,none,36.68
219,12,0,0,28.9,35.23,8.56,20.29,12,14.08,13.12,18.63,peripheral,standard,none,75.13
219,13,0,0,6.74,51.54,4.06,16.54,10,40.59,6.9,58.71,residential,standard,none,45.03
219,14,0,0,9.51,58.58,3.1,16.74,9,18.65,4.4,99.42,central,standard,none,50.83
219,15,0,0,8.15,28.03,1.04,18.02,9,44.79,6.82,20.14,peripheral,standard,none,27.17
219,16,0,0,19.73,26.19,7.06,21.56,14,0.1,4.97,75.72,residential,standard,none,52.6
219,17,0,0,17.25,80.72,2.5,19.82,15,12.07,20.5,100,central,express,none,81.1
219,18,0,0,4.97,80.65,0.99,21.53,18,21.06,25.61,10.92,peripheral,standard,roadwork,64.84
219,7,0,0,0.5,53.16,9.31,21.77,11,12.85,12.01,33.65,residential,express,none,21.98
219,8,0,0,7.17,68.2,4.44,21.63,13,7.17,16.03,37.3,peripheral,standard,none,53.57
219,9,0,0,8.4,73.51,0,20.01,13,33.54,10.28,52.27,peripheral,standard,none,44.24
219,10,0,0,9.33,51.16,0.69,17.51,10,4.26,0,50.32,residential,standard,none,33.55
219,11,0,0,8.11,31.06,2.87,20.38,17,45.85,10.63,35.98,peripheral,standard,none,38.57
219,12,0,0,4.08,28.58,9.64,15.89,13,12.04,12.24,56.55,residential,standard,none,31.69
219,13,0,0,11.38,16.49,0,16.59,16,12.92,6.3,34.67,peripheral,standard,none,38.52
219,14,0,0,8.24,53.6,6.74,16.03,8,30.39,8.96,34.95,residential,express,none,38.58
219,15,0,0,6.07,48.95,8.84,19.66,13,0,12.01,27.09,peripheral,standard,none,45.31
219,16,0,0,13.32,32.53,0,24.17,11,50.34,7.68,25.94,peripheral,standard,none,32.95
219,17,0,0,12.55,86.85,0,18.81,19,23.08,14.17,70.07,residential,standard,none,70.73
219,18,0,0,0.5,54.05,1.95,20.04,11,18.12,25.53,21.01,peripheral,standard,none,35.04
219,7,0,0,8.32,35.51,2.63,19.14,1,30.4,1.98,55.4,residential,bulky,none,39.35
219,8,0,0,17.03,86.95,3.54,20.56,5,17.45,14.51,76.87,central,bulky,none,91.66
219,9,0,0,17.76,83.23,5.46,25.67,8,0,17.23,94.95,central,express,none,92.12
219,10,0,0,13.61,26.52,0,18.89,11,51.19,7.78,26.41,peripheral,standard,none,52.65
220,11,0,0,11.46,43.42,6.87,24.64,6,1.28,7.8,84.29,residential,standard,none,42.82
220,12,0,0,9.88,45.65,3.53,16.88,17,38.11,5.51,39.97,residential,standard,none,46.38
220,13,0,0,4.45,44.55,6.97,13.33,7,29.64,8.06,45.16,residential,bulky,none,36.75
220,14,0,0,14.46,52.71,7.78,23.13,18,33.88,4.7,78.65,central,standard,none,58.72
220,15,0,0,9.3,56.5,0.91,20.84,12,9.12,0,100,central,standard,none,30.19
220,16,0,0,9.39,42.88,8.12,20.74,7,1.23,5.05,74.53,residential,bulky,none,47.99
220,17,0,0,18.24,75.14,8.95,18.62,17,24.2,17.16,26.26,peripheral,standard,none,80.35
220,18,0,0,7.26,98,4.58,23.38,6,10.94,15.92,60.86,residential,bulky,none,55.52
220,7,0,0,16.3,28.22,3.48,16.81,21,43.64,0,28.66,peripheral,express,none,43.99
220,8,0,0,6.79,76.09,11.62,18.77,21,42.25,11.88,65.25,residential,express,none,46.6
220,9,0,0,7.1,68.29,4.58,19.15,22,7.46,17.23,19.57,peripheral,express,none,53.24
220,10,0,0,4.3,47.14,0,17.52,20,26.79,1.68,100,central,standard,none,28.06
220,11,0,0,0.5,42.08,1.79,25.32,9,4.65,6.6,76,residential,express,none,23.56
220,12,0,0,17.75,50.64,8.57,18.5,18,32.43,16.1,81.74,central,express,none,67.83
220,13,0,0,12.91,45.88,2.67,19.66,11,10.75,3.92,84.08,central,standard,none,50.21
220,14,0,0,13.54,33.51,2.76,26.35,15,19.87,6.24,46.57,residential,standard,none,43.58
220,15,0,0,12.18,61.31,0,22.46,9,12.72,0,80.93,central,express,none,38.66
220,16,0,0,9.3,44.96,2.73,20.51,17,12.69,7.59,72.74,residential,express,none,34.13
220,17,0,0,6.6,90.47,3.35,21.35,11,0,24.47,76.83,central,express,none,52.72
220,18,0,0,18.21,77.53,1.24,17.92,22,29.65,17.89,43.13,peripheral,express,none,73.79
220,7,0,0,23.73,34.26,1.03,18.42,5,25.89,0,28.41,peripheral,bulky,none,64.58
220,8,0,0,2.66,65.63,4.9,18.24,15,19.06,13.81,79.79,residential,express,none,32.51
220,9,0,0,7.98,60.59,0.86,13.85,10,21.2,20.54,30.59,peripheral,standard,none,56.85
220,10,0,0,13,39.94,0,15.85,12,17.51,0,9.95,peripheral,standard,none,45.5
220,11,0,0,2.25,39.44,4.72,21.31,26,7.99,0,19.59,peripheral,standard,none,22.89
220,12,0,0,3.11,47.44,0,15,21,28.31,16.57,39.47,residential,standard,none,36.95
220,13,0,0,4.96,36.8,2.89,18.73,12,13.99,2.83,66.07,residential,express,none,22.64
220,14,0,0,24.01,59.28,0,12.1,8,17.48,5.54,51.19,residential,standard,none,72.91
220,15,0,0,0.5,47.47,0,18.46,14,25.87,11.23,88.78,central,express,none,29.35
220,16,0,0,7.81,34.9,0.78,21.07,19,14.71,18.35,38,residential,standard,none,51.85
220,17,0,0,13.85,67.16,4.4,14.8,14,25.27,10.81,73.57,residential,express,none,68.57
220,18,0,0,3.61,77.58,4.09,13.9,15,0,29.29,81.69,central,standard,none,62.21
220,7,0,0,9.66,23.56,0,22.1,17,9.52,9.42,16.62,peripheral,express,customer_absent,38.72
220,8,0,0,4.86,82.52,2.83,27.48,17,0,21.71,59.76,residential,express,none,49.04
220,9,0,0,7.03,79.49,0,21.73,22,28.93,18.17,64.98,residential,standard,none,57.69
220,10,0,0,13.45,36.28,0,15.78,17,41.54,0,22.01,peripheral,standard,none,36.79
220,11,0,0,7.34,13.2,11.61,19.09,8,0,0,33.85,peripheral,standard,none,24.22
220,12,0,0,5.53,26.7,2.55,25.64,13,20.74,0,21.59,peripheral,standard,none,27.28
220,13,0,0,12.45,33.26,4.86,22.61,15,20.04,0,39.2,peripheral,express,none,26.52
220,14,0,0,12.81,48.84,7.08,23.69,11,38.03,10.29,22.94,peripheral,standard,none,49.84
221,15,0,0,9.82,30.62,3.55,11.56,19,6.27,2.91,55.37,residential,standard,none,38.59
221,16,0,0,5.79,24.48,0,20.34,16,18.35,7.6,40.59,residential,standard,none,29.86
221,17,0,0,6.75,62.46,2.91,18.1,13,0,23.66,47.99,residential,standard,none,55.05
221,18,0,0,5.64,81.19,0,18.42,2,33.59,12.39,74.19,residential,bulky,none,50.68
221,7,0,0,30.86,47.07,0,17.04,16,0,0.26,65.85,residential,express,none,76.88
221,8,0,0,9.86,78.88,13.57,14.6,9,9.32,24.27,46.09,residential,standard,none,76.98
221,9,0,0,12.1,81.21,0,13.3,9,26.14,25.06,96.98,central,bulky,none,81.51
221,10,0,0,3.94,19.03,1.45,18.46,12,0.69,1.36,41.73,peripheral,standard,none,20.22
221,11,0,0,5.67,46.98,0,18.61,15,8.17,6.36,96.86,central,express,vehicle,83.08
221,12,0,0,1.7,48.17,0.7,17.01,6,25.05,0,62.79,residential,standard,none,18.82
221,13,0,0,8.99,34.55,5.09,25.58,14,14.03,7.03,90.92,central,standard,none,45.54
221,14,0,0,7.55,54.22,5.36,20.56,14,12.99,1.95,43.95,residential,standard,none,38.99
221,15,0,0,8.23,51.8,0,18.01,5,0,6.06,80.96,central,standard,none,41.51
221,16,0,0,11.11,39.69,5.42,15.94,13,20.51,9.31,41.22,peripheral,standard,none,52.88
221,17,0,0,11.16,90.74,2.85,19.93,16,32.22,24.56,100,central,standard,none,72.47
221,18,0,0,6.99,98,1.95,21.77,13,11.07,3.25,80.33,central,express,none,33.42
221,7,0,0,10.85,17.51,8.21,27.94,19,11.16,9.01,20.68,peripheral,standard,none,46.71
221,8,0,0,4.31,90.73,8.06,21.15,5,0,11.59,64.27,central,standard,none,51.98
221,9,0,0,10.11,78.51,8.1,24.76,12,6.17,10.42,66.61,residential,express,none,48.07
221,10,0,0,10.61,52.74,0.05,16.75,8,0,2.41,72.19,central,standard,none,38.46
221,11,0,0,1.25,18.49,6.62,21.6,14,17.49,13.89,24.04,peripheral,standard,none,33.73
221,12,0,0,10.5,38.4,0,23.63,8,0,2.17,47.38,residential,standard,none,46.34
221,13,0,0,2.41,74.91,4.07,14,12,10.62,0.97,81.72,central,standard,none,25.03
221,14,0,0,4.82,56.79,0,12.82,11,17.08,0,91.47,central,express,none,26.02
221,15,0,0,7.65,37.48,0.36,20.05,8,0,7.21,27.74,peripheral,standard,none,40.18
221,16,0,0,7.07,46.69,4.43,15.49,16,22.21,7.94,78.45,central,standard,none,45.9
221,17,0,0,9.73,82.47,7.47,24.9,19,9.83,19.05,66.99,residential,standard,none,71.07
221,18,0,0,1.13,71.05,0,18.47,11,8,6.05,20.79,peripheral,standard,none,22.1
221,7,0,0,8.98,40.49,1.58,21.37,19,13.91,18.76,94.01,central,standard,none,64.73
221,8,0,0,6.92,83.72,0,26.47,15,31.3,14.58,95.66,central,express,customer_absent,61.74
221,9,0,0,10.69,91.17,4.97,19.13,8,32.69,15.06,53.12,central,standard,none,65.56
221,10,0,0,5.56,41.32,5.75,22.98,17,7.08,0,60.67,residential,standard,none,32.55
221,11,0,0,7.74,45.98,5.56,21.22,8,14.21,17.6,58.34,residential,standard,none,52.45
221,12,0,0,18.27,48.94,11.82,16.25,20,23.86,1.57,47.53,residential,standard,none,63.18
221,13,0,0,3.72,50.91,4.03,15.63,11,29.17,7.9,38.29,residential,standard,none,34.1
221,14,0,0,4.54,45.48,0,20.31,8,25.22,0,35.09,residential,express,none,18.16
221,15,0,0,11.16,51.87,1.39,20.99,3,21.1,11.36,100,central,bulky,none,57.92
221,16,0,0,10.42,33.42,3.13,18.68,5,20.71,0,17.73,peripheral,standard,none,21.48
221,17,0,0,24.36,79.01,0,15.92,17,31.27,15.53,32.97,residential,standard,none,92.34
221,18,0,0,7.13,90,5.17,18.06,19,16.19,22.3,54.93,residential,standard,none,56.38
222,7,1,0,11.41,54.88,0,12.46,8,33.98,7.51,94.89,central,standard,none,53.49
222,8,1,0,7.72,70.54,3.33,22.53,17,16.01,17.73,79.27,central,standard,none,66.38
222,9,1,0,3.92,58.87,1.13,22.8,16,27.16,17.17,18.38,peripheral,express,none,41.84
222,10,1,0,6.66,28.99,0.21,19.54,17,35.48,11.39,47.95,residential,standard,none,43.9
222,11,1,0,6.86,38.09,0,23.68,17,32.77,2.85,6.55,peripheral,express,none,22.36
222,12,1,0,7.75,36.61,4.44,19.2,15,9.7,0.48,54.97,residential,standard,none,38.48
222,13,1,0,11.59,44.74,11.35,21.26,9,14.25,14.08,71.46,residential,standard,none,50
222,14,1,0,2.9,33.49,0,20.51,7,19.55,13.6,51.52,residential,bulky,none,40.87
222,15,1,0,8.59,42.33,6.81,15.52,12,11.16,0,64.02,residential,express,none,22.18
222,16,1,0,8.8,24.96,4.3,17.04,17,10.97,5.77,33.6,peripheral,standard,none,36
222,17,1,0,4.35,47.19,1.6,15.18,19,0,11.39,49.38,residential,express,none,36.98
222,18,1,0,12.51,88.56,2.7,25.21,10,0,10.13,100,central,standard,customer_absent,81.81
222,7,1,0,1.42,34.91,0,15.55,20,29.61,6.02,45.79,peripheral,standard,vehicle,77.8
222,8,1,0,4.76,72,0,15.61,19,24.37,30.11,58.21,residential,standard,vehicle,108.56
222,9,1,0,11.59,69.29,0,20.75,1,6.71,30.17,57.51,central,bulky,none,77.55
222,10,1,0,9.71,45.22,10.98,22.33,17,46,12.72,91.92,central,standard,none,51.51
222,11,1,0,16.91,34.97,5.02,16.49,13,38.24,1.98,36.06,residential,standard,none,54.92
222,12,1,0,30.56,23.08,0,26.8,16,2.05,16.53,54.62,residential,standard,none,82.33
222,13,1,0,13.4,19.52,8.03,21.63,14,25.9,4.5,50.16,peripheral,express,none,39.59
222,14,1,0,9.9,51.6,1.98,19.83,6,44.78,10.92,72.69,central,bulky,none,57.04
222,15,1,0,18.05,52.47,0,17.69,14,14.57,7.59,77.55,residential,standard,none,74.09
222,16,1,0,8.61,25.01,4.63,14.08,8,13.74,13.19,35.71,peripheral,bulky,none,48.3
222,17,1,0,1,73.11,0,24.04,7,8.84,7.05,76.73,central,express,none,19.88
222,18,1,0,7.24,55.38,0,20.87,1,9.78,24.48,23.47,peripheral,bulky,none,56.5
222,7,1,0,8.08,35.78,0,15.17,7,13.29,3.73,92.61,central,standard,none,38.27
222,8,1,0,11.79,73.37,13.95,15.42,14,9.08,12.28,44.74,residential,standard,none,67.1
222,9,1,0,2.97,86.64,0.19,16.5,16,4.58,16.12,79.57,central,express,none,47.29
222,10,1,0,0.64,36.39,8.02,16.31,12,19.8,5.05,19.37,peripheral,express,none,17.87
222,11,1,0,0.5,31.89,1.37,23.67,8,18.65,8.87,54.54,residential,bulky,vehicle,69.8
222,12,1,0,8.53,32.33,5.16,22.72,19,3.34,7.3,81.21,central,standard,none,48.81
222,13,1,0,9.22,44.55,8.23,21.6,18,60.54,8.02,84.43,central,standard,none,39.5
222,14,1,0,3.53,45.41,0,19.34,11,29.01,13.61,79.15,central,standard,none,36.11
222,15,1,0,8.53,35.32,5.02,22.45,10,0,4.39,68.17,central,standard,none,37.54
222,16,1,0,9.36,47.58,4.32,19.6,11,28.54,0.25,41.67,residential,standard,none,35.79
222,17,1,0,4.54,49.89,0,16.85,14,25.34,24.89,43.53,peripheral,standard,none,56.98
222,18,1,0,16.26,70.59,7.89,21.11,27,5.86,12,62.45,residential,standard,none,74.07
222,7,1,0,7.14,18.1,3.03,19.19,10,0,11.74,68.17,residential,express,none,37.42
222,8,1,0,13.35,79.2,0,16.77,10,23.08,19.93,87.45,central,standard,vehicle,92.41
222,9,1,0,21.37,60.96,8.59,23.73,8,30.79,21.3,32.14,peripheral,express,none,82.46
222,10,1,0,22.32,24.95,6.31,16.75,9,21.22,10.1,25.26,peripheral,standard,none,54.94
223,11,1,0,2.37,24.42,2.75,18.98,12,33.48,10.07,74.17,residential,express,none,28.37
223,12,1,0,4.36,40.24,8.97,14.71,11,11.04,14.98,100,central,bulky,none,54.35
223,13,1,0,2.55,54.11,7.32,23.42,13,15.66,6.89,91.11,central,standard,none,41.91
223,14,1,0,7.33,34.01,5.26,25.85,17,19.79,5.66,66.19,residential,standard,none,45.18
223,15,1,0,11.47,29.26,2.02,17.94,9,12.07,10.24,26.91,peripheral,standard,none,44.91
223,16,1,0,8.35,45.46,0,11.28,12,35.27,14.05,28.65,peripheral,express,none,37.63
223,17,1,0,11.86,62.84,0,17.61,15,14.11,16.81,9.7,peripheral,standard,none,65.25
223,18,1,0,10.74,67.02,10.58,22.34,21,26.59,22.05,37.26,peripheral,standard,none,64.8
223,7,1,0,18.41,40.66,3.83,17.62,9,18.16,13.1,60.09,residential,express,none,57.72
223,8,1,0,13.78,81.4,6.99,16.86,23,18.81,11.63,82.54,central,express,none,77.38
223,9,1,0,14.93,73.23,10.31,18,3,34.4,13.58,87.6,central,bulky,none,82
223,10,1,0,36.37,38.58,9.48,17.92,21,23.17,0,62.22,central,standard,none,95.8
223,11,1,0,6.53,42.16,1.34,21.08,9,31.34,0.88,64.65,residential,bulky,none,33.83
223,12,1,0,7.29,36.01,0.54,20.7,17,48.57,3.53,80.94,central,express,roadwork,62.85
223,13,1,0,9.1,39.03,6.37,16.29,15,15.46,2.17,51.21,residential,standard,none,35.36
223,14,1,0,6.15,56.95,12.73,13.75,6,17.66,4.43,95.3,central,express,none,32.33
223,15,1,0,21.26,31.39,8.09,14.9,16,27.55,19.71,25.61,residential,standard,none,76.26
223,16,1,0,8.04,40.2,0,23.54,14,12.38,6.68,60.42,central,standard,none,31.08
223,17,1,0,6.19,77.4,1.17,20.57,16,22.25,18.98,77.8,central,standard,none,59.26
223,18,1,0,15,30.14,0,12.04,14,20.57,15.46,15.13,peripheral,express,none,46.18
223,7,1,0,0.5,40.54,1.03,21.44,14,23.37,8.17,72.13,residential,express,none,23.68
223,8,1,0,4.72,76.53,0,21.83,6,20.6,22.61,82.98,central,standard,roadwork,68.86
223,9,1,0,1.41,56.64,6.7,16.4,17,5.99,15.86,39.2,peripheral,standard,none,40.23
223,10,1,0,7.46,43.27,6.21,12.83,12,17.37,5.31,93.1,central,standard,none,32.79
223,11,1,0,33.24,56.49,0,23.97,16,0,16.19,80.32,central,standard,none,104.66
223,12,1,0,2.71,53.4,1.69,17.77,11,13.47,0.82,74.83,central,standard,none,32.55
223,13,1,0,0.65,50.13,8.11,22.07,12,28.44,8.82,70.44,central,standard,none,33.21
223,14,1,0,9.79,14.79,7.68,13,14,21.34,3.61,21.97,peripheral,express,none,29.57
223,15,1,0,4.26,29.25,0,10.2,16,16.57,0.19,51.61,residential,standard,none,38.75
223,16,1,0,5.88,57.26,4.2,20.7,18,26.17,10.35,80.21,central,standard,none,43.66
223,17,1,0,5.68,79.41,1.8,20.24,6,30.72,16.47,60.9,central,standard,none,47.63
223,18,1,0,4.9,77.51,0.3,17.82,20,35.39,14.78,98.28,central,standard,none,49.69
223,7,1,0,13.31,54.78,0,19.86,14,10.1,5.93,71.07,residential,standard,none,45.6
223,8,1,0,10.31,82.14,0,17.74,12,25.63,22.04,90.84,central,standard,none,66.55
223,9,1,0,0.92,65.47,6.1,15.69,15,21.52,11.79,68.91,residential,standard,none,35.2
223,10,1,0,2.33,18.99,7.08,17.79,12,41.31,10.45,35.75,peripheral,standard,none,33.62
223,11,1,0,16.39,26.56,1.97,16.52,14,0,0,57.36,residential,standard,none,48.18
223,12,1,0,5.68,67.44,5.34,21.88,14,1.07,4.42,98.47,central,express,none,34.66
223,13,1,0,11.03,27.88,1.02,22.13,15,21,13.55,63.94,residential,standard,none,50.63
223,14,1,0,4.01,49.12,4.2,22.67,14,6.8,0,99.98,central,express,none,19.82
224,15,0,0,11.78,33.1,0.36,19.7,19,30.43,2.29,17.07,peripheral,standard,none,39.51
224,16,0,0,5.82,63.95,0,24.74,16,15.47,19.76,81.14,central,express,none,52.74
224,17,0,0,14.05,68.03,2.58,17.35,5,19.95,10.13,53.58,residential,express,none,61.12
224,18,0,0,9.43,66.48,1.18,27.59,11,8.23,19.48,57.66,residential,standard,none,72.01
224,7,0,0,6.04,44.6,7.74,20.99,12,3.25,3.92,52.86,residential,standard,none,33.79
224,8,0,0,11.9,91.87,1.42,23.51,1,8.13,13.34,95.31,central,bulky,none,70.19
224,9,0,0,9.93,91.68,15.06,13.8,13,11.35,25.5,90.89,central,standard,none,85.58
224,10,0,0,3.13,28.68,8.73,13.97,10,10.93,11,67.44,residential,standard,none,38.44
224,11,0,0,8.11,42.39,1.14,15.68,18,0,11.66,41.44,residential,express,none,49.07
224,12,0,0,7.72,47.07,2.71,25.54,14,3.66,11.49,69.83,residential,express,none,38.81
224,13,0,0,8.61,41.13,3.87,13.09,13,0,19.94,76.81,central,express,none,58.05
224,14,0,0,8.99,30.88,1.01,17.6,18,18.44,2.06,24.75,peripheral,standard,none,47.5
224,15,0,0,2.44,49.89,0.22,16.85,9,23.32,10.68,100,central,standard,none,37.32
224,16,0,0,9.85,26.36,2.36,14.78,13,22.08,14.28,43.26,peripheral,standard,none,48.23
224,17,0,0,0.5,69.62,0.75,20.78,11,7.78,4.99,100,central,standard,none,31.77
224,18,0,0,3.33,64.51,4.96,25.11,10,29.68,21.94,13.57,peripheral,express,none,38.13
224,7,0,0,11.16,35.55,5.52,18.38,11,13.64,15.57,36.87,peripheral,express,none,47.02
224,8,0,0,28.53,62.88,1.51,23.27,13,3.13,28.32,21.33,peripheral,express,none,106.56
224,9,0,0,13.26,54.83,5.49,18.81,11,23.41,12.74,90.44,central,standard,none,57.75
224,10,0,0,9.22,47.34,0,18.42,12,40.14,16.38,93.73,central,express,none,45.44
224,11,0,0,8.22,47.67,0.42,24.32,16,24.11,3.44,55.61,residential,standard,none,40.33
224,12,0,0,13.34,52.09,1.47,27.08,9,23.21,3.08,97.29,central,standard,none,47.03
224,13,0,0,6,34.17,0,23.57,14,16.75,9.69,96.33,central,express,none,32.5
224,14,0,0,15.56,63.55,0,20.86,4,0,1.43,89.54,central,standard,none,51.28
224,15,0,0,3.01,53.33,0,21.64,3,31.41,2.64,45.64,residential,bulky,none,33.82
224,16,0,0,5.63,30.15,4.67,16.12,2,37.75,13.11,38.68,peripheral,bulky,none,39.87
224,17,0,0,9.94,86.86,0,22.58,21,7.38,17.98,78.29,central,express,none,67.75
224,18,0,0,1.43,83.57,12.87,11.57,11,12.08,21.9,65.74,residential,standard,none,35.13
224,7,0,0,7.98,50.52,7.12,14.29,8,7.81,2.32,59.34,residential,standard,none,35.38
224,8,0,0,2.67,74.87,0,17.9,14,22.63,7.31,29.07,residential,standard,none,28.7
224,9,0,0,3.49,84.32,2.63,18.55,11,38.88,20.34,88.69,central,standard,none,50.62
224,10,0,0,5.14,55.31,0,22.98,20,34.56,8.68,77.38,central,express,none,36.13
224,11,0,0,0.5,56.85,0.91,16.75,11,37.99,0,86.42,central,express,none,8
224,12,0,0,5.58,34.76,3.73,24.24,12,14.28,6.72,54.17,residential,standard,none,36.29
224,13,0,0,11.06,34.46,0,18.25,12,32.48,11.03,79.76,residential,standard,none,50.67
224,14,0,0,9.48,54.44,1.62,15.28,14,22.84,16.45,58.51,residential,express,none,48.06
224,15,0,0,4.27,44.54,0.64,19.64,1,6.34,7,40.28,peripheral,bulky,vehicle,63.37
224,16,0,0,10.31,38.34,0,17.38,15,36.13,2.7,78.32,residential,standard,none,36.59
224,17,0,0,14.34,54.75,1.2,18.19,15,28.19,16.03,36.47,peripheral,standard,none,63.92
224,18,0,0,4.91,76.91,7.18,15.13,16,22.65,17.01,47.77,peripheral,standard,none,49.91
225,7,0,0,5.01,40.25,10.43,12.45,19,21.41,13.46,90.81,central,express,none,36.88
225,8,0,0,9.63,76.07,0,21.6,9,2.5,25.85,50.25,residential,standard,none,68.45
225,9,0,0,11.02,57.77,2.52,20.11,13,22.01,25.81,34.66,peripheral,standard,none,69.52
225,10,0,0,2.39,8.1,1.31,18.37,21,20.19,0,38.01,residential,express,none,17.82
225,11,0,0,6.59,22.9,0,26.62,14,32.64,9.18,9.51,peripheral,standard,none,32.49
225,12,0,0,21.45,45.24,5.24,22.26,14,9.08,0,100,central,express,none,53.23
225,13,0,0,10.21,18.3,0,17.44,7,20.31,0,5,peripheral,standard,none,32.11
225,14,0,0,14.42,38.16,0,18.38,17,27.43,11.2,91.48,central,standard,none,57.99
225,15,0,0,10.27,52.47,2.44,20,9,0,0.7,96.57,central,express,none,38.56
225,16,0,0,10.68,45.66,2.43,15.23,12,0,6.78,51.38,residential,express,none,37.82
225,17,0,0,14,75.04,0,23.73,14,0,9.67,21.81,peripheral,standard,none,64.07
225,18,0,0,32.56,81.74,2.45,23.65,4,15.7,16.95,73.98,central,standard,none,119.9
225,7,0,0,2.84,34.98,0,24.81,14,41.48,3.58,67.62,residential,standard,none,22.75
225,8,0,0,8.34,82.69,2.32,13.55,11,34.13,21.12,42.27,residential,standard,none,56.49
225,9,0,0,3.32,80.97,6.56,14.84,10,34.24,16.69,81.4,central,express,none,43.4
225,10,0,0,2.58,52.53,0,12.54,18,9.57,11.41,88.8,central,standard,none,35.85
225,11,0,0,17.58,49.83,3.29,14.52,8,15.92,9.43,93.96,central,bulky,none,68.37
225,12,0,0,9.85,45.86,3.97,22.16,14,4.28,11.03,65.14,residential,express,none,42.62
225,13,0,0,5.83,25.9,2.02,16.87,8,6.5,0.93,57.86,residential,standard,none,31.47
225,14,0,0,15.54,40.44,0,16.71,11,50.99,0,59.72,peripheral,standard,none,44.27
225,15,0,0,24.63,43.61,0,23.15,8,36.72,11.12,29.72,residential,express,none,62.41
225,16,0,0,5.45,35.53,6.86,16.01,10,10.19,1.3,56.26,residential,bulky,none,36.29
225,17,0,0,5.95,63.75,8.91,18.43,9,13.84,19.18,15.86,peripheral,standard,none,38.87
225,18,0,0,12.91,66.05,0,14.49,12,26.86,21.71,26.95,peripheral,standard,customer_absent,78.96
225,7,0,0,3.29,31.2,0.31,18.08,21,14.93,15.27,32.22,peripheral,standard,none,46.32
225,8,0,0,23.49,89.92,3.91,18,8,21.91,29.42,54.64,residential,standard,none,105.61
225,9,0,0,5.44,81.39,0,19.65,14,3.46,16.24,100,central,standard,none,41.09
225,10,0,0,5.72,41.32,9.02,21.39,16,2.39,0,59.11,residential,standard,none,36.91
225,11,0,0,14.46,43.11,2,24.99,15,48.38,14.07,99.3,central,standard,none,60.2
225,12,0,0,11.55,19.18,0,25.33,12,29.5,8.1,30.8,peripheral,standard,none,38.97
225,13,0,0,3.79,51.79,2.33,20.04,17,28.05,18.3,55.84,residential,standard,none,51.2
225,14,0,0,20.35,42.5,3.14,15.93,9,24.06,10.04,18.21,peripheral,standard,none,63.95
225,15,0,0,13.65,37.52,7.2,24.07,14,27.9,11.06,50.13,residential,standard,none,56.26
225,16,0,0,9.02,19.31,2.6,10.92,18,7.31,21.12,20.25,peripheral,standard,none,52.09
225,17,0,0,17.37,98,0,18.33,13,25.77,18.33,86.4,central,standard,none,86.76
225,18,0,0,6.61,93.64,0,21.95,7,7.25,12.52,75.08,residential,standard,none,58.19
225,7,0,0,0.5,43.41,4.02,15.17,17,16.39,4.88,63.84,residential,standard,none,34.28
225,8,0,0,7.89,61.15,7.49,17.67,1,9.81,13.45,36.13,peripheral,bulky,none,61.81
225,9,0,0,11.8,63.02,0.23,16.06,17,21.31,18.14,19.59,peripheral,standard,none,55.86
225,10,0,0,6.87,38.42,9.4,15.17,14,14.06,11.9,40.46,peripheral,standard,none,42.77
226,11,0,0,12.87,25.76,0.63,17.68,14,15.31,4.9,65.51,residential,standard,none,44.62
226,12,0,0,14.49,44.62,11.36,16.06,11,46.17,5.12,100,central,standard,none,52.62
226,13,0,0,13.61,33.46,7.75,20.97,12,17.62,3.11,69.25,residential,standard,none,51.98
226,14,0,0,6.03,52.97,12.98,16.14,1,38.05,0,43.82,residential,bulky,vehicle,65.45
226,15,0,0,16.06,41.31,0,17.66,13,35.42,0,28.73,peripheral,express,none,39.7
226,16,0,0,10.75,54.29,1.4,15.58,15,37.67,15.6,91.09,central,express,none,58.83
226,17,0,0,25.84,87.65,0,19.31,13,0,17.31,82.97,central,standard,none,109.86
226,18,0,0,8.44,56.81,6.09,25.52,15,0,24.21,25.15,peripheral,standard,none,54.63
226,7,0,0,3.63,45.35,4.43,20.04,10,38.39,11.52,50.22,residential,standard,customer_absent,59.95
226,8,0,0,8.98,66.46,5.35,20.18,8,4.2,7.92,26.43,peripheral,express,none,37.85
226,9,0,0,5.23,77.92,3.01,20.21,17,0,15.97,50.99,residential,express,none,47.79
226,10,0,0,2.55,26.57,0.71,22.47,17,31.71,9.59,56.88,residential,express,none,24.24
226,11,0,0,18.01,13.25,1.36,16.02,15,29.31,11.7,58.11,residential,standard,none,47.58
226,12,0,0,7.21,21.65,11.53,12.35,11,11.68,16.69,45.72,residential,express,none,49.9
226,13,0,0,10.1,43.24,4.69,15.8,14,14.15,6.76,53.54,residential,standard,none,57.56
226,14,0,0,8.3,58.83,0,14.3,9,14.86,8.16,81.95,central,express,none,43.65
226,15,0,0,32.28,36.91,1.38,18.17,12,27.79,14.65,22.06,peripheral,standard,none,82.37
226,16,0,0,1.02,53.73,4.96,18.04,16,34.79,12.84,93.95,central,express,none,27.39
226,17,0,0,10.84,66.64,3.13,19.35,9,55.28,19.83,64.84,residential,standard,none,66.64
226,18,0,0,8.17,98,0,22.49,18,31.45,18.36,100,central,bulky,none,84.17
226,7,0,0,7.1,40.09,0,15.27,7,0,6.76,27.99,residential,standard,none,30.68
226,8,0,0,15.02,80.55,1.33,17.58,14,17.63,18.54,66.79,residential,express,none,66.24
226,9,0,0,23.33,88.79,5.11,14.42,12,15.09,16.3,98.99,central,express,none,99.49
226,10,0,0,11.59,57.75,7.49,16.65,15,16.19,0.85,88.82,central,express,none,40.62
226,11,0,0,10.95,36.48,0,22.96,12,26.25,11.33,50.18,peripheral,standard,none,46.66
226,12,0,0,11.96,38.91,10.88,23.42,12,37.91,8.46,63.85,residential,standard,none,46.56
226,13,0,0,10.23,35.36,0.02,18.83,11,29.33,8.99,32.85,peripheral,standard,none,40.4
226,14,0,0,11.17,49.8,7.07,14.12,18,37.6,10.7,100,central,standard,none,55.88
226,15,0,0,25.97,37.75,0,22.39,17,23.97,0,36.56,residential,express,none,61.18
226,16,0,0,8.61,45.88,0,14.09,3,26.22,0.32,41.55,residential,bulky,none,36.32
226,17,0,0,6.77,69.48,2.08,18.83,15,5.63,18.48,42.65,peripheral,standard,none,60
226,18,0,0,1.17,49.59,4.97,22.75,5,0,19.95,38.57,peripheral,bulky,none,59.26
226,7,0,0,20.36,53.05,5.81,9.98,20,25.22,8.8,86.1,central,standard,roadwork,108.51
226,8,0,0,8.23,75.79,2.04,22.23,22,22.85,7.19,65.24,residential,express,none,40.85
226,9,0,0,4.67,82.13,4.02,11.07,21,27.82,17.55,70.56,residential,standard,none,58.81
226,10,0,0,7.91,41.59,0.48,18.41,5,14.01,0,69.64,residential,bulky,none,45.02
226,11,0,0,9.48,46.95,3.18,16.51,1,42.09,4.49,23.58,peripheral,bulky,none,45.95
226,12,0,0,1.76,55.62,7.52,13.75,14,38.01,0,84.66,central,standard,none,24.64
226,13,0,0,4.44,23.87,1.81,19.48,16,29.13,3.96,11.82,peripheral,standard,none,29.21
226,14,0,0,9.89,54.67,4.76,27.22,17,9.48,11.64,49.57,residential,standard,none,57.46
227,15,0,0,13.14,30.25,7.7,19,13,21.4,9.4,63.98,peripheral,standard,none,51.38
227,16,0,0,10.5,39.38,4.61,23.98,21,36.41,0,75.91,central,standard,none,42.32
227,17,0,0,9.83,73.64,4.32,17.68,11,17.39,20.46,42.04,residential,standard,none,56.25
227,18,0,0,14.39,89.09,3.64,15.04,16,0,19.24,81.39,central,standard,none,78.7
227,7,0,0,7.29,39.85,0,22.89,12,24.13,9.63,86.01,central,express,none,34.5
227,8,0,0,6.23,94.92,8.31,19.37,8,20.24,16.18,59.56,residential,express,none,40.71
227,9,0,0,9.74,78.47,3.42,23.14,2,25.65,26.45,62.2,residential,bulky,none,73.08
227,10,0,0,8.11,21.49,6.12,19.85,16,40.52,18.42,10.95,peripheral,express,none,43.35
227,11,0,0,3,62.62,3.04,17.63,9,26.29,13.78,100,central,express,customer_absent,31.44
227,12,0,0,5.69,42.32,2.17,15.9,13,32.04,5.1,44.03,residential,standard,none,29.18
227,13,0,0,12.29,62.47,0,25.81,10,8.57,6.25,85.1,central,standard,none,54.72
227,14,0,0,6.88,72.16,0,22.09,14,35.03,10.23,94.28,central,standard,none,42.77
227,15,0,0,20.59,37.46,0,21.93,15,15.06,6.37,100,central,standard,none,62.93
227,16,0,0,19.25,23.65,5.46,14.32,8,5.63,12.38,5,peripheral,standard,none,56.29
227,17,0,0,8.44,67.95,3.42,19.17,14,24.1,17.96,16.6,peripheral,standard,none,55.47
227,18,0,0,4.82,62.04,0,18.45,17,14.39,6.13,44.76,peripheral,standard,none,43.1
227,7,0,0,2.86,40.35,7.15,22.53,19,1.85,0,54.76,residential,standard,none,28.48
227,8,0,0,1.45,68.71,4.82,21.58,18,16.61,14.48,10.62,peripheral,standard,none,40.04
227,9,0,0,10.53,56.53,1.94,15.52,14,12.85,21.27,45.23,peripheral,standard,none,56.74
227,10,0,0,3.55,44.26,0,18.42,12,19.71,0,32.54,peripheral,standard,none,16.16
227,11,0,0,5.25,37.92,3.96,20.36,12,33.26,15.95,62.56,residential,standard,none,43.98
227,12,0,0,11.78,25.53,0,20.78,20,13.87,7.94,6.48,peripheral,standard,none,39.94
227,13,0,0,19.26,29.67,3.79,23.37,8,19.03,0,79.15,residential,express,none,41.81
227,14,0,0,11.04,53.93,0,11.97,4,27.36,0,84.68,central,bulky,none,50.46
227,15,0,0,12.4,72.45,10.24,16.91,14,21.71,15.09,69.1,central,standard,none,69.73
227,16,0,0,18.18,45.36,8.94,14.46,16,21.98,13.63,63.65,central,standard,none,69.95
227,17,0,0,9.23,80.36,0,18.33,9,6.4,6.17,49.67,residential,express,none,41.2
227,18,0,0,9.3,83.12,3.08,13.45,21,7.34,9.87,77.64,central,express,none,50.97
227,7,0,0,11.28,57.22,5.05,22.99,15,34.57,5.8,63.8,central,standard,none,47.14
227,8,0,0,15.82,83.48,1.02,24.68,14,0,13.2,100,central,standard,none,77.96
227,9,0,0,13.12,78.36,2.12,20.49,6,30.32,18.36,90.32,central,standard,none,67.86
227,10,0,0,6.2,27.44,0,18.32,15,47.74,0,52.21,residential,standard,none,23.73
227,11,0,0,5.04,58.14,3.98,19.85,11,8.65,4.03,100,central,express,none,27.15
227,12,0,0,4.19,35.77,0.02,17.9,14,0,6.69,46.65,residential,standard,none,26.21
227,13,0,0,3.79,23.53,0,21.99,5,9.55,8.19,99.04,central,bulky,none,40.81
227,14,0,0,8.98,38.48,7.82,18.59,10,18.16,11.42,41.69,residential,standard,none,58.04
227,15,0,0,2.41,55.53,5.9,15.12,9,11.74,16.58,81.1,central,standard,none,42.86
227,16,0,0,0.5,59.24,4.01,21.65,10,12.76,0,80.93,central,standard,none,13.86
227,17,0,0,9.76,63.47,2.58,19.05,19,0,18.17,5.19,peripheral,express,none,50.21
227,18,0,0,8.6,81.15,0,11.63,11,35.51,26.64,95.52,central,standard,none,75.61
228,7,0,0,9.24,36.22,0,17.88,22,11.95,8.61,48.58,peripheral,standard,none,41.21
228,8,0,0,4.29,90.32,5.37,21.61,13,24.91,19.86,47.9,central,standard,none,47.96
228,9,0,0,5.28,87.89,5.37,22.45,6,17.5,8.12,100,central,standard,none,42.07
228,10,0,0,15.8,47.51,0,20.16,20,27.39,3.18,62.06,residential,express,customer_absent,57.86
228,11,0,0,9.02,41.7,0,20.85,25,41.69,3.76,100,central,standard,none,52.03
228,12,0,0,15.49,47.7,0,20.26,1,0,0,72.36,central,bulky,none,55.12
228,13,0,0,6.54,35.71,0,16.35,13,1.59,14.07,18.49,peripheral,standard,none,35.4
228,14,0,0,12.48,38.69,0.06,16.55,16,23.32,4.35,69.74,residential,standard,none,39.03
228,15,0,0,9.87,24.46,9.06,20.09,17,1.61,12.98,39.53,peripheral,standard,none,49.98
228,16,0,0,9.52,28.83,5.9,23.58,12,22.83,14.46,7.22,peripheral,standard,none,48.93
228,17,0,0,4.11,54.18,9.95,21.76,12,8.69,12.39,35.3,peripheral,express,none,33.83
228,18,0,0,13.78,71.6,16.79,16.9,12,0,13.01,89.08,central,standard,none,70.94
228,7,0,0,5.54,36.28,2.46,24.12,16,10.13,2.19,36.21,peripheral,standard,none,26.83
228,8,0,0,4.91,98,0.89,19.36,16,5.72,22.8,85.73,central,standard,none,58.27
228,9,0,0,36.48,66.28,4.86,12.45,19,22.45,20.92,43.94,residential,standard,none,118.29
228,10,0,0,11.39,30.38,0.12,14.8,13,26.98,8.58,37.57,peripheral,standard,none,39.31
228,11,0,0,12.64,33.97,3.95,17.34,13,15.94,7.36,39.2,residential,express,none,42.36
228,12,0,0,15.94,47.13,8.58,22.3,16,30.18,19.66,100,central,standard,none,80.21
228,13,0,0,26.62,50.19,0,17.99,1,37.62,21.94,100,central,bulky,none,96.13
228,14,0,0,5.2,38.45,10.21,19.3,11,8.16,11.45,50.08,residential,express,none,34.72
228,15,0,0,6.1,43.22,3.82,14.86,9,6.49,6.49,25.74,peripheral,standard,none,42.29
228,16,0,0,5.77,43.43,1.43,15.88,5,0,7.61,5,peripheral,standard,none,25.31
228,17,0,0,12.97,62.19,0,23.85,18,18.5,9.84,23.82,peripheral,express,none,50.15
228,18,0,0,6.37,72.17,6.52,12.87,13,45.06,27.5,48.98,residential,standard,none,62.14
228,7,0,0,1.7,31.44,0,22.31,14,18.96,3.54,37.49,peripheral,standard,none,25.61
228,8,0,0,3.9,82.48,1.89,16.83,17,34.09,31.03,38.37,residential,standard,none,65.94
228,9,0,0,16.08,72.05,0,21.68,17,25.91,23.16,26.6,residential,standard,none,88.1
228,10,0,0,6.71,59.04,4.71,16.17,24,12.86,7.8,82.39,central,standard,none,43.32
228,11,0,0,14.1,61.5,3.23,19.1,17,1.44,5.14,84.68,central,standard,none,66
228,12,0,0,23.79,39.02,1.29,20.85,17,14.99,5.16,21.18,peripheral,standard,none,65.27
228,13,0,0,4.04,60.81,0.13,16.06,12,19.25,0.9,72.17,central,standard,none,24.64
228,14,0,0,3.49,45.32,0,20.93,3,34.25,18.86,72.53,central,standard,none,34.19
228,15,0,0,10.74,57.5,7.97,22.68,17,28.98,16.48,96.58,central,standard,none,62.39
228,16,0,0,7.61,40.95,5.33,21.05,15,46.73,12.47,82.46,residential,express,none,38.37
228,17,0,0,11.52,71.5,0,16.87,14,47.8,29.27,33.29,peripheral,express,none,70.75
228,18,0,0,33.95,85.65,0,16.83,6,47.32,22.37,100,central,standard,none,130.83
228,7,0,0,14.2,49,4.83,13.75,14,15.69,14.11,91.77,central,standard,none,53.64
228,8,0,0,14.87,74.45,0,13.22,10,58.79,23.1,34.13,residential,express,none,62.73
228,9,0,0,5.34,72.6,1.52,19.01,10,51.95,5.21,55.56,residential,standard,none,29.93
228,10,0,0,6.86,57.99,1.07,17.63,14,30.07,9.3,55.25,residential,standard,none,38.04
229,11,1,0,13.21,38.9,4.33,15.71,10,33.18,3.68,51.27,residential,standard,none,46.4
229,12,1,0,9.66,12.55,0.87,16.78,13,31.07,12.71,60.13,residential,standard,none,38.06
229,13,1,0,9.64,17.93,2.11,21.43,4,6.29,13.69,28.57,peripheral,bulky,none,49.74
229,14,1,0,13.34,41.67,4.16,24.62,12,16.97,0,40.45,peripheral,express,none,39.42
229,15,1,0,8.93,35.14,0,32.54,20,21.23,3.8,57.93,residential,standard,none,47.14
229,16,1,0,4.96,32.8,0.92,15.21,17,32.29,6.17,31.33,peripheral,standard,none,47.77
229,17,1,0,4.96,58.96,7.09,23.61,14,22.51,13.81,49.27,peripheral,standard,none,45.53
229,18,1,0,9.15,57.09,5.58,21.07,2,37.94,16.87,58.86,residential,bulky,none,62.52
229,7,1,0,8.65,47.18,0,14.67,13,5.1,0,81.31,central,express,none,19.74
229,8,1,0,10.43,49.88,2.82,8.94,12,0,8.74,30.04,peripheral,standard,none,57.84
229,9,1,0,12.01,78.73,0,13.36,19,26.27,5.79,49.92,residential,standard,none,56.38
229,10,1,0,14.23,43.67,0.4,12.11,14,0,0,72.96,residential,standard,none,49.08
229,11,1,0,11.38,37.49,5.93,19.86,6,27.03,0.33,44.7,residential,express,none,28.79
229,12,1,0,15.6,26.93,0,16.64,12,15.18,5.31,5,peripheral,express,none,54.06
229,13,1,0,4.88,43.75,0,20.85,15,58.84,12.34,65.3,residential,express,none,31.94
229,14,1,0,9.42,15.52,0,19.48,12,7.5,10.84,69.3,residential,standard,none,43.36
229,15,1,0,1.99,41.66,0.89,20.02,2,14.29,11.45,47.27,residential,standard,none,37.21
229,16,1,0,0.53,19.06,12.32,18.94,18,13.84,6.01,35.84,peripheral,standard,none,21.99
229,17,1,0,11.36,60.27,4.86,13.54,6,8.2,20.16,68.23,residential,bulky,none,74.8
229,18,1,0,11.24,68.01,0,27.23,7,35.97,20.04,5,peripheral,bulky,none,68.66
229,7,1,0,2.01,20.3,5.32,21.77,12,18.79,7.19,55.83,residential,express,none,23.46
229,8,1,0,8.11,69.02,8.72,20.4,13,11.55,11.26,72.24,residential,standard,none,55.1
229,9,1,0,11.15,67.25,2.13,18.2,15,13.62,15.89,52.29,residential,standard,customer_absent,77.6
229,10,1,0,2.94,23.7,1.08,18.92,10,28,11.32,32.7,peripheral,standard,none,37.66
229,11,1,0,11.14,24.56,0,16.84,17,17.18,12.07,36.86,residential,standard,none,41.69
229,12,1,0,7.51,36.27,3.08,20.59,12,0,2.28,54.29,residential,standard,none,35
229,13,1,0,0.5,27.58,0,14.8,18,19.84,8.03,28.34,peripheral,standard,none,27.15
229,14,1,0,3.25,39.56,0,14.31,7,20.36,8.26,43.03,residential,standard,none,34.69
229,15,1,0,9.81,40.97,0,16.85,20,12.14,0,76.9,central,express,none,30.84
229,16,1,0,8.13,30.72,5.97,16.56,11,21.06,12.96,100,central,standard,none,46.51
229,17,1,0,12.97,62.89,2.82,18.27,20,23.96,19.05,62.91,residential,standard,none,78.37
229,18,1,0,9.09,47.94,0,20.13,12,26.74,17.14,27.52,peripheral,standard,none,41
229,7,1,0,6.81,26.74,0.84,16.69,8,3.91,6.17,8.45,peripheral,bulky,none,44.39
229,8,1,0,10.79,74.09,0,18.97,15,10.52,15.55,36.95,residential,standard,none,55.2
229,9,1,0,10.46,53.98,0,15.36,22,29.25,6.5,23.14,peripheral,express,none,44.74
229,10,1,0,11.2,44.09,2.38,18.78,12,21.77,8.98,57.29,residential,express,none,44.97
229,11,1,0,6.64,17.28,0,15.37,13,26.83,12.46,39.43,peripheral,standard,none,41.99
229,12,1,0,12.4,43.69,10.76,22.26,22,25.99,0.75,57.66,residential,express,none,35.92
229,13,1,0,11.63,15.21,1.98,20.21,15,5.6,5.94,20.37,peripheral,standard,none,42.47
229,14,1,0,6.3,45.71,13.87,16.1,11,21.62,17.29,97.6,central,standard,none,56.69
230,15,1,0,12.65,45.24,7.98,23.21,9,4.23,7.85,100,central,standard,none,54.3
230,16,1,0,16.65,8,8.73,23.71,19,31.74,4.87,34.86,peripheral,standard,none,44.66
230,17,1,0,13.3,88.82,0,17.13,18,33.56,22.66,100,central,express,none,71.57
230,18,1,0,13.34,56.46,5.73,19.03,19,30.96,17.5,53.86,residential,standard,none,77.96
230,7,1,0,2.02,40.23,0,13.73,12,12.98,10.89,31.44,peripheral,standard,none,26.39
230,8,1,0,1.54,64.98,0,21,1,20.75,16.65,87.92,central,bulky,none,37.1
230,9,1,0,14.43,92.9,3.04,11.16,14,12.49,25.79,88.05,central,express,none,73.77
230,10,1,0,2.06,30.91,1.42,15.99,16,11.99,1.23,57.1,residential,standard,none,25.48
230,11,1,0,8.54,8,9.22,16.99,16,0,6.32,47.44,peripheral,standard,none,44.25
230,12,1,0,3.16,38.52,0,14.05,15,12.81,0,32.19,residential,standard,none,13.51
230,13,1,0,10.25,41.13,1.17,19.55,15,28.65,12.22,82.99,central,standard,none,60.7
230,14,1,0,2.26,40.58,0,14.65,16,19.95,6.6,52.56,residential,standard,none,33
230,15,1,0,8.51,48.64,0,12.43,1,12.64,0,43.99,residential,bulky,none,31.8
230,16,1,0,7.17,25.99,2.11,14.97,14,23.57,9.39,30.1,residential,standard,none,40.22
230,17,1,0,3.98,82.99,4.67,10.03,3,14.3,15.09,55.71,residential,standard,none,44.72
230,18,1,0,23.89,94.51,0.38,17.72,18,15.24,21.77,100,central,standard,none,109.96
230,7,1,0,5.73,32.58,11.5,16.85,20,7.54,13.8,23.06,peripheral,standard,none,38.59
230,8,1,0,12.81,66.22,4.47,18.18,15,38.52,17.71,22.96,peripheral,standard,none,62.43
230,9,1,0,6.65,68.89,8.16,12.86,15,30.38,18.99,85.16,residential,standard,none,59.48
230,10,1,0,8.41,37.61,0,18.45,10,41.04,9.84,64.47,residential,bulky,none,56.64
230,11,1,0,8.6,30.04,0,18.98,12,3.15,7.19,80.38,central,standard,none,34.84
230,12,1,0,11.02,47.43,0,17.82,3,10.57,5.94,100,central,bulky,none,55.12
230,13,1,0,8.76,60.79,2.09,19.37,6,10.14,16.14,92.19,central,bulky,none,56.12
230,14,1,0,6.52,39.18,0,20.37,6,24.88,0,42.21,residential,bulky,none,35.92
230,15,1,0,11.75,46.55,4.44,14.92,6,0,7.65,99.07,central,bulky,none,62.03
230,16,1,0,19.87,31.18,4.45,18.9,15,8.79,7.55,78.06,central,standard,none,56.32
230,17,1,0,6.28,71.1,2.89,20.11,14,2.92,18.98,41.15,residential,standard,none,56
230,18,1,0,7.58,66.17,0,16.15,12,23.29,14.72,72.11,residential,express,none,50.29
230,7,1,0,3.77,30.65,0,19.64,11,0,5.11,66.32,residential,express,vehicle,49.22
230,8,1,0,3.66,69.72,8.45,17.27,11,24.2,15.24,56.36,residential,standard,none,39.34
230,9,1,0,15.55,66.94,2.7,20.65,10,0,11.41,60.65,residential,standard,none,61.58
230,10,1,0,4.77,26.24,0.57,14.58,16,0,11.81,68.07,residential,express,none,41.89
230,11,1,0,23.34,21.64,0,18.94,16,26.67,11.54,6.59,peripheral,standard,none,60.38
230,12,1,0,13.76,43.92,4.61,21.22,10,3.42,9.32,89.19,central,standard,none,52.18
230,13,1,0,9.22,50.74,0,16.12,7,0,0,48.24,residential,bulky,none,48.94
230,14,1,0,10.86,20.16,9.57,13.26,17,10.96,7.16,23.92,peripheral,express,none,37.54
230,15,1,0,4.3,49.1,10.03,13.95,6,35.4,7.99,77.74,central,bulky,none,47.55
230,16,1,0,14.69,39.33,0.24,17.79,11,0,11.05,29.83,peripheral,standard,none,48.48
230,17,1,0,18.19,60.94,8.36,15.31,16,0,10.72,42.75,peripheral,standard,none,75.82
230,18,1,0,1.74,43.41,6.11,17.43,14,9.63,2.22,38.95,peripheral,standard,none,21.77
231,7,0,0,0.5,27.45,8.43,18.2,11,2.97,0,16.23,peripheral,standard,none,18.55
231,8,0,0,4.43,74.01,14.51,19.15,14,27.45,15.7,74.86,central,standard,none,55.6
231,9,0,0,1.86,98,4.74,19.36,19,28.81,17.78,65.78,central,standard,none,45.13
231,10,0,0,7.86,40.23,2.83,16.04,2,11.6,9.52,18.1,peripheral,bulky,none,40.96
231,11,0,0,6.33,62.85,0,17.93,11,17.94,2.82,86.36,central,express,none,32.69
231,12,0,0,9.65,54.05,5.85,14.97,16,10.44,16.49,89.08,residential,express,none,53.29
231,13,0,0,6.97,44.91,8.6,19.06,10,18.43,13.04,54.54,residential,standard,none,43.25
231,14,0,0,13.86,30.32,1.11,19.26,10,19.8,0,58.58,residential,standard,none,40.45
231,15,0,0,19.91,25.01,5.97,14.62,14,0,1.38,22.53,peripheral,standard,none,54.03
231,16,0,0,15.32,31.43,0.95,16.91,12,4.54,5.14,36.42,peripheral,standard,none,38.25
231,17,0,0,21.99,85.59,3.81,19.91,18,25.35,11.28,65.04,residential,standard,none,92.5
231,18,0,0,33.18,64.48,7.6,11.46,17,35.52,18.7,30.69,peripheral,standard,none,115.19
231,7,0,0,0.5,58.2,3.4,17.82,9,16.54,24.75,81.48,central,standard,roadwork,67.59
231,8,0,0,8.83,64.35,2.35,18.24,15,22.36,11.96,42.23,peripheral,standard,none,48.74
231,9,0,0,7.74,75.93,4.64,29.61,21,6.32,20.48,22.14,peripheral,standard,none,59.61
231,10,0,0,13.45,50.22,8.7,10.34,13,23.6,6.27,71.16,central,standard,none,59.15
231,11,0,0,27.15,46.38,4.01,18.78,21,24.28,9.07,59.27,residential,standard,none,90.85
231,12,0,0,11.5,45.89,0,10.93,19,20.59,6.58,48.12,residential,standard,none,53.83
231,13,0,0,21.77,44,8.15,26.79,15,36.02,5.44,49.74,residential,standard,none,61.44
231,14,0,0,4.4,34.96,5.46,18.63,14,31.68,3.37,68.29,residential,standard,vehicle,61.36
231,15,0,0,14.33,15.23,6.27,14.28,9,11.75,0,16.5,peripheral,standard,none,34.47
231,16,0,0,16,38.53,6.47,21.08,13,21.11,12.27,78.1,central,standard,none,73.25
231,17,0,0,5.31,93.22,0.93,24.91,11,5.98,17.42,93.79,central,standard,none,49.33
231,18,0,0,9.89,66.1,0,18.5,17,22.16,21.79,68.57,residential,standard,none,73.28
231,7,0,0,14.68,20.42,8.55,18.94,10,22.49,10.11,8.72,peripheral,standard,none,42.11
231,8,0,0,1.37,83.25,0.33,12.16,12,5.32,14.35,83.48,central,express,none,27.94
231,9,0,0,13.92,73.62,6.28,16.22,14,29.58,13.11,22.87,peripheral,standard,none,65.94
231,10,0,0,18.15,58.4,0,19.08,16,50.33,12.21,80.75,central,express,none,72.78
231,11,0,0,12.46,54.82,0,10.65,1,21.26,6.39,69.31,central,bulky,none,55.37
231,12,0,0,2.81,48,7.31,23.79,15,40.03,8.73,86.29,central,standard,none,29.52
231,13,0,0,8.67,48.73,2.75,11.38,16,16.43,2.65,88.36,central,standard,none,42.04
231,14,0,0,2.6,51.82,0.82,17.11,8,28.61,3.02,85.57,central,standard,none,23.06
231,15,0,0,4.48,25.82,4.93,22.51,12,22.55,16.95,23.94,peripheral,standard,none,42.66
231,16,0,0,5.07,29.5,0,21.03,22,31.28,0.01,48.21,residential,standard,none,34.92
231,17,0,0,0.5,68.1,0,17.69,12,0,18.31,51.14,residential,express,none,41.06
231,18,0,0,8.62,73.69,0,19.34,17,29.17,21.52,35.31,peripheral,standard,none,65.61
231,7,0,0,9.74,58.11,0,20.82,17,13.8,6.08,72.39,residential,standard,none,56.27
231,8,0,0,21.04,95.45,7.34,14.71,7,16.91,19.35,100,central,bulky,none,115.62
231,9,0,0,15.42,57.55,6.97,24.76,13,35.23,10.56,22.85,peripheral,standard,vehicle,66.78
231,10,0,0,10.14,38.47,0.42,15.69,11,21.63,13.39,28.77,peripheral,standard,none,44.35
232,11,0,0,4.77,37.84,0,21.61,14,12.69,10.15,83.77,central,standard,none,37.23
232,12,0,0,12.81,36.28,0.38,16,13,11.17,12.61,36.76,peripheral,standard,none,53.71
232,13,0,0,13.58,41.82,5.41,13.81,13,25.72,6.48,49,residential,standard,none,44.2
232,14,0,0,9.91,50.41,0,14.11,11,26.92,0,77.02,central,bulky,none,44.02
232,15,0,0,44.26,50.49,13.2,21.2,4,10.57,0,53.91,residential,bulky,none,121.05
232,16,0,0,15.29,11.23,6.98,16.77,19,19.55,2.53,17.11,peripheral,standard,none,44.26
232,17,0,0,3.39,66.25,0,23.21,14,26.37,19.98,26.46,peripheral,standard,none,41.56
232,18,0,0,0.89,90.71,0,19.65,12,34.42,12.73,100,central,standard,none,33.99
232,7,0,0,8.89,28.36,0,15.06,17,0,6.91,5,peripheral,express,none,39.01
232,8,0,0,18.46,61.62,6.94,18.08,18,2.61,30.77,33.55,peripheral,standard,none,92.56
232,9,0,0,11.5,88.21,2.84,16.7,11,11.7,15.53,70.62,residential,express,none,61.31
232,10,0,0,9.21,44.95,0,16.45,9,15.97,10.48,58.62,residential,express,none,33.54
232,11,0,0,6.63,56.23,1.62,22.34,12,3.83,0,82.8,central,express,none,21.23
232,12,0,0,6.53,64.27,2.1,20.06,9,28.47,14.56,48.88,residential,standard,none,47.78
232,13,0,0,3.57,33.12,1.61,10.73,2,38.52,2.69,33.69,residential,bulky,none,35.3
232,14,0,0,9.04,36.54,3.23,16.14,12,17.09,6.85,60.9,residential,standard,none,46.65
232,15,0,0,8.87,45.71,0,19.42,3,11.84,1.38,79.28,central,bulky,none,42.76
232,16,0,0,10.96,43.98,0,14.09,22,18.38,1.04,62.73,residential,express,none,34.78
232,17,0,0,10.33,75.42,7.46,15.03,4,39.85,8.07,83.82,central,bulky,none,71.65
232,18,0,0,10.99,61.61,8.24,18.98,11,31.35,23.45,16.43,peripheral,express,none,53.54
232,7,0,0,6.98,37.02,0,20.4,18,0,9,60.68,residential,standard,none,47.71
232,8,0,0,8.21,79.04,7.31,23.02,11,24.04,22.03,66.32,residential,standard,none,57.99
232,9,0,0,12.88,81.2,0,21.75,10,8.21,20.76,22.24,peripheral,standard,none,70.1
232,10,0,0,15.85,28.28,4.72,16.22,10,36.98,1.65,36.07,peripheral,standard,none,44.7
232,11,0,0,8.14,33.07,0,19.92,17,32.97,16.56,29.81,peripheral,standard,none,51.85
232,12,0,0,17.08,38.74,0,20.76,18,4.37,16.72,38.13,residential,express,none,56.49
232,13,0,0,16.05,60.36,0.91,17.95,10,34.7,0.92,65.57,residential,standard,none,54.73
232,14,0,0,5.84,28.03,3.11,13,20,0,20.3,34.78,peripheral,express,none,42.14
232,15,0,0,4.37,8,0.5,19.34,14,17.51,19.39,50.48,peripheral,express,none,34.2
232,16,0,0,15.41,63.46,0.44,18.56,10,0,1.77,78.68,central,standard,none,57.53
232,17,0,0,5.02,76.44,0,14.74,14,17.21,9.15,46.93,residential,standard,none,37.37
232,18,0,0,6.02,83.78,1.06,20.65,22,4.58,12.6,97.67,central,standard,none,57.83
232,7,0,0,6.45,40.89,0,17.84,18,36.62,12.81,96.32,central,standard,none,46.7
232,8,0,0,14.85,62.38,10.15,18.02,13,16.92,14.32,96.79,central,standard,none,70.75
232,9,0,0,4.53,77.76,0,17.95,5,36.83,16.35,58.62,residential,express,none,35.34
232,10,0,0,7.02,34.51,0,13.01,18,1.86,5.46,78.75,central,express,none,33.37
232,11,0,0,12.19,41.63,6.88,16.89,5,32.67,10.32,33.67,peripheral,standard,none,58.23
232,12,0,0,8.56,40.27,0,14.4,12,17.09,18,79.82,residential,express,none,44.45
232,13,0,0,7.53,63.9,2.7,16.69,10,7.85,7.64,85.73,central,express,none,33.84
232,14,0,0,13.29,55.74,0,18.87,15,12.36,5.19,91.29,central,express,none,51.12
233,15,0,0,9.62,28.85,4.42,11.15,10,0,5.02,61.25,residential,standard,none,32.07
233,16,0,0,22.84,46.47,16.35,22.62,22,24.05,17.11,85,central,express,none,86.12
233,17,0,0,13.01,70.95,4.35,22.9,14,19.13,12.42,24.99,peripheral,standard,none,60.24
233,18,0,0,11.44,73.35,0,22.56,11,24.76,11.73,61.77,residential,standard,none,48.37
233,7,0,0,18.57,40.05,0,21.91,18,0,2.42,71.73,central,standard,none,61.49
233,8,0,0,0.5,56.63,1.86,15.03,18,25.37,19.2,35.76,residential,standard,roadwork,52.65
233,9,0,0,8.73,78.95,0,22.51,1,14.62,13.54,46.2,residential,bulky,none,54.79
233,10,0,0,5.46,51.89,0.29,11.49,14,18.56,11.51,97.37,central,express,none,35.92
233,11,0,0,10.09,44.32,3.85,13.19,18,13.01,0.39,49.87,residential,standard,none,34.48
233,12,0,0,11.68,51.83,1.87,17.73,16,29.99,8.9,22.3,peripheral,standard,none,54.16
233,13,0,0,0.5,54.74,4.13,18.54,11,37.85,14.21,78.68,residential,standard,none,27.99
233,14,0,0,5.1,52.6,0.28,14.98,7,13.32,12.86,82.88,residential,bulky,none,49.48
233,15,0,0,16.82,59.28,15.9,14.48,15,17.79,1.88,89.14,central,standard,none,55.64
233,16,0,0,40.37,56.38,4.45,16.06,15,29.3,6.53,100,central,standard,none,110.52
233,17,0,0,3.91,89.43,8.82,18.61,12,43.1,5.77,64.74,residential,standard,none,26.39
233,18,0,0,13.82,69.34,5,14.51,12,23.11,19.04,16.63,peripheral,express,customer_absent,67.89
233,7,0,0,16.01,34.91,0,20.53,12,0,4.74,71.45,residential,standard,none,57.89
233,8,0,0,15.43,64.21,3.97,20.29,7,1.24,8.69,46.79,peripheral,standard,none,64.08
233,9,0,0,18.52,68.1,12.79,17.21,13,32.22,17.83,31.44,residential,standard,none,74.51
233,10,0,0,13.11,56.81,0,19.9,10,38.84,5.17,67.49,residential,standard,none,45.84
233,11,0,0,4.81,31.7,5.07,14.99,19,0.88,10.76,11.52,peripheral,express,none,31.88
233,12,0,0,8.13,48.35,7.39,20.48,13,40.5,0,85.55,central,express,none,25.06
233,13,0,0,16.92,57.16,4.59,20.89,12,29.05,5.71,64.39,central,standard,none,64.97
233,14,0,0,8.68,35.93,2.58,15.12,14,16.43,8.32,24.87,peripheral,standard,none,37.54
233,15,0,0,10.41,56.37,7.61,18.34,14,19.4,0.5,98.34,central,express,none,41.31
233,16,0,0,14.47,38.88,0,15.62,13,30.98,6.48,92.26,central,standard,none,54.18
233,17,0,0,4.39,72.58,0,22.17,14,34.45,19.9,45.9,residential,standard,none,49.75
233,18,0,0,9,76.23,0,16.02,13,0,16.14,17.64,peripheral,standard,none,60.93
233,7,0,0,13.36,27.43,4.83,23.12,6,6.76,8.74,65.48,residential,standard,none,43.9
233,8,0,0,8.8,85.41,0,12.19,11,32.34,35.56,96.95,central,standard,none,81.77
233,9,0,0,5.47,60.46,0.78,14.53,2,54.36,20.38,17.18,peripheral,bulky,none,44.77
233,10,0,0,7.68,60.93,1.62,21.12,1,0,4.07,86.55,central,bulky,none,47.63
233,11,0,0,10.81,31.41,0.7,17.68,16,17.77,19.3,47.98,residential,standard,none,60.55
233,12,0,0,12.95,30.1,0.15,17.25,1,19.22,0,47.96,residential,bulky,none,49.24
233,13,0,0,11.74,62.91,4.95,17.31,8,26.95,0,100,central,express,vehicle,58.38
233,14,0,0,9,57.27,2.12,9.41,16,58.61,4.24,85.43,central,standard,none,44.25
233,15,0,0,3.18,40.37,5.23,10.09,11,31.27,8.84,9.77,peripheral,standard,none,27.28
233,16,0,0,13.42,34.04,3.07,16.17,7,0,7.52,52.69,residential,bulky,none,55.7
233,17,0,0,3.53,96.77,4.17,18.62,6,18.39,7.64,95.37,central,bulky,none,44.61
233,18,0,0,8.67,89.5,2.09,21.33,19,1.71,16.92,66.01,central,express,none,58.13
234,7,0,0,2.75,54.17,0.53,18.88,13,48.44,0,83.76,central,standard,none,28.13
234,8,0,0,16.67,55.93,2.53,17.15,12,6.95,11.76,34.02,peripheral,standard,none,60.04
234,9,0,0,3.82,86.07,4.86,12.32,13,23.28,8.53,62.96,residential,standard,none,44.85
234,10,0,0,6.69,25.42,1.54,22.4,8,12.93,11.38,26.64,peripheral,express,none,27.55
234,11,0,0,8.24,20.38,1.86,11.99,20,37.48,0,49.83,residential,standard,none,34.32
234,12,0,0,13.21,53.36,1.23,18.79,18,26.32,16.48,75.85,central,standard,none,68.15
234,13,0,0,5.13,23.08,8.42,18.34,1,0,0.48,55.72,residential,bulky,none,32.38
234,14,0,0,6.67,50.42,7.53,18.7,15,17.97,5.86,74.27,central,standard,none,48.44
234,15,0,0,6.93,59.27,0,15.62,8,46.4,2.15,34.7,residential,standard,none,29.66
234,16,0,0,9.19,41.39,5.68,15.37,10,4.24,0,72.28,residential,standard,none,24.55
234,17,0,0,2.53,81.43,4.26,20.42,17,39.95,14.02,71.22,central,standard,none,41.17
234,18,0,0,15.3,67.32,0,16.62,9,53.64,16.2,19.25,peripheral,standard,customer_absent,84.06
234,7,0,0,5.58,54.12,5.04,13.4,14,52.43,2.22,13.91,peripheral,standard,none,36.34
234,8,0,0,6.59,75.56,3.05,11.81,18,29.88,21.01,62.81,central,standard,none,56.53
234,9,0,0,19.16,63.95,11.24,19.58,14,19.99,20.67,63.71,residential,standard,none,86.16
234,10,0,0,10.08,28.46,9.92,13.92,9,29.06,2.6,44.67,residential,standard,none,40.05
234,11,0,0,13.75,40.68,0,20.06,9,1.09,6.82,25.58,peripheral,express,none,41.4
234,12,0,0,9.39,34.11,1.09,17.91,9,45.2,14.03,45.74,residential,standard,none,37.87
234,13,0,0,9.11,26.37,0,17.13,15,9.83,5.32,62.91,residential,standard,none,36.31
234,14,0,0,6.72,26.36,2.22,17.31,14,27.04,8.03,16.88,peripheral,standard,none,34.79
234,15,0,0,11.2,50.2,8.32,22.27,20,0,7.8,36.56,residential,express,none,51.32
234,16,0,0,20.06,41.45,2.92,12.66,15,13.38,0,41.86,residential,express,none,49.07
234,17,0,0,1.77,90.66,0,22.06,10,4.65,11.94,93.2,central,bulky,none,46.37
234,18,0,0,39.41,79.34,5.42,24.85,3,18.67,12.21,40.46,residential,bulky,roadwork,151.18
234,7,0,0,5.6,45.91,8.16,20.15,11,30.26,7.35,62.92,residential,express,none,30.08
234,8,0,0,5.59,63.06,4.84,10.59,15,27.91,30.34,45.57,peripheral,express,none,59.35
234,9,0,0,8.37,63.35,0,16.41,10,22.48,21.45,40.68,residential,express,none,49.61
234,10,0,0,8.57,61.03,0.44,16.42,16,27.3,5.62,75.4,central,standard,none,42.72
234,11,0,0,2.37,47.7,6.5,18.27,14,13.71,5.04,92.39,central,standard,none,26.76
234,12,0,0,7.83,20.7,8.53,22.8,10,12.91,3.97,36.87,peripheral,standard,none,39.28
234,13,0,0,14.23,44.4,1.79,16.75,13,39.36,13.56,73.15,central,standard,none,65.41
234,14,0,0,9.14,29.51,6.67,12.95,15,0,0,69.38,residential,standard,none,37.89
234,15,0,0,0.89,38.06,0,16.71,13,23.86,5.99,100,central,standard,none,16.66
234,16,0,0,0.5,63.08,0,16.84,13,9.01,3.55,98.35,central,standard,none,19.88
234,17,0,0,14.85,84.9,8.43,21.29,12,28.46,13.25,80.87,central,express,none,62.78
234,18,0,0,5.9,90.89,11.81,23.15,19,19.61,20.25,93.42,central,standard,none,53.68
234,7,0,0,11.26,40.33,0,19.37,12,17.36,6.42,62.9,residential,standard,none,46.99
234,8,0,0,0.5,73.26,0,16.91,10,20.52,23.6,41.35,residential,express,none,37.22
234,9,0,0,3.88,83.44,0.08,19.44,11,18.72,21.42,81.67,residential,express,none,35.28
234,10,0,0,6.75,40.84,5.15,15.9,20,32.81,4.17,23.86,peripheral,standard,none,31.88
235,11,0,0,5.53,33.27,1.73,21.81,10,17.08,6.65,28.66,peripheral,bulky,none,47.78
235,12,0,0,3.4,45.41,8.76,17.01,14,24.14,0.88,77.04,residential,standard,none,32.76
235,13,0,0,10.01,38.26,1.59,17.51,20,24.31,11.65,74.95,residential,standard,none,47.76
235,14,0,0,6.12,34.72,15.25,13.35,10,6.57,1.02,39.55,residential,standard,none,31.85
235,15,0,0,3.45,43.51,0,15.79,11,0,0.32,100,central,standard,none,25.06
235,16,0,0,7.7,29.91,10.03,17.48,11,9.95,9.02,8.11,peripheral,express,none,34.59
235,17,0,0,4.37,65.87,0,13.52,10,26.98,9.68,23.85,peripheral,standard,none,47.79
235,18,0,0,11.54,70.27,0,26.73,14,0,17.16,53.28,residential,standard,none,65.14
235,7,0,0,8.89,33.73,2.86,17.72,6,15.82,8.64,22.94,peripheral,express,none,21.58
235,8,0,0,7.48,83.33,1.51,16.51,3,2.69,25.4,73.06,residential,bulky,none,68.49
235,9,0,0,8.49,80.53,2.41,15.83,15,36.85,23.93,90.14,central,standard,none,52.22
235,10,0,0,11.44,54.95,0,17.95,10,0,7.49,100,central,standard,none,54.98
235,11,0,0,13.19,53.42,2.54,18.29,11,6.47,8.96,59.55,central,standard,none,56.84
235,12,0,0,3.54,41.62,0,25.8,16,39.56,9.99,54.22,residential,standard,none,32.87
235,13,0,0,9.74,44.82,3.24,18,14,27.31,5.06,58.41,residential,standard,none,42.79
235,14,0,0,7.38,48.46,0,22.21,14,2.62,10.67,99.97,central,standard,none,48.05
235,15,0,0,1.81,36.84,1.92,16,22,24.67,2.49,40.28,residential,express,none,12.93
235,16,0,0,12.42,51.49,4.9,15.46,8,0,5.85,85.36,central,standard,none,42.83
235,17,0,0,12.58,88.5,9.04,16.04,13,30.13,16.82,46.55,residential,standard,none,67.99
235,18,0,0,5.22,86.43,8.83,11.74,5,18.82,8.63,100,central,express,none,34
235,7,0,0,3.6,75.53,6.13,16.38,14,38.13,7.69,91.56,central,standard,none,40.66
235,8,0,0,10.33,66.86,2.25,20.7,11,20.99,20.07,27.68,peripheral,express,none,54.03
235,9,0,0,22.87,78.79,0,17.15,19,8.19,20.79,90.51,central,express,none,96.27
235,10,0,0,23.78,42.85,3.19,20.61,16,14.8,0,58.58,residential,standard,none,70.66
235,11,0,0,10.98,48.89,2.66,15.84,24,0,6.61,43.05,residential,standard,none,58.46
235,12,0,0,3.62,60.39,4.6,19.58,16,0,4.49,90.1,central,standard,none,36.34
235,13,0,0,8.47,33.94,2.43,20.82,10,50.03,3.87,40.91,residential,standard,none,32.37
235,14,0,0,10.22,52.15,1.65,17.05,16,17.42,10.71,48.22,residential,standard,none,51.14
235,15,0,0,12.89,66.12,1.81,19.23,13,0,4.46,100,central,standard,none,53.77
235,16,0,0,6.89,50.22,4.11,16.11,18,36.7,0.64,68.54,residential,standard,none,30.4
235,17,0,0,4.92,75.65,4.09,18.02,20,46.65,19.07,42.39,residential,standard,vehicle,90.58
235,18,0,0,8.17,85.75,1.94,17,14,11.24,9.24,71.88,central,standard,none,53.76
235,7,0,0,11.24,33.29,4.18,19.3,19,36.96,9.1,14.31,peripheral,express,none,40.03
235,8,0,0,12.2,77.72,6.15,8,14,0,16.72,73.7,residential,standard,none,61.53
235,9,0,0,2.92,57.35,10.51,16.62,8,5.18,27.74,31.5,peripheral,bulky,roadwork,81.86
235,10,0,0,10.92,61.69,5.7,16.78,13,30.62,15.35,75.85,central,express,none,48.96
235,11,0,0,12.14,22.57,10.21,19.65,3,6.96,8.29,5,peripheral,standard,none,34.03
235,12,0,0,9.5,34.22,2.38,11.37,9,19.9,2.09,24.18,peripheral,standard,none,36.34
235,13,0,0,7.43,51.27,1.93,17.47,9,19.68,12.48,89.57,central,standard,none,52.87
235,14,0,0,21.19,34.6,2.7,10.33,5,42.97,11.89,53.33,residential,bulky,none,73.09
236,15,1,0,9.56,39.67,0,9.31,12,22.6,19.6,81.97,central,standard,none,58.51
236,16,1,0,3.33,38.92,0.04,14.59,12,11.1,5.97,38.17,residential,standard,none,26.29
236,17,1,0,4.88,73.28,6.72,17.15,16,31.82,18.59,95.86,central,express,none,46.32
236,18,1,0,13.23,75.27,2.69,12.03,12,39.93,24.06,18.43,peripheral,standard,none,79.58
236,7,1,0,5.28,40.63,0,17.19,13,21.99,2.07,97.67,central,standard,roadwork,50.75
236,8,1,0,21.95,60.57,0,18.06,20,6.19,22.36,17.46,peripheral,express,none,84.75
236,9,1,0,0.5,72.26,2.94,15.63,8,0,9.56,69.45,central,bulky,none,43.25
236,10,1,0,11.94,48.94,5.96,22.63,18,12.24,0.91,76.29,central,standard,none,46.57
236,11,1,0,3.16,40.54,6.68,20.63,16,17.65,8.5,50.35,residential,standard,none,33.95
236,12,1,0,10.87,41.66,7.88,18.79,10,6.31,0.06,70.63,central,express,none,31.79
236,13,1,0,14.31,10.73,4.46,14.91,6,15.37,14.05,10.38,peripheral,bulky,none,53.96
236,14,1,0,9.63,18.18,4.16,17.42,11,0,2.82,5,peripheral,standard,none,36.25
236,15,1,0,9.71,59.66,0,20.89,7,3.97,4.73,95.32,central,bulky,none,60.25
236,16,1,0,24.5,42.9,0,16.03,8,35.93,4.21,82.38,central,standard,none,66.72
236,17,1,0,13.08,72,6.07,12.57,14,19.64,23.26,80.72,central,standard,none,80.82
236,18,1,0,6.01,69.68,2.64,20.42,8,13.69,15.23,79.51,central,standard,none,46.14
236,7,1,0,6.58,27.65,0,18.52,14,13.71,6.19,72.71,residential,express,none,32.01
236,8,1,0,6.16,75.07,3.55,13.36,10,27.58,6.49,81.01,residential,standard,none,50.47
236,9,1,0,4.5,75.67,7.29,19.22,20,0,16.38,82.12,central,standard,none,60.78
236,10,1,0,25.87,11.17,9.51,17.23,16,10.05,8.33,14.86,peripheral,express,none,53.49
236,11,1,0,8.94,32.67,4.21,16.96,21,24.39,9.43,17.07,peripheral,express,none,38.43
236,12,1,0,17.84,51.28,0,19.64,13,17.55,6.66,76.13,central,standard,none,60.91
236,13,1,0,15.27,40.07,1.62,18.63,16,24.02,15.28,43.75,residential,standard,none,67.39
236,14,1,0,7.57,60.4,6.09,11.35,10,6.96,11.58,94.25,central,bulky,vehicle,84.48
236,15,1,0,11.78,33.74,0,18.95,11,11.25,5.65,65.89,residential,standard,none,44.09
236,16,1,0,12.9,23.22,5.01,15.03,10,26.45,15.96,56.78,residential,standard,none,53.06
236,17,1,0,4.26,87.65,0,13.39,18,22.48,21.12,48.68,residential,standard,none,51.5
236,18,1,0,14.37,86.49,0,14.47,21,1.98,14.18,97.48,central,standard,none,76.8
236,7,1,0,13.34,37.25,2.83,13.71,8,36.62,2.5,83.58,central,bulky,none,44.23
236,8,1,0,10.17,81.47,4.24,21.34,17,29.32,14.58,86.7,central,standard,none,59.5
236,9,1,0,6.65,71.61,0,18.85,4,24.49,25.24,63.92,residential,bulky,none,65.61
236,10,1,0,8.88,36.32,7.48,6.88,16,23.19,14.1,66.57,central,express,none,40.42
236,11,1,0,15.21,18.77,6.49,19.71,10,17.13,3.39,48,residential,standard,none,33.65
236,12,1,0,11.26,8,10.46,15,15,2.09,12.83,34.71,peripheral,standard,none,48.93
236,13,1,0,5.13,50.87,0.05,22.13,12,0,10.15,93.25,central,bulky,none,55.15
236,14,1,0,6.93,39.53,2.43,15.32,12,24.91,1.88,52.61,residential,standard,none,29.87
236,15,1,0,3.45,38.03,1.33,17.37,19,12.81,2.17,61.2,residential,standard,none,34.91
236,16,1,0,12.15,51.86,2.94,15.98,18,11.11,10.14,80.64,central,standard,none,56.92
236,17,1,0,14.26,65.9,0,22.64,12,20.29,11.7,75.07,central,standard,none,69.83
236,18,1,0,6.64,61.55,0,10.72,6,22.12,25.07,29.63,peripheral,bulky,none,69.58
237,7,1,0,7.92,34.35,0.09,15.13,18,45.41,1.54,24.65,peripheral,standard,none,30.59
237,8,1,0,11.7,68.58,8.82,17.89,20,0,20.59,72.47,residential,standard,none,68.69
237,9,1,0,8.23,86.27,1.8,20.19,6,18.93,16.63,80.64,central,bulky,none,63.25
237,10,1,0,4.15,22.21,5.28,15.88,13,33.01,7.35,75.2,central,express,none,20.63
237,11,1,0,0.5,54.98,1.8,13.52,20,5.53,1.95,84.43,central,standard,none,29.35
237,12,1,0,9.1,9.46,5.83,17.59,10,47.13,9.87,27.8,peripheral,standard,vehicle,57.64
237,13,1,0,10.07,51.11,3.6,20.54,13,34.03,5.95,68.06,residential,standard,none,41.8
237,14,1,0,9.72,23.89,0,22.17,16,23.99,17.45,63.02,residential,express,none,41.94
237,15,1,0,8.59,33.27,0,13.98,11,46.34,7.07,41.46,peripheral,express,none,36.44
237,16,1,0,10.48,33.9,4.34,20.44,14,23.46,3.38,42.22,residential,express,none,33.65
237,17,1,0,9.52,64.94,9.99,22.7,11,23.61,15.02,69.59,residential,express,none,49.3
237,18,1,0,10.86,98,7.17,15.22,15,9.9,21.97,55.52,residential,standard,none,60.29
237,7,1,0,3.5,30.74,2,13.55,11,5.05,15.65,58.56,residential,standard,none,42.36
237,8,1,0,7.18,49.81,0,14.99,3,32.32,12.96,17.19,peripheral,bulky,none,49.38
237,9,1,0,1.87,55.33,3.81,14.09,5,13.56,9.79,31.76,residential,standard,none,26.18
237,10,1,0,1.65,50.77,3.75,12.15,19,13.83,7.85,92.01,central,standard,none,31.4
237,11,1,0,10.82,24.48,0,23.73,13,9.57,9.35,5,peripheral,standard,none,52.51
237,12,1,0,34.54,16.36,7.64,15.57,12,16.23,0,7.45,peripheral,standard,customer_absent,72.63
237,13,1,0,14.72,39.26,0.65,15.57,22,44.36,0.68,22.55,residential,standard,none,51.27
237,14,1,0,11.19,34.47,3.83,15.57,16,0,0.63,75.35,central,standard,none,39.91
237,15,1,0,0.63,33.44,1.67,14.71,16,27.84,0,43.73,residential,standard,none,19.23
237,16,1,0,10.69,19.47,3.91,12.44,24,10.93,3.64,6.8,peripheral,standard,none,38.25
237,17,1,0,6.64,95.06,5.51,18.33,15,10.27,16.87,84.27,central,standard,none,64.8
237,18,1,0,7.9,74.55,3.47,19.33,13,21.24,27.39,72.66,central,standard,none,57.28
237,7,1,0,9.34,31.28,1.39,10.09,15,22.61,0.41,45.94,residential,standard,none,35.4
237,8,1,0,12.76,61.42,11.57,13.58,10,36.95,13.29,47.47,peripheral,express,none,47.28
237,9,1,0,11.34,50.93,1.57,15.3,14,6.87,15.54,58.65,residential,express,none,57.07
237,10,1,0,9.22,33.9,3.3,21.1,19,20.83,2.88,16.42,peripheral,standard,none,47.59
237,11,1,0,10.01,34.7,6.55,17.53,11,13.68,8.91,43.53,residential,standard,none,40.3
237,12,1,0,8.43,51.67,1.35,15.99,14,11.53,0.02,88.97,central,standard,none,33.22
237,13,1,0,8.21,47.43,0,12.38,6,15.86,8.38,65.04,central,express,none,31.91
237,14,1,0,9.87,12.01,0,20.73,12,22.93,5.69,31.66,peripheral,express,none,29.59
237,15,1,0,10.22,19.76,1.92,15.8,15,0.75,10.89,25.1,peripheral,standard,none,37.4
237,16,1,0,5.51,46.61,0,19.69,4,9.17,18.51,35.52,residential,bulky,none,50.96
237,17,1,0,22.63,64.77,2.64,16.78,17,21.28,11.6,27.48,peripheral,express,none,86.71
237,18,1,0,7.61,54.76,3.5,9.61,17,6.99,21.11,18.68,peripheral,standard,none,60.68
237,7,1,0,7.26,48.7,6.9,16.6,15,31.58,0.02,83.93,central,standard,vehicle,68.33
237,8,1,0,5.62,54.08,0.5,17.36,14,42.62,22.42,7.95,peripheral,standard,none,53.96
237,9,1,0,5.19,88.15,0,16.1,13,38.3,17.83,100,central,express,none,42.51
237,10,1,0,10.54,57.55,4.72,23.78,13,24.86,2.1,99.63,central,express,none,36.57
238,11,0,0,9.24,37.88,7.68,21.74,19,30.82,2.05,66.45,residential,standard,none,37.7
238,12,0,0,10.24,35.07,0,15.06,15,32.2,2.01,14.45,residential,standard,none,38.4
238,13,0,0,4.63,24.61,0.9,14.91,6,17.29,0,50.21,peripheral,bulky,none,32.01
238,14,0,0,5.04,44.23,11.68,16.63,2,40.98,0,56.13,residential,bulky,none,32.84
238,15,0,0,10.81,27.88,5.1,19.84,15,15.55,8.75,75.89,residential,standard,none,45.65
238,16,0,0,23.66,38.67,2.32,20.58,4,36.33,7.74,34.22,residential,express,none,59.25
238,17,0,0,15.16,82.15,5.92,17.3,12,10.58,7.15,100,central,standard,none,72.09
238,18,0,0,12.94,87.02,5.21,8.12,25,21.94,19.76,73.89,central,standard,none,90.05
238,7,0,0,3.15,27.46,1.26,17.38,21,21.21,6.8,45.64,residential,express,none,30.5
238,8,0,0,6.51,96.52,0,14.56,19,39.56,22.14,97.36,central,express,none,50.01
238,9,0,0,16.88,68.36,10.58,15.14,19,39.16,19.99,56.81,residential,express,none,68.78
238,10,0,0,8.12,64.87,0,12.99,13,41.07,13.51,83.86,central,express,roadwork,51.17
238,11,0,0,9.49,55.03,5.04,16.76,8,5.35,17.35,94.3,central,standard,vehicle,98.36
238,12,0,0,11.5,33.22,9.59,17.01,12,17.94,11.57,43.59,peripheral,express,none,49.72
238,13,0,0,7.12,43.73,0,18.21,15,16.62,17.03,70.97,residential,express,none,40.13
238,14,0,0,7.57,26.05,6.33,22.96,18,22.1,11.14,61.88,residential,standard,none,41
238,15,0,0,7.3,63,1.64,18.75,15,9.09,9.41,100,central,standard,none,48.96
238,16,0,0,12.48,30.39,1.9,16.63,15,25.73,13.8,25.37,peripheral,standard,none,56.22
238,17,0,0,13.15,69.03,2.02,17.17,14,29.43,18.32,60.8,residential,standard,none,67.93
238,18,0,0,7.69,79.55,4.05,9.59,9,0,15.41,80.35,central,standard,none,48.45
238,7,0,0,10.52,35.75,0,21.48,6,23.02,10.33,38.71,residential,standard,none,54.46
238,8,0,0,5.05,86.61,3.32,18.09,16,0,12.01,56.72,residential,express,none,34.5
238,9,0,0,7.34,70.35,2.03,19.55,17,31.4,20.88,43.97,residential,express,none,57.04
238,10,0,0,5.55,43.18,0,21.55,2,0,3.66,67.96,residential,bulky,none,39.85
238,11,0,0,5.39,18.4,5.08,13.28,20,20.95,0,19.92,peripheral,express,none,21.02
238,12,0,0,7.91,26.69,0,13.56,12,0,7.27,20.17,peripheral,standard,none,34.33
238,13,0,0,10.48,41.16,5.11,16.69,12,14.42,0,72.06,residential,express,none,33.31
238,14,0,0,12.19,47.53,0,21.51,16,29.28,6.07,100,central,standard,none,50.56
238,15,0,0,11.77,32.87,0.85,17.13,1,4.37,11.22,28.03,peripheral,bulky,none,62.49
238,16,0,0,7.52,53.99,1.15,22.01,14,0,1.75,91.67,central,standard,none,40.65
238,17,0,0,3.62,54.87,2.87,20.89,16,36.13,20.34,10.17,peripheral,express,none,38.13
238,18,0,0,8.18,86.61,1.86,21.77,6,29.8,13.07,100,central,bulky,none,57.37
238,7,0,0,4.57,35.68,0,25.34,7,29.15,3.22,81.58,residential,standard,none,27.22
238,8,0,0,1.64,86.27,3.8,21.63,15,7.22,22.15,77.14,residential,standard,none,57.46
238,9,0,0,9.75,70.18,9.16,20.53,22,21.5,21.66,32.49,peripheral,express,none,55.71
238,10,0,0,5.93,16.53,8.03,12.64,15,25.26,0,26.05,peripheral,standard,none,32.74
238,11,0,0,6.81,29.12,4.48,14.25,13,0,6.88,51.2,residential,express,none,24.57
238,12,0,0,4.92,35.39,0,15.12,8,16.46,12.1,100,central,bulky,none,57.63
238,13,0,0,2.71,67.34,0,12,15,4.12,0,79.42,central,standard,none,29.46
238,14,0,0,9.36,36.98,10.03,12.66,9,9.4,16.74,46.09,residential,standard,none,56.15
239,15,0,0,7.41,52.49,4.07,17.26,16,19.64,8.47,58,residential,standard,none,47.55
239,16,0,0,1.67,48.58,8.35,15.62,13,36.48,11.51,100,central,standard,none,37.77
239,17,0,0,7.85,63.41,5.19,16.07,14,34.09,9.9,27.51,residential,express,none,35.21
239,18,0,0,8.83,44.2,1.84,16.21,15,11.13,26.03,37.33,peripheral,standard,none,55.74
239,7,0,0,4.22,8,0.99,24.74,11,20.99,9.29,8.74,peripheral,standard,none,28.99
239,8,0,0,4.38,91.22,12.09,16.87,23,0,18.6,100,central,standard,none,61.98
239,9,0,0,16.83,69.21,3.26,8.66,18,25.16,26.19,80.74,central,standard,none,85.78
239,10,0,0,2.85,79.8,0,16.03,10,0.25,9.73,100,central,express,none,35.54
239,11,0,0,12.55,35.45,13.53,17.58,1,21.76,7.39,34.54,peripheral,bulky,none,50.24
239,12,0,0,5.67,52.27,6.03,11.78,14,28.67,5.9,54.58,residential,standard,none,38.65
239,13,0,0,10.34,33.16,0,18.42,13,16.17,2.59,23.94,peripheral,standard,none,36.66
239,14,0,0,13.33,40.28,4.46,20.31,15,14.91,6.4,37.24,residential,standard,none,54.33
239,15,0,0,8.83,41.15,0,14.43,13,25.56,0.14,61.95,residential,standard,none,29.9
239,16,0,0,5.9,39.25,1.68,6.66,16,22.1,6.46,86.93,central,standard,none,38.92
239,17,0,0,2.03,90.32,0,11.7,11,27.89,10.22,100,central,express,none,33.97
239,18,0,0,13.57,93.97,0,22.05,11,10.04,17.56,88.69,central,standard,none,75.59
239,7,0,0,8.42,23.68,0,13.44,12,11.88,5.19,37.9,peripheral,standard,none,38.28
239,8,0,0,2.31,74.85,0,14.35,8,0,19.23,23.56,residential,bulky,none,53.19
239,9,0,0,4.39,67.22,9.39,13.49,18,25.26,6.04,18.11,peripheral,express,none,43.99
239,10,0,0,43.96,50.3,8.04,17.83,13,58.73,6.19,45.23,residential,standard,none,110.58
239,11,0,0,14.46,23.71,4.38,18.31,21,0,5.27,27.11,peripheral,standard,customer_absent,61.35
239,12,0,0,8.13,45.78,1.96,10.6,4,10.98,10.25,60.44,central,bulky,none,51
239,13,0,0,9.98,38.13,3.53,11.81,20,26.44,0,74.09,residential,standard,none,36.46
239,14,0,0,4.9,32.8,3.18,15.71,12,42.19,3.36,13.81,peripheral,express,none,17.59
239,15,0,0,7.39,31.61,5.43,14.83,17,0,6.23,67.75,residential,express,none,29.64
239,16,0,0,5.8,55.14,4.21,15.66,16,14.21,8.35,72.05,residential,standard,none,44.8
239,17,0,0,5.88,70.77,0,15.14,14,18.47,21.86,22.75,peripheral,standard,none,47.99
239,18,0,0,11.56,82.7,3.96,13.15,14,37.6,17.37,58.91,residential,express,none,63.73
239,7,0,0,19.39,16.77,1.34,12.13,5,21.89,10.01,9.86,peripheral,bulky,none,59.55
239,8,0,0,2.94,74.01,0,22.96,21,33.71,1.73,73.11,residential,express,none,23.16
239,9,0,0,13.91,93.03,0,14.34,11,20.77,18.79,89.27,central,standard,none,75.46
239,10,0,0,3.12,41.13,3.44,16.06,8,27.25,17.03,57.57,residential,standard,none,38.88
239,11,0,0,4.26,19.52,0.28,14.37,19,0.94,6.47,42.98,peripheral,standard,none,34.33
239,12,0,0,9.93,36.46,2.8,13.69,13,2.54,2.51,50.35,residential,standard,none,39.09
239,13,0,0,3.03,24.11,0.74,15.76,14,25.9,8.44,71.18,residential,standard,none,35.87
239,14,0,0,9.44,27.47,0,15.63,16,17.43,0.51,46.29,residential,standard,none,33.77
239,15,0,0,4.04,51.69,4.91,16.6,13,35.9,0,49.58,residential,standard,none,24.62
239,16,0,0,16.58,60.17,7.76,18.1,18,0.08,10.72,92.69,central,express,none,62.3
239,17,0,0,3.19,94.21,4.44,9.46,14,31.69,9.62,89.72,central,express,none,31.77
239,18,0,0,17.02,59.62,0,17.91,22,29.84,9.76,33.5,peripheral,express,none,63.98
