day_index,day_of_week,is_holiday,is_weekend,base_price_eur,discount_pct,has_display,stock_on_hand,competitor_price_eur,temperature_c,rain_mm,local_income_index,store_format,product_category,local_event,units_sold
0,0,1,0,10.13,37.83,0,100,9.02,-0.83,0,97.84,suburban,homecare,none,100
0,0,1,0,3.43,18.51,0,149,3.82,8.17,0,100.17,suburban,personalcare,festival,132
0,0,1,0,4.71,5.47,0,144,4.81,7.59,5.09,92.87,rural,fresh,none,75
0,0,1,0,1.82,0,0,113,1.94,3.48,8.46,100.66,rural,beverages,festival,99
0,0,1,0,6.59,1.83,0,63,5.89,9.34,4.04,99.2,suburban,personalcare,none,57
0,0,1,0,3.14,5.02,1,120,3.47,3.58,0.03,98.94,rural,snacks,none,69
0,0,1,0,5.27,1.32,1,108,6.78,3.19,0,111.47,rural,beverages,none,73
0,0,1,0,3.45,7.65,0,97,3.85,8.17,3.81,99.7,suburban,personalcare,none,43
0,0,1,0,2.32,1.1,0,80,2.27,4.91,2.26,104.57,suburban,fresh,construction,61
0,0,1,0,4.36,7.85,1,144,3.15,2.27,0.27,102.45,urban,snacks,none,88
0,0,1,0,5.32,2.01,0,126,4.6,0.29,6.17,100.85,suburban,beverages,festival,110
0,0,1,0,3.78,21.34,0,194,3.21,13.34,1,101.64,rural,beverages,construction,112
0,0,1,0,5.83,1.75,0,84,6.3,5,8.02,103.16,rural,personalcare,none,0
0,0,1,0,4.63,31.76,0,192,5.15,4.45,0,88.83,suburban,beverages,none,137
0,0,1,0,2.79,1.3,0,97,2.65,4.98,0,101.29,urban,personalcare,construction,55
0,0,1,0,2.29,15.63,0,104,1.77,4.87,0,101.82,suburban,fresh,none,70
0,0,1,0,8.77,1.68,1,88,8.48,2.36,0.99,102.19,suburban,homecare,none,43
0,0,1,0,8.6,28.4,0,116,8.66,2.49,6.55,98.79,urban,homecare,construction,93
0,0,1,0,3.67,2.24,0,62,4.05,9.68,13.66,110.59,rural,snacks,none,40
0,0,1,0,3.74,0.86,0,89,3.7,4.21,4.22,95.73,urban,beverages,none,83
0,0,1,0,3.57,1.81,0,152,3.71,8.73,0.75,103.25,urban,fresh,none,98
0,0,1,0,4.09,24.34,1,238,4.08,9.32,8.19,92.59,urban,fresh,festival,174
0,0,1,0,1.37,18.7,0,190,1.5,-3.55,0,95.7,urban,snacks,festival,172
0,0,1,0,2.92,3.51,0,90,3.24,-2.19,2.06,97.66,urban,fresh,none,81
0,0,1,0,5,0.32,1,125,5.37,0.83,4.36,108.07,suburban,fresh,none,124
0,0,1,0,3.27,3.81,0,82,3.58,9.29,0.11,99.1,urban,personalcare,none,82
0,0,1,0,4.34,25.63,1,192,4.27,-2.43,0,106.07,suburban,beverages,none,161
0,0,1,0,3.52,3.37,0,114,3.81,-2.67,1.93,101.26,rural,fresh,none,82
0,0,1,0,7.27,1.67,1,111,6.96,-0.36,3.36,106.16,suburban,beverages,none,102
0,0,1,0,7.97,2.2,1,96,6.76,-2.7,1.6,106.25,urban,homecare,none,24
0,0,1,0,4.26,3.26,0,122,3.98,4.05,0,101.34,urban,snacks,none,87
0,0,1,0,1.69,3.96,1,120,1.81,-2.75,1.4,109.17,suburban,fresh,none,105
0,0,1,0,8.41,20.11,0,116,7.78,9.71,6.43,104.75,urban,homecare,none,86
0,0,1,0,6.24,1.87,0,89,6.28,7.37,4.64,105.62,urban,snacks,none,89
0,0,1,0,2.58,0.17,0,103,2.9,0.12,0.89,97.87,urban,snacks,construction,48
1,1,0,0,12.15,21.02,0,80,15.28,3.7,0,100.85,suburban,homecare,sports,52
1,1,0,0,5.23,0,0,9,4.65,-1.82,9.4,98.06,rural,fresh,none,9
1,1,0,0,8.7,15.91,1,120,7.85,7.57,6.99,106.13,suburban,homecare,none,15
1,1,0,0,7.2,1.28,1,101,8.68,-1.15,0,103.39,suburban,homecare,none,55
1,1,0,0,7.71,36.21,1,254,9.48,7.85,0,98.06,urban,fresh,none,194
1,1,0,0,8.1,22.89,0,25,8.08,8.07,4.78,99.99,suburban,homecare,none,25
1,1,0,0,3.28,1.3,1,78,4.03,3.78,4.77,94.74,suburban,fresh,none,68
1,1,0,0,7.83,0.44,1,74,7.29,5.77,5.63,101.75,urban,homecare,none,34
1,1,0,0,4.19,7.92,0,106,4.88,-6.24,0.76,106.53,rural,snacks,none,41
1,1,0,0,5.28,1.78,1,53,5.01,2.45,3.85,104.92,rural,fresh,none,16
1,1,0,0,5.17,2.92,1,148,5.71,3.14,7.78,105.21,urban,beverages,none,115
1,1,0,0,8.25,0,1,84,9.9,3.25,6.94,101.24,suburban,beverages,none,38
1,1,0,0,2.52,13.35,0,193,3.27,4.77,2.45,98.03,urban,personalcare,festival,118
1,1,0,0,3.09,1.34,0,51,3.8,4.24,2.61,113.19,suburban,snacks,none,29
1,1,0,0,4.63,1.69,0,74,4.05,3.24,0,93.2,rural,snacks,sports,42
1,1,0,0,6.29,2.78,0,82,5.02,0.88,6.95,108.77,rural,homecare,none,3
1,1,0,0,5.26,13.04,0,121,7.02,4.52,0,106.86,urban,snacks,construction,88
1,1,0,0,4.16,20.62,0,143,4.35,1.23,6.6,100.87,urban,personalcare,none,64
1,1,0,0,2.04,1.41,0,72,1.97,6.09,10.75,100.9,urban,snacks,none,37
1,1,0,0,4.92,3.14,0,65,6.22,4.05,3.21,107.19,suburban,beverages,none,65
1,1,0,0,8.55,5.77,0,64,8.62,4.75,4.45,103.28,urban,homecare,festival,46
1,1,0,0,7.12,3.94,1,127,7.01,-0.23,3.57,105.26,rural,beverages,festival,98
1,1,0,0,9.51,0,0,149,9.75,8.99,0,98.19,suburban,homecare,sports,35
1,1,0,0,3.96,13.12,1,177,4.51,0.15,0,97.16,suburban,beverages,none,177
1,1,0,0,8.8,15.88,0,134,9.36,0.05,4.14,105.6,suburban,homecare,none,68
1,1,0,0,5.02,20.38,0,108,5.14,3.81,0.07,98.36,rural,snacks,none,69
1,1,0,0,4.76,3.92,1,114,5.35,0.7,3.62,88.48,rural,beverages,none,54
1,1,0,0,5.34,1.61,1,82,6.15,-2.63,0,99.79,urban,snacks,none,82
1,1,0,0,3.35,0.59,0,114,4.04,4.43,5.39,93.62,urban,beverages,none,9
1,1,0,0,2.99,2.17,0,17,2.98,6.14,10.3,101.79,rural,snacks,construction,5
1,1,0,0,1.1,25.11,0,131,1.14,-0.14,0,96.72,rural,snacks,none,94
1,1,0,0,2.6,0.96,1,97,2.85,1.2,0.49,88.34,suburban,fresh,sports,68
1,1,0,0,6.93,4.25,1,11,6.99,7.13,8.97,99.37,rural,homecare,sports,11
1,1,0,0,2.31,4.36,1,153,2.42,11.06,0,95.71,urban,beverages,none,111
1,1,0,0,3.76,17.8,0,102,4.47,2.89,0,106.39,urban,personalcare,none,68
2,2,0,0,5.11,31.06,0,130,3.97,1.27,5.33,109.15,suburban,snacks,construction,104
2,2,0,0,6.85,30.06,0,203,6.75,1.36,6.85,102.86,urban,beverages,sports,202
2,2,0,0,5.34,1.13,0,75,6.89,-2.5,4.17,108.39,suburban,homecare,none,29
2,2,0,0,3.74,0.38,0,111,4.13,-2.12,4.44,99.26,urban,beverages,sports,78
2,2,0,0,5.21,1.3,1,53,5.34,0.06,1.71,109.06,suburban,homecare,none,53
2,2,0,0,4.8,29.22,0,220,5.74,11.22,10.29,95.86,urban,beverages,construction,165
2,2,0,0,5.77,4.32,1,87,6.9,4.54,4.47,99.08,suburban,snacks,none,44
2,2,0,0,4.87,37.45,0,260,4.9,8.57,4.87,100.71,urban,beverages,none,125
2,2,0,0,2.5,4.24,0,91,2.74,3.57,3.76,97.51,urban,beverages,none,90
2,2,0,0,3.84,14.34,1,161,4.36,7.4,4.98,102.46,urban,snacks,none,95
2,2,0,0,3.63,5.29,0,86,4.28,0.89,3.91,107.36,suburban,beverages,none,47
2,2,0,0,8.26,3.17,0,123,9.64,5.25,8.06,100.56,urban,fresh,festival,64
2,2,0,0,3.7,21.28,0,137,3.37,4.13,0.17,98.65,suburban,beverages,none,117
2,2,0,0,9.36,1.89,1,114,10.04,-0.97,1.77,101.02,urban,homecare,sports,71
2,2,0,0,3.3,2.19,1,24,3.58,5.95,5.57,93.02,rural,snacks,sports,24
2,2,0,0,4.89,1.12,1,71,4.59,-4.2,0.43,99.24,urban,beverages,sports,71
2,2,0,0,4.02,24.82,0,104,3.9,-1.81,2.06,98.16,rural,personalcare,construction,79
2,2,0,0,2.36,2.63,0,101,2.42,-0.33,1.67,101.97,urban,snacks,construction,68
2,2,0,0,8.09,1.97,0,79,9.17,6.68,7.45,97.34,suburban,homecare,festival,66
2,2,0,0,3.9,17.72,0,101,3.24,-0.28,6.17,102.15,rural,snacks,construction,64
2,2,0,0,4.41,17.39,0,180,4.65,1.76,8.21,103.52,urban,snacks,none,133
2,2,0,0,4.24,1.28,0,64,4.6,-2.29,7.28,100.28,urban,beverages,none,52
2,2,0,0,7.37,27.39,1,136,6.29,-1.17,7.31,102.01,suburban,homecare,sports,58
2,2,0,0,4.69,0.83,1,86,5.3,-2.14,0,95.82,urban,snacks,none,86
2,2,0,0,1.1,0,0,66,1,-2.98,0,108.09,suburban,personalcare,none,49
2,2,0,0,1.86,0,1,83,1.81,-0.23,2.84,103.18,rural,beverages,none,51
2,2,0,0,3.24,3.87,1,69,2.71,3.03,8.08,100.16,urban,snacks,none,69
2,2,0,0,5.58,3.21,0,92,6.44,-2.42,0.05,98.82,urban,personalcare,sports,92
2,2,0,0,2.16,4.19,0,167,2.23,-0.21,6.32,103.49,suburban,snacks,sports,56
2,2,0,0,9.17,19.97,1,85,7.98,6.49,6.84,102.46,suburban,homecare,sports,70
2,2,0,0,3.98,0,1,51,3.61,2.24,1.65,98.86,suburban,beverages,construction,41
2,2,0,0,8.6,3.09,1,90,8.42,4.44,11.27,98.47,urban,homecare,none,44
2,2,0,0,2.18,0,0,90,2.29,5.58,3.65,103.53,suburban,beverages,none,90
2,2,0,0,5.96,31.39,0,90,5.77,8.61,12.96,99.01,suburban,personalcare,none,46
2,2,0,0,4.91,3.93,0,40,5.79,2.82,4.75,104.19,suburban,beverages,none,40
3,3,0,0,2.79,1.9,0,54,2.87,0.24,12.88,95.09,urban,fresh,none,48
3,3,0,0,7.76,23.96,0,136,7.92,3.74,0,98.52,suburban,beverages,construction,120
3,3,0,0,5.17,1.85,0,104,4.91,2.11,2.05,104.77,suburban,fresh,sports,47
3,3,0,0,3.89,1.26,1,45,4.07,6,12.62,101.2,rural,snacks,none,31
3,3,0,0,2.69,1.31,0,51,3.23,0.39,2.54,95.32,suburban,snacks,construction,47
3,3,0,0,5.78,0,0,29,6.41,6.02,0.94,102.91,suburban,homecare,none,8
3,3,0,0,9.08,3.84,1,80,11.74,4.18,0.83,96.34,urban,homecare,none,65
3,3,0,0,4.57,2.34,0,74,5.24,-0.99,8.72,94.41,rural,beverages,sports,74
3,3,0,0,3.07,2,0,110,3.11,2.98,3.75,99.22,urban,fresh,none,54
3,3,0,0,9.59,0.47,1,67,9.91,4.13,2.4,107.99,urban,homecare,construction,19
3,3,0,0,6.62,0.06,0,141,6.83,4.31,5.88,100.44,urban,beverages,none,66
3,3,0,0,6.03,0,0,101,5.43,4.88,7.85,98.66,suburban,fresh,sports,51
3,3,0,0,3.77,2.25,0,104,2.84,7.56,13.41,100.57,urban,snacks,sports,83
3,3,0,0,2.18,0,0,125,1.75,10.83,0.63,97.88,suburban,beverages,sports,72
3,3,0,0,3.99,0.55,1,91,3.59,2.74,10.27,96.17,suburban,beverages,none,89
3,3,0,0,5.16,0.32,0,98,4.77,0.94,0,99.66,urban,personalcare,festival,62
3,3,0,0,4.44,20.01,0,179,5.15,7.01,0,99.72,urban,snacks,none,154
3,3,0,0,2.68,0.84,0,97,2.4,3.07,0.26,96.32,urban,beverages,festival,37
3,3,0,0,5.08,1.12,0,99,5.84,6.36,5.75,104.22,suburban,snacks,construction,45
3,3,0,0,4.51,21.16,0,41,4.73,3.38,0,105.34,urban,personalcare,none,41
3,3,0,0,2.55,3.92,0,87,2.63,-4.39,3.93,101.1,urban,snacks,none,71
3,3,0,0,3.52,0.5,1,71,4.12,3.96,0.27,101.39,urban,personalcare,none,38
3,3,0,0,9.39,0.62,0,88,9.27,0.66,0,105.34,urban,homecare,festival,77
3,3,0,0,3.62,2.08,0,76,3.95,3.31,10.47,100.56,rural,beverages,festival,66
3,3,0,0,7.3,2.79,1,44,5.64,6.09,0,96.27,urban,homecare,construction,3
3,3,0,0,5.11,3.46,1,109,4.87,8.12,4.93,95.82,rural,snacks,none,16
3,3,0,0,4.64,17.23,0,111,3.98,-0.46,4,96.91,suburban,personalcare,none,79
3,3,0,0,4.49,3.93,1,174,4.59,4.83,0.04,89.66,rural,beverages,sports,81
3,3,0,0,5.08,20.45,0,99,5.02,-2.49,10.4,101.76,suburban,snacks,none,85
3,3,0,0,6.83,2.57,1,54,7.7,8.99,4.83,101.95,rural,personalcare,none,42
3,3,0,0,7.77,0,0,114,7.37,1.54,2.21,108.9,suburban,homecare,none,17
3,3,0,0,3.46,4.16,1,68,3.31,3.04,4.5,99.62,suburban,personalcare,construction,47
3,3,0,0,5.49,3.33,0,151,6.11,0.4,6.58,96.03,urban,beverages,sports,101
3,3,0,0,2.35,1.18,1,87,2.71,0.11,3.7,94.55,suburban,fresh,none,87
3,3,0,0,2.93,4.69,0,87,3.26,-1.21,4.6,98.54,urban,snacks,sports,87
4,4,0,0,4.76,19.69,0,181,5.62,6.94,0,104.13,urban,fresh,none,125
4,4,0,0,5.01,0,0,56,5.39,6.1,3,110.1,suburban,fresh,none,50
4,4,0,0,6.12,0,1,45,5.91,0.27,10.08,104.06,suburban,beverages,none,45
4,4,0,0,5.64,22.54,0,197,5.91,4.66,2.68,105.94,urban,beverages,none,161
4,4,0,0,10.85,1.54,0,49,12.09,8.97,1.85,95.17,rural,homecare,none,0
4,4,0,0,6.5,2.88,1,147,7.53,5.98,3.82,107.23,suburban,beverages,none,96
4,4,0,0,8.6,17.87,1,101,7.69,2.59,3.13,102.86,suburban,homecare,festival,61
4,4,0,0,4.54,0.52,0,89,4.52,11.54,0,106.91,rural,beverages,none,54
4,4,0,0,4.51,2.6,0,102,5.24,-3.44,3.15,100.57,suburban,beverages,festival,88
4,4,0,0,8.27,1.1,0,95,9.01,0.77,0,104.9,urban,fresh,festival,81
4,4,0,0,5.06,4.32,1,184,6.32,-4.88,0,102.54,urban,fresh,sports,169
4,4,0,0,5.16,1.99,0,121,5.08,0.11,0,107.02,urban,beverages,construction,84
4,4,0,0,3.44,22.3,1,114,3.98,5.16,4.89,102.65,suburban,beverages,construction,114
4,4,0,0,4.85,3.12,1,95,5.07,0.98,2.65,99.71,suburban,snacks,none,24
4,4,0,0,6.73,0,0,62,6.59,3.09,0.94,107.11,suburban,homecare,festival,40
4,4,0,0,5.65,12.06,0,143,7.02,1.44,11.61,92.75,urban,beverages,none,134
4,4,0,0,4.82,2.06,0,83,4.7,0.46,0,97.99,rural,beverages,none,43
4,4,0,0,10.1,2.87,1,67,10.48,7.67,5.26,86.95,suburban,homecare,none,7
4,4,0,0,6.14,1.61,1,60,4.21,-0.4,2.07,93.94,suburban,snacks,none,46
4,4,0,0,8.31,17.28,1,122,9.12,5.63,3.54,103.25,urban,homecare,sports,81
4,4,0,0,2.02,2.66,0,56,2.64,-4.33,14.75,104.34,suburban,beverages,none,56
4,4,0,0,3.87,0.78,0,84,4.63,4.85,4.02,98.04,rural,beverages,sports,39
4,4,0,0,5.4,28.2,0,210,5.23,0.09,3.68,102.77,urban,fresh,none,151
4,4,0,0,6.28,4.42,0,96,6.21,6.96,0,91.98,rural,beverages,none,68
4,4,0,0,7.19,3.5,0,47,8.31,-0.54,6.73,97.68,rural,snacks,none,47
4,4,0,0,3.32,2.09,0,63,3.23,5.05,8.04,100.23,suburban,beverages,sports,42
4,4,0,0,9.7,10.17,0,29,10.68,10.05,11.61,99.94,rural,homecare,none,19
4,4,0,0,4.46,0,1,132,4.46,0.03,4.23,94.31,suburban,snacks,festival,32
4,4,0,0,5.32,2.31,0,79,6.74,1.35,6.28,100.99,suburban,beverages,none,79
4,4,0,0,1.1,2.41,0,108,0.98,5.17,0,91.61,suburban,beverages,sports,89
4,4,0,0,5.13,0,0,103,4.21,-1.26,2.9,99.28,urban,beverages,none,12
4,4,0,0,4.32,1.12,0,146,4.44,5.84,0,94.45,urban,beverages,festival,119
4,4,0,0,6.02,3.64,0,92,7.49,7.47,4.47,105.55,urban,fresh,construction,86
4,4,0,0,5.32,29.58,0,103,6.96,1.2,0.21,93.83,suburban,snacks,construction,103
4,4,0,0,4.52,17.24,0,162,3.84,4.12,0,100.63,urban,beverages,sports,148
5,5,0,1,5.41,3.28,0,13,5.94,2.01,5.03,105.49,rural,personalcare,none,13
5,5,0,1,3.26,1.36,0,107,3.51,-1.93,5.96,104.48,urban,beverages,none,36
5,5,0,1,3.58,4.33,1,107,3.59,2.81,0,100.01,urban,fresh,festival,107
5,5,0,1,7.38,4.05,0,161,8.01,3.59,0,101.72,suburban,beverages,festival,66
5,5,0,1,5.07,2.34,0,80,5.76,0.33,5.12,99.51,suburban,fresh,none,56
5,5,0,1,3.75,24.87,0,157,3.66,1.31,0.45,106.6,suburban,personalcare,festival,104
5,5,0,1,7.38,2,0,24,8.85,11.8,2.11,102.41,suburban,homecare,none,24
5,5,0,1,6.04,23.1,1,173,6.04,4.7,17.78,105.83,suburban,fresh,sports,173
5,5,0,1,1.18,1.37,0,84,1.67,6.56,1.05,103.64,urban,fresh,festival,72
5,5,0,1,5.27,3.07,0,86,5.31,-4.57,0,102.21,suburban,beverages,festival,60
5,5,0,1,8.3,0.19,1,71,8.16,4.21,4.11,99.04,suburban,homecare,none,8
5,5,0,1,7.6,18.31,1,91,7.44,2.04,11.61,94.29,suburban,homecare,festival,82
5,5,0,1,2.44,15.33,1,75,2.74,0.88,3.85,105.54,rural,snacks,none,75
5,5,0,1,3.82,0,0,32,4.07,4.8,0,102.03,suburban,personalcare,none,31
5,5,0,1,6.16,2.41,0,124,5.55,-3.3,7.82,102.82,urban,beverages,festival,109
5,5,0,1,4.61,0.94,0,22,3.92,1.12,4.03,104.56,rural,personalcare,construction,5
5,5,0,1,4.33,23.91,1,179,4.3,6.01,4.83,100.51,rural,fresh,none,179
5,5,0,1,5.07,21.45,1,161,5.44,14.36,0,102.71,urban,fresh,construction,136
5,5,0,1,6.46,2.07,0,117,6.97,7.2,9.29,112.55,urban,beverages,sports,114
5,5,0,1,5.33,26.93,0,157,5.05,12.12,0.55,100.31,suburban,fresh,construction,138
5,5,0,1,5.59,2.5,0,116,6.56,10.67,4.41,97.3,urban,snacks,none,84
5,5,0,1,5.2,3.99,0,78,6.08,-5.02,0,103.25,suburban,snacks,none,56
5,5,0,1,7.16,16.72,0,64,6.75,4.96,1.71,97.15,suburban,homecare,sports,55
5,5,0,1,3.79,0,0,56,3.64,7.94,3.93,101.33,suburban,beverages,none,33
5,5,0,1,3.02,16.95,0,135,3.59,1.74,3.42,102.85,urban,beverages,none,135
5,5,0,1,3.49,0,0,92,3.88,0.63,0.26,102.82,suburban,snacks,sports,59
5,5,0,1,3.08,0,0,81,2.2,3.9,5.03,100.18,suburban,snacks,sports,1
5,5,0,1,3.95,4.32,0,29,4.29,7.31,0,96.86,suburban,fresh,sports,29
5,5,0,1,7.15,1.31,1,7,7.18,2.66,7.9,98.89,suburban,homecare,festival,7
5,5,0,1,4.29,27.74,0,99,4.25,-0.52,0,91.08,suburban,personalcare,construction,72
5,5,0,1,5.16,2.26,0,112,5.24,6.79,4.94,106.8,suburban,fresh,none,44
5,5,0,1,4.56,1.75,0,132,4.95,-0.99,1.03,101.13,suburban,beverages,none,59
5,5,0,1,3.17,2.85,0,148,2.68,5.88,0,98.17,urban,fresh,festival,97
5,5,0,1,2.75,5.28,0,58,2.98,0.66,14.03,101.12,suburban,personalcare,none,17
5,5,0,1,4.86,1.11,0,55,4.78,2.65,4.89,101.76,suburban,snacks,none,21
6,6,0,1,3.68,1.02,0,125,3.69,-0.08,8.61,100.3,suburban,beverages,none,62
6,6,0,1,4.28,1.91,0,60,4.12,12.45,1.86,104.74,suburban,snacks,construction,26
6,6,0,1,2.77,2.81,0,87,3.11,0.11,7.84,101.56,rural,fresh,none,65
6,6,0,1,3.41,1.09,1,78,2.91,1.02,2.58,107.89,rural,personalcare,festival,12
6,6,0,1,3.62,4.21,0,185,4.07,7.78,1.18,112.01,urban,beverages,festival,117
6,6,0,1,4.78,32.21,1,129,5.27,5.09,0,98.64,urban,personalcare,construction,103
6,6,0,1,8.68,0.88,0,66,10,6.7,10.86,104.59,urban,homecare,none,9
6,6,0,1,4.53,32.79,1,151,5.12,6.32,0.15,96.65,rural,snacks,none,126
6,6,0,1,3.97,0.4,0,36,4.23,-1.61,6.84,101.1,suburban,beverages,construction,36
6,6,0,1,1.33,16.29,0,175,1.4,2.87,8.01,100.53,urban,beverages,none,111
6,6,0,1,3.24,2.24,0,56,3.09,3.27,1.19,97.04,suburban,personalcare,none,48
6,6,0,1,5.44,1.71,0,34,6,11,3.71,96.44,rural,fresh,construction,21
6,6,0,1,4.48,2.29,1,58,4.51,1.1,0,100.95,suburban,personalcare,none,51
6,6,0,1,1.99,2.17,1,112,2.36,5.6,4.49,97.81,suburban,fresh,none,61
6,6,0,1,4.51,18.66,0,136,5.93,4.76,1.45,94.29,rural,beverages,none,114
6,6,0,1,4.44,3.31,0,43,4.6,-3.06,3.95,95.59,suburban,beverages,none,43
6,6,0,1,2.93,2.31,0,99,2.98,-3.07,0,103.08,urban,beverages,none,74
6,6,0,1,2.5,37.94,0,174,2.39,4.12,3.68,93.46,rural,snacks,festival,128
6,6,0,1,3.99,1.31,0,65,3.64,3.86,0,99.73,urban,personalcare,none,61
6,6,0,1,4.52,15.07,0,191,5.43,1.17,0,96.93,urban,beverages,construction,96
6,6,0,1,3.45,1.51,0,56,3.79,3.18,1.54,107.12,rural,fresh,none,18
6,6,0,1,8.66,2.54,0,45,7.79,4.74,0.3,102.41,suburban,homecare,construction,0
6,6,0,1,5.9,1.63,0,87,6.82,0.16,0,95.14,rural,beverages,none,68
6,6,0,1,2.04,11.27,1,116,2.06,10.41,8.13,95.49,rural,fresh,none,80
6,6,0,1,8.81,18.81,0,125,10.35,6.31,1.35,99.26,suburban,homecare,none,50
6,6,0,1,5.08,2.99,0,105,5.25,-2.5,0,93.53,rural,beverages,none,46
6,6,0,1,3.13,6.07,0,67,3.51,5.94,2.16,100.33,suburban,snacks,construction,67
6,6,0,1,9.42,3.22,1,61,9.95,0.19,0,98.1,suburban,homecare,sports,51
6,6,0,1,10.2,9.95,0,39,11.45,6.95,6.47,98.71,rural,homecare,none,39
6,6,0,1,6.51,1.28,0,65,7.87,5.67,3.13,100.8,rural,fresh,none,52
6,6,0,1,3.5,32.82,0,124,3.54,2.28,0,98.61,urban,snacks,construction,124
6,6,0,1,2.71,1,0,80,2.46,-3.42,4.18,103.77,urban,snacks,none,60
6,6,0,1,6.78,19.3,0,138,6.08,3.18,4.14,103.22,urban,fresh,sports,138
6,6,0,1,3.88,14.06,0,216,3.91,1.44,0.59,103.91,suburban,beverages,festival,136
6,6,0,1,4.97,3.49,0,113,4.76,5.59,3.3,93.13,suburban,snacks,sports,68
7,0,0,0,5.21,4.44,0,101,4.75,4.39,7.15,110.1,rural,beverages,none,29
7,0,0,0,3.05,4.23,0,100,3.62,5.08,0,99.14,rural,fresh,festival,68
7,0,0,0,4.93,0.89,0,60,5.72,2.59,0,100.73,urban,personalcare,sports,60
7,0,0,0,3.58,1.49,1,70,3.45,2.28,1.58,92.79,urban,personalcare,sports,70
7,0,0,0,2.12,1.26,1,96,2.16,3.91,4.82,98.75,suburban,beverages,none,94
7,0,0,0,4.37,7.31,1,181,4.97,4.68,4.74,105.2,urban,fresh,festival,119
7,0,0,0,4.74,0.16,1,38,4.95,9.47,6.26,99,urban,personalcare,construction,19
7,0,0,0,7.51,2.33,0,33,8.04,-1.01,1.84,97.36,suburban,homecare,festival,33
7,0,0,0,4.53,2.41,0,66,4.06,1.92,5.12,98.84,suburban,snacks,festival,66
7,0,0,0,7.68,17.74,0,87,7.58,11.25,0.54,98.22,urban,homecare,sports,65
7,0,0,0,5.85,23.45,1,155,6.05,9.91,7.82,101.57,suburban,personalcare,none,102
7,0,0,0,3.95,0,0,39,4,-0.07,13.73,96.39,suburban,snacks,sports,39
7,0,0,0,2.54,25.72,0,187,2.85,5.26,3.39,96.68,suburban,beverages,festival,187
7,0,0,0,4.28,1.82,0,96,3.68,3.52,8.86,104.9,suburban,fresh,none,52
7,0,0,0,3.98,0.87,0,4,3.4,3.81,4.25,95.91,rural,snacks,construction,4
7,0,0,0,5.52,1.14,0,124,5.98,-2.12,0,92.92,urban,snacks,festival,92
7,0,0,0,4.16,0,0,85,4.69,0.26,0,104.66,urban,fresh,construction,24
7,0,0,0,6.29,0.21,1,57,6.95,3.66,3.18,99.06,suburban,personalcare,none,42
7,0,0,0,9.23,6,0,113,9.42,0.47,2.27,102.79,suburban,homecare,sports,50
7,0,0,0,6.16,1.93,1,91,5.13,0.54,0,107.39,urban,beverages,none,91
7,0,0,0,3.43,15.66,0,178,4.17,0.42,5.04,102.52,urban,fresh,sports,94
7,0,0,0,3.09,1.4,1,81,3.22,7.66,1.05,105.71,suburban,personalcare,construction,31
7,0,0,0,7.22,0,1,61,7.33,-1.54,0,88.64,urban,homecare,festival,61
7,0,0,0,4.07,6.86,1,161,3.65,2.98,0,108.85,suburban,beverages,none,19
7,0,0,0,8.08,1.73,0,46,7.67,5.88,5.29,96.84,suburban,homecare,none,28
7,0,0,0,3.42,24.73,0,136,3.89,5.51,0,101.01,suburban,fresh,none,136
7,0,0,0,4.91,13.76,0,122,4.93,1.91,0,105.17,rural,snacks,construction,66
7,0,0,0,2.59,1.29,0,92,2.71,1.05,4.36,96.69,suburban,personalcare,construction,12
7,0,0,0,3.08,2.24,0,149,3.1,11.47,0,94.66,urban,beverages,construction,83
7,0,0,0,3.19,3.19,1,101,2.59,5.01,4.65,98.05,suburban,beverages,none,85
7,0,0,0,6.09,15.39,0,104,7.06,-0.6,3.74,96.93,urban,personalcare,construction,43
7,0,0,0,4.36,3.5,0,23,4.27,-1.15,5.55,95.86,rural,personalcare,festival,23
7,0,0,0,3.19,3.82,0,130,3.33,3.94,2.3,107.59,urban,fresh,none,70
7,0,0,0,5.61,22.78,0,192,6.26,-0.02,0,90.03,urban,fresh,festival,192
7,0,0,0,3.05,3.28,1,91,3.1,0.88,0,110.59,rural,personalcare,sports,54
8,1,0,0,3.18,2.37,1,134,2.73,2.02,1.3,105.44,urban,beverages,none,49
8,1,0,0,3.16,8.72,0,69,3.3,3.89,5.4,96.09,suburban,snacks,none,69
8,1,0,0,9.7,18.27,0,84,9.43,2.81,6.05,100.95,suburban,homecare,construction,22
8,1,0,0,4.52,8.04,1,131,4.8,-1.66,6.66,103.45,suburban,beverages,festival,96
8,1,0,0,3.54,3.31,0,100,4.69,3.27,1.89,94.7,suburban,beverages,none,62
8,1,0,0,4.4,2.49,1,92,4.56,0.41,5.01,102.36,rural,beverages,sports,92
8,1,0,0,2.96,4.1,0,89,3.22,4.78,3.13,93.93,suburban,fresh,none,56
8,1,0,0,5.97,0.77,0,59,4.93,-0.82,1.98,92.95,rural,snacks,none,32
8,1,0,0,3.83,7.72,0,123,3.19,2.33,2.82,103.78,urban,snacks,none,96
8,1,0,0,6.74,23.26,1,156,5.84,2.11,6.95,100,suburban,beverages,none,88
8,1,0,0,2.77,2.12,1,176,2.96,5.33,5.72,103.74,urban,snacks,festival,81
8,1,0,0,2.11,0,0,70,1.78,1.9,0,97.41,suburban,fresh,none,43
8,1,0,0,3.49,4.22,0,117,3.29,-2.37,6.35,99.64,urban,beverages,festival,117
8,1,0,0,7.72,2.55,0,45,8.17,4.63,2.62,108.62,urban,homecare,none,32
8,1,0,0,8.17,2.98,0,52,7.71,3.46,5.65,102.38,urban,homecare,none,46
8,1,0,0,3.82,2.1,0,22,4.06,4.29,6.3,102.77,suburban,fresh,none,22
8,1,0,0,6.75,16.49,0,140,7.49,3.6,0,99.61,urban,homecare,none,81
8,1,0,0,10.31,25.99,0,68,10.4,7.11,5.39,98.97,rural,homecare,none,57
8,1,0,0,5.43,4.61,0,54,5.18,0.09,6.91,95.14,suburban,personalcare,none,24
8,1,0,0,7.99,4.32,0,9,6.96,4.03,3.07,93.21,rural,personalcare,none,9
8,1,0,0,7.77,3.15,1,35,9.52,1.97,8.43,103.97,suburban,homecare,sports,35
8,1,0,0,5.65,15.19,0,120,5.94,5.57,0,104.02,rural,fresh,none,39
8,1,0,0,4.34,1.92,0,134,4.26,10.11,3.32,97.8,urban,fresh,sports,119
8,1,0,0,3.59,1.55,1,79,3.53,5.2,9.39,106.73,suburban,beverages,sports,70
8,1,0,0,4.56,0,0,55,4.26,2.49,0.82,99.43,rural,beverages,none,46
8,1,0,0,5.72,2.31,0,149,5.29,1.51,0,95.24,urban,beverages,festival,94
8,1,0,0,4.03,2,0,86,4.15,-2.51,0,103.69,urban,fresh,none,55
8,1,0,0,4.22,14.35,0,185,4.11,10.29,1.34,105.49,urban,beverages,none,131
8,1,0,0,4.16,34.08,1,152,4.38,-1.97,2.58,102.11,suburban,personalcare,construction,113
8,1,0,0,3.79,1.76,0,75,3.5,4.06,3.43,97.06,rural,fresh,sports,35
8,1,0,0,5.96,1.57,0,40,7.13,-0.22,3.62,101.65,suburban,homecare,construction,32
8,1,0,0,3.17,0.36,1,95,3.76,2.9,0,96.11,urban,beverages,none,81
8,1,0,0,9.05,0.8,1,24,9.95,0.41,0,93.82,rural,homecare,none,15
8,1,0,0,5.68,1.74,1,89,6.74,1.12,8.81,99.17,suburban,snacks,festival,89
8,1,0,0,7.81,1.29,0,54,7.99,7.51,2.86,93.24,urban,homecare,sports,45
9,2,0,0,3.36,0,0,149,3.51,5.41,4.41,94.56,suburban,beverages,festival,124
9,2,0,0,7.16,32.41,0,170,7.3,4.42,0,95.25,rural,snacks,none,113
9,2,0,0,4.95,22.52,0,130,3.97,3.86,1.89,94.23,rural,beverages,none,98
9,2,0,0,3.21,16.37,1,135,3.18,0.14,2.64,97.45,suburban,beverages,construction,105
9,2,0,0,9.45,1.58,0,32,10.19,4.77,8.65,107.47,urban,homecare,none,19
9,2,0,0,4.54,2.64,0,22,4.8,6.06,14.63,101.07,rural,fresh,construction,5
9,2,0,0,4.47,3.93,0,53,4.06,5.4,2.79,103.02,suburban,beverages,none,53
9,2,0,0,6.29,5.54,0,115,7.21,-3.73,0.64,98.38,rural,beverages,sports,80
9,2,0,0,6.89,1.44,0,55,6.85,9.44,0,104.2,rural,homecare,festival,45
9,2,0,0,7.66,2.33,0,121,8.88,8.61,1.41,104.08,rural,beverages,festival,103
9,2,0,0,3.77,14.66,0,63,4.65,3.32,0,100.92,suburban,personalcare,none,63
9,2,0,0,5.03,4.45,0,84,4.78,1.01,0.07,95.93,urban,personalcare,none,58
9,2,0,0,5.34,0.89,0,125,6.2,-0.35,0,98.1,suburban,snacks,none,53
9,2,0,0,5.37,3.39,0,123,5.13,5,9.1,99.83,suburban,beverages,festival,92
9,2,0,0,3.5,21.13,0,140,3.78,3.92,7.95,102.85,urban,beverages,construction,98
9,2,0,0,6.03,2.66,1,107,4.98,7.96,8.71,97.41,urban,snacks,none,49
9,2,0,0,3.96,1.8,0,4,4.08,3.89,0,99.47,suburban,fresh,none,4
9,2,0,0,3.72,0.84,0,85,4.06,6.51,1.86,94.54,urban,beverages,none,85
9,2,0,0,2.01,0.43,0,89,2.33,5.06,4.69,99.12,suburban,fresh,construction,38
9,2,0,0,11.01,5.23,1,77,13.15,2.57,0,96.33,urban,homecare,none,77
9,2,0,0,3.95,4.83,0,104,3.34,9.13,10.2,104.9,urban,beverages,construction,104
9,2,0,0,1.6,1.05,1,89,1.57,6.27,0,108.06,urban,personalcare,none,40
9,2,0,0,3.25,15.64,1,100,2.95,3.48,5.4,97.24,rural,beverages,none,100
9,2,0,0,4.46,2.85,0,52,4.84,12.95,3.84,98.67,urban,personalcare,none,13
9,2,0,0,5.09,23.6,1,197,5.01,-11.06,0,99.92,suburban,beverages,none,181
9,2,0,0,4.4,24.54,0,163,5.46,1.82,0,87.56,urban,fresh,festival,163
9,2,0,0,5.78,18.49,1,107,5.55,8.56,9.28,100.53,suburban,personalcare,festival,107
9,2,0,0,4.55,25.11,1,118,5.24,3.07,0.95,105.62,urban,personalcare,none,118
9,2,0,0,2.93,24.07,0,119,3.42,3.54,0,104.46,rural,snacks,construction,19
9,2,0,0,4.8,13.33,0,135,4.97,1.65,10.16,109.9,suburban,beverages,none,124
9,2,0,0,9.84,2.04,0,71,9.32,2.86,0,102.07,suburban,homecare,none,14
9,2,0,0,3.5,3.07,1,129,4.01,2.79,2.68,96.7,urban,beverages,none,129
9,2,0,0,5.12,2.77,0,11,4.55,6.32,4.39,92.72,suburban,snacks,construction,11
9,2,0,0,2.1,4.93,0,26,2.24,1.92,3.09,98.43,suburban,snacks,none,26
9,2,0,0,7.07,0.15,0,37,8.5,4.95,14.22,101.88,rural,homecare,none,4
10,3,0,0,2.72,1.46,0,101,2.57,-3.5,2.98,95.65,urban,fresh,none,35
10,3,0,0,1.1,3.36,0,89,1.37,4.43,10.47,103.48,rural,snacks,none,40
10,3,0,0,4.01,3.71,0,77,3.62,3.15,0,103.49,suburban,personalcare,construction,0
10,3,0,0,2.85,2.1,0,80,2.62,0.17,4.32,104.48,urban,beverages,none,80
10,3,0,0,4.92,1.87,0,134,4.24,2.19,5.84,105.31,suburban,fresh,festival,106
10,3,0,0,12.06,0,0,53,12.74,10.98,3.5,102.37,suburban,homecare,construction,24
10,3,0,0,3.31,33.19,1,255,4.02,5.37,5.78,98.65,urban,fresh,none,185
10,3,0,0,5.88,17.23,0,74,6.74,8.85,2.82,97.04,suburban,snacks,none,74
10,3,0,0,5.15,17.25,0,216,4.75,9.6,0,103.1,urban,snacks,sports,168
10,3,0,0,4.72,2.33,1,66,5.38,6.91,5.35,102.06,urban,beverages,construction,38
10,3,0,0,4.03,1.75,0,117,2.81,12.37,0,104.57,suburban,fresh,festival,47
10,3,0,0,3.32,1.53,0,130,3.52,0.08,2.59,102.63,urban,personalcare,none,75
10,3,0,0,4.33,19.65,0,159,4.12,2.49,2.73,100.27,urban,beverages,construction,159
10,3,0,0,1.1,3.77,1,79,1.32,1.9,4.15,104.05,urban,fresh,none,79
10,3,0,0,4.17,0,0,141,4.24,8.08,0,99.52,urban,snacks,sports,58
10,3,0,0,2.37,15.49,0,228,3.03,9.53,5.06,100.16,urban,snacks,sports,123
10,3,0,0,4.96,27.71,0,135,5.02,4.89,1.46,105.13,suburban,fresh,none,135
10,3,0,0,3.77,21.48,0,99,3.38,14.09,3.93,97.73,urban,snacks,none,99
10,3,0,0,9.47,3.34,1,78,10.25,8.11,2.46,110.27,suburban,homecare,none,26
10,3,0,0,3.42,0.52,0,59,3.34,-2.08,1.63,105.41,suburban,snacks,none,30
10,3,0,0,3.8,1.63,0,149,3.28,4.23,0,96.47,urban,snacks,festival,65
10,3,0,0,1.88,1.63,1,77,1.71,-0.02,8.31,107.46,urban,fresh,festival,42
10,3,0,0,7.33,3.08,0,58,5.38,7.68,6.99,98.45,urban,homecare,sports,40
10,3,0,0,2.1,14.6,1,111,2.67,5.87,0,103.6,urban,snacks,construction,111
10,3,0,0,4.62,1.47,0,115,5.17,11.08,0,102.26,urban,beverages,construction,87
10,3,0,0,3.51,0.76,0,135,3.41,5.16,3.33,99.09,suburban,beverages,festival,46
10,3,0,0,9.79,3.24,0,23,9.21,2.99,9.26,109.32,urban,homecare,construction,23
10,3,0,0,4.45,2.37,0,81,5.27,0.93,3.55,106.52,suburban,beverages,festival,81
10,3,0,0,2.65,17.87,0,65,2.69,6.56,0,97.5,suburban,personalcare,none,65
10,3,0,0,4.88,1.02,0,48,4.43,3.27,0,100.13,urban,beverages,none,28
10,3,0,0,3.54,15.02,0,160,3.71,5.38,10.44,104.42,urban,fresh,none,101
10,3,0,0,4.02,14.99,1,114,4.08,-2.54,1.76,93.03,suburban,fresh,none,114
10,3,0,0,3.74,1.86,1,59,3.65,3.8,6.17,109.4,suburban,snacks,none,59
10,3,0,0,6.15,1.55,0,123,7.81,10.46,0,99.03,suburban,beverages,festival,58
10,3,0,0,5.04,23.56,1,168,5.61,3.43,8.18,101.63,rural,beverages,none,123
11,4,0,0,5.01,2.15,0,60,5.61,11.52,0,94.86,suburban,snacks,sports,60
11,4,0,0,5.39,24.57,1,217,5.71,6.55,0,101.25,suburban,beverages,none,105
11,4,0,0,3.97,0.69,0,120,3.38,3.56,0.04,107.4,urban,snacks,none,41
11,4,0,0,2.97,16.59,0,196,3.69,1.71,0.42,102.11,urban,fresh,none,183
11,4,0,0,6.8,3.91,0,96,6.11,2.63,8.9,104.41,suburban,personalcare,none,19
11,4,0,0,3.5,0.77,1,163,4.34,0.28,6.74,99.6,urban,beverages,sports,90
11,4,0,0,5.87,27.25,0,178,5.42,8.07,0,98.51,suburban,fresh,none,178
11,4,0,0,8.33,27.96,0,70,10.77,2.3,10.41,98.79,urban,homecare,none,70
11,4,0,0,5.68,4.39,0,180,4.44,-1.43,0.98,97.87,urban,fresh,none,49
11,4,0,0,1.76,19.39,0,142,2.47,-1.49,0,96.35,suburban,personalcare,festival,50
11,4,0,0,3.67,2.09,0,111,3.26,3.33,6.12,107.64,suburban,beverages,festival,84
11,4,0,0,8.38,23.9,0,87,8.1,-2.85,5.23,104.91,suburban,homecare,construction,49
11,4,0,0,5.07,4.18,0,129,5.36,2.47,1.22,101.88,urban,beverages,festival,129
11,4,0,0,3.56,2.52,0,60,3.64,2.16,0.26,98.24,rural,beverages,construction,53
11,4,0,0,6.05,18.62,0,182,5.62,3.86,4.79,101.4,suburban,beverages,construction,94
11,4,0,0,3.45,0,0,100,3.67,-0.09,0,97.76,suburban,personalcare,festival,61
11,4,0,0,1.7,0.31,0,95,1.21,0.29,3.57,99.87,urban,beverages,sports,86
11,4,0,0,5.2,2.66,1,105,4.91,2.28,0,101.3,suburban,personalcare,none,76
11,4,0,0,3.7,2.16,0,108,4.12,-0.45,5.85,97.63,suburban,beverages,construction,82
11,4,0,0,9.3,2.66,0,46,10.3,12.76,7.79,102.83,rural,homecare,none,0
11,4,0,0,6.58,2.15,1,118,7.42,1.15,2.91,102.98,urban,beverages,none,95
11,4,0,0,2.06,0,0,57,2.31,0.46,0,95.3,rural,beverages,construction,13
11,4,0,0,3.52,26.51,0,161,3.49,8.39,2.8,102.38,rural,fresh,none,132
11,4,0,0,10.24,23.72,0,109,10.75,4.63,1.85,103.16,urban,homecare,none,52
11,4,0,0,3.72,18.67,0,154,3.96,-3.95,3.42,104.92,rural,beverages,sports,67
11,4,0,0,4.29,1.3,0,133,5.59,7.91,0,101.82,urban,snacks,festival,112
11,4,0,0,6.54,7.06,0,104,8.69,5.51,0,104.02,suburban,fresh,none,104
11,4,0,0,4.81,4.91,0,40,4.85,5.77,0,101.59,rural,beverages,none,40
11,4,0,0,5.47,14.09,1,147,6.13,-6.39,4.44,96.98,suburban,fresh,sports,95
11,4,0,0,2.14,30.17,0,207,2.54,2.56,4.22,112.11,suburban,beverages,sports,183
11,4,0,0,4.73,0.83,1,95,6.05,6.45,11.98,98.53,suburban,fresh,none,57
11,4,0,0,5.48,2.76,0,107,6.2,3.96,6.93,101.75,suburban,fresh,none,27
11,4,0,0,4.28,3.07,0,67,3.75,11.36,0.01,89.7,urban,beverages,none,67
11,4,0,0,5.88,1.78,0,52,6.2,0.69,0.66,106.03,urban,homecare,none,52
11,4,0,0,1.39,1.74,0,92,1.18,-2.12,3.44,104.29,suburban,beverages,none,78
12,5,0,1,3.75,5.79,0,110,4.28,3.69,0,97.22,urban,snacks,none,81
12,5,0,1,4.63,12.7,0,64,4.48,-2.08,1.46,110.18,rural,fresh,construction,64
12,5,0,1,10,5.1,1,51,11.19,3.23,0,100.5,rural,homecare,none,39
12,5,0,1,4.59,2.66,0,80,4.81,-3.62,2.98,95.25,urban,personalcare,none,45
12,5,0,1,9.36,28.05,0,59,10.69,4.22,0,98.45,suburban,homecare,none,33
12,5,0,1,6.65,3.84,0,107,8.52,7.88,3.01,105.37,urban,snacks,construction,62
12,5,0,1,1.32,1.41,0,115,1.24,4.89,1.66,102.59,suburban,personalcare,none,35
12,5,0,1,2.22,26.11,0,117,2.31,8.1,2.33,104.77,urban,personalcare,none,101
12,5,0,1,7.01,1.59,0,85,7.95,1.38,2.94,96.03,rural,snacks,sports,48
12,5,0,1,4.86,3.76,0,49,4.19,2.31,5,108.1,rural,fresh,none,27
12,5,0,1,3.93,3.83,0,47,4.46,4.39,1.72,101.25,suburban,snacks,none,47
12,5,0,1,5.67,2.93,0,109,5.12,3.96,1.6,103.48,urban,fresh,none,91
12,5,0,1,1.7,0.2,0,83,1.78,5.17,2.66,100.41,suburban,beverages,none,51
12,5,0,1,3.37,20.09,0,132,3.49,1.47,7.81,100.2,rural,beverages,none,94
12,5,0,1,3.49,1.75,0,102,3.25,4.11,4.46,106.18,suburban,beverages,none,66
12,5,0,1,5.48,22.81,0,183,5.91,5.12,9.95,98.52,urban,beverages,sports,154
12,5,0,1,3.56,0,0,64,4.32,9.26,0.96,93.54,urban,personalcare,none,24
12,5,0,1,2.73,11.42,0,76,3.05,-3.07,0,99.59,suburban,beverages,none,76
12,5,0,1,7.03,1.71,0,4,6.09,5.03,0,107.53,rural,fresh,none,4
12,5,0,1,7.08,0,0,85,7.26,7.67,3.27,102.69,suburban,personalcare,festival,28
12,5,0,1,5.91,3.72,1,129,5.88,6.59,0,91.45,urban,fresh,none,35
12,5,0,1,5.61,2.88,0,55,5.03,1.68,4.68,100.87,rural,personalcare,none,11
12,5,0,1,3.96,3.4,0,95,4.57,5.63,7.67,88.68,rural,beverages,none,6
12,5,0,1,3.43,1.46,0,124,3.29,6.19,8.05,108.25,suburban,beverages,none,12
12,5,0,1,3.84,2.83,0,95,3.77,7.93,0,107.29,urban,snacks,festival,95
12,5,0,1,4.61,0.71,0,7,4.74,2.78,0.26,101.89,urban,snacks,none,7
12,5,0,1,4.45,19.62,0,159,4.77,6.32,0,107.7,urban,beverages,none,141
12,5,0,1,7.37,3.51,0,56,9.41,4.33,0,99.67,suburban,homecare,sports,35
12,5,0,1,1.46,3.21,0,70,1.87,2.72,11.19,98.37,suburban,fresh,none,70
12,5,0,1,5.22,4.87,0,102,4.92,0.47,9.98,97.45,suburban,snacks,none,46
12,5,0,1,6.12,13.66,1,71,7.56,9.06,3.72,97.26,urban,homecare,festival,71
12,5,0,1,4.38,4.74,0,104,4.26,7.43,2.32,95.55,urban,snacks,festival,86
12,5,0,1,3.44,3,1,86,2.89,-2.39,0,90.22,suburban,personalcare,none,40
12,5,0,1,5.03,0.36,0,57,3.39,15.38,8.28,98.97,rural,beverages,none,51
12,5,0,1,3.17,4.12,1,166,1.9,10.86,7.99,108.02,suburban,fresh,festival,73
13,6,0,1,5.91,3.28,0,56,6.06,-3.32,4.09,102.92,rural,beverages,none,56
13,6,0,1,4.45,2.9,0,49,4.38,7.4,0.44,96.28,urban,snacks,sports,49
13,6,0,1,6.78,11.2,1,81,7.55,5.76,4.09,101.28,urban,personalcare,festival,81
13,6,0,1,6.97,17.4,0,123,7.13,8.16,0,93.2,urban,personalcare,sports,71
13,6,0,1,4.34,3.49,0,99,5.42,-0.11,1.24,97.58,urban,snacks,none,99
13,6,0,1,5.52,24.67,0,139,3.86,0.04,6.59,96.57,urban,personalcare,sports,58
13,6,0,1,1.37,0,0,78,1.22,4.59,5.87,95.74,suburban,personalcare,none,37
13,6,0,1,9.98,1.92,0,101,11.04,-0.93,0,100.19,urban,fresh,none,67
13,6,0,1,9.41,0.62,1,54,10.14,4.01,0,91.46,suburban,homecare,construction,51
13,6,0,1,4.1,18.52,0,177,5,7.04,5.59,104.32,urban,beverages,construction,100
13,6,0,1,5.2,32.5,0,188,6.27,2.96,0,103.64,suburban,fresh,none,188
13,6,0,1,8.75,2.78,0,123,9.43,5.92,0,99.26,urban,homecare,festival,70
13,6,0,1,2.78,6.13,1,148,2.12,9.51,7.97,108.65,urban,beverages,sports,146
13,6,0,1,4.75,5.87,0,62,4.93,8.3,0,97.51,rural,personalcare,construction,1
13,6,0,1,8.74,0.51,0,64,9.27,0.26,4.5,94.52,urban,homecare,none,43
13,6,0,1,2.29,0,0,104,1.68,6.2,0,105.15,urban,beverages,construction,68
13,6,0,1,4.34,3.31,0,97,3.28,2.12,0,104,suburban,snacks,festival,97
13,6,0,1,2.89,2.85,0,134,2.59,0.95,1.75,92.74,urban,fresh,none,47
13,6,0,1,3.23,29.54,0,131,3.31,-0.97,5.46,102.86,suburban,fresh,none,131
13,6,0,1,5.83,1.07,0,38,5.03,5.32,2.96,100.74,suburban,fresh,sports,38
13,6,0,1,3.47,20.96,1,198,3.76,7.4,3.92,92.89,suburban,fresh,none,149
13,6,0,1,3.3,1.07,0,125,3.25,2,4.22,105.25,urban,beverages,festival,106
13,6,0,1,5.73,2.19,0,81,6.57,1.31,0,96.21,suburban,personalcare,construction,31
13,6,0,1,4.94,3.48,1,170,5.33,9.33,3.75,102.14,urban,beverages,none,105
13,6,0,1,3.02,20.83,0,206,3.21,3.76,6.41,90.23,urban,fresh,none,129
13,6,0,1,3.73,19.18,0,145,4.1,6.31,0,99.42,suburban,beverages,none,145
13,6,0,1,8.3,0.56,0,132,9.78,5.75,0,103.21,suburban,homecare,festival,50
13,6,0,1,7.29,24.73,1,80,6.43,5.29,5.33,99.48,urban,homecare,none,80
13,6,0,1,4.21,0.93,0,91,4.47,4.73,0,104.64,urban,snacks,none,58
13,6,0,1,4.75,11.78,0,173,4.64,1.93,0.95,99.39,urban,fresh,none,142
13,6,0,1,5.11,2.56,0,58,6.19,1.9,10.01,99.54,urban,beverages,none,58
13,6,0,1,2.75,15.83,0,159,2.93,2.14,0,103.56,suburban,beverages,none,139
13,6,0,1,4.98,0,0,81,4.99,0.32,4,115.7,rural,beverages,none,35
13,6,0,1,4.26,15.7,1,166,4.58,8.18,2.44,94.88,suburban,fresh,construction,118
13,6,0,1,7.4,3.3,0,60,8.34,3.44,2.8,105.03,suburban,homecare,none,36
14,0,0,0,3.78,4.49,0,102,3.8,4.02,6.87,96.3,rural,beverages,none,80
14,0,0,0,9.07,3.33,1,112,9.81,7.71,9.19,110.88,suburban,homecare,festival,72
14,0,0,0,8.18,3.39,1,92,9.97,3.83,2.21,106.7,suburban,homecare,festival,61
14,0,0,0,4.01,16.9,0,151,3.05,6.43,6.2,111.69,suburban,fresh,festival,137
14,0,0,0,2.21,28.09,0,239,2.53,-0.31,0,105.31,urban,beverages,festival,189
14,0,0,0,2.24,16.59,0,73,2.28,4.96,3.09,106.39,rural,snacks,construction,73
14,0,0,0,7.04,1.19,0,30,6.69,-0.1,7.82,95.88,suburban,snacks,construction,30
14,0,0,0,2.16,1.39,1,150,2.4,4.55,0,99.31,suburban,beverages,none,70
14,0,0,0,8.77,18.27,0,29,5.8,11.55,5.66,97.33,urban,homecare,sports,29
14,0,0,0,7.09,1.25,1,99,6.72,-0.16,0,87.86,urban,homecare,none,54
14,0,0,0,3.93,15.03,0,99,3.83,8.1,1.47,99.18,suburban,snacks,construction,71
14,0,0,0,3.14,7.62,0,60,3.13,8.01,5.28,99.86,urban,fresh,construction,60
14,0,0,0,4.24,1.48,1,153,4.25,1.27,8.51,105.71,suburban,beverages,none,41
14,0,0,0,2.55,1.51,1,215,2.36,2.63,2.1,110.2,urban,beverages,festival,110
14,0,0,0,5.32,3.49,0,116,5.51,2.36,4.97,105.75,urban,homecare,none,90
14,0,0,0,4.6,13.37,0,154,4.06,11.33,3.86,105.46,urban,beverages,none,107
14,0,0,0,7.71,2.06,0,81,9.07,6.01,0,100.28,urban,fresh,none,81
14,0,0,0,1.97,20.45,0,142,1.98,5.62,2.8,100.35,urban,beverages,sports,142
14,0,0,0,5.23,1.04,0,56,4.67,4.69,2.19,105.76,suburban,beverages,none,35
14,0,0,0,2.76,1.98,0,55,2.69,8.8,4.44,101.74,urban,fresh,none,55
14,0,0,0,6.77,28.32,0,241,5.53,4.81,10.64,98.63,suburban,beverages,festival,194
14,0,0,0,5.96,1.79,1,79,6.85,4.57,0,106.16,urban,snacks,none,79
14,0,0,0,4.45,4.15,1,124,5.77,4.97,5.86,101.72,rural,snacks,festival,124
14,0,0,0,5.44,12.39,0,105,4.94,3.73,0.61,103.83,urban,beverages,construction,100
14,0,0,0,3.25,22.05,0,166,3.69,8.63,4.3,105.31,suburban,beverages,construction,146
14,0,0,0,3.36,2.23,1,29,3.68,5.44,8.01,100.58,suburban,fresh,none,29
14,0,0,0,4.12,2.5,0,103,4.74,3.3,8.05,108.21,urban,personalcare,none,32
14,0,0,0,3.52,19.36,1,235,3.52,6.36,0.07,105.11,suburban,beverages,construction,79
14,0,0,0,9.48,11.24,0,84,9.7,5.98,0,98.37,suburban,homecare,construction,44
14,0,0,0,3.44,3.49,0,116,2.83,2.05,1.58,101.38,urban,beverages,none,65
14,0,0,0,2.44,3.86,0,59,2.51,8.79,3.21,95.57,suburban,beverages,construction,59
14,0,0,0,4.81,1.38,0,17,4.09,4.19,1.46,103.4,rural,personalcare,none,17
14,0,0,0,5.57,3.16,0,80,4.9,1.17,4.35,101.32,rural,personalcare,none,7
14,0,0,0,4,18.46,1,153,4.63,0.17,1.5,101.09,suburban,fresh,construction,84
14,0,0,0,1.1,5.09,1,21,1.38,5.72,11.1,100.81,rural,personalcare,none,16
15,1,0,0,4.78,3.37,0,144,4.97,7.74,6.4,101.71,rural,personalcare,sports,67
15,1,0,0,5.52,12.3,0,114,5.86,3,4.71,103.21,rural,fresh,none,86
15,1,0,0,7.01,2.98,0,34,8.34,4.84,13.39,94.68,suburban,homecare,none,24
15,1,0,0,3.5,3.58,1,98,3.87,7.77,0,106.42,suburban,beverages,festival,98
15,1,0,0,3.99,0.57,1,100,5.13,9.79,0,112.46,suburban,beverages,sports,77
15,1,0,0,3.18,8.61,0,5,3.7,-0.35,6.59,96.48,suburban,personalcare,construction,5
15,1,0,0,4.02,2.12,1,72,5.44,5.02,11.5,108.85,suburban,fresh,sports,72
15,1,0,0,4.39,26.66,1,222,5.05,7.72,0,108.35,urban,beverages,none,194
15,1,0,0,4.89,1.49,0,127,5.24,2.44,0,100.92,urban,snacks,sports,56
15,1,0,0,3.38,25.59,0,151,3.51,-6.22,5.35,98.36,rural,beverages,none,95
15,1,0,0,2.24,1.82,0,166,2.16,9.69,1.93,107.86,urban,beverages,none,101
15,1,0,0,4.27,11.23,0,167,3.87,2.24,1.82,102.75,urban,beverages,festival,108
15,1,0,0,7.09,3.98,0,40,8.68,8.14,7.67,98.9,suburban,personalcare,construction,16
15,1,0,0,4.6,1.86,0,82,4.84,5.91,6.79,98.27,rural,beverages,sports,75
15,1,0,0,2.12,13.75,1,206,2.42,6.47,0.24,97.93,urban,beverages,sports,133
15,1,0,0,1.1,1.55,0,113,0.81,3.24,0,95.7,suburban,beverages,sports,54
15,1,0,0,3.93,1.94,1,170,5.01,9.05,9.99,100.98,suburban,beverages,none,130
15,1,0,0,2.84,0,0,66,2.86,2.06,0,103.39,suburban,snacks,festival,66
15,1,0,0,3.19,1.48,0,48,2.64,8.17,1.77,105.86,rural,personalcare,none,28
15,1,0,0,4.22,2.58,0,103,4.83,0.93,5.73,105.21,urban,beverages,construction,78
15,1,0,0,8.03,15.4,0,82,8.5,7.03,0.41,96.1,urban,homecare,none,37
15,1,0,0,5.47,2,1,131,4.59,2.06,6.7,109.16,suburban,personalcare,sports,80
15,1,0,0,3.88,0.24,0,75,5.03,-7.38,0,103.87,rural,beverages,festival,75
15,1,0,0,4.08,2.71,1,54,4.3,1.24,9.1,97.58,rural,personalcare,none,9
15,1,0,0,9.04,1.52,0,92,8.72,7.82,4.6,103.56,urban,homecare,sports,45
15,1,0,0,6.1,2.44,0,87,7.21,-0.13,7.3,100.12,urban,fresh,construction,68
15,1,0,0,3.32,18.14,0,145,3.26,1.37,0.14,102.14,suburban,snacks,sports,105
15,1,0,0,3.13,2.66,0,56,3.23,1.54,5.49,95.8,suburban,snacks,construction,48
15,1,0,0,3.93,11.41,0,79,4.36,6.87,7.04,94.72,suburban,personalcare,none,38
15,1,0,0,5.58,14.32,0,112,6.54,-2.11,6.95,96.99,rural,snacks,sports,49
15,1,0,0,5.14,14.79,0,142,4.17,12.8,0,106.7,suburban,fresh,none,33
15,1,0,0,1.1,0,0,78,1.12,-1.21,0,103.87,suburban,snacks,festival,77
15,1,0,0,4.2,0.04,0,90,5.1,7.72,9.06,96.3,urban,fresh,sports,47
15,1,0,0,4.97,1.52,0,13,5.48,5.73,0,95.92,suburban,personalcare,none,13
15,1,0,0,8.85,0.59,0,83,10.71,2.64,0,86.47,urban,homecare,none,28
16,2,0,0,5.54,13.09,0,161,5.74,9.2,6.13,107.4,urban,beverages,sports,118
16,2,0,0,3.63,0.3,1,5,3.03,3.37,2.24,100.45,rural,fresh,sports,5
16,2,0,0,5.95,3.79,0,54,5.57,3.37,6.47,106.42,rural,personalcare,none,9
16,2,0,0,2.78,2.4,0,39,2.19,9.74,1.93,96.4,rural,snacks,sports,39
16,2,0,0,2.36,0.78,1,87,2.61,3.15,0,106.37,suburban,fresh,festival,87
16,2,0,0,4.11,19.86,0,102,4.56,7.59,1.09,100.43,suburban,snacks,none,76
16,2,0,0,1.94,3.26,1,93,2.32,6.4,0,97.61,suburban,beverages,none,93
16,2,0,0,6.74,3.64,0,67,6.54,16.07,11.67,105.43,suburban,snacks,festival,2
16,2,0,0,5.27,2.42,0,121,5.58,2.64,6.81,98.94,urban,snacks,festival,103
16,2,0,0,2.25,1.47,0,51,2.36,0.59,4.14,98.28,suburban,personalcare,sports,30
16,2,0,0,1.97,0.15,0,57,2.2,9.34,4.81,98.65,suburban,fresh,sports,28
16,2,0,0,7.53,1.89,0,120,6.19,3.38,7.05,103.95,urban,beverages,none,87
16,2,0,0,5.79,4.76,1,128,6.57,-1.79,1.6,108.83,urban,personalcare,sports,65
16,2,0,0,3.75,14.78,0,126,3.49,8.37,10.36,104.5,rural,fresh,none,99
16,2,0,0,4.36,2.42,1,127,4.31,2.85,0,108.76,rural,beverages,none,107
16,2,0,0,9.97,24.63,0,83,10.42,0.29,9.78,113.13,suburban,homecare,festival,50
16,2,0,0,2.47,1.63,0,83,3.02,9.37,0,105.26,suburban,fresh,none,61
16,2,0,0,4.44,20.34,0,157,4.63,4,9.69,98.53,suburban,beverages,sports,147
16,2,0,0,3.72,4.76,0,89,3.9,4.55,2.68,102.91,suburban,personalcare,none,39
16,2,0,0,4.48,4.39,1,115,4.92,11.11,0,101.81,rural,fresh,sports,98
16,2,0,0,4.14,0,0,59,4.61,-0.72,2.37,97.94,suburban,fresh,none,1
16,2,0,0,2.6,22.37,0,141,2.58,-2.66,3.98,96.26,rural,beverages,none,131
16,2,0,0,10.04,1.23,0,64,10.59,5.03,6.59,99.22,urban,homecare,none,40
16,2,0,0,4.76,8.66,0,129,5.6,3.1,2.45,98.81,urban,snacks,none,81
16,2,0,0,4.13,2.44,0,86,4.48,4.39,0,107.32,suburban,personalcare,sports,54
16,2,0,0,6.8,2.29,0,25,6.4,7.75,3.22,97.94,rural,personalcare,construction,0
16,2,0,0,5.33,20.26,1,140,4.28,0.8,1.1,97.69,suburban,snacks,festival,140
16,2,0,0,4.27,4.68,0,79,5.06,3.02,2.73,102.36,suburban,fresh,none,79
16,2,0,0,3.21,0,1,59,3.4,0.66,1.55,101.3,rural,beverages,festival,48
16,2,0,0,6.16,5.93,0,96,5.93,1.96,0.67,99.95,urban,personalcare,none,49
16,2,0,0,4.33,8.51,0,92,4.46,2.49,5.64,105.52,suburban,fresh,none,92
16,2,0,0,6.06,21.65,1,179,5.77,-1.78,0,94.58,urban,fresh,festival,146
16,2,0,0,4.42,2.58,0,119,3.72,4.36,0,97.27,urban,beverages,festival,106
16,2,0,0,3.15,23.98,0,182,3.3,-0.39,5.8,104.89,suburban,beverages,construction,134
16,2,0,0,8.62,1.9,0,47,10.38,4.82,6.96,96.77,suburban,homecare,sports,47
17,3,0,0,7.75,24.67,0,117,9.9,2.49,0,106.03,rural,homecare,sports,86
17,3,0,0,5.6,0,0,99,6.43,0.43,0,106.52,urban,beverages,none,64
17,3,0,0,1.34,2.13,1,69,1.37,3.8,0,101.35,urban,personalcare,none,42
17,3,0,0,7.43,0.59,0,22,6.36,0.74,1.46,96.71,urban,homecare,sports,18
17,3,0,0,5.25,1.87,0,99,4.76,5.59,3.84,95.05,suburban,fresh,sports,32
17,3,0,0,5.19,1.72,0,71,5.26,2.78,4.53,104.73,rural,fresh,sports,35
17,3,0,0,3.71,2.98,0,100,4.3,0.65,1.63,94.33,rural,fresh,none,89
17,3,0,0,3.47,0.78,0,99,3.29,12.88,3.7,106.42,suburban,fresh,festival,58
17,3,0,0,3.3,1.59,0,109,3.19,0.61,0,111.34,suburban,snacks,festival,80
17,3,0,0,3.2,0.01,0,35,3.16,-1.44,0.02,99.52,urban,fresh,none,35
17,3,0,0,5.02,17.33,0,162,5.05,4.96,0,103.08,rural,fresh,construction,72
17,3,0,0,3.73,1.5,0,86,3.94,0.79,0,101.68,suburban,fresh,none,39
17,3,0,0,6.37,23.53,0,157,6.53,7.35,0,101.23,rural,snacks,sports,143
17,3,0,0,6.05,5.81,0,98,6.59,6.39,7.92,101.94,rural,fresh,none,71
17,3,0,0,3.68,2.43,0,160,3.65,-0.65,0,98.15,urban,snacks,festival,47
17,3,0,0,4.61,3.11,0,62,5.08,6.76,2.5,100.8,urban,fresh,construction,40
17,3,0,0,4.63,26.28,0,176,4.83,-1.06,0.41,104.78,suburban,fresh,none,99
17,3,0,0,3.62,2.23,0,118,3.45,2.6,2.98,97.58,urban,beverages,none,74
17,3,0,0,3,3.01,0,75,2.86,5.27,3.71,99.19,suburban,fresh,none,52
17,3,0,0,2.96,7.83,1,101,2.63,13.78,0,93.48,suburban,snacks,none,71
17,3,0,0,1.87,25.33,0,198,1.85,-0.1,0,97.43,suburban,beverages,festival,122
17,3,0,0,6.53,2.23,0,82,8.12,3.17,0.04,101.68,rural,beverages,none,4
17,3,0,0,5.69,1.92,1,57,5.76,4.48,1.01,95.8,urban,fresh,construction,57
17,3,0,0,2.37,1.51,0,92,2.28,9.78,3.23,101.34,urban,beverages,construction,92
17,3,0,0,3.88,2.78,0,85,3.66,4.06,3.62,96.04,suburban,snacks,none,26
17,3,0,0,3.89,2.66,1,31,3.96,1.32,5.18,102.62,suburban,snacks,construction,31
17,3,0,0,3.9,0.16,0,26,4.18,7.19,7.97,98.25,rural,personalcare,none,0
17,3,0,0,3.85,3.85,0,63,3.63,4.55,0,105.46,suburban,beverages,sports,63
17,3,0,0,6.41,1.68,0,97,8.25,8.59,0.48,103.8,urban,snacks,construction,47
17,3,0,0,5.68,20.5,0,127,6.34,3.58,2.03,97.82,rural,beverages,none,81
17,3,0,0,4.88,0.66,0,92,4.72,0.73,8.89,99.91,rural,beverages,sports,32
17,3,0,0,4.13,12.74,0,120,3.87,3.1,0.75,94.93,suburban,beverages,none,98
17,3,0,0,3.64,2.24,1,128,3.44,5.33,2.24,114.99,urban,snacks,none,108
17,3,0,0,2.88,1.15,1,49,2.77,5.35,7.38,96.77,suburban,personalcare,none,46
17,3,0,0,3.35,3.8,0,145,2.79,9.73,0,98.65,suburban,beverages,sports,94
18,4,0,0,6.41,1.73,0,112,6.64,7.81,14.29,104.3,suburban,personalcare,festival,79
18,4,0,0,9.89,2.75,0,38,9.9,0.41,0,105.65,suburban,homecare,none,38
18,4,0,0,3.61,2,0,111,3.08,12.12,3.62,100.41,urban,beverages,construction,38
18,4,0,0,5.85,1.06,0,78,5.5,4.54,4.22,104.4,rural,beverages,festival,78
18,4,0,0,9.8,1.14,0,51,10.08,7.24,0,96.56,rural,homecare,none,0
18,4,0,0,4.22,2.66,1,82,4.18,-1.14,4.09,108.23,suburban,personalcare,festival,70
18,4,0,0,10.64,0,1,50,11.21,5.67,0,99.81,urban,homecare,festival,48
18,4,0,0,3.33,2,1,93,2.89,3.14,7.58,101.49,suburban,beverages,none,65
18,4,0,0,6.94,6.19,0,130,7.48,-2.16,1.86,105.08,urban,personalcare,sports,92
18,4,0,0,7.11,2.23,1,55,7.33,13.22,4.07,107.99,suburban,beverages,construction,55
18,4,0,0,4.74,0,0,30,4.54,10.05,9,95.7,rural,beverages,none,10
18,4,0,0,6.98,1.89,1,81,7.13,1.65,5.11,106.38,urban,homecare,none,55
18,4,0,0,2.68,3.63,0,103,3.15,6.84,2.59,102.69,urban,snacks,none,60
18,4,0,0,5.11,16.59,1,122,4.39,7.2,4.35,97,suburban,beverages,construction,122
18,4,0,0,3.1,22.08,0,142,3.28,5.26,8.13,112.58,suburban,personalcare,construction,56
18,4,0,0,4.91,0.93,1,54,4.45,8.54,0,96.99,rural,fresh,sports,54
18,4,0,0,4.23,13.26,0,130,5.06,-2.75,6.94,101.54,urban,fresh,sports,130
18,4,0,0,3.86,0.41,1,64,4.38,2.1,4.04,94.79,suburban,snacks,none,39
18,4,0,0,6.69,14.49,1,123,7.43,6.37,4.06,108.91,urban,beverages,sports,123
18,4,0,0,3.5,11.73,0,127,3.17,8.92,0,95.81,suburban,personalcare,construction,33
18,4,0,0,5.49,1.3,0,79,5.7,3.1,0,94.88,rural,beverages,construction,38
18,4,0,0,4.53,3.24,0,107,3.98,-1.66,5.34,94.55,rural,fresh,festival,56
18,4,0,0,4.15,4.78,0,46,3.26,-1.1,6.1,103.19,rural,beverages,construction,36
18,4,0,0,8.27,4.14,0,90,8.82,12.13,0.19,100.84,suburban,homecare,festival,35
18,4,0,0,3.16,11.43,0,133,3.61,-0.84,0.23,94.62,suburban,fresh,none,52
18,4,0,0,3.77,20.12,1,128,4.45,4.86,1.9,103.67,rural,fresh,sports,128
18,4,0,0,4.87,26.97,0,191,5.55,6.41,0.49,101.84,urban,snacks,sports,129
18,4,0,0,4.57,19.71,0,86,4.36,-2.21,0,104.68,urban,personalcare,none,86
18,4,0,0,3.19,0,1,15,3.79,1.78,0,95.08,rural,personalcare,none,15
18,4,0,0,3.99,2.82,0,11,4.2,9.96,7.68,103.51,rural,personalcare,none,5
18,4,0,0,6.73,4.1,0,89,7.92,7.59,0,98.77,suburban,personalcare,none,0
18,4,0,0,6.54,27.05,0,167,6.14,4.79,7.26,107.31,suburban,fresh,sports,167
18,4,0,0,4.72,1.59,1,108,4.7,3.89,0,99.56,rural,snacks,festival,93
18,4,0,0,1.48,2.44,0,119,1.86,6.37,0.28,93.79,suburban,snacks,sports,80
18,4,0,0,6.27,0.74,0,82,7.68,-1.14,10.64,106.74,suburban,beverages,festival,82
19,5,0,1,2.46,1.49,0,128,2.33,4.12,0,100.01,suburban,beverages,none,91
19,5,0,1,4.29,1.95,0,46,4.77,4.3,5.57,104.16,urban,fresh,none,46
19,5,0,1,2.07,3.96,0,77,2.14,-2.17,9.44,97.72,rural,snacks,none,51
19,5,0,1,6.31,3.29,0,67,7.5,4.96,5.2,91.2,urban,fresh,construction,67
19,5,0,1,1.1,28.21,0,232,1.11,8.91,0,110.57,urban,fresh,sports,186
19,5,0,1,4.67,1.51,0,67,5.11,2.19,5.53,98.03,suburban,beverages,none,61
19,5,0,1,3.44,0.19,0,118,3.44,3.49,0,88.16,rural,snacks,festival,56
19,5,0,1,2.67,27.09,0,168,2.76,2.07,6.86,103.4,rural,beverages,festival,156
19,5,0,1,4.3,1.58,0,143,3.85,0.91,4.22,102.55,urban,snacks,festival,94
19,5,0,1,3.95,0.14,0,112,4.06,2.74,5.09,102.36,rural,beverages,none,57
19,5,0,1,5.47,17.76,0,100,5.24,5.63,9.78,100.88,suburban,beverages,sports,100
19,5,0,1,3.13,2.54,0,51,3.56,8.54,6.06,103.14,suburban,snacks,construction,32
19,5,0,1,9.07,1.77,0,68,9.34,2.41,0,106.59,suburban,homecare,none,47
19,5,0,1,2.31,12.68,1,126,2.28,6.85,4.2,110.09,urban,snacks,none,121
19,5,0,1,4.89,20.68,0,140,4.87,1.87,0.07,97.93,urban,snacks,none,101
19,5,0,1,4.93,41.53,0,223,5.57,9.85,10.28,103.57,urban,beverages,none,205
19,5,0,1,5.52,2.15,0,78,5.44,-0.13,0,102.38,urban,beverages,construction,77
19,5,0,1,7.52,4.62,1,62,10.16,2.33,3.55,100.35,suburban,homecare,none,10
19,5,0,1,2.85,0.97,1,38,2.68,3.54,2.3,92.8,suburban,personalcare,construction,8
19,5,0,1,4.29,2.31,0,70,4,6.86,14.46,97.48,urban,personalcare,none,0
19,5,0,1,4.7,0.4,0,91,5.52,5.38,0,108.98,urban,snacks,sports,63
19,5,0,1,2.63,3.86,0,84,3.05,7.14,0,96.63,suburban,snacks,none,55
19,5,0,1,2.31,3.09,1,121,2.47,-0.72,7.44,104.42,suburban,snacks,construction,62
19,5,0,1,2.24,5.68,0,100,2.22,-0.34,0,100.32,urban,fresh,festival,99
19,5,0,1,10.11,0.96,0,71,10.62,1.39,2.74,97.75,urban,homecare,none,30
19,5,0,1,1.1,2.46,1,120,0.81,12.5,0.03,102.66,suburban,fresh,none,99
19,5,0,1,3.43,21.17,1,112,3.07,6.07,2.83,112.43,rural,personalcare,none,71
19,5,0,1,4.72,17.65,0,89,4.82,-2.5,6.09,101.72,rural,snacks,construction,89
19,5,0,1,3.83,3.14,0,142,3.17,6.53,2.59,109.85,urban,beverages,none,86
19,5,0,1,4.05,10.19,1,132,4.02,-8.57,0,92.48,suburban,snacks,festival,73
19,5,0,1,3.66,14.15,1,129,3.57,3.66,0,104.7,urban,personalcare,none,85
19,5,0,1,4.54,2.63,0,115,5.23,5.54,11.58,103.02,urban,fresh,none,92
19,5,0,1,3.04,3.4,1,62,3.01,4.27,5.15,91.48,rural,fresh,none,45
19,5,0,1,9.12,1.37,1,82,8.7,6.72,0,98.64,urban,homecare,sports,82
19,5,0,1,3.57,11.18,0,158,3.98,2.07,5.46,94.75,urban,beverages,festival,135
20,6,0,1,6.34,1.77,0,4,7.04,9.25,5.21,97.06,suburban,homecare,none,0
20,6,0,1,1.76,0.94,0,58,1.56,7.55,0,96.68,rural,snacks,none,43
20,6,0,1,1.99,13.7,0,83,2.01,2.98,7.97,104.93,suburban,snacks,construction,75
20,6,0,1,1.1,0,1,134,1.2,7.8,1.86,107.85,suburban,beverages,none,128
20,6,0,1,6.45,0.15,1,71,5.53,7.73,5.29,104.47,suburban,beverages,none,71
20,6,0,1,3.96,0.74,1,130,3.91,3.84,5.59,103.06,urban,personalcare,none,90
20,6,0,1,3.59,3.6,0,127,3.56,9.97,0,99.17,suburban,snacks,none,55
20,6,0,1,7.05,22.89,1,155,8.9,1.87,5.09,100.78,rural,beverages,none,147
20,6,0,1,8.6,1.63,0,16,7.96,-1.34,1.05,101.66,urban,homecare,none,16
20,6,0,1,3.24,0.22,1,50,3.35,-4.56,3.34,104.3,suburban,beverages,none,50
20,6,0,1,9.53,34.5,1,155,9.91,12.03,7.03,109.79,suburban,homecare,festival,99
20,6,0,1,4,3.07,0,70,3.97,6.06,4.48,104.59,suburban,snacks,sports,59
20,6,0,1,8.92,1.3,1,35,10.25,1.3,4.52,100.56,urban,homecare,festival,23
20,6,0,1,3.75,2.46,1,50,3.38,4.69,3.2,101.55,urban,snacks,none,50
20,6,0,1,9.03,22.26,0,127,9.71,-2.71,0,94.12,suburban,beverages,construction,127
20,6,0,1,8.65,0.21,0,84,7.52,7.52,4.12,100.51,suburban,personalcare,festival,28
20,6,0,1,3.21,13.54,0,164,3.24,5.42,0,100.8,suburban,beverages,none,64
20,6,0,1,6.07,2.63,0,38,6.47,0.36,4.41,102.38,suburban,beverages,construction,38
20,6,0,1,5.11,2.54,1,127,6.89,3.86,1.2,97.34,suburban,snacks,none,86
20,6,0,1,4.57,1.66,1,72,4.43,2.91,3.14,101.23,urban,beverages,none,72
20,6,0,1,4.35,0.66,0,43,4.52,6.29,0.04,106.51,rural,personalcare,festival,33
20,6,0,1,5.89,17.29,0,93,5.62,4.88,4.31,101.38,suburban,snacks,none,93
20,6,0,1,9.19,24.65,0,100,9.61,1.16,1.09,101.15,suburban,homecare,none,56
20,6,0,1,8.66,31.11,0,98,9.44,8.82,1.75,106.81,suburban,homecare,construction,44
20,6,0,1,2.7,2.92,1,117,2.87,2.28,0,101.15,suburban,beverages,construction,96
20,6,0,1,9.43,0,0,60,7.5,14.54,4.1,94.89,urban,homecare,none,36
20,6,0,1,3.73,0,0,21,3.95,5.24,0,98.32,rural,snacks,none,15
20,6,0,1,4.54,1.71,0,65,4.69,7.55,8.72,100.81,urban,fresh,construction,0
20,6,0,1,5.14,2.42,1,105,5.4,2.88,0,111.55,urban,snacks,festival,78
20,6,0,1,3.92,2.38,0,78,4.5,4.78,9.77,110.37,suburban,snacks,none,25
20,6,0,1,8.75,20.45,0,160,8.46,10.62,0,103.53,suburban,fresh,festival,160
20,6,0,1,8.65,36.87,0,97,8.38,6.35,7.19,103.28,urban,homecare,construction,91
20,6,0,1,4.33,2.41,0,82,4.31,-0.63,6.47,100.48,rural,beverages,none,39
20,6,0,1,1.92,5.37,0,82,1.8,4.01,2.75,102.88,rural,snacks,none,15
20,6,0,1,4.1,8.69,0,55,5.15,-0.09,3.5,111.42,rural,snacks,construction,55
21,0,0,0,3.78,13.48,0,133,3.01,5.71,10.32,100.14,urban,beverages,construction,133
21,0,0,0,3.65,1.48,0,148,4.4,2.91,0,103.89,urban,beverages,none,66
21,0,0,0,2.97,0.13,1,113,3.27,-2.41,4.99,98.03,urban,snacks,none,62
21,0,0,0,2.9,1.62,0,53,1.88,2.94,7.55,99.79,urban,beverages,none,53
21,0,0,0,5.28,0.41,0,84,5.09,1.85,0,98.98,urban,beverages,none,47
21,0,0,0,1.1,0,0,66,1.12,7.79,0,96.4,suburban,personalcare,sports,18
21,0,0,0,4.22,1.56,1,158,4.51,5.89,2.33,103.66,suburban,snacks,festival,72
21,0,0,0,4.87,24.09,0,143,5.36,-1.7,8.15,99.18,suburban,fresh,none,73
21,0,0,0,4.59,4.16,1,15,4.3,1.96,6.51,108.1,rural,fresh,construction,15
21,0,0,0,2.89,0,0,4,2.92,3.2,1.73,105.1,rural,personalcare,none,4
21,0,0,0,5.04,2.79,1,125,5.59,-3.66,0,96.93,urban,fresh,sports,60
21,0,0,0,3.64,2.21,1,103,3.68,3.62,0,117.23,urban,fresh,none,103
21,0,0,0,4.43,3.6,0,107,3.57,5.47,1.99,97.68,rural,beverages,none,39
21,0,0,0,3.44,8.51,1,136,3.62,6.7,0,100.57,urban,snacks,none,111
21,0,0,0,1.1,0,1,119,1.19,-0.03,0,107.4,urban,snacks,none,80
21,0,0,0,5.58,1.59,0,36,4.68,9.32,0,100.22,suburban,personalcare,sports,35
21,0,0,0,3.57,18.56,1,205,4.05,18.07,5.5,108.09,urban,fresh,none,155
21,0,0,0,5.35,3.5,0,64,5.66,-1.89,0,101.1,rural,beverages,festival,64
21,0,0,0,8.04,2.6,1,88,7.95,12.25,4.69,112.94,urban,personalcare,construction,76
21,0,0,0,2.46,0.98,0,42,2.62,3.34,10.65,103.24,suburban,personalcare,construction,38
21,0,0,0,5.29,2.54,0,97,6.2,2,0,107.55,suburban,snacks,none,44
21,0,0,0,3.42,24.16,0,120,3.32,4.75,0.76,109.97,urban,beverages,none,120
21,0,0,0,6.73,9.91,0,52,7.6,8.1,3.88,102.28,rural,homecare,none,24
21,0,0,0,9.06,2.24,0,47,11.18,3.87,0,100.53,rural,homecare,none,3
21,0,0,0,3.94,0.35,0,24,4.21,1.95,0,90.11,suburban,snacks,sports,24
21,0,0,0,2.38,14.45,0,193,2.31,4.4,5.07,103.77,suburban,beverages,festival,128
21,0,0,0,5.86,0.95,1,87,5.87,8.88,11.73,106.78,urban,fresh,none,71
21,0,0,0,8.27,6.88,0,41,9.01,-0.77,3.66,109.17,suburban,homecare,none,6
21,0,0,0,8.45,0,0,14,8.76,3.69,1.12,90.03,suburban,homecare,construction,0
21,0,0,0,8.42,26.96,1,104,7.64,3.35,3.88,96.79,urban,homecare,none,104
21,0,0,0,6.18,2.44,1,86,5.62,6.33,9.09,94.04,suburban,snacks,none,70
21,0,0,0,3.5,22.81,0,169,3.34,1.97,10.84,96.35,suburban,beverages,none,109
21,0,0,0,1.86,0.1,0,4,2,4.53,10.46,101.76,rural,fresh,none,4
21,0,0,0,4.73,6.04,0,44,4.48,0.61,8.88,107.49,suburban,personalcare,none,34
21,0,0,0,3.73,0.54,0,35,3.89,5.79,12.79,109.33,urban,fresh,none,35
22,1,0,0,8.39,2.57,0,51,9.9,7.02,5.14,103.84,rural,homecare,sports,0
22,1,0,0,8.41,12.33,1,57,10.88,6.63,2.56,106.72,suburban,homecare,construction,57
22,1,0,0,5.39,5.07,0,142,6.41,3.08,0,115.68,urban,snacks,none,93
22,1,0,0,4.22,3.7,0,85,3.84,6.36,0,104.63,urban,personalcare,none,59
22,1,0,0,11.94,0.86,1,34,12.63,5.02,4.88,108.37,suburban,homecare,construction,31
22,1,0,0,11.1,0.92,0,9,11.56,7.38,4.01,106.86,urban,homecare,festival,9
22,1,0,0,4.52,22.58,0,169,5.32,6.47,3.57,95.69,suburban,beverages,construction,122
22,1,0,0,11.97,3.13,1,42,12.85,6.64,0.32,100.33,suburban,homecare,construction,26
22,1,0,0,3.8,2.33,0,164,4.6,12.05,1.4,96.23,suburban,beverages,festival,141
22,1,0,0,4.51,0.43,0,38,5.43,10.84,4.65,101.82,suburban,snacks,construction,22
22,1,0,0,4.62,27.02,0,181,5.22,9.12,7.25,96.25,suburban,snacks,sports,116
22,1,0,0,3.47,19.42,1,235,3.61,-2.43,0,101.64,urban,fresh,festival,151
22,1,0,0,3.9,26.82,0,132,4.1,2.06,0.33,101.82,urban,personalcare,none,48
22,1,0,0,4.94,2.41,0,88,4.58,5.58,7.14,96.48,urban,beverages,construction,88
22,1,0,0,3.82,2.2,0,46,3.74,12.02,0,105.75,rural,snacks,sports,46
22,1,0,0,10.88,17.17,0,60,9.31,6.21,0.37,103.62,suburban,homecare,construction,32
22,1,0,0,5.55,2.08,0,90,5.58,-1.82,0.56,101.65,urban,fresh,construction,44
22,1,0,0,5.68,2.97,0,130,5.11,11.83,0,109.09,suburban,beverages,festival,130
22,1,0,0,7.39,3.5,0,60,8.53,1.74,2.06,103.85,suburban,homecare,none,40
22,1,0,0,3.19,0.32,0,128,3.33,4.85,0,113.16,suburban,beverages,sports,99
22,1,0,0,6.12,1.08,1,85,6.67,10.18,0,101.93,urban,homecare,festival,69
22,1,0,0,3.14,0,0,95,3.38,1.48,7.83,101.5,rural,fresh,none,69
22,1,0,0,5.38,3.03,0,92,6.45,8.62,1.79,99.89,urban,snacks,none,58
22,1,0,0,4.67,29.73,0,175,5.03,5.11,0,99.61,urban,personalcare,festival,144
22,1,0,0,3.44,1.7,0,139,4.29,4.66,3.71,98.16,suburban,beverages,sports,33
22,1,0,0,5.64,1.9,0,74,6.08,9.06,0,94.45,rural,beverages,festival,74
22,1,0,0,5.56,0,0,70,5.08,0.67,5.16,99.23,urban,snacks,construction,41
22,1,0,0,8.2,18.44,0,85,7.72,3.39,0,99.47,urban,homecare,none,65
22,1,0,0,3.74,3.92,0,87,3.53,7.83,3.72,106.71,suburban,snacks,none,87
22,1,0,0,4.51,0.28,0,84,4.76,2.64,11.18,101.42,rural,beverages,none,8
22,1,0,0,7.62,5.26,0,135,7.6,8.74,0,102.31,urban,fresh,none,46
22,1,0,0,2.04,0.02,0,86,2.41,3.04,0,109.62,suburban,beverages,none,64
22,1,0,0,2.76,13.48,1,68,2.35,2.09,0,96.6,suburban,beverages,construction,68
22,1,0,0,4.64,7.57,0,92,4.48,-5.79,3.18,103.05,suburban,beverages,construction,61
22,1,0,0,3.58,0.56,1,143,3.88,9.51,4.64,98.16,urban,beverages,none,99
23,2,0,0,6.35,4.48,0,56,6.89,-0.04,0,103.14,urban,personalcare,none,46
23,2,0,0,5.35,9.94,0,78,4.96,4.82,1.45,106.62,suburban,personalcare,none,76
23,2,0,0,6.37,1.69,0,48,6.55,5.08,0.66,101.81,suburban,snacks,none,47
23,2,0,0,5.13,32.78,0,164,4.68,10.44,6.48,93.76,suburban,snacks,construction,134
23,2,0,0,2.77,16.25,1,183,3.19,2.66,0.71,99.27,urban,beverages,sports,153
23,2,0,0,6.87,19.39,0,26,6.78,0.56,0,109.98,rural,homecare,construction,26
23,2,0,0,6.59,3.38,0,96,8.48,-2.05,0,105.54,suburban,snacks,none,46
23,2,0,0,7.25,4.62,0,4,6.61,-1.35,0,93.43,rural,homecare,sports,4
23,2,0,0,6.33,4,1,121,6.35,6.67,0.54,108.18,urban,beverages,none,121
23,2,0,0,2.12,2.7,1,95,1.52,0.63,3.94,108.61,suburban,snacks,none,95
23,2,0,0,7.88,13.6,0,144,8.66,5.7,4.06,107.81,urban,homecare,festival,81
23,2,0,0,2.17,25.04,0,159,2.56,4.08,5.2,101.1,suburban,beverages,none,159
23,2,0,0,2.66,1.24,0,25,2.63,4.25,2.14,109.62,rural,snacks,none,23
23,2,0,0,9.04,1.6,1,89,8.7,3.75,4.99,101.8,suburban,homecare,festival,67
23,2,0,0,5.02,24.5,0,166,4.99,2.74,0.76,100.7,suburban,fresh,none,166
23,2,0,0,6.21,2.63,0,89,6.37,4.4,0,99.53,rural,snacks,none,41
23,2,0,0,3.78,0.86,0,124,3.81,-1.37,8.49,97.17,suburban,snacks,festival,23
23,2,0,0,4.05,0,0,86,4.59,9.33,4.12,102.24,urban,snacks,none,74
23,2,0,0,1.93,1.61,0,84,1.96,-3.76,0,102.47,rural,snacks,festival,25
23,2,0,0,2.35,7.26,0,99,2.28,-0.88,1.94,104.32,urban,personalcare,none,86
23,2,0,0,6.77,31.91,0,168,6.91,6.22,0,103.12,urban,snacks,none,164
23,2,0,0,4.22,2.2,0,97,4.1,7.93,4.21,98.79,suburban,beverages,construction,0
23,2,0,0,2.45,20.75,0,145,2.22,1.59,8.48,92.59,rural,beverages,sports,142
23,2,0,0,8.75,4.56,0,26,8.3,2.85,9.86,96.59,urban,homecare,construction,14
23,2,0,0,3.48,24.21,0,128,2.98,10.17,10.55,101.53,rural,beverages,none,128
23,2,0,0,4.57,22.75,0,156,4.43,4.57,0,104.57,urban,snacks,none,110
23,2,0,0,5.38,2.71,0,114,4.47,7.06,2.01,100.65,urban,fresh,sports,86
23,2,0,0,2.06,1.33,0,74,2.19,7.13,3.7,107.29,rural,beverages,none,74
23,2,0,0,5.04,1.09,1,62,4.53,3.46,7.32,97.36,urban,snacks,none,62
23,2,0,0,6.19,8.14,0,106,7.65,2.23,0.04,98.2,urban,personalcare,none,43
23,2,0,0,3.75,0,0,112,3.96,3.8,0,103.72,suburban,beverages,sports,82
23,2,0,0,4.21,1.8,1,115,3.94,-1.49,5.17,110.57,urban,beverages,construction,96
23,2,0,0,5.72,0,0,97,5.21,6.99,0,98.66,urban,beverages,none,97
23,2,0,0,2.67,3.78,0,78,2.89,0.14,0,104.15,urban,snacks,none,40
23,2,0,0,3.81,2.16,0,90,4.14,2.8,5.49,104.07,suburban,fresh,none,54
24,3,0,0,6.06,0.4,0,27,5.12,4.1,2.97,101.87,urban,personalcare,none,2
24,3,0,0,3.04,1.4,0,99,3.21,1.84,0,102.87,suburban,beverages,none,79
24,3,0,0,3.29,1.68,1,65,3.44,9.63,5.36,103.64,urban,fresh,sports,65
24,3,0,0,4.05,1.55,0,53,4.09,6.01,0,95.42,urban,personalcare,none,40
24,3,0,0,2.16,11.23,1,175,2.2,-0.3,0,97.48,suburban,fresh,none,104
24,3,0,0,5.63,4.97,1,123,6.26,10.08,0.27,108.78,suburban,beverages,construction,88
24,3,0,0,3.75,26.88,0,214,4.42,1.9,5.99,103.56,urban,snacks,festival,166
24,3,0,0,3.36,0,0,63,3.37,6.94,6.85,100.96,suburban,beverages,none,63
24,3,0,0,4.05,2.44,0,113,4.26,9,0,99.4,rural,beverages,sports,98
24,3,0,0,4.53,3.23,1,82,4.35,4.29,7.02,86.49,suburban,snacks,none,82
24,3,0,0,4.9,0,0,95,5.47,6.51,0.52,91.84,suburban,fresh,none,40
24,3,0,0,9.24,8.5,0,115,11.99,3.9,13.96,102.2,suburban,homecare,none,0
24,3,0,0,5.98,0,0,55,5.98,4.69,2.26,103.67,urban,snacks,none,48
24,3,0,0,2.08,1,1,54,1.85,3.02,0,107.35,rural,snacks,construction,32
24,3,0,0,1.1,3.19,0,154,1.13,2.49,1.2,107.46,urban,beverages,sports,73
24,3,0,0,4.12,5.63,0,129,4.34,5.15,0,98.1,urban,fresh,none,71
24,3,0,0,3.46,28.63,1,224,3.43,2.16,7.94,99.61,suburban,beverages,none,174
24,3,0,0,4.07,21.1,0,146,3.86,2.76,0,94.76,suburban,beverages,sports,120
24,3,0,0,3.36,5.12,0,81,3.84,4.94,5.17,99.98,suburban,snacks,none,81
24,3,0,0,1.39,24.61,0,200,1.35,3.72,6.49,107.03,urban,beverages,none,200
24,3,0,0,6.39,2.79,0,100,6.54,2.77,4.12,98.11,suburban,homecare,none,11
24,3,0,0,4.27,0.63,1,95,5.15,5.15,2.66,97.92,urban,personalcare,festival,66
24,3,0,0,6.71,3.53,0,82,5.25,5.35,10.01,107.2,urban,personalcare,sports,41
24,3,0,0,7.62,4.13,0,23,7.29,-4.1,0,93.3,suburban,homecare,none,23
24,3,0,0,8.38,0.47,0,13,9.49,5.94,3.5,100.99,rural,snacks,none,13
24,3,0,0,10.01,0,1,89,10.32,1.12,10.74,97.05,urban,homecare,construction,0
24,3,0,0,3.18,3.89,1,125,3.34,0.94,9.74,100.89,suburban,beverages,none,44
24,3,0,0,10.65,2.59,1,94,12.93,8.91,2.12,92.45,urban,homecare,festival,67
24,3,0,0,3.16,12.34,0,131,4.12,10.14,6.06,105.35,urban,fresh,none,115
24,3,0,0,3.23,2.36,1,96,3.73,5.96,5.06,104.85,suburban,beverages,sports,96
24,3,0,0,5.06,9.15,0,91,4.63,4.31,8.82,93.27,urban,fresh,sports,91
24,3,0,0,1.45,2.36,1,125,1.25,0.93,0,100.76,urban,beverages,none,71
24,3,0,0,2.85,0,1,94,3.31,6.72,13.5,99.03,urban,fresh,festival,94
24,3,0,0,6.43,3.58,0,87,6.01,6.3,0,98.75,urban,fresh,none,52
24,3,0,0,5.36,3.27,1,51,5.97,-0.95,0,108.41,rural,personalcare,construction,30
25,4,0,0,2.9,24.71,0,226,3.32,4.77,0,104.28,suburban,fresh,festival,177
25,4,0,0,8.19,2.73,1,68,7.79,3.49,10.78,102.52,urban,homecare,construction,33
25,4,0,0,3.13,4.89,0,76,3.4,3.7,0,96.49,rural,snacks,none,59
25,4,0,0,1.4,3.16,0,11,0.8,8.07,2.42,97.92,rural,personalcare,none,11
25,4,0,0,7.22,2.32,1,50,8.22,0.3,0,110.36,suburban,homecare,none,42
25,4,0,0,4.33,0,1,84,4.69,6.87,5.76,100.82,suburban,personalcare,none,13
25,4,0,0,2.18,17.68,0,195,2.28,8.02,3.81,104.83,suburban,beverages,none,180
25,4,0,0,4.52,2.44,0,19,5.38,9.36,0,101.4,rural,fresh,none,16
25,4,0,0,8.27,25.03,0,91,9.15,1.98,8.26,108.31,suburban,homecare,sports,26
25,4,0,0,2.05,4.91,1,140,1.96,2.5,13.29,103.17,urban,beverages,sports,99
25,4,0,0,3.4,12.56,1,157,4.04,5.38,6.05,106.99,rural,beverages,construction,71
25,4,0,0,3.85,18.07,0,103,3.15,11.19,1.76,99.8,rural,snacks,none,103
25,4,0,0,4.32,1.69,0,97,4.76,3.66,0.72,95.99,rural,fresh,none,33
25,4,0,0,2.44,2.51,0,139,3.03,-6.73,0.22,104.03,rural,fresh,festival,76
25,4,0,0,1.48,1.45,0,139,1.52,5.72,11.91,106.03,urban,beverages,sports,100
25,4,0,0,2.99,4.98,0,41,3.15,7.51,7.85,100.12,urban,fresh,construction,34
25,4,0,0,2.72,0,0,83,2.95,8.49,0,98.56,suburban,snacks,none,82
25,4,0,0,4.19,0.55,1,88,4.64,8.96,0.13,102.13,suburban,beverages,none,22
25,4,0,0,6.5,2.24,0,85,6.53,2.96,0,94.77,rural,beverages,none,28
25,4,0,0,3.57,0,0,68,3.42,10.43,0,104.04,suburban,personalcare,none,30
25,4,0,0,3.88,1.23,1,95,4.53,1.92,0,109.05,urban,personalcare,sports,95
25,4,0,0,4.42,29.24,0,145,4.37,6.74,1.24,93.99,urban,snacks,none,145
25,4,0,0,9.86,1.05,1,56,10.09,2.51,2.35,98.87,rural,homecare,none,18
25,4,0,0,1.49,5.47,0,58,1.24,7.53,10.71,101.3,rural,beverages,construction,58
25,4,0,0,3.8,4.38,0,79,4.85,8.52,1.1,96,suburban,snacks,none,46
25,4,0,0,5.48,0,1,93,6.98,2.87,8.24,109.52,suburban,snacks,none,91
25,4,0,0,6.62,23,1,180,7.36,2.99,6.17,102.55,urban,beverages,none,180
25,4,0,0,3.12,25.34,0,172,3.28,-0.75,0.76,102.5,suburban,snacks,festival,117
25,4,0,0,9.04,2.84,0,38,9.65,9.11,0,95.18,rural,homecare,none,9
25,4,0,0,4.71,0.88,0,85,4.86,5.65,1.14,99.04,urban,beverages,none,85
25,4,0,0,5.61,2.17,1,127,5.57,4.47,1.18,110.03,urban,fresh,sports,118
25,4,0,0,3.91,0.77,1,94,3.84,6.54,13.28,100.52,urban,fresh,none,43
25,4,0,0,3.6,0,0,137,4.17,6.98,1.46,101.73,urban,fresh,none,43
25,4,0,0,2.23,2.7,0,69,2.51,10.8,0,96.91,rural,snacks,construction,3
25,4,0,0,4.51,16.82,0,99,5.59,9.35,0.11,100.34,urban,personalcare,none,60
26,5,0,1,5.23,3.17,0,85,5.6,10.62,4.02,99.98,urban,fresh,sports,85
26,5,0,1,3.98,12.86,0,157,4.58,11.94,8.78,98.74,urban,personalcare,festival,98
26,5,0,1,2.3,2.69,0,124,2.43,7.43,4.4,102.86,urban,beverages,festival,103
26,5,0,1,7.12,16.75,0,139,8.06,6.14,6.03,102.23,suburban,beverages,none,93
26,5,0,1,5.86,11.34,0,156,4.82,3.5,6.29,95,urban,fresh,none,90
26,5,0,1,3.16,12.53,1,112,3.43,8.28,6.85,99.94,urban,personalcare,none,112
26,5,0,1,4.76,13.71,0,36,4,11.4,0.89,103.23,rural,snacks,none,36
26,5,0,1,6.42,3.31,0,61,7.53,-0.71,1.48,100.03,suburban,snacks,construction,41
26,5,0,1,6.48,1.71,1,110,7.68,4.98,0.52,110.82,urban,homecare,none,35
26,5,0,1,5.12,0,1,16,4.82,12.43,1.58,105.52,rural,snacks,none,13
26,5,0,1,4.34,0.81,0,52,5.15,11.43,2.82,101.35,suburban,personalcare,none,52
26,5,0,1,3.22,25.68,0,168,2.91,6.68,4.55,101.31,urban,fresh,none,168
26,5,0,1,4.43,4.56,0,117,4.97,9.55,12.2,101.05,suburban,fresh,festival,101
26,5,0,1,5.08,1.26,0,69,4.76,4.53,0,100.35,urban,fresh,none,13
26,5,0,1,11.63,0.4,1,84,11.92,7.79,2.09,110.58,suburban,homecare,none,58
26,5,0,1,5.12,9.88,1,160,5.59,10.03,2.49,97.14,suburban,snacks,sports,107
26,5,0,1,4.81,4.37,0,131,4.21,8.89,0,102.8,suburban,beverages,festival,131
26,5,0,1,10.96,14.28,0,91,11.49,9.4,3.32,107.19,rural,homecare,sports,23
26,5,0,1,3.64,2.34,0,79,3.56,8.16,1.59,108.66,rural,snacks,sports,25
26,5,0,1,4.42,2.53,0,119,4.9,7.72,9.8,103.8,urban,beverages,none,93
26,5,0,1,10.44,3.41,1,71,9.59,5.04,5.35,104.43,suburban,homecare,construction,10
26,5,0,1,3.87,1.42,1,162,3.67,3.63,0,92.84,urban,snacks,festival,91
26,5,0,1,2.43,3.77,0,66,2.58,4.74,3.32,97.05,rural,beverages,construction,35
26,5,0,1,5.59,2.64,0,94,5.74,-0.54,4.28,102.52,suburban,beverages,construction,36
26,5,0,1,4.41,1.94,0,97,4.19,1.23,8.65,97.54,urban,fresh,construction,41
26,5,0,1,4.92,23.65,0,195,5.19,4.81,0.46,105.12,suburban,fresh,none,116
26,5,0,1,2.97,4.56,1,80,3.27,5.65,0,99.08,rural,fresh,festival,80
26,5,0,1,10.06,1.53,0,11,8.73,7.18,5.59,99.02,suburban,homecare,none,11
26,5,0,1,6.13,11.42,1,76,5.2,2.45,4.48,100.83,urban,beverages,none,76
26,5,0,1,6.31,0,1,112,6.76,5.15,0,101.95,suburban,snacks,festival,89
26,5,0,1,2.16,2.84,0,72,2.66,4.02,6.55,92.27,suburban,fresh,none,33
26,5,0,1,3.62,23.71,0,143,2.32,1.92,7.43,103.84,suburban,personalcare,festival,111
26,5,0,1,4.59,14.44,0,140,4.41,9.47,6.5,104.98,urban,snacks,none,81
26,5,0,1,7.28,0,0,63,8.61,-2.07,3.51,101.84,suburban,snacks,none,49
26,5,0,1,5.24,2.54,0,40,5.82,5,6.21,105.8,rural,snacks,none,40
27,6,0,1,5.02,0.24,1,90,5.36,-0.31,0,114.36,suburban,fresh,none,64
27,6,0,1,3.05,0.85,1,137,3.19,3.65,2.84,109.48,suburban,snacks,sports,38
27,6,0,1,4.4,22.33,0,208,4.55,5.51,1.31,104.91,urban,beverages,none,144
27,6,0,1,4.03,0,0,42,4.07,6.84,6.22,102.24,suburban,snacks,construction,28
27,6,0,1,5.82,1.1,0,117,5.71,-0.71,2.7,97.93,urban,beverages,none,70
27,6,0,1,1.86,15.65,0,179,2.21,6.97,2.86,101.4,suburban,snacks,sports,120
27,6,0,1,4.07,0.24,0,85,4.43,8.96,0,98.52,urban,beverages,none,85
27,6,0,1,5,2.05,1,103,4.84,12.21,0,103.79,suburban,snacks,none,57
27,6,0,1,7.47,17.39,1,115,8.14,7.18,7.95,105.31,suburban,homecare,sports,75
27,6,0,1,3.67,0.79,0,159,4.31,6.15,0,94.09,urban,beverages,none,102
27,6,0,1,8,2.84,1,51,8.29,3.61,8.74,105.49,suburban,homecare,construction,48
27,6,0,1,4.56,0.05,0,78,4.03,8.75,0,102.74,urban,snacks,none,77
27,6,0,1,5.38,0.39,0,78,5.25,8.37,0,97.52,urban,snacks,none,78
27,6,0,1,5.06,19.49,0,138,5.07,5.67,0,95.19,suburban,beverages,festival,119
27,6,0,1,3.7,29.95,1,171,3.27,5.53,1.96,100.03,rural,beverages,construction,160
27,6,0,1,2.62,2.42,1,50,2.51,5.8,0.98,101.13,suburban,personalcare,none,19
27,6,0,1,4.39,20.94,0,144,4.02,1.56,3.91,103.06,suburban,snacks,none,88
27,6,0,1,3.35,1.76,0,113,4.34,2.56,3.51,104.79,urban,beverages,none,73
27,6,0,1,5.17,28.83,1,140,6.37,6.15,0.88,102.42,rural,snacks,construction,105
27,6,0,1,6.56,1.39,1,91,7.48,7.72,0,100.28,suburban,snacks,none,91
27,6,0,1,1.82,6.14,1,164,1.94,6.4,1.82,103.77,suburban,beverages,sports,73
27,6,0,1,5.56,2.45,1,108,6.75,8.87,2.94,107.26,suburban,beverages,none,96
27,6,0,1,2.37,2.56,0,91,2.53,0.44,7.41,95.98,rural,beverages,festival,64
27,6,0,1,9.2,6.43,0,64,9.88,2.69,5.21,104.59,suburban,homecare,festival,44
27,6,0,1,3.33,20.85,0,119,3.46,8.06,6.2,105.45,suburban,personalcare,none,70
27,6,0,1,3.75,0.05,0,117,3.88,7.2,0,103.77,suburban,beverages,festival,117
27,6,0,1,5.39,3.07,0,88,5,3.89,8.61,103.61,urban,fresh,festival,86
27,6,0,1,7.41,2.6,0,90,7.69,4.59,0.9,95.62,urban,beverages,none,80
27,6,0,1,8.24,0.91,1,78,9.25,7.91,5.93,103.14,urban,homecare,none,61
27,6,0,1,5.38,2.52,1,125,4.91,6.61,0,108.58,urban,snacks,sports,99
27,6,0,1,5.9,2,0,4,5.59,3.16,8.04,99.02,rural,snacks,construction,0
27,6,0,1,4.55,12.69,1,147,3.37,7.39,3.15,94.08,urban,beverages,none,147
27,6,0,1,4.54,2.42,0,86,4.9,2.94,0,96.92,rural,fresh,sports,58
27,6,0,1,5,1.93,1,116,5.16,0.93,5.5,93.03,suburban,beverages,none,96
27,6,0,1,1.19,26.41,0,234,1.47,7.33,4.93,108.89,urban,snacks,sports,216
28,0,0,0,4.32,3.68,1,72,4.75,2.07,6.58,92.73,suburban,fresh,sports,54
28,0,0,0,4.9,0.11,0,84,5.09,5.32,2.84,105.74,rural,beverages,none,58
28,0,0,0,2.55,18.64,0,109,2.48,-2.56,2.39,100.78,urban,snacks,none,109
28,0,0,0,5.34,2.39,0,120,5.41,1.53,7.91,101.9,suburban,fresh,festival,72
28,0,0,0,8.02,0,0,27,8.3,5.57,0,101.67,suburban,homecare,none,27
28,0,0,0,3.2,0.32,0,61,3.49,4.82,0.64,105.29,suburban,fresh,none,40
28,0,0,0,3.81,28.04,1,211,3.38,1.98,5.87,98.93,suburban,beverages,sports,188
28,0,0,0,5.33,27.88,1,135,6.09,3.73,2.56,104.59,urban,personalcare,sports,135
28,0,0,0,2.06,19.8,0,152,2.02,12.22,2.43,95.67,suburban,beverages,sports,133
28,0,0,0,2.52,31.86,0,160,2.73,7.52,0.81,102.62,urban,snacks,none,132
28,0,0,0,4.38,2.38,0,85,4.65,4.53,0,93.95,urban,snacks,sports,63
28,0,0,0,8.11,35.94,0,80,10.16,3.99,5.94,101.71,urban,homecare,none,80
28,0,0,0,7.2,31.04,0,175,7.24,7.01,0,106.51,rural,fresh,construction,83
28,0,0,0,2.26,6.94,1,82,2.77,12.58,2.24,106.21,suburban,personalcare,none,65
28,0,0,0,2.85,0.12,1,96,2.54,4.19,6.44,91.27,urban,beverages,construction,49
28,0,0,0,9.53,0.76,0,48,9.09,1.17,2.32,104.79,rural,homecare,festival,43
28,0,0,0,6.05,0.05,0,74,4.53,4.29,0,89.71,suburban,beverages,construction,40
28,0,0,0,8.99,0,1,88,8.95,7.51,6.98,103.31,urban,homecare,festival,88
28,0,0,0,7.69,3.38,0,99,8.2,13.12,3.56,108.1,urban,beverages,none,99
28,0,0,0,4.82,0.51,0,37,4.29,13.91,0.24,93.57,rural,snacks,construction,26
28,0,0,0,6.04,2.23,0,68,5.98,5.16,0,105.04,suburban,homecare,none,64
28,0,0,0,7.98,9.89,0,10,5.89,10.71,6.29,98.94,suburban,homecare,construction,1
28,0,0,0,5.91,22.92,1,204,6.57,-0.3,10.19,109.81,suburban,snacks,construction,108
28,0,0,0,3.41,8.13,0,125,3.52,9.75,5.57,97.6,suburban,snacks,festival,69
28,0,0,0,8.43,0.55,0,76,8.81,2.67,0,101.68,urban,homecare,construction,33
28,0,0,0,5.58,1.78,0,114,5.36,-0.36,5.29,102.15,suburban,homecare,festival,39
28,0,0,0,6.39,20.25,1,194,6.4,6.36,2.19,94.05,suburban,beverages,festival,141
28,0,0,0,7.02,0.88,0,22,5.97,7.51,4.2,100.74,rural,homecare,none,0
28,0,0,0,6.34,21.8,0,148,5.95,-3.72,0.45,100.65,urban,beverages,sports,124
28,0,0,0,3.18,2.95,1,4,3.06,2.44,5.69,96.61,rural,snacks,none,4
28,0,0,0,2.92,0.96,0,77,3.07,5.28,0,101.36,rural,beverages,construction,54
28,0,0,0,8.08,15.79,0,53,7.12,1.87,0,98.4,urban,homecare,construction,17
28,0,0,0,2.75,1.93,0,59,2.32,2.3,0.94,98.28,suburban,snacks,none,52
28,0,0,0,4.71,0,0,69,3.97,7.24,7.11,101.25,urban,fresh,none,63
28,0,0,0,3.6,0.17,0,78,3.9,11.39,0,97.48,suburban,beverages,none,70
29,1,0,0,4.22,0.89,1,68,4.29,-0.2,2.52,99.79,urban,personalcare,none,68
29,1,0,0,7.33,1.4,1,107,9.23,12.6,1.8,99.06,suburban,fresh,sports,94
29,1,0,0,5.18,1.56,0,57,4.79,6.14,4.88,101.44,suburban,personalcare,none,31
29,1,0,0,3.33,10.1,0,101,3.8,5.91,4.02,99.77,rural,snacks,festival,100
29,1,0,0,2.79,23.31,1,129,2.69,4.13,3.66,104.74,rural,snacks,construction,67
29,1,0,0,7.29,1.21,0,106,7.77,10.98,0,106.29,suburban,personalcare,festival,65
29,1,0,0,5.75,4.14,0,41,5.9,10.78,0,107.12,urban,fresh,construction,41
29,1,0,0,5.94,0.66,0,24,6.15,0.51,5.93,113.91,rural,fresh,construction,24
29,1,0,0,4.29,0,1,84,4,11.19,4.93,93.45,rural,beverages,festival,84
29,1,0,0,5.98,0,0,63,6,7.16,3.33,99.34,rural,personalcare,festival,63
29,1,0,0,5.64,2.55,0,133,5.81,10.84,2.06,106.11,urban,snacks,sports,85
29,1,0,0,7.2,4.49,0,30,5.85,10,4.07,102.86,urban,homecare,none,30
29,1,0,0,1.28,4.5,0,82,1.54,4.59,3.38,99.54,suburban,personalcare,festival,82
29,1,0,0,9.89,3.01,0,46,11.36,5.39,9.32,108.94,suburban,homecare,none,36
29,1,0,0,3.47,0.83,1,71,3.96,10.42,9.69,110.34,suburban,beverages,none,71
29,1,0,0,2.02,20.12,1,71,1.86,7.71,3.98,104.46,urban,personalcare,none,71
29,1,0,0,4.15,0.47,0,73,3.69,5.86,1.72,101.79,rural,snacks,sports,12
29,1,0,0,7.97,1.16,0,68,8.46,3.99,8.46,88.58,suburban,homecare,none,0
29,1,0,0,3.37,0,0,48,3.23,7.49,2.92,109.04,urban,fresh,none,41
29,1,0,0,6.83,19.52,1,65,6.64,2.73,10.04,100.87,rural,homecare,none,24
29,1,0,0,5.12,2.86,0,68,5.27,4.65,4.39,99.21,rural,personalcare,festival,15
29,1,0,0,4.64,12.33,0,141,5.15,7.16,4.98,105.69,rural,fresh,festival,111
29,1,0,0,4.3,11.29,0,124,5.58,7.46,0,100.85,urban,beverages,festival,124
29,1,0,0,1.1,20.19,0,152,1.2,5.43,4.36,103.69,suburban,snacks,festival,101
29,1,0,0,9.02,9.6,0,78,9.28,4.77,0,105.86,suburban,homecare,none,52
29,1,0,0,4.03,3.28,0,96,4.9,8.37,1.72,103.8,rural,snacks,none,78
29,1,0,0,5.93,0,1,116,5.27,8.95,7.67,105.57,urban,beverages,festival,70
29,1,0,0,5.85,2.88,0,101,6.09,5.79,0.18,98.21,suburban,snacks,construction,17
29,1,0,0,7.22,1.01,0,67,7.25,7.47,0,102.64,suburban,fresh,none,33
29,1,0,0,4.64,0.5,1,132,4.72,3.78,1.25,103.93,urban,personalcare,none,81
29,1,0,0,9.41,0.33,1,41,11.58,2.27,2.58,105.51,suburban,homecare,none,41
29,1,0,0,4.66,14.02,1,155,5.77,2.96,0.06,106.47,urban,fresh,sports,155
29,1,0,0,5.46,18.02,0,184,4.99,6.95,7.48,109.37,urban,beverages,none,153
29,1,0,0,1.57,0,1,123,1.72,-1.85,0,108.06,urban,beverages,none,110
29,1,0,0,3.25,2.01,0,17,3.27,5.14,0,110.99,suburban,personalcare,none,17
30,2,0,0,1.75,18.56,1,177,2.07,9.92,0,107.95,urban,snacks,construction,125
30,2,0,0,4.17,0.78,0,136,3.92,1.84,9.89,98.03,urban,beverages,none,72
30,2,0,0,3.89,28.76,0,176,3.13,9.2,3.16,106.23,suburban,beverages,construction,162
30,2,0,0,4.88,1.85,0,89,5.4,7.23,0,97.45,urban,beverages,none,89
30,2,0,0,4.14,3.96,0,79,4.18,10.71,0,94.96,rural,snacks,sports,54
30,2,0,0,4.04,0.81,0,71,4.35,3.4,0,101.96,suburban,fresh,none,55
30,2,0,0,7.05,1.5,0,122,7.76,4.74,0,102,urban,beverages,none,59
30,2,0,0,2.85,25.78,0,223,2.8,8.71,6.87,107.69,urban,fresh,festival,223
30,2,0,0,2.05,2.12,0,133,2.61,8.6,7.95,97.45,urban,beverages,none,94
30,2,0,0,2.4,3.39,1,76,2.03,4.65,1.56,101,suburban,snacks,construction,45
30,2,0,0,8.83,18.77,1,93,9.06,6.94,6.49,99.09,suburban,homecare,festival,93
30,2,0,0,5.03,3.01,0,41,5.29,5.47,11.55,105.19,suburban,beverages,construction,41
30,2,0,0,4.03,1.46,0,58,5.12,2.69,2.44,111.99,suburban,personalcare,none,16
30,2,0,0,5.93,3.77,1,67,7.09,1.65,5.36,106.47,rural,fresh,none,67
30,2,0,0,4.39,2.82,1,117,4.74,5.45,9.17,98.35,rural,beverages,sports,83
30,2,0,0,5.06,3.41,0,108,5.61,9.63,8.32,104.17,suburban,snacks,sports,86
30,2,0,0,8.63,1.44,0,52,7.65,6.99,7.15,98.66,urban,homecare,none,52
30,2,0,0,5.44,16.24,0,101,5.43,3.49,3.96,100.67,urban,snacks,construction,101
30,2,0,0,9.14,2.73,0,57,9.86,3.54,11.04,102.79,urban,homecare,none,33
30,2,0,0,8.35,0,0,32,6.82,4.1,2.07,99.91,suburban,homecare,construction,0
30,2,0,0,3.92,14.48,0,146,3.62,2.85,4.08,94.76,suburban,snacks,festival,117
30,2,0,0,3.36,4.69,0,46,3.8,-3.17,13.81,99.24,suburban,snacks,none,46
30,2,0,0,3.6,1.59,0,69,3.52,4.64,1.23,97.49,suburban,fresh,festival,69
30,2,0,0,2.77,3.61,1,121,3.69,9.27,11.93,105.75,urban,beverages,construction,111
30,2,0,0,4.22,2.91,0,71,3.61,2.64,0,107.42,suburban,personalcare,construction,0
30,2,0,0,4.3,20.24,1,119,4.55,2.71,8.88,93.92,urban,beverages,none,119
30,2,0,0,3.65,27.09,0,81,3.6,1.27,4.99,93.98,suburban,personalcare,construction,79
30,2,0,0,3.1,5.33,0,66,3.84,8.16,0,101.85,urban,personalcare,construction,66
30,2,0,0,6.67,0.34,0,78,7.4,5.79,3.53,103.34,suburban,fresh,sports,38
30,2,0,0,2.64,3.38,0,100,2.85,5.57,7.97,93.82,urban,beverages,sports,56
30,2,0,0,6.14,0.39,0,54,5.99,7.27,4.24,99.5,suburban,personalcare,none,40
30,2,0,0,1.42,1.28,0,31,1.58,0.72,4.74,94.85,rural,fresh,construction,22
30,2,0,0,5.51,3.25,0,60,5.1,9.92,0,101.02,urban,fresh,none,60
30,2,0,0,6.01,0,0,80,6.49,3.88,2.34,106.44,suburban,snacks,construction,64
30,2,0,0,8.86,0,1,66,10.26,3.69,0,108.61,suburban,homecare,none,19
31,3,0,0,8.17,0.93,0,113,8.93,10.33,3.26,100.57,urban,homecare,festival,60
31,3,0,0,6.25,2.2,0,31,5.36,6.88,6.63,97.86,urban,personalcare,construction,29
31,3,0,0,3.45,3.91,1,63,3.65,-2.35,12.84,106.27,suburban,snacks,construction,63
31,3,0,0,7.12,0,1,19,8.27,2.67,3.04,95.46,rural,homecare,none,19
31,3,0,0,3.5,23.93,1,199,3.94,3.18,0,98.27,urban,fresh,none,168
31,3,0,0,2.39,8.57,0,158,2.63,0.76,5.11,107.8,rural,beverages,none,53
31,3,0,0,6.54,1.97,1,41,8.61,-2.07,2.76,101.24,rural,homecare,festival,41
31,3,0,0,5.48,20.93,0,128,5.98,3.52,9.73,102.39,suburban,snacks,none,128
31,3,0,0,4.87,12.8,1,131,4.8,2.08,0,101.15,urban,snacks,none,94
31,3,0,0,5.14,3.53,0,114,6.31,10.37,0,106.13,urban,beverages,construction,107
31,3,0,0,2.47,0,0,84,2.42,1.77,7.56,97.53,rural,beverages,none,48
31,3,0,0,4.31,1.24,0,102,4.82,8.16,0,105.55,urban,snacks,none,66
31,3,0,0,2.86,16.81,0,59,3.2,9.87,3.82,107.19,suburban,snacks,sports,59
31,3,0,0,5.1,2.92,1,76,6.07,6.96,6.11,101.11,suburban,fresh,none,40
31,3,0,0,5.25,1.83,0,36,4.44,-0.06,1.12,103.6,rural,fresh,construction,11
31,3,0,0,9.92,5,0,44,11.15,9.6,1.4,112.07,urban,homecare,none,42
31,3,0,0,6.64,8.47,1,32,7.08,0.74,2.76,99.91,rural,personalcare,none,32
31,3,0,0,6.26,0.82,0,91,6.61,3.59,8.16,105.21,suburban,snacks,sports,91
31,3,0,0,6.43,2.75,0,67,7.91,7.84,7.1,107.64,rural,snacks,none,62
31,3,0,0,9.94,3.91,1,12,8.23,4.3,0,98.62,suburban,homecare,construction,12
31,3,0,0,5.29,4.5,0,98,5.57,3.13,4.7,95.2,urban,beverages,none,65
31,3,0,0,3.28,1.54,0,72,2.91,8.24,6.83,100.83,urban,beverages,construction,72
31,3,0,0,6.32,10.1,1,126,6.5,9.86,7.88,96.79,urban,snacks,construction,85
31,3,0,0,1.55,3.52,0,66,1.64,9.14,3.61,100.23,suburban,beverages,festival,66
31,3,0,0,4.2,1.37,0,48,4,12.11,4.7,104.93,suburban,personalcare,construction,29
31,3,0,0,5.84,0.89,1,90,4.85,3.77,0.6,95.69,urban,personalcare,festival,53
31,3,0,0,4.08,3.3,0,120,4.29,4.45,0.04,99.62,urban,beverages,sports,88
31,3,0,0,8.75,18.71,0,33,10.34,7.01,3.6,100.34,rural,homecare,none,13
31,3,0,0,3.74,0,1,148,3.87,10.5,5.45,107.6,rural,beverages,none,84
31,3,0,0,4.58,1.75,1,38,4.34,2.47,4.51,103.14,rural,beverages,none,38
31,3,0,0,5.55,2.12,0,79,6.39,2.54,0,101.71,rural,personalcare,construction,2
31,3,0,0,4.69,2.21,1,107,4.39,-0.57,3.68,104.84,suburban,snacks,none,95
31,3,0,0,7.54,2.03,0,132,7.77,12.11,1.58,101.14,urban,beverages,none,124
31,3,0,0,1.25,4.01,0,50,1.67,1.48,0,119.17,urban,fresh,none,9
31,3,0,0,7.98,22.11,0,112,7.52,-0.52,0,100.89,urban,homecare,none,61
32,4,0,0,5.06,17.14,1,81,5.94,1.56,3.84,99.41,suburban,beverages,none,81
32,4,0,0,5.4,0,0,79,5.76,6.73,6.22,92.76,rural,snacks,none,19
32,4,0,0,4.69,25.35,1,190,5.11,4.2,8.75,102.31,urban,personalcare,sports,65
32,4,0,0,7.4,3.17,1,168,8.91,-0.38,0,98.85,urban,snacks,none,45
32,4,0,0,4.81,4.73,1,85,5.23,14.79,11.25,102.97,suburban,snacks,none,85
32,4,0,0,4.6,0,0,58,5.78,5.64,6.05,106.16,rural,beverages,sports,58
32,4,0,0,3.75,1.16,1,179,3.45,8.29,3.64,103.29,urban,beverages,none,84
32,4,0,0,5.01,0,0,54,5.97,0.96,0,106.47,suburban,fresh,sports,54
32,4,0,0,3.1,3.25,1,69,3.6,2.33,2.57,112.94,suburban,beverages,none,69
32,4,0,0,2.51,3.52,0,48,2.37,6.17,7.79,105.68,suburban,fresh,none,48
32,4,0,0,2.26,20.13,0,158,2.53,9.47,3.08,97.5,rural,fresh,none,82
32,4,0,0,4.1,1.72,1,85,3.09,8.2,11.83,91.75,urban,snacks,none,85
32,4,0,0,5.72,7.26,0,110,5.05,4.77,0,110.54,suburban,snacks,festival,92
32,4,0,0,5.32,0.82,0,102,5.42,2.31,4.31,104.88,suburban,snacks,construction,41
32,4,0,0,4.79,2.92,0,141,4.71,5.9,9.15,111.16,suburban,beverages,none,72
32,4,0,0,2.83,0.66,1,99,2.74,10.96,3.3,95.43,suburban,snacks,none,64
32,4,0,0,5.06,0,0,73,5.17,9.12,0,98.73,urban,fresh,none,73
32,4,0,0,6.52,2.26,0,112,6.85,3.16,4.82,104.54,urban,fresh,festival,87
32,4,0,0,2.8,0,0,83,3.17,7.89,2.18,105.12,urban,fresh,construction,83
32,4,0,0,8,9.58,0,24,9.8,7.61,1.01,106.13,rural,homecare,none,24
32,4,0,0,3.21,2.18,0,88,2.73,13.61,0,106.29,rural,personalcare,sports,11
32,4,0,0,5.81,4.31,0,151,5.67,7.77,2.79,103.51,urban,beverages,none,72
32,4,0,0,5.12,4.73,0,85,4.95,0.87,2.97,108.58,rural,beverages,construction,35
32,4,0,0,3.88,2.48,0,104,4.21,3.15,5.43,98.78,suburban,personalcare,construction,41
32,4,0,0,3.22,0,0,79,3.24,7.94,0,100.24,suburban,snacks,sports,42
32,4,0,0,6.47,11.7,0,154,6.97,4.9,0.56,108.05,suburban,beverages,sports,99
32,4,0,0,5.86,2.45,1,120,7,13.58,5.93,98.03,rural,fresh,festival,84
32,4,0,0,5.61,20.81,0,125,6.57,7.18,1.46,107.98,suburban,homecare,none,81
32,4,0,0,3.96,22.74,1,202,4.36,-0.9,0.56,100.22,rural,beverages,festival,159
32,4,0,0,7.92,7.53,0,89,7.53,4.28,4.48,99.06,urban,fresh,none,51
32,4,0,0,9.19,0.33,1,111,11.34,-0.45,2.64,100.76,urban,homecare,sports,78
32,4,0,0,4.24,1.91,0,4,4.45,9.02,2.11,97.86,suburban,snacks,construction,4
32,4,0,0,4.3,0.67,0,90,4.5,10.3,8.33,110.81,urban,personalcare,sports,35
32,4,0,0,3.5,30.83,0,128,3.51,12.57,4.42,107.96,rural,personalcare,none,102
32,4,0,0,2.47,20.37,1,126,2.79,6.83,0,110.36,rural,personalcare,none,64
33,5,0,1,3.32,1.43,1,75,3.67,7.08,0,100.5,urban,snacks,none,68
33,5,0,1,3.73,20.73,0,112,3.82,8.31,5.3,102.05,suburban,personalcare,none,50
33,5,0,1,4.33,0,0,101,4.37,5.98,1.55,103.49,urban,fresh,sports,72
33,5,0,1,5.58,2.21,0,112,6.47,3.28,0,98.79,suburban,snacks,festival,35
33,5,0,1,6.55,9.01,1,115,7.02,7.55,11.2,103.39,suburban,fresh,none,115
33,5,0,1,4.11,1.48,0,71,4.16,4.41,5.14,92.41,rural,snacks,none,27
33,5,0,1,5.67,25,0,201,5.33,1.9,0,111.49,suburban,beverages,festival,201
33,5,0,1,3.9,2.75,0,49,4.37,1.95,3.63,106.38,suburban,personalcare,none,22
33,5,0,1,5.97,0,0,45,7.24,5.13,7.87,96.72,urban,snacks,none,45
33,5,0,1,9.19,2.77,1,101,7.85,0.72,0,100.44,urban,homecare,sports,88
33,5,0,1,3.59,3.4,0,36,3.17,6.57,0.03,105.23,urban,personalcare,none,36
33,5,0,1,3.17,1.76,0,97,3.38,9.53,3.72,104.75,urban,personalcare,sports,55
33,5,0,1,3.46,2.43,0,109,3.17,4.37,6.15,106.23,rural,fresh,construction,52
33,5,0,1,4.42,1.63,0,90,4.73,8.36,5.35,93.68,urban,snacks,none,83
33,5,0,1,4.57,2.58,0,55,5.76,8.06,2.95,99.99,suburban,fresh,none,55
33,5,0,1,2.95,2.02,0,55,3.13,8.49,4.47,103.12,rural,fresh,none,41
33,5,0,1,3.37,2.41,0,49,3.24,-0.4,0,97.29,suburban,personalcare,construction,39
33,5,0,1,3.71,2.49,0,70,3.91,10.85,0,109.77,suburban,fresh,none,70
33,5,0,1,4.23,34.37,1,260,5.33,1.99,0.07,105.87,urban,beverages,sports,206
33,5,0,1,4.95,2.73,0,67,5.01,10.04,2.53,107.18,suburban,snacks,none,57
33,5,0,1,4.94,32.45,1,151,5.42,5.19,4.39,103.68,suburban,snacks,construction,151
33,5,0,1,8.84,4.1,0,47,9.78,5.42,4.21,89.3,suburban,homecare,none,36
33,5,0,1,5.74,1.73,0,107,5.48,4.24,0,104.36,urban,fresh,none,55
33,5,0,1,2.55,1.91,0,71,2.96,8.43,3.55,105.38,suburban,beverages,construction,71
33,5,0,1,3.82,29.91,1,254,4.02,11.05,8.12,100.78,urban,fresh,festival,241
33,5,0,1,5.41,14.93,0,180,5.63,3.01,6.37,104.47,urban,snacks,sports,131
33,5,0,1,3.23,3.02,1,64,4.26,-0.3,0,98.11,rural,beverages,sports,38
33,5,0,1,4.23,0.06,0,53,3.99,13.25,11.68,95.5,urban,beverages,none,53
33,5,0,1,7.28,22.35,0,61,6.77,5.96,0.79,95.22,rural,personalcare,construction,33
33,5,0,1,4.29,2.75,1,150,4.2,6.63,9.87,99,urban,snacks,sports,59
33,5,0,1,3.66,2.91,0,52,3.92,11.41,1.28,94.35,urban,fresh,construction,45
33,5,0,1,4.68,25.22,0,164,4.84,10.17,7.59,99.11,rural,beverages,none,160
33,5,0,1,4.78,0,1,150,4.23,15.97,5.48,101.71,suburban,snacks,festival,86
33,5,0,1,4,24.41,0,235,4.42,5.25,13.03,100.64,suburban,beverages,festival,131
33,5,0,1,3.29,13.58,0,124,3.85,5.4,6.15,100.25,urban,fresh,construction,114
34,6,0,1,2.81,0.93,1,83,2.97,2.95,0,104.15,rural,beverages,sports,83
34,6,0,1,3.17,3.87,0,93,3.33,3.87,7.78,102.52,urban,beverages,construction,80
34,6,0,1,4.79,32.33,0,260,5.03,6.32,9.4,101.87,urban,fresh,festival,159
34,6,0,1,9.36,22.27,1,94,9.49,8.44,3.77,105.57,suburban,homecare,festival,94
34,6,0,1,5.61,2.52,0,104,5.69,12.04,0.71,102.27,suburban,fresh,none,44
34,6,0,1,6.62,15.95,0,174,7.44,6.23,4.16,92.42,suburban,fresh,none,168
34,6,0,1,4.76,0,0,90,4.67,12.37,0,95.74,urban,beverages,festival,90
34,6,0,1,5.47,4,0,76,5.7,10.32,6.42,102.85,urban,beverages,none,76
34,6,0,1,3.93,2.28,1,99,4.63,9.48,5.69,105.19,suburban,snacks,sports,71
34,6,0,1,5.79,0.19,0,61,6.01,3.84,6.57,99.15,suburban,beverages,none,61
34,6,0,1,4.01,0,1,59,4.4,0.55,8.14,99.73,rural,personalcare,none,17
34,6,0,1,5.54,10.2,0,88,5.37,7.52,6.25,106.94,urban,snacks,none,88
34,6,0,1,1.1,0,1,92,1.41,11.57,0,97.1,suburban,beverages,sports,92
34,6,0,1,9.01,15.65,0,59,8.8,3.45,0.94,107.55,suburban,homecare,none,58
34,6,0,1,6.43,1.81,1,15,5.15,6.22,0,94.78,suburban,homecare,none,15
34,6,0,1,2.45,1.21,0,84,2.66,5.98,0,104.12,suburban,beverages,none,84
34,6,0,1,5.48,4.02,0,123,5.54,12.31,1.46,103.99,urban,fresh,festival,78
34,6,0,1,4.57,0,0,103,5.37,3.04,5.04,94.11,urban,fresh,none,41
34,6,0,1,4.94,0,0,83,5.17,11.37,4.47,100.26,suburban,snacks,none,48
34,6,0,1,3.59,13.3,0,87,3.75,9.61,6.39,100.37,rural,beverages,none,87
34,6,0,1,7.76,1.71,1,40,7.59,9.11,0,101.9,urban,fresh,none,40
34,6,0,1,4.05,4.36,1,28,3.62,2.63,6.05,100.13,suburban,snacks,construction,28
34,6,0,1,2.45,1.95,0,82,2.58,-0.66,8.39,105.05,urban,beverages,none,76
34,6,0,1,3.22,27.86,0,221,3,4.06,5.64,104.87,suburban,beverages,none,171
34,6,0,1,1.98,16.21,0,113,1.99,4.62,4.87,100.25,rural,snacks,sports,112
34,6,0,1,6.44,9.97,0,55,7.18,3.31,2.67,105.26,suburban,homecare,none,55
34,6,0,1,3.24,11.41,0,115,3.71,8.83,3.57,104.45,suburban,personalcare,sports,28
34,6,0,1,2.92,2.03,0,90,3.06,1.22,6.29,100.56,suburban,beverages,none,73
34,6,0,1,6.14,1.05,1,157,6.32,13.71,0.96,99.7,urban,beverages,festival,123
34,6,0,1,5.13,0,1,24,4.53,3.05,0,101.29,suburban,homecare,construction,22
34,6,0,1,5.25,4.51,0,116,6,10.69,6.64,104.5,suburban,beverages,construction,75
34,6,0,1,4.16,1.79,1,78,4.6,3.78,1.42,107.49,rural,snacks,none,13
34,6,0,1,8.82,1.96,0,34,11,4.85,0.36,104.35,rural,homecare,construction,13
34,6,0,1,7,36.09,1,260,8.01,5.88,0.75,87.59,suburban,fresh,festival,200
34,6,0,1,3.06,2.31,0,117,3.92,5.49,5.56,101.16,urban,beverages,festival,115
35,0,0,0,2.45,27.08,0,114,2.71,5.41,5.08,106.19,rural,snacks,none,100
35,0,0,0,3.74,18.66,0,146,4.05,4.02,1.43,98.29,suburban,snacks,sports,103
35,0,0,0,4.2,18.79,0,107,4,2.14,5.13,98.33,rural,fresh,construction,107
35,0,0,0,6.17,2.41,1,133,5.16,4.23,6.86,88.69,urban,homecare,none,22
35,0,0,0,4.91,13.92,0,112,5.47,3.43,9.09,91.53,rural,beverages,none,81
35,0,0,0,3.66,27.8,0,149,3.88,7.71,2.92,101.91,suburban,snacks,none,148
35,0,0,0,6.07,2.45,0,129,5.94,8.17,5.39,110.86,urban,snacks,none,48
35,0,0,0,4.58,3.41,0,140,5.09,6.63,14.39,103.41,urban,beverages,none,47
35,0,0,0,8.89,13.43,0,132,6.97,15.78,1.19,105.68,urban,homecare,festival,93
35,0,0,0,5.38,3.38,0,61,4.89,3.08,6.26,105.39,urban,snacks,construction,61
35,0,0,0,5.28,2.2,0,150,5.51,-0.22,0,106.57,rural,beverages,none,96
35,0,0,0,6.36,4.05,1,46,6.1,-3.59,8.1,112.38,rural,snacks,none,46
35,0,0,0,4.2,1.06,0,6,4.61,17.18,4.39,96.6,rural,fresh,none,6
35,0,0,0,3.62,0.42,1,123,4.19,11.21,0.65,94.05,suburban,beverages,festival,121
35,0,0,0,5.55,13.16,0,114,4.79,8.67,2.21,106.61,suburban,snacks,none,67
35,0,0,0,2.99,2,0,119,2.81,1.86,0.82,97.51,urban,beverages,none,76
35,0,0,0,5.5,9.67,1,127,6.2,2.13,0,90.4,rural,snacks,none,45
35,0,0,0,7.17,2.97,0,137,8.62,3.54,6,107.17,suburban,beverages,sports,94
35,0,0,0,3.12,16.79,1,125,3.51,2.9,4.82,103.19,rural,beverages,festival,125
35,0,0,0,10.81,3.09,0,4,9.5,4,11.07,96.69,suburban,homecare,none,4
35,0,0,0,3.43,0.09,0,19,3.4,6.73,0,102.67,suburban,fresh,none,11
35,0,0,0,2.72,2.15,0,99,2.78,10.22,6.2,97.39,urban,fresh,sports,89
35,0,0,0,4.49,7.68,1,175,4.77,7.5,0,96.68,urban,fresh,festival,119
35,0,0,0,6.15,17.19,0,105,5.94,8.63,0,98.25,urban,snacks,sports,105
35,0,0,0,5.47,0.52,0,31,5.91,0.12,0,97.82,suburban,fresh,none,31
35,0,0,0,1.82,0.46,0,86,1.64,5.65,10.49,114.21,suburban,beverages,none,6
35,0,0,0,2.78,1.36,0,71,2.73,9.02,5.4,108.03,urban,beverages,none,71
35,0,0,0,3.5,3.58,1,113,4.13,7.47,6.24,95.79,urban,snacks,construction,109
35,0,0,0,3.56,3.55,0,137,3.88,7.76,6.34,93.15,urban,beverages,construction,64
35,0,0,0,4.94,15.46,0,69,4.75,4.54,1.61,94.33,urban,personalcare,none,69
35,0,0,0,4.31,3.72,0,202,3.94,11.67,0,97.6,urban,beverages,none,106
35,0,0,0,2.76,14.76,1,122,2.8,6.89,6.07,104.25,urban,snacks,none,99
35,0,0,0,5.63,26.06,0,180,5.28,8.2,0,100.54,suburban,fresh,festival,115
35,0,0,0,5.2,0.5,0,50,6.47,7.18,0,94.09,urban,fresh,none,50
35,0,0,0,2.63,5.44,0,75,2.7,2.41,2.54,107.03,urban,fresh,none,75
36,1,0,0,3.06,2.61,0,93,4.31,10.03,11.39,94.53,urban,fresh,festival,93
36,1,0,0,1.73,14.41,1,87,1.86,8.05,3.06,99.1,suburban,snacks,sports,87
36,1,0,0,4.14,0,0,56,4.22,3.14,5.99,101.05,rural,fresh,none,19
36,1,0,0,1.1,3.1,0,123,1.13,1.73,0,113.35,suburban,beverages,sports,107
36,1,0,0,5.08,19.31,0,98,5.12,6.17,3.43,99.14,suburban,personalcare,sports,82
36,1,0,0,4.65,20.46,1,196,5.12,3.45,0.01,105.17,suburban,beverages,none,154
36,1,0,0,4.45,19.14,1,124,5.46,9,0,101.64,urban,personalcare,none,111
36,1,0,0,3.04,9.08,0,90,3.07,-2.84,10.2,104.25,suburban,fresh,none,59
36,1,0,0,3.57,18.26,0,158,4.07,5.09,5.82,97.54,suburban,fresh,sports,99
36,1,0,0,6.2,3.83,1,21,5.76,12.47,0,105.06,rural,snacks,construction,17
36,1,0,0,4.82,1.93,0,39,4.86,7.95,1.4,105,suburban,fresh,none,32
36,1,0,0,4.48,1.68,1,124,4.74,-0.53,3.76,99.02,urban,beverages,none,90
36,1,0,0,1.12,0,0,19,1.19,-2.46,7.51,103.26,suburban,snacks,construction,19
36,1,0,0,5.58,15.06,1,166,7.34,12.02,4.26,106.95,urban,beverages,none,160
36,1,0,0,4.73,26.23,1,199,4.45,10.07,2.17,99.33,suburban,snacks,construction,112
36,1,0,0,2.59,4.82,1,127,2.97,13.5,5.2,94.65,urban,snacks,none,79
36,1,0,0,5.23,4.88,0,144,5.26,3.78,0,90.01,urban,beverages,none,101
36,1,0,0,9.79,1.62,1,50,10.58,4.81,12.72,103.29,suburban,homecare,none,39
36,1,0,0,4.28,1.93,0,92,3.81,8.86,0.31,107.58,suburban,snacks,none,34
36,1,0,0,3.84,0,1,116,4.73,6.41,5.18,99.45,urban,beverages,none,66
36,1,0,0,3.2,15.66,0,108,2.65,-5.28,5.12,98.09,suburban,fresh,none,108
36,1,0,0,2.28,0,0,128,2.56,5.97,0.34,111.3,urban,snacks,none,84
36,1,0,0,3.14,2.77,0,75,3.14,0.59,0,100.66,suburban,beverages,construction,56
36,1,0,0,4.36,0.99,1,52,5.4,7.45,8.33,98.4,rural,snacks,sports,52
36,1,0,0,4.6,12.22,0,158,4.28,5.89,0,104.1,suburban,beverages,festival,103
36,1,0,0,3.12,6.68,0,16,2.88,7.98,0,99.77,urban,personalcare,construction,16
36,1,0,0,4.14,19.74,1,77,4.59,11,4.78,100.26,rural,personalcare,none,68
36,1,0,0,5.04,1.01,0,36,5.03,9.26,1.2,97.94,suburban,fresh,none,36
36,1,0,0,2.89,4.82,0,93,2.54,8.23,1.8,99.99,rural,personalcare,none,4
36,1,0,0,5.73,2.61,1,54,4.92,1.54,5.45,102.56,suburban,snacks,construction,53
36,1,0,0,4.22,1.99,0,110,4.53,4.53,5.06,101.36,rural,beverages,festival,60
36,1,0,0,2.52,2.14,1,47,2.42,9.24,0,89.32,rural,personalcare,sports,15
36,1,0,0,5.05,0.73,0,67,6.16,6.81,0.01,106.95,urban,homecare,festival,63
36,1,0,0,2.68,0.11,0,66,3.06,1.65,3.64,99.41,suburban,personalcare,none,30
36,1,0,0,1.1,1.59,0,67,1.38,7.48,12.41,97.32,urban,fresh,none,32
37,2,0,0,3.78,5.57,0,70,3.39,4.51,1.2,95.12,urban,personalcare,none,33
37,2,0,0,7.33,3.44,0,34,7.26,10.61,5.21,108.15,rural,homecare,none,10
37,2,0,0,3.55,0,0,101,3.91,6.68,0.66,111.54,urban,fresh,none,97
37,2,0,0,1.86,16.65,0,122,1.64,6.45,0.83,107.71,rural,snacks,festival,109
37,2,0,0,3.69,2.29,0,96,3.42,11.27,0,110.09,urban,personalcare,none,27
37,2,0,0,9.65,0.64,0,107,10.7,13.52,0,101.36,rural,homecare,festival,33
37,2,0,0,1.85,8.89,0,123,2.08,2.22,8.82,108.8,urban,fresh,none,50
37,2,0,0,3.96,2.6,0,77,5.36,5.91,2.74,101.46,suburban,snacks,sports,67
37,2,0,0,2.3,0.76,1,59,2.28,11.98,5.77,99.6,suburban,personalcare,construction,23
37,2,0,0,8.59,2.05,1,97,8.52,8.49,6.8,101.31,suburban,homecare,festival,64
37,2,0,0,4.84,12.07,0,162,5.38,10.51,0,97.71,suburban,beverages,none,119
37,2,0,0,1.1,0.1,0,151,1.29,10.73,4.55,100.26,suburban,beverages,none,84
37,2,0,0,7.64,12.78,0,153,8.69,5.8,0,99.55,urban,beverages,none,116
37,2,0,0,3.1,3.39,0,91,3.2,5.41,5.13,111.35,urban,beverages,none,91
37,2,0,0,2.64,3.63,0,146,3.03,2.75,2.48,106.17,suburban,beverages,festival,65
37,2,0,0,7.5,18.96,0,138,6.46,4.75,2.56,102.09,suburban,beverages,sports,138
37,2,0,0,8.4,4.65,0,66,7.54,4.55,1.61,100.41,suburban,homecare,festival,61
37,2,0,0,6.7,2.38,0,102,6.2,3.27,0,103.48,urban,personalcare,none,67
37,2,0,0,3.35,1.36,1,77,3.88,13.92,6.67,96.61,urban,beverages,none,63
37,2,0,0,9.64,4.44,0,73,9.23,6.37,1.73,104.35,urban,homecare,construction,33
37,2,0,0,4.75,22.17,0,116,5.53,14.36,4.19,99.39,suburban,personalcare,none,108
37,2,0,0,7.11,1.04,0,70,7.97,1.89,4.32,100.57,suburban,homecare,festival,70
37,2,0,0,6.18,1.84,1,79,5.88,2.78,2.05,101.79,suburban,fresh,festival,79
37,2,0,0,1.1,0.95,0,71,1.15,5.16,2.57,100.64,urban,fresh,none,28
37,2,0,0,5.98,0,1,129,7.41,-1.99,5.5,107.6,urban,fresh,none,73
37,2,0,0,1.17,1.85,0,96,1.26,8.43,8.02,95.57,suburban,beverages,none,30
37,2,0,0,1.47,1.6,0,113,1.43,4.85,0.57,98.5,urban,fresh,festival,80
37,2,0,0,4.8,2,0,137,5.27,4.25,3.74,106.09,urban,beverages,none,81
37,2,0,0,3.59,1.21,1,105,3.74,4.07,3.39,107.29,suburban,beverages,none,91
37,2,0,0,3.12,1.43,0,15,3.31,7.94,6.08,107.78,rural,personalcare,festival,15
37,2,0,0,6.6,24.65,0,49,8.53,6.64,5.7,101.56,rural,homecare,none,17
37,2,0,0,1.92,0,0,73,2.32,4.24,0,99.4,rural,fresh,sports,32
37,2,0,0,7.04,0,0,80,7.11,11.4,0,101.6,rural,personalcare,festival,25
37,2,0,0,5.09,1.94,0,150,5.99,15.29,0,99.5,urban,beverages,none,76
37,2,0,0,2.99,3.83,1,95,2.56,10.19,8.22,109.79,urban,snacks,sports,95
38,3,0,0,8.47,1.57,0,44,8.6,7.67,3.74,105.41,rural,homecare,none,7
38,3,0,0,3.22,18.31,0,220,3.02,12.81,3.25,105.04,suburban,beverages,none,103
38,3,0,0,3.91,26.74,0,208,4.79,6.91,0.41,100.05,suburban,beverages,none,156
38,3,0,0,10.06,3.89,1,37,9.88,7.62,4.77,100.34,urban,homecare,sports,37
38,3,0,0,6.17,16.22,1,136,6.5,7.55,8.1,96.32,suburban,snacks,none,136
38,3,0,0,4.3,0.5,0,48,4.25,9.94,2.91,101.37,urban,fresh,sports,48
38,3,0,0,5.15,0.6,0,69,4.84,4.29,8.14,107.88,suburban,beverages,construction,49
38,3,0,0,4.63,0.44,0,61,4.68,6.55,4.58,109.11,urban,snacks,none,45
38,3,0,0,1.1,1.72,0,67,1.13,12.75,0,109.22,urban,personalcare,construction,18
38,3,0,0,7.59,22.35,1,155,7.57,9.78,3.48,101.67,urban,homecare,festival,105
38,3,0,0,6.55,2.3,0,130,6.82,13.74,5.48,93.44,urban,snacks,none,58
38,3,0,0,4.72,5,0,102,5.19,7.57,3.54,98.27,urban,beverages,construction,83
38,3,0,0,5.45,2.38,0,56,6.01,6.12,5.28,112.67,suburban,personalcare,none,46
38,3,0,0,3.68,14.96,0,172,3.9,4.51,5.55,108.19,suburban,fresh,none,113
38,3,0,0,2.24,0,0,54,2.58,3.99,1.47,105.58,rural,personalcare,none,7
38,3,0,0,4.1,12.13,1,105,4.05,12,2.89,98.63,urban,snacks,construction,97
38,3,0,0,6,21.44,0,76,4.87,5.45,0,101.55,urban,personalcare,none,76
38,3,0,0,2.76,14.41,0,184,2.12,7.91,0,106.27,urban,fresh,none,80
38,3,0,0,5.54,0,0,79,7.07,12.32,0.88,110.77,suburban,snacks,construction,52
38,3,0,0,4.73,5.72,1,18,4.47,4.15,0,98.01,rural,snacks,none,10
38,3,0,0,4.32,1.63,0,49,5.52,6.08,3.81,107.68,rural,personalcare,none,15
38,3,0,0,9,16.91,0,39,10.39,7.37,6.89,109.03,suburban,homecare,none,38
38,3,0,0,1.96,10.08,1,127,1.97,6.11,0,113.32,suburban,fresh,none,98
38,3,0,0,3.12,21.07,0,136,3.52,4.01,11.16,108.69,suburban,personalcare,sports,109
38,3,0,0,1.55,11.32,0,149,1.73,9.58,4.98,111.43,urban,beverages,sports,104
38,3,0,0,3.3,0.49,0,156,3.9,9.81,0,99.5,urban,beverages,none,78
38,3,0,0,4.52,2.41,1,96,5.2,7.42,0,115.41,suburban,snacks,none,67
38,3,0,0,2.62,20.3,1,74,2.72,4.9,0,100.05,suburban,personalcare,construction,72
38,3,0,0,3.86,3.17,1,151,4.51,11.01,0.23,106.85,urban,snacks,festival,151
38,3,0,0,1.18,0,1,131,1.09,8.44,0,100.68,rural,personalcare,festival,31
38,3,0,0,3.4,3.16,0,77,3.91,5.06,0.15,97.17,urban,fresh,none,77
38,3,0,0,5.22,1.68,0,104,4.81,12.08,0,102.87,urban,fresh,none,31
38,3,0,0,4.25,0.14,1,161,4.27,10.34,0,101.94,suburban,beverages,festival,134
38,3,0,0,6.58,0.5,0,17,6.39,6.23,7.86,97.63,suburban,personalcare,none,0
38,3,0,0,5.55,3.83,1,109,4.76,14.45,5.41,100.63,suburban,beverages,none,109
39,4,0,0,4.21,18.85,1,182,3.77,8.81,4.39,103.39,suburban,fresh,none,122
39,4,0,0,3.57,2.46,0,72,3.54,7.55,7.33,99.71,rural,beverages,none,47
39,4,0,0,3.01,13.27,0,122,2.15,4.66,2.64,96.32,urban,beverages,festival,122
39,4,0,0,3.51,2.2,0,91,3.5,10.07,3.8,102.09,urban,beverages,construction,80
39,4,0,0,4.01,2.32,0,103,3.91,-3.85,9.17,103.43,rural,snacks,construction,14
39,4,0,0,2.64,3.01,1,118,2.64,9.67,4.1,103.38,urban,snacks,sports,91
39,4,0,0,8.26,2.03,0,67,10.24,6.61,0,91.47,urban,homecare,none,13
39,4,0,0,3.12,3.92,1,69,3.53,6.1,7.29,101.44,rural,fresh,none,69
39,4,0,0,4.49,3.59,0,64,4.2,7.37,0,97.21,suburban,fresh,none,64
39,4,0,0,3.02,0,0,109,2.85,2.77,4.93,95.68,suburban,fresh,festival,12
39,4,0,0,5.27,4.53,0,99,5.1,7.91,2.84,96.08,urban,fresh,none,77
39,4,0,0,4.1,27.55,0,168,4.71,3.19,5.66,101.36,rural,fresh,none,132
39,4,0,0,9.7,30.19,0,113,10.72,11.19,9.91,113.21,rural,homecare,none,82
39,4,0,0,3.08,4.52,1,73,3.05,2.91,5.76,104.37,suburban,fresh,construction,73
39,4,0,0,3.66,2.03,0,98,3.88,8.78,0,104.03,suburban,beverages,none,96
39,4,0,0,5.93,1.1,0,87,6.94,8.14,1.3,102.71,urban,fresh,none,64
39,4,0,0,3.19,0.63,0,70,3.08,8.2,3.96,102.76,rural,snacks,none,34
39,4,0,0,3.97,0.25,0,76,4.7,6.68,6,107.54,urban,beverages,construction,76
39,4,0,0,1.79,2.9,1,112,1.85,3.14,0.65,107.96,urban,personalcare,festival,85
39,4,0,0,3.92,2.19,0,52,4.15,12.74,5.6,95.47,suburban,fresh,sports,52
39,4,0,0,1.86,3.43,0,45,1.48,4.77,0,102.29,rural,beverages,construction,45
39,4,0,0,3.12,0.52,0,86,3.05,9.32,1.85,106.96,urban,snacks,construction,37
39,4,0,0,5.04,2.37,0,46,4.8,12.33,1.59,92.76,urban,fresh,construction,46
39,4,0,0,3.34,0.77,1,82,3.3,4.53,4.84,107.95,suburban,beverages,none,76
39,4,0,0,3.64,1.95,0,121,3.39,5.11,0,111.56,urban,beverages,none,107
39,4,0,0,5.96,2.9,0,47,6.99,5.87,2.37,105.36,suburban,homecare,none,9
39,4,0,0,5.33,2.83,0,97,6.52,2.67,0.78,108.63,suburban,fresh,none,62
39,4,0,0,4.27,2.99,0,147,4.2,9.66,0.76,97.9,suburban,beverages,none,98
39,4,0,0,2.57,9.52,0,143,2.5,5.72,0,96.81,suburban,fresh,none,128
39,4,0,0,4.29,4.94,0,61,3.63,9.28,5.92,104.14,urban,fresh,none,61
39,4,0,0,3.17,0,0,96,2.62,7.06,2.98,106.01,urban,beverages,festival,96
39,4,0,0,4.45,2.79,0,105,4.91,6.2,1.83,100.84,rural,personalcare,festival,55
39,4,0,0,8.58,2.94,0,93,7.26,12.33,6.26,101.29,urban,homecare,festival,59
39,4,0,0,10.25,1.03,0,25,9.88,5.16,0,110,urban,homecare,none,25
39,4,0,0,5.67,5.47,0,51,5.85,4.89,0,98.63,suburban,personalcare,none,51
40,5,0,1,3.76,14.48,0,172,3.83,1.98,0.72,104.11,urban,beverages,festival,161
40,5,0,1,7.75,1.39,0,74,8.36,5.53,0,97.2,urban,snacks,festival,74
40,5,0,1,5.85,2.07,0,92,5.32,7.45,10.72,107.52,suburban,beverages,none,87
40,5,0,1,3.7,2.93,0,84,4.19,7.41,4.51,98.84,urban,beverages,construction,84
40,5,0,1,4.14,13.21,0,90,4.84,6.18,4.12,95.69,urban,beverages,construction,90
40,5,0,1,6.36,0,0,77,6.65,8.31,2.07,106.39,urban,snacks,sports,77
40,5,0,1,5.07,0,0,75,6.59,12.53,9.73,108.9,urban,fresh,construction,75
40,5,0,1,6.53,1.92,0,77,4.96,4.85,3.08,107.11,rural,fresh,none,50
40,5,0,1,5.38,6.54,0,93,5.72,7.36,4.66,102.04,suburban,fresh,none,77
40,5,0,1,8.15,0.69,0,47,9.87,7.19,5.13,106.44,rural,homecare,none,26
40,5,0,1,6.2,9.44,0,95,6.24,3.56,2.59,106.3,suburban,fresh,none,81
40,5,0,1,3.35,2.9,0,109,3.4,9.27,0,99.86,urban,snacks,construction,42
40,5,0,1,3.21,2.85,0,68,3.35,6.31,5.26,101.46,rural,snacks,sports,68
40,5,0,1,3.48,26.23,0,91,3.87,5.23,1.61,95.54,suburban,personalcare,sports,64
40,5,0,1,6.32,3.3,1,124,5.83,5.13,0,96.26,urban,beverages,sports,104
40,5,0,1,4.35,0.87,0,35,4.56,10.83,10.33,113.8,rural,fresh,none,5
40,5,0,1,2.85,2.36,1,119,3.16,1.49,5.92,97.09,suburban,personalcare,none,52
40,5,0,1,1.79,1.45,1,103,1.7,10.51,1.43,100.25,urban,snacks,festival,78
40,5,0,1,2.35,20.25,0,180,2.73,5.75,1.21,101.24,urban,beverages,none,81
40,5,0,1,3.46,4.15,0,115,3.85,3.73,2.67,110.87,suburban,snacks,sports,86
40,5,0,1,7.85,1.37,0,110,8.08,6.06,6.03,104.75,suburban,beverages,construction,73
40,5,0,1,4.61,2.1,1,87,5.15,7.58,7.39,109.74,rural,beverages,none,87
40,5,0,1,5.73,1.33,0,45,4.35,10.95,1.36,101.98,urban,fresh,sports,45
40,5,0,1,4.69,9.65,0,94,5.32,4.05,6,92.45,urban,beverages,none,61
40,5,0,1,4.81,0,0,62,5.84,9.57,0,108.3,suburban,fresh,none,32
40,5,0,1,6.19,2.21,0,105,7.57,6.87,0,101.68,rural,beverages,none,90
40,5,0,1,4.96,1.96,0,38,3.99,5.96,0.33,101.41,suburban,personalcare,none,37
40,5,0,1,6.49,3.26,0,50,5.51,-2.71,0,105.7,suburban,snacks,none,50
40,5,0,1,4.63,2.95,0,123,4.84,8.65,0,105.38,urban,fresh,sports,64
40,5,0,1,3,0.76,0,90,3.28,0.7,4.65,104.13,suburban,beverages,sports,90
40,5,0,1,4.35,1.53,0,113,4.15,4.46,4.3,97.55,suburban,beverages,festival,95
40,5,0,1,5.12,2.59,0,109,4.95,11.98,0,101.82,urban,personalcare,festival,78
40,5,0,1,1.69,19.7,0,87,2.13,3.06,0,98.18,suburban,snacks,none,87
40,5,0,1,4.25,2.75,1,130,3.95,14.78,0,104.45,suburban,beverages,festival,112
40,5,0,1,4.5,11.71,1,153,5.93,7,2.41,104.79,suburban,fresh,construction,104
41,6,0,1,8.47,2.61,0,105,9.79,5.65,4.55,109.93,rural,homecare,festival,20
41,6,0,1,3.28,1.76,0,82,2.69,7.71,6.62,105.76,suburban,beverages,sports,71
41,6,0,1,1.19,25.59,0,199,0.99,14.73,0.32,101.86,suburban,beverages,none,133
41,6,0,1,2.24,23.23,0,94,2.23,-0.09,8.59,105.7,suburban,personalcare,none,81
41,6,0,1,5.24,5.07,0,83,5.82,1.29,0,95.18,urban,beverages,none,83
41,6,0,1,2.43,0.69,0,132,2.18,9.43,0,100.48,urban,beverages,none,54
41,6,0,1,2.96,2.06,0,139,2.36,5.5,2.09,99.43,suburban,personalcare,festival,58
41,6,0,1,7.13,2.45,0,134,6.21,8.03,0,96.28,suburban,beverages,festival,86
41,6,0,1,3.78,21.5,0,92,3.79,6.56,0,102.03,rural,snacks,none,92
41,6,0,1,7.84,4.07,0,61,6.97,7.12,8.04,110.25,suburban,fresh,sports,61
41,6,0,1,3.73,4.41,0,71,3.91,9.32,3.96,99.87,rural,beverages,none,62
41,6,0,1,4.08,2.6,1,95,3.62,13.38,3.64,97.4,rural,beverages,construction,75
41,6,0,1,6.23,0.87,1,134,6.36,2.29,0,102.56,urban,beverages,none,78
41,6,0,1,4.44,3.66,0,138,5.43,6.78,3.23,107.33,urban,beverages,none,131
41,6,0,1,8.53,1.54,0,12,9.83,-2.44,1.15,107.87,urban,homecare,sports,12
41,6,0,1,4.51,4.43,0,80,5.57,5.37,1.55,101.81,suburban,beverages,none,73
41,6,0,1,2.29,4.77,0,92,2.4,6.54,6.39,113.84,rural,snacks,sports,51
41,6,0,1,3.22,4.16,0,90,4.23,6.83,1.14,104.45,suburban,snacks,festival,90
41,6,0,1,7.14,1.7,0,70,7.18,10.24,3.68,108.64,rural,beverages,none,64
41,6,0,1,7.5,14.14,0,162,7.96,6.26,0,105.79,urban,fresh,sports,131
41,6,0,1,2.76,2.22,0,85,3.03,4.9,6.55,103.2,urban,beverages,none,85
41,6,0,1,4.46,1.68,0,98,5.93,9.34,6.82,107.32,suburban,beverages,construction,79
41,6,0,1,5.58,1.27,0,88,8.02,10.67,0,99.56,suburban,beverages,construction,84
41,6,0,1,10.53,8.26,1,118,8.97,5.24,3.07,100.07,urban,homecare,none,25
41,6,0,1,4.39,24.92,0,79,4.07,6.45,7.22,94.77,suburban,homecare,festival,79
41,6,0,1,3.4,2.56,0,41,2.98,8.53,1.12,93.42,suburban,fresh,construction,41
41,6,0,1,4.6,0.39,0,57,5.35,9.83,0,99.67,rural,snacks,none,57
41,6,0,1,4.45,1.94,0,122,5.35,4.58,0,106.61,urban,snacks,festival,50
41,6,0,1,2.03,11.51,0,175,1.81,15.83,4.15,103.77,urban,beverages,none,91
41,6,0,1,6.88,0,0,80,5.84,0.14,0,104.47,urban,beverages,none,31
41,6,0,1,5.13,4.72,0,92,5.69,8.8,5.67,105.95,urban,snacks,none,92
41,6,0,1,6.88,15.97,0,98,6.61,3.95,0,92.24,suburban,homecare,none,37
41,6,0,1,8.05,4.72,1,13,8.01,4.61,3.36,100.36,rural,homecare,construction,11
41,6,0,1,4.84,19,1,181,4.34,2.32,4.68,104.01,urban,fresh,none,158
41,6,0,1,5.49,2.57,0,107,6.12,8.43,1.43,102.7,suburban,beverages,none,69
42,0,0,0,3.07,0,0,119,3.22,3.6,1.86,99.72,suburban,beverages,none,64
42,0,0,0,1.85,26.9,0,183,1.95,2.91,2.23,97.36,rural,fresh,none,135
42,0,0,0,2.26,1.26,0,103,2.58,15.79,0,94.16,urban,snacks,none,91
42,0,0,0,4.76,0,1,115,5.36,5.34,2.13,99.6,urban,personalcare,none,76
42,0,0,0,9.27,2.32,0,54,10.62,3.11,4.89,99.7,rural,homecare,festival,17
42,0,0,0,3.8,1.58,0,98,3.97,8.66,0,104.69,rural,personalcare,none,14
42,0,0,0,3.65,8.23,0,173,3.57,11.83,0,103.01,suburban,beverages,none,101
42,0,0,0,4.61,1.42,1,113,5.1,8.04,4.83,94.56,urban,beverages,construction,61
42,0,0,0,4.45,3.49,0,52,4.97,-0.6,5.48,103.53,suburban,snacks,sports,37
42,0,0,0,3.19,1.35,0,80,2.91,4.72,5.7,104.23,suburban,fresh,none,26
42,0,0,0,7.3,15.25,1,151,7.97,7.33,4.63,114.63,suburban,snacks,festival,90
42,0,0,0,5.44,0.2,0,156,5.72,10.17,15.91,99.97,urban,personalcare,none,41
42,0,0,0,3.69,1.77,1,96,3.46,5.12,0,99.2,rural,snacks,none,8
42,0,0,0,3.19,1.01,0,65,3.07,10.07,2.22,98.2,suburban,personalcare,festival,29
42,0,0,0,3.92,3.77,0,86,4.32,10.15,4.46,101.16,suburban,personalcare,none,31
42,0,0,0,5.3,0.11,1,61,4.46,3.61,1.66,95.14,urban,snacks,construction,61
42,0,0,0,2.65,3.18,0,46,2.91,5.21,8.75,103.74,suburban,personalcare,none,19
42,0,0,0,3.59,0,0,54,3.66,1.21,0,101.87,suburban,snacks,construction,48
42,0,0,0,4.41,26,0,207,4.46,8.87,5.29,104.8,urban,beverages,none,116
42,0,0,0,4.84,0.14,0,69,5.34,2.7,1,108.9,suburban,beverages,construction,56
42,0,0,0,3.01,19.8,0,95,2.34,12.54,0.65,107.33,suburban,personalcare,sports,94
42,0,0,0,4.01,1.32,0,53,4.1,9.89,6.44,105.37,urban,snacks,none,27
42,0,0,0,6.58,2.88,1,110,8,10.29,3.22,102.16,rural,beverages,festival,86
42,0,0,0,9.06,3.23,0,26,8.21,8.05,6.18,109.16,suburban,homecare,none,4
42,0,0,0,3.62,1.44,0,72,4.49,8.81,13.57,110.05,rural,beverages,none,37
42,0,0,0,4.92,3.18,1,103,5.66,12.07,2.96,98.49,urban,snacks,none,86
42,0,0,0,3.25,0.33,0,39,3.02,5.03,8.01,102.51,rural,beverages,construction,26
42,0,0,0,4.37,2.08,1,64,3.58,4.54,2.46,104.36,suburban,personalcare,none,40
42,0,0,0,1.1,16.61,0,145,1.25,6.33,4.36,93.6,urban,beverages,none,143
42,0,0,0,3.84,2.9,0,108,3.77,9.91,0,107.67,suburban,beverages,construction,84
42,0,0,0,3.51,0,0,75,3.77,6.83,1.26,102.22,rural,snacks,sports,17
42,0,0,0,4.12,4.15,0,92,4.16,6.96,2.9,103.89,rural,fresh,none,35
42,0,0,0,2.27,2.47,0,115,2.41,8.72,0,106.5,urban,snacks,festival,98
42,0,0,0,1.65,0,0,61,1.75,6.97,0,103.33,rural,snacks,none,34
42,0,0,0,2.86,0.03,0,51,2.74,8.36,0,101.84,urban,snacks,none,32
43,1,0,0,2.38,1.09,1,58,2.3,10.79,2.89,98.88,urban,personalcare,none,58
43,1,0,0,3.03,0,1,97,3.5,0.11,4.34,108.86,suburban,snacks,construction,49
43,1,0,0,3.68,1.48,0,41,4.66,10.17,9.97,101.95,rural,beverages,none,0
43,1,0,0,7.01,2.64,0,66,7.06,13.53,3.13,103.84,suburban,homecare,sports,25
43,1,0,0,2.9,12.44,1,155,3.13,9.48,0.6,103.86,urban,fresh,construction,87
43,1,0,0,6.31,4.63,1,121,7.07,8.58,0,108.32,urban,snacks,construction,109
43,1,0,0,2.85,22.43,0,146,3.28,2.43,4.76,113.28,suburban,snacks,sports,84
43,1,0,0,1.1,15.52,0,32,1.13,2.1,1.77,101.71,rural,personalcare,none,32
43,1,0,0,3.55,0.2,0,38,4.22,11.37,0,108.24,rural,fresh,none,38
43,1,0,0,5.13,6.13,1,75,5.55,11.44,4.07,115.49,urban,fresh,none,75
43,1,0,0,6.66,3.78,1,35,8.01,15.24,0,103.46,rural,personalcare,construction,35
43,1,0,0,2.88,1.04,1,72,2.71,6.78,8.82,105.38,rural,snacks,sports,72
43,1,0,0,6.17,0.55,0,53,6.32,7.35,3.54,90.81,urban,snacks,none,32
43,1,0,0,1.53,0.28,0,60,1.7,10.98,4.25,100.5,suburban,personalcare,festival,36
43,1,0,0,5.02,2.21,1,43,5.24,7.69,0,108.66,rural,personalcare,none,43
43,1,0,0,6.55,0.59,0,136,6.41,3.92,12.79,104.97,urban,snacks,festival,76
43,1,0,0,4,3.53,0,76,4.19,5.41,10.17,109.14,urban,personalcare,sports,76
43,1,0,0,4.89,2.07,0,52,5.39,6.78,0.58,97.92,urban,fresh,construction,31
43,1,0,0,3.29,18.77,0,137,3.82,4.14,0,98.26,suburban,fresh,sports,90
43,1,0,0,4.09,28.16,0,231,3.97,6.21,0,106.88,urban,beverages,festival,181
43,1,0,0,10.66,21.32,1,71,11.38,6.49,7.57,95.13,rural,homecare,none,14
43,1,0,0,1.1,1.82,1,4,1.17,6.79,8.15,104.08,suburban,fresh,construction,4
43,1,0,0,7.21,3.05,0,101,7.54,4.26,5.64,92.06,urban,snacks,festival,93
43,1,0,0,6,18.86,0,226,5.23,7.23,0.46,105.78,urban,beverages,festival,198
43,1,0,0,7.76,3.62,0,71,7.49,2.31,0,98.65,urban,homecare,none,18
43,1,0,0,4.96,0,1,115,4.96,5.74,0,96.22,urban,beverages,none,78
43,1,0,0,3.12,2.02,0,100,3.65,15.1,4.71,101.8,rural,beverages,none,56
43,1,0,0,2.98,1.89,1,66,2.76,11.72,0,93.31,urban,personalcare,sports,42
43,1,0,0,4.1,20.09,0,113,4.04,5.05,5.29,95.51,rural,personalcare,none,21
43,1,0,0,4.49,18.2,0,86,4.52,12.93,7.36,96.17,rural,beverages,festival,86
43,1,0,0,6.05,0.83,0,130,6.79,8.04,0.07,99.99,suburban,beverages,none,52
43,1,0,0,5.52,3.82,0,62,6.79,6.13,0,102.74,rural,snacks,none,26
43,1,0,0,7.14,18.94,0,177,7.22,5.57,3.68,99.94,suburban,fresh,sports,107
43,1,0,0,3.97,2.31,0,32,3.86,4.95,3.07,102.21,suburban,fresh,festival,32
43,1,0,0,8.18,1.27,1,97,9.5,7.5,3.36,106.78,suburban,homecare,construction,69
44,2,0,0,3.2,4.29,1,225,3.12,11.57,6.14,102.71,urban,snacks,festival,58
44,2,0,0,5.87,1.51,1,41,6.9,8.28,10.37,109.55,suburban,fresh,construction,41
44,2,0,0,4.96,2.64,1,87,4.99,10.03,15.08,96.52,urban,snacks,none,87
44,2,0,0,7.54,16.2,0,53,7.45,10.5,1.06,94.47,rural,homecare,none,21
44,2,0,0,3.71,1.84,1,105,3.54,7.62,5,90.49,urban,personalcare,none,57
44,2,0,0,1.1,0,0,98,1.18,11.51,0,107.61,suburban,snacks,none,44
44,2,0,0,2.77,1.99,0,18,2.98,8.19,0,105.72,rural,fresh,none,18
44,2,0,0,7.03,0.68,0,86,8.79,9.66,10.84,97.74,suburban,fresh,construction,46
44,2,0,0,6.31,0,1,115,6.64,6.81,4.66,102.46,suburban,snacks,sports,55
44,2,0,0,5.75,2.64,1,80,6.23,5.82,3.16,90.47,urban,personalcare,none,59
44,2,0,0,10.29,3.54,0,66,8.21,4.92,8.48,100.14,suburban,homecare,none,0
44,2,0,0,3.53,2.06,0,68,2.98,10.72,0.69,103.65,rural,beverages,none,68
44,2,0,0,9.26,16.25,0,81,9.41,13.87,0,99.05,urban,homecare,construction,42
44,2,0,0,3.37,30,0,181,4.28,7.9,2.37,105.13,urban,beverages,construction,171
44,2,0,0,4.33,29.42,1,159,5.33,5.75,0,89.83,suburban,fresh,none,153
44,2,0,0,4.42,4.49,0,46,4.9,2.81,0,100.46,rural,beverages,none,46
44,2,0,0,6.59,2.14,0,116,6.11,7.25,4.77,106.44,suburban,beverages,none,92
44,2,0,0,9.33,0.52,0,4,9.88,9.04,0.74,100.53,suburban,homecare,none,4
44,2,0,0,6.94,4.62,0,117,7.94,3.4,5.79,101.34,rural,beverages,none,38
44,2,0,0,3.75,13.77,0,192,3.92,18.02,2.43,102.1,urban,beverages,none,160
44,2,0,0,3.02,2.45,1,112,3.33,2.59,0.99,100.53,suburban,personalcare,none,58
44,2,0,0,3.12,3.57,0,102,3.02,6.9,3.04,95.41,suburban,personalcare,none,29
44,2,0,0,6.98,2.16,0,76,9.02,8.67,2.3,107.94,urban,homecare,none,71
44,2,0,0,7.28,21.97,0,208,8.35,7.9,0,102.05,suburban,snacks,festival,193
44,2,0,0,5.54,1.06,0,72,5.72,10.54,0.68,96.31,suburban,fresh,none,48
44,2,0,0,3.03,7.25,0,144,4.08,2.73,0,109.18,urban,snacks,sports,144
44,2,0,0,4.02,21.54,0,191,3.65,15.35,9.3,102.39,urban,beverages,none,137
44,2,0,0,3.29,18.88,0,119,3.29,6.19,0,103.91,suburban,personalcare,none,74
44,2,0,0,1.4,0.4,0,54,1.58,4.72,4.59,114.41,suburban,personalcare,sports,54
44,2,0,0,2.77,0.33,0,109,2.78,6.74,1.84,97.24,urban,snacks,none,77
44,2,0,0,5.79,3.26,0,88,6.16,7.37,0,102.74,suburban,fresh,none,85
44,2,0,0,3.79,1.94,0,115,3.95,6.91,15.32,103.17,suburban,beverages,sports,64
44,2,0,0,1.78,1.84,0,50,2.04,7.1,0,98.45,suburban,snacks,construction,36
44,2,0,0,3.19,1.41,0,84,3.11,8.27,1.24,97.83,suburban,snacks,construction,83
44,2,0,0,2.63,1.76,0,132,3.03,9.3,5.47,106.63,suburban,beverages,festival,79
45,3,0,0,2.32,3.56,0,101,2.69,8.54,6.22,95.39,suburban,snacks,construction,48
45,3,0,0,9.26,22.45,1,174,8.07,-2.05,6.79,110.22,suburban,homecare,festival,79
45,3,0,0,5.39,0.21,0,138,5.77,5.08,0,107.67,urban,beverages,construction,86
45,3,0,0,3.5,3.69,0,127,4.27,13.61,6.69,109.4,suburban,snacks,construction,92
45,3,0,0,2.83,2.02,0,24,3.29,11.96,0,102.67,suburban,fresh,none,24
45,3,0,0,9.23,32.99,0,99,9.19,7.83,0,102.55,urban,homecare,construction,91
45,3,0,0,5.87,7.81,0,101,6.99,14.66,2.44,99.25,urban,beverages,construction,101
45,3,0,0,4.45,3.19,0,118,5.05,9.34,0.66,101.63,urban,beverages,none,118
45,3,0,0,4.86,1.82,1,170,4.28,13.21,5.06,102.32,urban,beverages,none,79
45,3,0,0,4.56,5.85,0,60,5.2,8.65,0,102.64,suburban,personalcare,construction,0
45,3,0,0,3.37,0.05,0,61,3.18,7.39,8.64,103.81,urban,fresh,none,32
45,3,0,0,3.07,0,0,71,2.97,0.56,6.19,108.79,suburban,fresh,construction,13
45,3,0,0,5.22,2.33,1,151,5.4,2.64,2.39,100.44,suburban,beverages,none,101
45,3,0,0,8.21,19.49,0,124,7.76,14.39,6.51,106.24,urban,homecare,sports,74
45,3,0,0,3.09,10.91,0,136,3.48,7.09,0,94.83,urban,personalcare,sports,112
45,3,0,0,8.46,1.61,0,77,7.76,11.14,9.72,101.37,suburban,fresh,festival,56
45,3,0,0,6.55,2.57,0,89,5.44,9.81,0,100.2,suburban,homecare,none,14
45,3,0,0,7.59,2.79,0,85,7.65,4.12,1.37,105.41,rural,beverages,festival,85
45,3,0,0,3.51,1.09,0,147,3.35,15.17,0,97.95,urban,beverages,none,63
45,3,0,0,2.51,16.91,0,172,2.16,2.07,5.33,115.01,urban,beverages,none,127
45,3,0,0,5.94,1.71,0,119,6.22,6.02,0,99.69,urban,fresh,construction,89
45,3,0,0,7.25,1.59,1,66,6.28,12.05,8.13,103.76,urban,homecare,none,66
45,3,0,0,1.1,1.01,0,43,1.1,7.27,11.96,102.01,suburban,fresh,construction,9
45,3,0,0,6.72,29.68,0,215,6.81,-0.2,0,102.99,suburban,fresh,sports,205
45,3,0,0,7.54,15.14,0,58,7.37,10.76,1.35,90.34,suburban,homecare,none,53
45,3,0,0,4.44,9.74,0,131,4.97,11.88,5.04,108.47,urban,snacks,none,131
45,3,0,0,3.39,25.54,0,167,3.95,10.99,0,94.68,urban,beverages,none,78
45,3,0,0,2.72,1.74,0,78,2.95,3.06,0,102.26,rural,snacks,none,0
45,3,0,0,1.49,1.67,0,95,1.58,8.99,5,100.82,urban,fresh,festival,91
45,3,0,0,3.91,18.46,0,202,4.36,13.2,2.65,104.31,suburban,fresh,festival,183
45,3,0,0,4.52,19.78,0,195,4.65,3.6,7.97,108.95,rural,beverages,none,144
45,3,0,0,3.74,2.05,0,141,3.73,11.29,10.87,101.47,suburban,beverages,festival,126
45,3,0,0,6.42,1.48,0,80,8.46,3.88,6.99,98.61,urban,snacks,none,69
45,3,0,0,10.39,1.74,0,13,9.94,17.32,0,94.22,urban,homecare,none,13
45,3,0,0,4.51,5.84,1,102,5.21,10.8,5.25,96.44,suburban,fresh,none,63
46,4,0,0,9.4,0,0,19,10.03,9.68,0,102.41,rural,homecare,none,5
46,4,0,0,12.35,11.81,0,30,10.12,13.27,7.03,104.88,suburban,homecare,none,24
46,4,0,0,1.41,1.39,0,129,1.6,6.06,0,104.27,urban,beverages,festival,123
46,4,0,0,1.1,2.57,0,110,1.22,9.59,0,96.59,suburban,snacks,none,65
46,4,0,0,6.41,1.73,1,48,6.08,15.83,0,107.16,suburban,personalcare,none,48
46,4,0,0,2.7,2.75,1,117,2.35,4.97,5.71,107.1,rural,beverages,sports,109
46,4,0,0,8.39,4.43,0,17,10.55,2.8,4.25,99.71,suburban,homecare,none,17
46,4,0,0,4.7,8.9,1,158,6.05,13.7,13.28,89.9,suburban,beverages,construction,73
46,4,0,0,8.77,3.26,0,77,8.53,10.82,5.5,95.24,suburban,homecare,construction,0
46,4,0,0,4.56,5.44,0,88,5.18,8.89,7.63,102.76,urban,beverages,none,88
46,4,0,0,3.34,2.32,0,91,3.37,10.09,0,112.55,suburban,beverages,construction,91
46,4,0,0,3.88,4.09,1,153,4.42,2.8,0.41,100.34,suburban,beverages,sports,88
46,4,0,0,7,3.96,1,4,8.83,7.53,8.9,100.32,rural,personalcare,none,4
46,4,0,0,6.74,17.38,0,164,6.07,7.33,3.96,94.61,suburban,snacks,sports,123
46,4,0,0,5.83,11.24,0,146,7.3,12.73,1.64,102.99,suburban,snacks,sports,105
46,4,0,0,2.15,32.72,0,150,2.34,6.74,6.27,106.13,rural,personalcare,none,59
46,4,0,0,5.61,0.81,1,32,6.58,5.58,0,101.36,suburban,fresh,construction,28
46,4,0,0,3.21,0.51,1,108,2.96,6.54,4.81,109.53,suburban,beverages,construction,73
46,4,0,0,3.79,0,0,97,3.53,16.23,0,106.89,urban,personalcare,festival,77
46,4,0,0,1.5,0.19,0,91,1.45,11.67,9.37,93.64,urban,beverages,construction,91
46,4,0,0,4.14,1.55,0,84,3.93,7.41,0.95,98.55,urban,snacks,none,78
46,4,0,0,8.79,0.95,1,50,7.38,5.61,5.98,94.87,suburban,fresh,none,0
46,4,0,0,4.27,1.27,0,85,4.45,7.98,3.28,101.24,suburban,personalcare,festival,41
46,4,0,0,4.64,2.03,0,4,4.67,12,5.58,103.94,rural,personalcare,construction,4
46,4,0,0,2.73,1.99,1,100,2.89,5.81,7.85,99.32,suburban,snacks,none,55
46,4,0,0,2.7,1.88,0,55,2.37,5.49,0,102.58,suburban,snacks,construction,40
46,4,0,0,10.01,4.07,0,60,11.23,10.09,6.34,91.53,suburban,homecare,none,33
46,4,0,0,5.49,23.76,0,143,5.43,5.13,0,110.83,urban,beverages,construction,143
46,4,0,0,4.42,17.39,0,73,4.83,7.17,0,106.01,rural,personalcare,sports,73
46,4,0,0,6.32,4.15,0,114,6.54,15.25,7.07,105.17,rural,snacks,none,66
46,4,0,0,2.69,12.63,1,128,2.58,8.81,4.15,102.4,urban,snacks,none,97
46,4,0,0,4.39,9.51,0,93,3.76,0.44,7.48,106.48,rural,fresh,festival,76
46,4,0,0,1.46,3.8,1,139,1.81,10.23,0,102.98,urban,fresh,festival,139
46,4,0,0,2.68,2.82,0,115,2.84,7.25,0,112.37,suburban,fresh,none,51
46,4,0,0,3.07,0.03,0,74,3.17,9.29,8.51,103.85,rural,beverages,festival,65
47,5,0,1,8.18,5,0,81,8.36,3.93,7.55,104.16,urban,homecare,none,25
47,5,0,1,5.24,4.13,1,141,5.23,7.93,0.79,99.38,suburban,fresh,none,90
47,5,0,1,4.05,33.48,0,140,3.48,3.21,0,99.91,rural,snacks,none,124
47,5,0,1,8.62,2.04,0,39,9.16,12.06,6.79,107.35,urban,homecare,none,39
47,5,0,1,2.91,3.98,0,98,2.87,11.42,0.64,109.5,rural,personalcare,construction,23
47,5,0,1,3.71,0,0,102,3.6,8.28,0,101.26,urban,fresh,festival,95
47,5,0,1,6.55,0,0,93,7.7,2.63,2.67,101.33,suburban,homecare,none,0
47,5,0,1,4.99,30.8,0,203,5.26,7.65,6.4,93.57,urban,fresh,sports,170
47,5,0,1,6.86,1.69,0,82,8.28,3.97,0,102.96,suburban,homecare,none,25
47,5,0,1,4.16,5.58,0,59,4.53,14.13,3.72,99.76,rural,fresh,none,36
47,5,0,1,5.3,0,1,76,5.34,4.5,2.1,98.99,urban,fresh,none,47
47,5,0,1,4.85,0,0,93,3.96,4.87,7.83,104.51,urban,fresh,sports,4
47,5,0,1,4.24,1.65,0,99,4.29,13.81,0,105.21,suburban,beverages,sports,85
47,5,0,1,4.59,1.13,0,116,4.92,4.01,5.13,104.64,urban,snacks,none,37
47,5,0,1,3.54,2.81,0,94,3.11,16.65,0,106.78,urban,fresh,festival,94
47,5,0,1,9.31,0.44,1,64,8.7,4.72,4.7,105.95,suburban,homecare,none,39
47,5,0,1,3.31,2.54,0,49,3.03,11.62,0,100.43,rural,snacks,sports,17
47,5,0,1,3.84,24.33,0,111,3.93,9.05,1.2,108.29,suburban,personalcare,sports,48
47,5,0,1,4.41,24.65,0,170,5.28,6.82,3.35,100.38,rural,fresh,sports,157
47,5,0,1,2.45,22.99,0,208,2.78,7.75,8.73,102.52,urban,beverages,none,192
47,5,0,1,2.59,6.9,0,123,2.33,16.07,4.49,107.87,urban,fresh,none,119
47,5,0,1,2.97,24.85,1,195,3.33,6.25,0,105.74,urban,beverages,sports,195
47,5,0,1,4.82,30.41,1,198,5.55,1.52,1.55,110.03,suburban,snacks,sports,162
47,5,0,1,3.42,3.54,0,128,3.78,13.24,0,111.55,suburban,beverages,festival,128
47,5,0,1,3.54,4.83,1,123,3.91,7.58,4.8,97.21,urban,fresh,none,91
47,5,0,1,4.14,1.44,1,137,5,12.74,0,109.32,urban,snacks,sports,99
47,5,0,1,5.39,3.73,1,128,5.56,11.07,8.87,102.72,urban,fresh,festival,61
47,5,0,1,4.86,1.83,0,38,4.29,7.33,0,102.97,suburban,personalcare,festival,38
47,5,0,1,3.02,1.41,0,128,3.3,11.75,8.71,100.34,urban,snacks,none,71
47,5,0,1,4.09,1.11,0,102,4.57,9.4,0,98.45,rural,beverages,none,34
47,5,0,1,6.75,0.67,0,82,7.36,11.07,2.51,96.2,urban,snacks,construction,59
47,5,0,1,3.47,2.4,1,89,3.19,7.59,0,95.8,suburban,beverages,none,67
47,5,0,1,7.57,24.52,1,108,8.05,4.65,0,103.46,urban,homecare,construction,96
47,5,0,1,7.21,5.21,0,112,7.96,5.81,5.22,105.58,suburban,beverages,none,66
47,5,0,1,7.79,24.43,0,68,8.48,10.86,4.04,113.31,suburban,homecare,sports,53
48,6,0,1,3.84,21.09,0,113,4.74,2.16,4.47,98.15,suburban,snacks,none,92
48,6,0,1,5.08,2.62,0,70,6.28,8.58,5.88,112.9,suburban,snacks,none,45
48,6,0,1,4.93,4.2,0,82,4.87,3.23,6.04,98.63,rural,snacks,none,28
48,6,0,1,5.73,0,0,60,6.34,6.25,0,106.26,suburban,personalcare,none,47
48,6,0,1,4.64,2.11,0,59,3.83,7.9,1.58,106.59,suburban,snacks,none,48
48,6,0,1,4.01,2.84,0,59,3.66,6.71,0,102.25,suburban,fresh,construction,43
48,6,0,1,2.96,27.56,1,172,3.34,5.95,0,104.56,suburban,snacks,sports,120
48,6,0,1,9.25,0,0,92,9.09,12.24,0,103.4,suburban,homecare,sports,56
48,6,0,1,9.74,2.12,0,35,10.63,5.44,0,98.29,rural,homecare,none,22
48,6,0,1,2.26,1.72,0,100,2.52,15.82,3.35,96.21,suburban,beverages,none,93
48,6,0,1,6.28,1.05,0,96,6.42,9.96,0,102.68,urban,snacks,none,56
48,6,0,1,4.53,1.56,1,134,5.39,3.33,2.82,108.85,urban,snacks,none,119
48,6,0,1,6.52,4.53,1,82,7.25,4.99,8.2,97.76,urban,homecare,none,26
48,6,0,1,8.4,1.51,0,50,11.07,4.63,0,112.08,suburban,homecare,construction,37
48,6,0,1,5.82,1.73,0,80,7.43,7.73,4.46,96.42,suburban,fresh,none,35
48,6,0,1,1.17,2.54,0,156,1.14,13.55,0.14,102.81,urban,beverages,none,114
48,6,0,1,2.81,0.9,1,110,3.07,4.24,6.3,96.46,urban,beverages,none,83
48,6,0,1,5.6,1.82,1,145,6.68,7.26,5.99,105.39,urban,beverages,none,84
48,6,0,1,5.36,2.34,0,89,5.39,15.56,4.17,104.39,suburban,personalcare,construction,22
48,6,0,1,7.08,1.89,1,67,6.73,5.95,2.07,97.34,urban,homecare,none,36
48,6,0,1,5.81,11.05,1,186,6.23,9.12,0.56,109.6,suburban,fresh,none,101
48,6,0,1,3.98,2.41,0,178,4.84,7.83,1.94,113.94,suburban,fresh,festival,123
48,6,0,1,3.74,0.69,0,89,3.36,2.63,9.76,106.41,urban,snacks,construction,52
48,6,0,1,2.5,0,1,125,2.85,7.64,6.14,102.12,suburban,beverages,none,59
48,6,0,1,3.29,1.48,0,92,3.4,5.63,6.56,104.23,suburban,beverages,festival,92
48,6,0,1,3.42,4.76,0,109,3.39,11.65,6.01,109.29,suburban,snacks,festival,97
48,6,0,1,4.71,3.81,1,72,4.48,13.5,0,104.91,suburban,personalcare,none,25
48,6,0,1,1.75,0.2,1,84,2.13,4.06,0,97.75,suburban,beverages,none,56
48,6,0,1,5.04,2.68,0,72,5.23,9.09,0,98.19,urban,beverages,construction,72
48,6,0,1,9.99,1.23,0,97,9.42,7.83,0,102.68,urban,homecare,none,39
48,6,0,1,2.54,2.98,0,23,2.74,9.68,6.76,103.34,rural,fresh,construction,23
48,6,0,1,4.68,1.12,0,116,3.95,7.14,4.03,99.59,urban,beverages,none,36
48,6,0,1,3.44,3.27,0,21,3.76,3.97,3.08,107.17,suburban,personalcare,none,21
48,6,0,1,7.49,25.06,0,162,8.85,16.59,0,106.33,suburban,fresh,none,162
48,6,0,1,5.82,2.09,0,103,6.97,10.84,2.03,97.82,rural,fresh,festival,36
49,0,0,0,5.45,3.21,1,109,6.34,9.22,3.98,107.23,suburban,fresh,construction,35
49,0,0,0,4.47,1.62,0,109,5.1,6.52,0,101.52,suburban,snacks,festival,109
49,0,0,0,1.56,7.09,0,114,1.96,8.18,2.16,99.36,rural,snacks,none,70
49,0,0,0,4.17,21.42,0,226,3.58,13.59,0,101.8,urban,beverages,festival,175
49,0,0,0,5.05,23.92,1,188,5.41,14.37,0,99.06,urban,snacks,construction,144
49,0,0,0,4.67,1.62,0,128,4.31,7.97,5.71,111.26,suburban,beverages,festival,94
49,0,0,0,4.85,0.54,1,112,5.81,8.63,3.11,109.79,suburban,fresh,festival,88
49,0,0,0,8.86,26.33,0,128,8.83,3.91,6.63,100.92,urban,homecare,festival,128
49,0,0,0,3.6,13.98,0,175,3.79,-2.31,1.57,108.34,urban,fresh,construction,137
49,0,0,0,4.05,16.75,1,163,4.21,7.41,0,101.3,urban,beverages,none,103
49,0,0,0,5.76,9.93,0,75,5.43,7,6.16,102.12,urban,personalcare,none,68
49,0,0,0,3.84,1.35,0,72,3.98,10.66,6.31,101.57,suburban,snacks,sports,72
49,0,0,0,8.68,7.01,0,73,8.08,15.58,0,97.65,rural,homecare,sports,49
49,0,0,0,3.53,18.89,0,122,3.06,6.43,0,109.56,urban,beverages,construction,109
49,0,0,0,3.29,4.46,0,125,2.99,12.97,9.62,108.45,rural,beverages,festival,125
49,0,0,0,8.66,31.35,0,109,9.92,2.66,0,97.31,urban,homecare,none,102
49,0,0,0,2.23,0.29,0,24,2.39,6.2,4.51,97.5,suburban,personalcare,construction,24
49,0,0,0,4.17,28.53,0,206,3.87,7.45,0,107.75,suburban,beverages,sports,165
49,0,0,0,4.01,2.76,0,103,3.18,11.92,3.31,105.62,suburban,beverages,none,91
49,0,0,0,5.66,0,0,146,6.87,9.17,2.97,110.94,suburban,beverages,sports,112
49,0,0,0,7.13,27.73,1,137,6.73,9.95,6.69,108.28,urban,homecare,sports,64
49,0,0,0,2.55,2.67,0,47,3.13,10.76,6.41,99.15,rural,personalcare,construction,8
49,0,0,0,3.48,0,1,92,3.25,1.92,4.48,100.23,suburban,beverages,sports,31
49,0,0,0,4,21.9,0,195,4.18,5.94,2.39,103.18,urban,beverages,construction,170
49,0,0,0,4.49,0.59,0,134,4.4,12.69,3.53,107.52,rural,fresh,none,18
49,0,0,0,7.64,20.29,1,113,8.23,2.2,0,96.18,urban,snacks,construction,92
49,0,0,0,6.07,3.71,0,16,5.55,10.64,0,109.27,rural,fresh,none,16
49,0,0,0,1.24,16.12,0,161,1.3,13.69,2.72,94.17,urban,fresh,construction,77
49,0,0,0,1.73,21.47,1,169,1.15,11.8,7.18,104.69,suburban,fresh,construction,161
49,0,0,0,6.29,18.36,1,207,6.27,9.36,9.68,107.61,urban,beverages,none,98
49,0,0,0,8,3.37,1,60,8.17,0.58,5.37,100.53,rural,homecare,none,0
49,0,0,0,4.26,0.29,0,80,4.94,11.4,8.51,100.08,suburban,snacks,festival,80
49,0,0,0,2.33,1.42,0,70,2.89,6.48,0,91.69,rural,fresh,none,27
49,0,0,0,4.4,21.3,0,217,4.56,4.27,3.65,111.25,urban,beverages,none,124
49,0,0,0,5.99,2.06,0,127,5.5,7.4,1.59,114.12,urban,beverages,none,64
50,1,0,0,8.07,29.62,0,85,10.71,4.28,7.27,94.59,suburban,homecare,none,46
50,1,0,0,7.23,1.99,0,62,7.05,9.95,13.6,110.44,urban,fresh,construction,60
50,1,0,0,4.15,2.96,0,65,4.27,11.37,5.19,105.43,suburban,fresh,sports,58
50,1,0,0,7.48,26.83,0,177,7.46,8.66,1.7,104.51,rural,snacks,sports,144
50,1,0,0,2.11,28.83,0,180,2.26,8.94,11.16,101.25,suburban,fresh,none,180
50,1,0,0,3.2,1.57,1,114,3.57,6,1.95,108.44,rural,snacks,construction,27
50,1,0,0,11.9,3.66,1,84,10.99,-0.04,0,105.21,suburban,homecare,festival,77
50,1,0,0,3.92,0.1,0,93,3.88,0.11,0,109.47,suburban,fresh,none,3
50,1,0,0,3.42,14.33,0,129,3.66,4.12,0,99.67,rural,snacks,none,75
50,1,0,0,2.48,15.05,0,184,2.79,7.08,7.36,99.42,urban,beverages,festival,142
50,1,0,0,3.14,20.19,0,187,4.07,9.5,2.13,101.41,urban,snacks,construction,102
50,1,0,0,3.07,2.38,0,61,2.8,7.87,3.85,107.95,suburban,personalcare,none,61
50,1,0,0,1.61,2.77,0,99,1.37,-0.09,1.42,95.08,urban,fresh,sports,42
50,1,0,0,1.82,19.32,0,165,1.9,15.01,4.98,103.64,urban,personalcare,festival,113
50,1,0,0,5.24,3.07,1,150,7.55,9.65,2.18,104.94,urban,fresh,none,99
50,1,0,0,4.85,9.09,1,122,4.1,7.34,0.17,107.53,urban,personalcare,none,54
50,1,0,0,9.77,4.31,0,74,9.34,12.95,1.39,101.17,urban,homecare,none,51
50,1,0,0,6.3,17.41,0,34,6.74,9.78,0,107.66,rural,homecare,sports,30
50,1,0,0,5.51,23.55,0,32,5.51,-1.9,0,93.59,rural,personalcare,construction,32
50,1,0,0,6.63,17.86,0,151,7.52,8.34,0,99.1,urban,snacks,sports,116
50,1,0,0,9.18,2.15,0,14,9.45,7.02,0,97.45,urban,homecare,none,5
50,1,0,0,2.68,0.2,0,102,3.21,7.82,0,107.45,rural,snacks,none,33
50,1,0,0,8.37,3.04,0,105,7.58,7.09,0,103.73,urban,homecare,none,36
50,1,0,0,4.1,27.32,0,164,4.54,0.47,1.86,100.13,suburban,beverages,none,140
50,1,0,0,7.11,0.08,0,146,8.29,14.38,2.43,102.79,suburban,beverages,none,72
50,1,0,0,4.47,0.81,0,85,4.77,13.92,0,98.3,suburban,fresh,none,70
50,1,0,0,2.79,5.39,0,39,2.47,10.27,3.83,93.06,rural,personalcare,sports,39
50,1,0,0,5.26,2.64,1,122,6.01,13.42,6.09,97.01,urban,beverages,construction,73
50,1,0,0,8.77,4.33,0,89,8.77,12.43,2.61,107.92,rural,beverages,sports,37
50,1,0,0,3.48,0.2,0,22,3,10.27,3.18,103.12,rural,snacks,construction,0
50,1,0,0,9.84,2.21,0,48,9,4.71,5.77,96.62,rural,homecare,festival,27
50,1,0,0,4.36,24.03,1,260,3.96,14.74,1.82,96.25,urban,snacks,none,99
50,1,0,0,2.48,4.43,0,117,2.91,9.22,0,98.22,urban,fresh,none,50
50,1,0,0,5.78,1.96,0,54,6.65,11.66,0,106.56,urban,homecare,none,54
50,1,0,0,4.85,0.58,0,89,4.71,11.3,0.76,102.57,suburban,fresh,none,12
51,2,0,0,1.1,0.47,1,81,1.25,9.77,3.49,98.82,urban,snacks,construction,75
51,2,0,0,3.59,1.09,0,91,3.85,2.3,0,98.42,urban,beverages,none,91
51,2,0,0,4.12,2.1,1,137,5.06,14.95,0,97.86,urban,beverages,sports,102
51,2,0,0,2.82,4.07,0,77,2.6,18.21,5.56,110.96,suburban,snacks,none,28
51,2,0,0,3.36,0,0,137,3.31,4.75,4.34,98.4,suburban,snacks,none,41
51,2,0,0,3.96,1.27,1,46,4.61,16.78,6.51,101.99,rural,beverages,none,36
51,2,0,0,1.97,0,0,91,2.05,14.73,4.23,103.94,suburban,beverages,none,76
51,2,0,0,4.16,3.13,0,112,4.56,8.45,0,102.28,urban,beverages,construction,74
51,2,0,0,7.02,2.03,1,81,6.91,14.36,5.32,100.13,suburban,homecare,festival,81
51,2,0,0,4.47,2.43,0,77,4.78,8.49,5.6,103.46,rural,beverages,none,18
51,2,0,0,6.14,3.86,0,48,6.1,13.42,3.72,105.48,suburban,personalcare,none,45
51,2,0,0,3.8,0,0,61,4.12,12.69,2.89,103.35,suburban,beverages,construction,61
51,2,0,0,5.66,23.21,0,203,5.14,-0.42,0,103.37,urban,snacks,festival,145
51,2,0,0,5.17,9.94,0,134,6.03,3.41,0,94.97,urban,beverages,construction,83
51,2,0,0,5.44,2.5,1,89,6.27,13.16,11.38,108.55,rural,personalcare,festival,50
51,2,0,0,4.79,2.38,0,12,3.84,2.01,6.86,106.6,urban,snacks,construction,12
51,2,0,0,6.11,5.09,0,113,6.14,6.95,3.56,103.86,suburban,fresh,construction,94
51,2,0,0,3.91,26.54,0,180,3.56,12.37,4.14,99.28,suburban,fresh,construction,180
51,2,0,0,5.5,4.08,0,139,5.48,11.51,4.27,112.03,rural,beverages,none,125
51,2,0,0,9.09,3.07,0,20,10.72,9.93,2.89,106.31,rural,homecare,construction,18
51,2,0,0,4.96,3.51,1,98,5.28,14.89,2.72,110.19,suburban,beverages,none,98
51,2,0,0,7.98,26.73,0,84,7.1,6.37,4.75,109.43,suburban,homecare,sports,83
51,2,0,0,4.22,2.93,0,35,4.68,14.03,2.89,100.79,rural,snacks,none,35
51,2,0,0,9.71,1.81,0,48,10.24,5.45,2.74,97.83,rural,homecare,construction,16
51,2,0,0,5.54,0.21,0,70,6.48,8.88,0,98.76,rural,beverages,construction,50
51,2,0,0,3.2,1.32,0,133,3.24,8.21,0,103.43,urban,beverages,sports,62
51,2,0,0,2.15,1.06,0,138,2.16,6.2,0,112.09,suburban,beverages,none,79
51,2,0,0,3.64,3.23,1,163,4.03,15.62,0.57,107.75,suburban,snacks,none,124
51,2,0,0,7.65,10.46,0,137,8.78,8.89,1.08,102.41,urban,homecare,none,108
51,2,0,0,4.81,2.24,0,102,4.64,11.86,0,99.27,suburban,snacks,sports,89
51,2,0,0,5.89,28.37,0,115,6.98,5.61,6.87,113.37,suburban,personalcare,none,82
51,2,0,0,7.72,2.16,0,51,8.91,7.12,4,103.08,suburban,homecare,none,26
51,2,0,0,5.86,0.78,0,107,4.53,5.57,5.04,107.28,suburban,fresh,none,32
51,2,0,0,4.29,2.59,1,89,3.59,2.52,8.15,106.1,suburban,snacks,none,23
51,2,0,0,6.67,24.31,1,178,7.69,5.95,6.71,107.58,suburban,beverages,none,178
52,3,0,0,6.22,3.37,0,162,6.16,17.92,10.73,103.23,urban,beverages,none,95
52,3,0,0,3.85,4.17,0,64,3.65,11.7,4.39,103.22,suburban,beverages,none,64
52,3,0,0,8.16,19.58,0,131,8.62,5.82,4.76,110.01,suburban,homecare,sports,95
52,3,0,0,9.89,0,0,4,8.86,10.52,6.9,100.16,urban,homecare,construction,4
52,3,0,0,4.71,24.67,0,184,4.92,5.72,5.94,97.44,urban,beverages,festival,184
52,3,0,0,1.1,2.1,0,109,1.11,16.7,5.16,103.19,suburban,personalcare,festival,38
52,3,0,0,5.88,18.88,0,77,6.06,14.22,1.75,104.15,urban,personalcare,sports,77
52,3,0,0,10.75,5.01,0,103,12.63,11.65,0,99.27,urban,homecare,none,33
52,3,0,0,5.97,27.25,0,123,6.32,4.88,0,99.81,urban,personalcare,none,62
52,3,0,0,1.9,0,0,91,2.04,12.35,4.3,104.46,urban,fresh,none,63
52,3,0,0,3.22,2.71,0,115,3.21,4.89,0,94.75,suburban,fresh,festival,72
52,3,0,0,4.2,3.81,0,99,4.84,12.69,1.93,105.2,suburban,snacks,construction,67
52,3,0,0,6.52,0.75,0,22,7.78,7.27,0,104.2,suburban,personalcare,construction,22
52,3,0,0,4.38,8.95,0,109,5.08,4.39,1.22,103.44,urban,personalcare,festival,102
52,3,0,0,3.2,22.62,1,144,3.47,8.85,2.97,105.98,suburban,personalcare,sports,99
52,3,0,0,2.39,17.65,1,160,2.19,11.36,1.65,106.04,suburban,fresh,none,112
52,3,0,0,9.13,19.72,0,81,9.1,11.99,3.45,114.98,urban,homecare,none,65
52,3,0,0,5.47,4.62,1,96,6.36,5.3,1.64,109.07,urban,snacks,construction,74
52,3,0,0,5.64,23.48,0,123,6.25,5.98,3.4,101.69,suburban,personalcare,none,115
52,3,0,0,2.38,38.23,0,256,2.61,11,0,106.32,suburban,snacks,festival,209
52,3,0,0,8.9,0,0,64,9.45,3.61,0,95.59,rural,fresh,construction,0
52,3,0,0,2.48,0.27,0,57,2.15,9.42,14.19,104.32,suburban,beverages,none,19
52,3,0,0,2.39,0.95,0,79,2.44,6.92,7.04,102.52,urban,fresh,sports,72
52,3,0,0,3.06,23.31,1,167,3.33,8.09,0,100.46,rural,fresh,festival,167
52,3,0,0,8.8,10.87,0,128,7.02,8.55,0,103.24,suburban,beverages,construction,107
52,3,0,0,5.25,2.04,1,11,5.25,9.42,7.18,94.62,urban,personalcare,none,11
52,3,0,0,4.91,23.51,0,173,5.38,4.62,0.73,108.25,urban,fresh,none,173
52,3,0,0,8.72,2.74,0,9,9.23,17.67,0,105.69,rural,homecare,none,0
52,3,0,0,4.71,0.17,0,75,5.7,11.27,2.51,100.41,rural,snacks,none,32
52,3,0,0,3.26,32.33,0,156,3.3,10.35,3.16,106.04,urban,personalcare,sports,62
52,3,0,0,6.78,0,0,62,7.29,12.96,6.39,109.37,suburban,homecare,none,62
52,3,0,0,7.15,0.67,0,138,8.26,6.72,0,107.52,suburban,beverages,none,61
52,3,0,0,5.25,3.13,1,107,4.97,11.39,1.1,106.82,urban,beverages,none,107
52,3,0,0,4.5,1.32,0,84,4.58,10.2,0,108.76,suburban,personalcare,festival,83
52,3,0,0,4.08,2.08,0,72,5.28,12.96,1.67,101.65,rural,snacks,none,72
53,4,1,0,3.85,16.97,0,136,3.85,9.72,1.59,101.73,rural,snacks,none,49
53,4,1,0,3.49,3.39,0,90,3.32,9.01,1.41,99.61,rural,beverages,none,90
53,4,1,0,4.29,0,0,117,4.73,3.94,6.89,109.72,urban,beverages,construction,90
53,4,1,0,5.44,3.8,0,116,5.4,11.74,2.96,101.18,urban,fresh,sports,116
53,4,1,0,6.08,24.65,0,145,6.74,6.83,0,95.02,urban,homecare,none,124
53,4,1,0,6.24,17.69,1,114,6.96,11.45,0,108.22,rural,beverages,construction,114
53,4,1,0,10.14,3.24,0,78,11.2,6.4,0,109.32,suburban,homecare,none,43
53,4,1,0,2.93,1.46,0,142,3.1,7.21,1.31,107.19,urban,fresh,none,82
53,4,1,0,1.67,25.72,1,207,1.53,3.03,3.43,102.88,rural,fresh,construction,160
53,4,1,0,4.49,0,1,126,5.26,15.85,8.78,100.65,urban,beverages,none,121
53,4,1,0,5.13,27.79,0,142,5.02,12.75,9.26,103.11,suburban,snacks,none,142
53,4,1,0,7.2,1.97,0,48,7.91,6.63,3.49,98.69,rural,homecare,none,35
53,4,1,0,3.38,17.04,0,146,4.08,4.98,4.4,99.97,suburban,fresh,construction,94
53,4,1,0,2.52,0.39,0,69,2.73,20.67,8.75,99.07,suburban,beverages,none,69
53,4,1,0,5.14,1.71,1,129,5.91,9.32,2.56,113.83,urban,beverages,none,129
53,4,1,0,3.95,5.74,0,115,3.96,12.7,11.79,97.76,rural,beverages,construction,82
53,4,1,0,5.99,5.89,1,165,6.88,10.78,0,109.63,urban,snacks,none,112
53,4,1,0,6.66,4.27,0,130,6.56,5.2,1.66,103.87,suburban,beverages,none,58
53,4,1,0,3.9,3.91,1,118,4.17,6.35,2,102.64,urban,beverages,none,118
53,4,1,0,4.38,12.51,0,153,4.65,7.75,0,110.48,urban,beverages,none,125
53,4,1,0,2.57,12.19,0,155,3.35,9.83,0,99.27,rural,beverages,none,129
53,4,1,0,4.46,20.95,0,159,4.59,9.65,1.67,98.37,rural,beverages,construction,157
53,4,1,0,3.01,3.84,0,86,3.22,3.28,0.3,109.05,urban,beverages,sports,86
53,4,1,0,4.43,3.35,0,85,3.29,6.31,3.66,97.09,suburban,beverages,construction,81
53,4,1,0,7.38,28.92,0,202,7.04,8.28,7.83,110.32,urban,fresh,none,202
53,4,1,0,8.58,2.86,1,104,7.95,6.58,0,106.5,urban,homecare,festival,71
53,4,1,0,3.55,1.95,0,59,3.37,8.09,5.3,97.11,suburban,fresh,none,59
53,4,1,0,3.74,0.89,0,116,3.94,17.44,6.44,102.18,suburban,beverages,none,83
53,4,1,0,4.4,0.52,0,120,4.98,1.94,0,97.07,rural,snacks,festival,54
53,4,1,0,4.12,1.32,0,75,4.13,4.65,7.23,98.14,rural,fresh,construction,27
53,4,1,0,3.81,3.29,1,111,3.54,6.7,0,103.87,urban,personalcare,construction,74
53,4,1,0,4.43,36.74,1,203,4.74,14.42,1.63,103.73,urban,fresh,none,203
53,4,1,0,7.39,6.87,0,115,7.07,17.33,0.8,108.04,suburban,snacks,construction,99
53,4,1,0,9.58,0,1,65,9.64,7.72,5.44,98.76,suburban,homecare,sports,58
53,4,1,0,6.01,10.38,1,95,6.12,8.44,0,95.58,rural,beverages,sports,95
54,5,0,1,5.49,20.15,0,174,4.89,11.47,9.93,98.64,urban,beverages,none,170
54,5,0,1,9.19,11.42,0,112,11.13,12.27,1.41,98.75,suburban,homecare,none,34
54,5,0,1,4.1,0,0,48,3.99,4.91,0,95.64,suburban,snacks,none,48
54,5,0,1,8.3,4.37,0,110,9.06,4.04,11.23,98.01,suburban,beverages,festival,70
54,5,0,1,9.24,2.31,1,91,8.82,4.52,8.16,100.78,suburban,homecare,festival,62
54,5,0,1,4.74,15.01,0,171,5.88,8.05,5,103.79,urban,fresh,festival,162
54,5,0,1,3.02,3.36,1,82,3.14,10.21,2.66,104.04,suburban,personalcare,none,49
54,5,0,1,3.36,19.09,0,149,3.68,10.05,7.08,108,suburban,fresh,none,149
54,5,0,1,7.69,0,0,32,7.06,9.9,10.39,103.64,suburban,homecare,none,32
54,5,0,1,4.52,2.69,1,42,5.02,9.45,4.12,98.06,rural,snacks,none,42
54,5,0,1,4.74,2.26,0,78,5.25,9.46,8.57,108.01,rural,personalcare,sports,11
54,5,0,1,7.95,4.09,1,87,10.33,14.78,8.12,100.71,rural,homecare,sports,52
54,5,0,1,8.39,17.42,0,70,9.41,8.63,4.91,104.07,rural,homecare,none,54
54,5,0,1,6.05,10.41,1,53,5.28,5.88,0,107.58,suburban,homecare,none,31
54,5,0,1,3.12,2.28,1,47,3.74,6.72,0,104.56,suburban,personalcare,none,47
54,5,0,1,4.14,3.29,0,81,3.88,9.27,0,96.98,suburban,fresh,none,44
54,5,0,1,2.88,1.37,0,51,3.19,13.38,0,105.79,rural,beverages,none,51
54,5,0,1,6.37,3.01,0,18,6.63,7.83,4.66,101.59,suburban,personalcare,none,18
54,5,0,1,2.02,14.78,0,157,1.9,3.66,3.16,100.66,suburban,beverages,festival,119
54,5,0,1,1.91,23.96,0,185,2.07,0.9,2.48,110.01,suburban,beverages,none,170
54,5,0,1,7.28,6.75,0,120,7.33,3.98,2.63,106.18,suburban,homecare,none,41
54,5,0,1,4.04,29.18,0,142,3.72,10.37,1.11,99.01,suburban,personalcare,sports,117
54,5,0,1,3.52,3.91,1,29,3.44,3.61,10.32,95.2,suburban,personalcare,none,19
54,5,0,1,6.32,3.73,0,73,5.58,10.96,0.13,97.07,suburban,beverages,none,73
54,5,0,1,6.31,6.45,0,37,7.28,2.82,0,102.06,rural,homecare,none,20
54,5,0,1,4.4,3.39,0,141,5.19,16.56,0,115.35,urban,fresh,sports,117
54,5,0,1,4.14,4.25,0,34,5.35,6.78,0,103.49,rural,snacks,none,22
54,5,0,1,1.41,3.9,0,120,0.98,11.82,0,94.79,urban,personalcare,sports,48
54,5,0,1,5.4,1.3,0,57,6.07,9.32,4.54,106.35,rural,beverages,sports,57
54,5,0,1,11.52,2.48,0,99,10.59,11.22,10.95,106.42,urban,homecare,none,64
54,5,0,1,3.16,26.03,1,180,3.64,10.59,1.87,100.47,urban,snacks,sports,158
54,5,0,1,8.56,0.88,0,4,7.67,13.81,5.16,105.31,rural,homecare,sports,4
54,5,0,1,7.8,3.02,0,53,6.91,8.94,1.08,100.72,urban,homecare,sports,28
54,5,0,1,4.11,4.25,0,168,3.44,2.07,4.85,99.68,urban,beverages,festival,143
54,5,0,1,5.13,0.02,0,50,5.93,9.05,4.11,95.66,urban,snacks,construction,50
55,6,0,1,2.68,16.7,0,142,2.77,10.16,0.18,95.45,suburban,beverages,none,133
55,6,0,1,6.63,3.14,0,131,6.89,9.91,3.77,105.93,suburban,snacks,none,78
55,6,0,1,3.33,1.2,1,110,3.31,11.36,0,108.04,suburban,snacks,festival,110
55,6,0,1,8.1,15.06,0,117,8.73,2.45,0,93.44,urban,homecare,sports,78
55,6,0,1,5.06,3.62,0,130,4.74,8.21,0,108.69,suburban,beverages,none,65
55,6,0,1,6.01,1.96,1,108,6.5,12.78,2.29,95.57,suburban,fresh,none,36
55,6,0,1,9.57,0.17,1,36,11.18,5.09,3.29,104.25,urban,homecare,none,36
55,6,0,1,4.1,2.59,0,85,4.44,12.24,0,94.36,urban,snacks,construction,43
55,6,0,1,4.09,0.83,1,63,4.06,12.81,0.18,111.41,suburban,beverages,construction,41
55,6,0,1,5.7,0.33,0,109,5.86,6.95,0,103,suburban,beverages,sports,62
55,6,0,1,3.18,31.1,1,260,3.03,4.07,0,105.06,urban,fresh,none,228
55,6,0,1,3.97,3.8,0,53,4.48,5.3,0,100.23,rural,snacks,none,53
55,6,0,1,4,8.39,1,105,3.71,7.1,0,105.94,rural,snacks,sports,102
55,6,0,1,4.76,0,1,65,5.34,13.89,4.23,104.6,rural,beverages,sports,65
55,6,0,1,3.4,2.85,0,69,3.95,7.13,2.88,104.69,suburban,snacks,construction,51
55,6,0,1,6.44,1.33,1,105,6.9,6.92,3,106.75,suburban,homecare,festival,96
55,6,0,1,10.12,23.21,1,113,12.55,8.87,0,119.71,rural,homecare,sports,109
55,6,0,1,3.29,0.81,0,86,3.12,12.81,0,100.3,suburban,snacks,festival,84
55,6,0,1,11.44,14.7,0,32,12.86,6.79,0,95.68,urban,homecare,none,32
55,6,0,1,4.36,2.01,0,110,5.46,8.17,0.57,108.64,rural,fresh,festival,63
55,6,0,1,3.9,32.34,0,185,3.53,3.83,0,106.39,suburban,snacks,none,98
55,6,0,1,8.81,1.89,1,119,9.03,5.46,0,90.11,suburban,homecare,festival,54
55,6,0,1,3.61,14.4,0,143,4.11,8.12,0.62,104.74,suburban,snacks,construction,84
55,6,0,1,3.42,1.7,0,88,3.7,9.16,0.26,99.75,rural,fresh,none,79
55,6,0,1,7.77,5.43,0,80,9.73,9.6,3.06,104.38,suburban,homecare,none,62
55,6,0,1,6.76,0,0,45,5.73,6.55,0,104.3,urban,fresh,construction,45
55,6,0,1,4.83,15.32,0,153,5.14,4.76,9.13,97.6,urban,fresh,none,153
55,6,0,1,3.44,0.45,0,102,3.88,7.03,9.14,105.99,urban,beverages,sports,53
55,6,0,1,8.67,31.7,0,100,8.44,4.93,10.12,99.57,suburban,homecare,festival,94
55,6,0,1,4.38,9.62,0,104,4.76,3.96,3.34,101.5,suburban,beverages,none,102
55,6,0,1,5.93,13.31,0,126,5.71,7.16,9.44,99.36,suburban,snacks,none,52
55,6,0,1,4.74,0.83,0,119,5.06,14.91,9.15,114.9,suburban,beverages,none,105
55,6,0,1,7.69,0,0,54,7.66,3.15,6.39,94.49,rural,homecare,none,19
55,6,0,1,4.32,0.82,0,72,4.68,10.47,0.24,104.5,suburban,beverages,construction,35
55,6,0,1,5.23,22.5,0,112,4.67,17.2,0.68,107.13,suburban,beverages,construction,112
56,0,0,0,5.74,2.97,0,123,5.83,8.98,0,94.27,suburban,snacks,construction,33
56,0,0,0,5.5,0,1,140,6.74,9.54,7.61,108.65,suburban,beverages,none,89
56,0,0,0,7.25,2.31,0,106,5.94,15.6,0,103.75,suburban,beverages,festival,104
56,0,0,0,3.11,3.62,1,60,2.79,9.17,2.69,97.74,rural,fresh,construction,42
56,0,0,0,5.38,3.44,0,63,5.31,11.43,2.61,101.74,rural,fresh,construction,15
56,0,0,0,2.59,2.79,0,112,2.45,16.39,0.81,107.12,urban,beverages,construction,112
56,0,0,0,6.37,1.48,1,81,6.3,12.26,6.89,109.58,urban,snacks,none,81
56,0,0,0,4.63,4.7,0,34,5.14,9,2.3,98.93,rural,snacks,none,34
56,0,0,0,2.11,15.4,0,88,2.98,14.39,4.14,105.13,suburban,beverages,construction,88
56,0,0,0,4.39,1.06,0,114,5.11,17.06,0,100.95,suburban,fresh,none,46
56,0,0,0,4.95,2.52,1,106,4.51,5.45,2.66,95.74,suburban,snacks,none,96
56,0,0,0,4.67,1.81,0,110,4.39,8.45,9.24,112.01,rural,fresh,festival,62
56,0,0,0,8.2,2.57,0,37,6.85,7.72,2.57,107.54,urban,homecare,festival,37
56,0,0,0,9.75,3.87,0,49,9.19,7.05,0,102.33,rural,homecare,festival,23
56,0,0,0,7.43,0,0,119,8.55,15.89,7.58,97.66,suburban,beverages,none,59
56,0,0,0,6.97,4.87,0,28,7.38,14.44,4.94,101.3,rural,fresh,construction,28
56,0,0,0,5.05,1.79,1,125,5.82,4.07,0,100.41,urban,fresh,festival,94
56,0,0,0,3.93,3.31,1,172,3.47,4.85,0,103.96,urban,beverages,sports,166
56,0,0,0,8.61,20.81,0,142,9.92,4.71,1.16,105.82,urban,homecare,festival,56
56,0,0,0,7.27,25.35,0,84,5.98,7.13,5.61,102.98,rural,homecare,none,52
56,0,0,0,3.5,2.04,0,76,3.51,12.09,0,102.94,urban,fresh,none,48
56,0,0,0,2.6,0,0,64,2.23,5.84,4.48,101.32,urban,snacks,sports,64
56,0,0,0,5.36,11.91,0,99,4.22,11.42,4.58,98.61,suburban,snacks,sports,62
56,0,0,0,8.04,1.23,0,150,7.88,10.54,8.48,95.12,urban,homecare,festival,65
56,0,0,0,4.96,2.89,1,136,5.32,8.59,0.44,102.14,urban,beverages,none,106
56,0,0,0,2.16,2.69,0,86,2.05,12.96,8.56,102.28,suburban,snacks,sports,83
56,0,0,0,4.71,1.63,0,140,5.62,7.06,4.3,95.32,suburban,fresh,none,64
56,0,0,0,1.65,0.15,0,31,1.93,12.26,2.36,99.9,suburban,fresh,construction,5
56,0,0,0,6.09,0,0,62,5.97,4.05,0,102.06,urban,snacks,none,61
56,0,0,0,3.68,1.91,1,181,3.81,15.65,0,100.31,suburban,beverages,sports,102
56,0,0,0,2.98,0.95,1,158,3.17,19.31,0.52,107.2,urban,beverages,none,132
56,0,0,0,2.57,26.07,0,204,2.39,13.78,0.89,101.62,urban,beverages,none,161
56,0,0,0,4.1,1.76,0,95,3.72,19.92,0,101.24,rural,personalcare,none,40
56,0,0,0,5.97,0.06,0,98,6.07,10.25,6.78,105.21,urban,snacks,festival,98
56,0,0,0,1.1,0.63,0,29,1.05,9.95,6.13,102.49,suburban,personalcare,none,29
57,1,0,0,4.94,25.05,0,139,4.64,7.41,0,104.72,suburban,snacks,construction,123
57,1,0,0,4.73,3.37,0,156,4.33,14.69,0,100.61,urban,snacks,festival,74
57,1,0,0,1.1,4.94,1,142,1.04,9.46,6.17,103.59,urban,beverages,festival,142
57,1,0,0,4.98,0.14,1,99,5.87,9.42,1.6,102.9,rural,beverages,sports,99
57,1,0,0,5.92,1.64,0,129,5.86,13.7,4.89,98.05,urban,fresh,none,63
57,1,0,0,2.99,22.68,0,160,2.7,8.23,0.54,99.53,urban,beverages,festival,152
57,1,0,0,1.66,3.35,0,123,1.99,3.5,2.45,111.33,suburban,personalcare,none,9
57,1,0,0,1.1,2.77,0,50,1.07,9.94,0,97.69,urban,personalcare,none,50
57,1,0,0,2.88,1.36,0,85,2.54,12.86,0,93.51,rural,snacks,construction,45
57,1,0,0,6.42,2.07,0,70,6.62,3.78,1.76,104.79,urban,fresh,sports,70
57,1,0,0,8.82,0,1,88,11.46,9.29,0,112.29,suburban,homecare,none,81
57,1,0,0,6.1,26.14,0,128,6.52,8.8,1.01,101.46,rural,snacks,construction,95
57,1,0,0,4.96,2.16,1,105,5.17,13.17,0,100.28,suburban,beverages,none,93
57,1,0,0,4.83,2.28,0,137,4.92,9.33,5.17,105.53,urban,beverages,none,105
57,1,0,0,1.29,2.43,1,114,1.34,8.38,1.04,109.35,rural,fresh,construction,43
57,1,0,0,5.89,0,0,98,5.24,7,2.12,108.51,suburban,beverages,sports,47
57,1,0,0,4.65,24.72,0,178,3.97,4.17,0,99,suburban,beverages,none,119
57,1,0,0,5.85,0,0,137,5.5,16.37,8.81,102.93,urban,beverages,festival,110
57,1,0,0,2.15,0.64,1,132,2.06,11.25,0,95.64,suburban,beverages,none,89
57,1,0,0,5.11,9.47,0,135,4.55,10.8,4.85,105.81,urban,beverages,none,115
57,1,0,0,2.05,3.75,1,77,2.06,18.24,0,106.99,suburban,snacks,none,49
57,1,0,0,12.34,2.85,0,62,11.92,8.16,0.87,103.44,urban,homecare,none,18
57,1,0,0,2.46,1.7,1,122,2.02,12.63,3.07,105.17,suburban,snacks,festival,63
57,1,0,0,5.24,0.17,1,89,5.77,14.87,16.77,102.21,urban,beverages,construction,89
57,1,0,0,5.71,0,0,76,5.15,5.57,2.29,105.2,urban,snacks,none,30
57,1,0,0,5.75,2.48,0,99,5.94,5.93,2.92,93.51,rural,snacks,festival,39
57,1,0,0,5.91,4.94,0,95,6.1,7.64,0.49,96.96,urban,snacks,none,95
57,1,0,0,9.05,0.83,1,127,11.06,12.89,2.28,105.26,urban,fresh,none,66
57,1,0,0,5,3.93,0,91,5.32,12.61,2.38,103,rural,fresh,festival,42
57,1,0,0,2.63,3.43,0,79,2.98,10.57,0,100.05,rural,personalcare,none,44
57,1,0,0,3.81,1.49,0,27,3.59,8.67,0,105.01,suburban,snacks,none,27
57,1,0,0,4.05,2.19,1,65,3.59,13.06,11.37,103.4,suburban,personalcare,none,54
57,1,0,0,1.46,2.13,0,72,1.6,14.7,0.06,113.51,rural,personalcare,none,0
57,1,0,0,9.63,1.82,0,63,9.36,2.27,6.5,97.17,suburban,homecare,construction,11
57,1,0,0,4.64,10.2,0,76,6.1,12.74,7.14,92.91,rural,fresh,construction,72
58,2,0,0,5.28,3.28,0,128,5.95,10.53,6.65,107.03,urban,beverages,none,119
58,2,0,0,2.99,26.81,1,205,2.58,16.81,0.35,103.26,rural,fresh,none,153
58,2,0,0,4.75,18.6,0,123,5.03,7.25,7.25,105.74,rural,beverages,none,84
58,2,0,0,5.11,2.88,0,135,5.97,25.87,0,107.74,urban,beverages,none,112
58,2,0,0,4.67,6.77,1,153,4.18,4.93,1.73,103.32,urban,beverages,festival,121
58,2,0,0,6.16,30.09,1,99,6.99,12.15,3.68,98.21,urban,homecare,none,99
58,2,0,0,3.89,2.32,1,94,4.47,10.01,5.48,106.5,rural,snacks,none,43
58,2,0,0,3.65,34.25,0,206,4.12,4.71,6.66,104.39,suburban,beverages,none,185
58,2,0,0,9.22,31.53,0,92,7.63,9.54,0.48,107.24,suburban,homecare,none,35
58,2,0,0,3.89,9.04,0,133,3.99,7.05,6.85,101.85,urban,beverages,festival,115
58,2,0,0,3.57,2.35,0,74,3.21,6.7,4.31,101.37,urban,personalcare,none,39
58,2,0,0,3.62,35.52,0,208,3.5,15.73,0.61,102.12,urban,snacks,none,145
58,2,0,0,6.01,3.37,0,113,6.53,-2.22,5.81,106.18,suburban,personalcare,sports,24
58,2,0,0,4.62,16.96,0,116,5.16,11.48,6.31,102.56,suburban,snacks,construction,59
58,2,0,0,3.27,0,1,112,3.34,7.5,3.65,107.71,urban,personalcare,festival,39
58,2,0,0,1.1,3.65,0,94,1.02,9.37,0,96.94,urban,snacks,construction,66
58,2,0,0,4.9,18.63,1,91,5.69,10.89,9,98.52,suburban,fresh,none,91
58,2,0,0,5.34,23.16,0,52,5.11,15.1,11.44,108.04,suburban,personalcare,construction,52
58,2,0,0,6.99,0.66,0,76,7.21,11.59,7.35,105.91,suburban,homecare,none,25
58,2,0,0,3.55,1.72,0,101,3.3,13.72,0,102.79,urban,snacks,sports,70
58,2,0,0,4.52,2.56,0,189,5.21,12.52,0,103.38,suburban,beverages,festival,138
58,2,0,0,6.85,21.63,1,234,7.34,8.16,0.97,97.11,rural,beverages,festival,167
58,2,0,0,2.51,17.5,0,172,2.35,6.37,0.14,114.38,rural,fresh,none,91
58,2,0,0,4.96,21.71,1,151,5.81,7.05,0,103.85,suburban,fresh,festival,151
58,2,0,0,4.57,1.94,0,62,4.97,6.98,1.07,101.46,rural,snacks,none,39
58,2,0,0,6.55,2.81,1,111,7.99,5.49,2.58,111.9,suburban,homecare,none,54
58,2,0,0,5.39,9.85,1,92,6.2,5.75,8.26,101.02,suburban,snacks,construction,75
58,2,0,0,5.57,1,1,28,5.17,13.38,6.12,99.82,rural,personalcare,none,28
58,2,0,0,2.88,23.5,1,188,3.3,16.24,6.04,103.45,urban,snacks,construction,147
58,2,0,0,3.73,22.9,0,205,4.14,11.74,0,104.82,urban,beverages,none,188
58,2,0,0,3.1,1.46,0,81,3.51,7.51,2.48,100.32,suburban,snacks,none,50
58,2,0,0,7.25,2.92,0,115,7.37,11.73,6.24,97.19,suburban,snacks,none,102
58,2,0,0,4.27,2.72,1,45,4.43,4.62,1.06,98.08,suburban,fresh,none,45
58,2,0,0,5.49,3.4,0,99,6.46,16.64,9.55,98.52,suburban,beverages,none,54
58,2,0,0,3.25,0,0,32,2.9,6.41,0.34,98.23,suburban,snacks,none,32
59,3,0,0,3.68,6.73,0,62,4.06,18.35,5.12,96.78,urban,personalcare,sports,62
59,3,0,0,2.26,3.82,0,67,2.51,14.71,6.35,102.02,rural,fresh,construction,18
59,3,0,0,4.73,0,0,55,4.74,3.5,1.94,99.93,urban,personalcare,none,17
59,3,0,0,3.21,15.28,0,160,3.65,12.43,5.94,97.13,rural,fresh,festival,84
59,3,0,0,4.11,15.2,1,152,3.8,7.64,1.79,106.06,suburban,snacks,none,132
59,3,0,0,2.48,0.98,1,128,2.89,10.98,2.37,105.63,suburban,beverages,sports,78
59,3,0,0,6.74,14.33,0,128,8.03,18.77,8.1,101.88,urban,snacks,construction,69
59,3,0,0,5.88,5.45,0,74,6.68,12.51,5.44,91.53,rural,beverages,construction,74
59,3,0,0,8.4,2.95,0,54,7.92,9.34,3.81,101.64,urban,homecare,construction,0
59,3,0,0,4.34,1.13,1,81,5.02,8.27,0,99.43,suburban,snacks,none,81
59,3,0,0,2.47,1.44,0,101,2.56,10.16,5.26,102.57,suburban,snacks,none,81
59,3,0,0,2.96,0.97,0,42,2.95,14.2,3.1,105.09,urban,personalcare,festival,36
59,3,0,0,9.34,26.6,0,129,9.64,11.1,0.81,105.41,urban,homecare,none,46
59,3,0,0,4.85,3.37,0,85,5.74,12.29,13.52,104.11,rural,snacks,sports,46
59,3,0,0,3.45,0,1,90,3.32,9.72,0,99.63,suburban,snacks,none,63
59,3,0,0,1.81,0.37,0,104,1.93,11.85,0,104.69,suburban,snacks,none,77
59,3,0,0,4.71,0.51,0,163,4.93,6.51,3.06,98.04,suburban,beverages,none,70
59,3,0,0,4.77,3.63,0,68,5.46,7.94,10.34,97.81,rural,snacks,none,35
59,3,0,0,3.16,3.09,1,114,3.63,11.09,0.05,106.27,suburban,fresh,sports,92
59,3,0,0,5.43,0,0,95,5.09,12.58,5.32,110.23,urban,beverages,none,95
59,3,0,0,5.33,38.68,0,260,5.34,0.38,7.18,103.17,urban,fresh,construction,196
59,3,0,0,8.18,2.61,0,13,6.71,17.36,2.69,105.13,suburban,homecare,construction,13
59,3,0,0,3.17,1.97,1,91,3.8,14.39,1.8,104.94,urban,snacks,none,86
59,3,0,0,9.77,4.83,1,55,10.74,12.67,0,100.95,rural,homecare,none,18
59,3,0,0,2.7,0,0,109,2.27,11.26,0.72,106.43,urban,snacks,festival,104
59,3,0,0,3.66,31.61,1,125,3.82,11.2,2.57,97.6,rural,personalcare,festival,125
59,3,0,0,3.69,0.86,0,29,4.72,2.14,1.4,102.61,urban,personalcare,none,29
59,3,0,0,7.89,31.39,0,160,7.57,15.95,7.14,100.47,urban,homecare,none,90
59,3,0,0,3.8,0,0,128,4.31,14.76,0.5,106.92,urban,fresh,festival,63
59,3,0,0,1.1,2.62,0,30,1.08,0.23,1.51,101.17,rural,personalcare,sports,11
59,3,0,0,3.36,0.9,0,62,3.69,5.88,0,106.04,suburban,fresh,none,53
59,3,0,0,6.38,0.36,1,75,6.33,3.7,5.08,110.35,suburban,fresh,none,64
59,3,0,0,3.66,26.51,0,118,3.54,9.88,0,100.89,urban,personalcare,festival,106
59,3,0,0,2.96,4.2,0,105,4.15,8.69,3.51,102.91,urban,beverages,none,94
59,3,0,0,4.27,1.88,0,29,2.96,8.37,3.86,101.13,rural,snacks,construction,29
60,4,0,0,6.15,0.43,0,69,7.65,9.58,5.08,105.22,rural,fresh,festival,23
60,4,0,0,9,2.8,0,96,11.19,6.44,10.62,100.72,suburban,homecare,none,27
60,4,0,0,4.16,0.1,0,7,4.36,5.31,2.12,103.6,rural,fresh,none,7
60,4,0,0,3.41,2.48,0,105,3.52,9.39,0,103.02,urban,snacks,none,71
60,4,0,0,4.18,0.98,1,72,4.69,8.08,0,98.66,rural,snacks,sports,72
60,4,0,0,2.85,0,0,75,2.54,3.93,2.47,110.74,urban,snacks,sports,75
60,4,0,0,7.94,1.22,0,49,8.12,12.82,0,100.83,suburban,homecare,sports,49
60,4,0,0,6.77,20.02,0,122,6.31,11.46,3.85,104.88,suburban,fresh,none,82
60,4,0,0,4.82,4.8,1,105,5.44,9.97,5.71,92.46,suburban,personalcare,construction,50
60,4,0,0,3.32,1.47,1,127,3.07,5.19,0,108.45,suburban,snacks,none,70
60,4,0,0,4.62,2.23,0,92,4.38,5.65,0.27,107.82,urban,fresh,none,42
60,4,0,0,5.18,2.83,0,91,4.15,7.71,5.51,114.95,suburban,beverages,construction,91
60,4,0,0,2.86,22.15,1,192,3,8.17,0.69,103.5,rural,snacks,festival,192
60,4,0,0,2.96,3.51,0,142,3.52,3.29,3.38,102.41,suburban,beverages,sports,99
60,4,0,0,1.28,0.67,0,47,1.29,5.64,1.63,98.44,suburban,snacks,sports,45
60,4,0,0,5.29,19.3,0,185,5.43,11.46,0,102.51,urban,beverages,construction,167
60,4,0,0,6.62,4.46,1,84,6.75,11.18,0,101.02,urban,homecare,sports,62
60,4,0,0,2.67,0,0,100,2.68,8.32,10.16,106.15,suburban,fresh,festival,65
60,4,0,0,2.56,2.99,1,132,2.6,14.5,2.67,94.16,suburban,snacks,sports,51
60,4,0,0,4.54,19.88,0,180,5.4,14.69,7.61,102.37,urban,beverages,sports,180
60,4,0,0,3.4,1.21,0,79,3.8,2.63,3.85,94.76,suburban,fresh,festival,79
60,4,0,0,2.93,2.24,0,63,3.26,4.98,7.71,100.88,suburban,fresh,festival,63
60,4,0,0,3.26,8.43,0,130,3.14,4.96,0.41,103.92,suburban,personalcare,sports,74
60,4,0,0,4.19,19.11,1,190,3.96,9.87,5.79,98.36,suburban,beverages,none,115
60,4,0,0,4.85,1.42,0,87,4.76,6.61,3.44,105.21,suburban,fresh,none,69
60,4,0,0,4.14,2.12,0,68,3.9,10.53,4.26,94.47,suburban,snacks,sports,68
60,4,0,0,4.92,28.59,0,145,5.64,6.27,1.45,93.48,suburban,beverages,none,145
60,4,0,0,3.16,3.52,1,149,3.31,10.7,0,104.2,suburban,beverages,sports,122
60,4,0,0,3.82,1.26,0,69,3.77,8.65,1.91,106.7,suburban,snacks,sports,69
60,4,0,0,11.79,1.73,0,55,11.3,10.38,0,107.78,urban,homecare,none,41
60,4,0,0,3.84,16.01,0,138,3.82,5.53,10.81,104.96,rural,snacks,sports,99
60,4,0,0,4.31,21.22,1,161,3.89,9.41,7.28,103.88,suburban,fresh,construction,93
60,4,0,0,4.37,19.91,0,184,4.72,11.02,0,105.84,urban,beverages,none,129
60,4,0,0,8.74,1.21,0,26,9.53,13.06,2.68,98.07,suburban,homecare,construction,21
60,4,0,0,2.35,2.29,1,106,2.73,11.18,0.07,113.34,rural,beverages,construction,81
61,5,0,1,7.78,1.6,0,62,8.29,-0.78,8.96,99.82,urban,homecare,none,24
61,5,0,1,8.06,0.59,0,30,8.26,11.38,0,101.91,rural,homecare,none,8
61,5,0,1,3.16,4.85,0,111,3.08,17.07,2.84,111.72,suburban,snacks,construction,92
61,5,0,1,4.49,0.34,1,88,4.99,2.82,2.6,104.88,urban,fresh,none,66
61,5,0,1,10.64,1.36,0,102,12.31,11.76,0,100.26,rural,homecare,none,8
61,5,0,1,3.47,17.01,0,140,3.68,15.04,2.76,102.49,urban,snacks,sports,140
61,5,0,1,3.14,30.71,0,177,3.8,2.26,8.09,101.31,urban,beverages,none,168
61,5,0,1,3.54,4.1,0,110,3.61,10.01,2.94,95.69,urban,snacks,festival,88
61,5,0,1,6.34,0,1,109,7.03,15.16,0,101.36,suburban,fresh,construction,81
61,5,0,1,9.31,35.43,1,176,9.94,13.81,0,97.26,suburban,homecare,festival,91
61,5,0,1,6.87,30.19,0,112,6.71,10.23,0,98.24,urban,homecare,none,68
61,5,0,1,6.86,18.1,0,171,6.06,7.77,1,109.47,urban,beverages,none,131
61,5,0,1,5.37,23.91,1,182,5.65,9.77,7.32,99.48,urban,snacks,none,140
61,5,0,1,5.2,1.95,0,66,4.56,6.72,10.61,107.28,rural,fresh,sports,66
61,5,0,1,4.68,16.53,1,190,4.43,11.13,7.38,107.68,urban,beverages,sports,190
61,5,0,1,6.17,2.11,0,165,7.61,12.83,5.46,102.2,urban,beverages,none,88
61,5,0,1,7.79,4.16,1,72,6.63,6.74,0,102,rural,personalcare,none,18
61,5,0,1,3.51,2.17,1,82,3.71,12.45,2.94,101.93,suburban,fresh,none,67
61,5,0,1,6.58,3.42,0,77,5.29,8.34,0,104.75,urban,snacks,festival,77
61,5,0,1,4.1,18.19,0,96,3.8,15.83,0,106.61,suburban,snacks,none,96
61,5,0,1,6.7,3.05,0,101,7.04,1.57,7.1,98.66,suburban,beverages,construction,80
61,5,0,1,4,0,0,150,4.73,12.51,9.59,102.83,urban,beverages,festival,86
61,5,0,1,5.3,19.9,1,118,4.28,14.51,15.68,103.5,urban,snacks,construction,80
61,5,0,1,3.68,31.76,0,197,4.12,16.36,8.96,98.95,rural,beverages,festival,197
61,5,0,1,5.52,0.32,0,120,6.29,8.11,9.51,104.23,urban,beverages,none,99
61,5,0,1,4.17,5.62,0,126,4.41,5.39,0,99.68,suburban,beverages,none,122
61,5,0,1,2.6,2.15,0,78,3.01,8.86,2.33,98.38,rural,snacks,sports,72
61,5,0,1,4.19,0.76,0,28,3.82,14.34,7.13,105.25,urban,personalcare,construction,28
61,5,0,1,2.42,10.28,1,129,2.38,7.38,0,96.3,suburban,beverages,none,114
61,5,0,1,3.05,20.89,0,113,3.12,16.19,4.26,105.75,rural,snacks,sports,97
61,5,0,1,3.78,3.45,0,111,4.45,4.56,8.32,106.64,urban,fresh,none,63
61,5,0,1,5.07,0,0,69,4.93,10.34,3.35,91.36,suburban,snacks,none,0
61,5,0,1,2.64,0,0,123,2.4,9.16,5.33,105.63,suburban,snacks,none,58
61,5,0,1,2.4,0.71,0,64,2.56,7.81,3.74,98.25,suburban,snacks,construction,46
61,5,0,1,4.95,0.95,0,77,3.92,13.18,4.68,99.12,rural,personalcare,none,29
62,6,0,1,5.56,2.91,1,76,6.66,14.27,3.08,103.32,urban,beverages,construction,76
62,6,0,1,3.81,2.13,0,155,4.56,8.96,4.64,103.25,suburban,personalcare,sports,40
62,6,0,1,6.4,9.78,0,44,7.49,9.02,5.88,107.93,suburban,personalcare,none,44
62,6,0,1,7.27,2.29,0,126,7.61,12.16,1.82,106.09,urban,snacks,none,64
62,6,0,1,5.7,1.36,1,88,5.46,8.36,0,96.64,urban,snacks,none,74
62,6,0,1,3.39,34.36,0,231,3.33,13.21,0.79,90.23,urban,fresh,none,231
62,6,0,1,6,1.29,0,68,5.67,16.48,5.71,96.72,suburban,snacks,none,59
62,6,0,1,4.61,3.79,1,98,5.42,8.92,1.56,108.35,suburban,snacks,none,88
62,6,0,1,3.9,0.53,0,49,3.37,10.26,3.24,99.37,rural,fresh,none,43
62,6,0,1,3.82,2.62,0,108,3.59,13.19,0,98.35,urban,fresh,none,75
62,6,0,1,5.98,5.44,0,26,5.43,12.95,1.7,98.56,rural,homecare,construction,5
62,6,0,1,4.19,16.83,1,92,4.39,8.35,2.39,107.19,rural,snacks,none,68
62,6,0,1,2.38,0.97,1,133,2.51,8.32,0,97.57,urban,beverages,none,70
62,6,0,1,3.23,3.01,0,159,3.36,12.9,0,104.05,suburban,beverages,sports,92
62,6,0,1,7.34,2.84,1,109,7.98,10.82,1.91,106.06,suburban,homecare,festival,63
62,6,0,1,3.29,1.78,1,97,2.87,16.68,0.74,104.37,rural,beverages,none,63
62,6,0,1,3.03,2.25,0,110,3.15,9.87,0.61,107.79,suburban,beverages,festival,105
62,6,0,1,5.22,9.81,1,75,5.93,2.97,4.72,103.33,rural,snacks,none,22
62,6,0,1,3.55,21.52,0,110,4.15,7.51,1.81,108.19,rural,snacks,none,110
62,6,0,1,6.59,2.07,0,49,6.52,8.1,3.25,102.36,urban,homecare,none,40
62,6,0,1,7.28,2.12,1,135,6.75,12.73,5.79,101.34,urban,snacks,sports,120
62,6,0,1,2.2,0,0,102,2.48,6.14,3.95,105.72,suburban,fresh,none,82
62,6,0,1,2.08,3.14,0,118,2.67,12.41,2.93,99.58,rural,beverages,festival,92
62,6,0,1,4.62,2.54,0,141,5.14,4.12,6.15,105.02,urban,personalcare,sports,30
62,6,0,1,5.47,5.41,0,85,5.46,13.96,8.86,104.38,rural,fresh,festival,85
62,6,0,1,6.74,23.19,0,173,5.84,8.82,0.75,105.46,urban,beverages,none,162
62,6,0,1,10.73,4.91,0,13,11.48,8.04,8.76,102.31,rural,homecare,none,13
62,6,0,1,2.56,3.12,1,102,2.57,12.45,2.86,109.86,urban,snacks,none,98
62,6,0,1,2.16,1.25,1,39,1.86,15.89,9.31,109.05,rural,fresh,none,17
62,6,0,1,8.27,14.48,1,85,8.65,10.94,9.86,96.8,urban,homecare,none,48
62,6,0,1,8.85,1.83,0,58,9.08,15.31,1.59,102.82,urban,homecare,festival,58
62,6,0,1,3.35,2.21,0,115,3.96,14.25,1.46,101.16,urban,fresh,none,78
62,6,0,1,8.74,2.77,1,108,7.67,8.09,0,104.36,urban,homecare,festival,99
62,6,0,1,6.53,3.5,1,109,7.14,10.88,2.6,101.76,suburban,fresh,none,72
62,6,0,1,1.1,1.51,0,86,0.95,8.65,3.55,90.47,suburban,fresh,none,36
63,0,0,0,10.05,1.2,0,98,10.25,11.23,4.8,106.34,suburban,homecare,festival,23
63,0,0,0,6.34,0,1,34,6.2,12.25,3.68,106.06,rural,personalcare,none,31
63,0,0,0,6.26,1.82,0,66,6.95,9.11,9.51,101.55,suburban,beverages,sports,66
63,0,0,0,3.31,0.78,0,125,3.32,5.25,0,101.9,suburban,snacks,none,48
63,0,0,0,4.02,31,1,198,4.41,9,0,107.67,urban,snacks,sports,177
63,0,0,0,5.33,1.84,0,130,6.1,8.79,6.76,101.76,urban,snacks,none,65
63,0,0,0,8.24,1.71,1,121,7.05,5.75,0.77,97.77,suburban,homecare,festival,93
63,0,0,0,5.64,3.47,0,96,5.95,8.89,5.28,95.21,suburban,fresh,construction,35
63,0,0,0,4.34,0.45,1,59,4.7,10.43,11.65,102.1,rural,snacks,none,48
63,0,0,0,5.29,3.26,1,41,5.91,16.13,5.04,98,urban,snacks,construction,41
63,0,0,0,3.12,9.89,0,54,3.51,16.21,0,103.38,rural,personalcare,none,21
63,0,0,0,7.21,0,0,58,7.44,14.18,0,101.76,rural,homecare,none,0
63,0,0,0,2.7,0.14,0,41,2.79,14.4,4.81,100.21,urban,snacks,none,41
63,0,0,0,6.81,21.53,0,212,6.26,15.64,5.19,100.81,urban,beverages,none,133
63,0,0,0,2.86,3.46,0,98,2.88,8.16,0,95.89,urban,snacks,none,92
63,0,0,0,4.69,19.06,0,130,4.27,4.89,0,95.05,suburban,personalcare,festival,91
63,0,0,0,4.99,17.35,0,114,6.07,12.23,0,99.19,urban,snacks,construction,114
63,0,0,0,3.87,0,1,30,5.29,13.93,7.24,111.59,suburban,personalcare,construction,30
63,0,0,0,4.92,1.9,1,100,4.32,8.42,15.28,99.94,urban,personalcare,sports,69
63,0,0,0,1.95,0,0,73,1.77,10.26,2.12,106.13,rural,beverages,construction,45
63,0,0,0,4.41,1.86,0,120,4.84,10.66,0,107.26,suburban,fresh,none,47
63,0,0,0,4.64,21.73,1,197,4.71,8,0,102.78,suburban,beverages,construction,138
63,0,0,0,4.66,4.03,1,68,4.77,12.73,0,100.02,suburban,homecare,none,68
63,0,0,0,4.5,1.75,1,93,4.36,18.5,7.9,98.79,urban,fresh,none,69
63,0,0,0,1.1,0,0,128,1.14,9.31,0,102.35,urban,beverages,construction,52
63,0,0,0,4.04,29.18,0,195,4.62,11.48,3.03,108.92,rural,beverages,construction,169
63,0,0,0,5.29,21.56,0,164,5.57,10.98,3.95,102.03,suburban,beverages,none,164
63,0,0,0,4.04,22.75,0,184,4.03,14.92,0,100.14,urban,snacks,festival,130
63,0,0,0,5.31,0.35,1,76,4.86,8.35,14.66,99.91,suburban,beverages,none,76
63,0,0,0,6.94,0,0,61,7.66,15.29,5.62,105.42,urban,homecare,none,59
63,0,0,0,3.02,2.58,0,46,3.18,8.51,10.57,98.68,rural,beverages,none,26
63,0,0,0,5.14,2.54,0,104,5.87,3.18,4.91,104.09,suburban,fresh,sports,87
63,0,0,0,5.57,24.86,0,260,4.6,18.27,6.71,98.86,suburban,beverages,none,206
63,0,0,0,3.16,3.02,0,66,3.21,22.45,0,95.35,rural,fresh,none,33
63,0,0,0,3.3,0,1,112,4.29,16.4,1.82,98.21,urban,beverages,construction,36
64,1,0,0,5.57,2.6,0,72,6.02,11.38,6.47,104.9,urban,snacks,none,72
64,1,0,0,4.29,3.78,0,40,4.2,9,11.05,103.24,urban,fresh,none,40
64,1,0,0,3.29,4.77,0,119,3.62,3.66,9.81,102.4,urban,fresh,sports,106
64,1,0,0,1.89,3.67,0,144,1.86,5.16,13.9,103.89,suburban,snacks,festival,113
64,1,0,0,3.23,3.82,0,56,2.95,11.33,5.42,103.61,rural,snacks,none,27
64,1,0,0,5.17,2.96,0,72,5.7,4.14,2.68,112.56,urban,fresh,construction,59
64,1,0,0,9.01,1.87,1,4,9.06,13.02,0.82,102.29,suburban,homecare,none,4
64,1,0,0,2.99,0.82,1,48,2.69,14.11,1.81,108.64,suburban,fresh,none,48
64,1,0,0,2.86,1.71,1,115,3.48,12.83,4.41,103.25,rural,beverages,none,88
64,1,0,0,4.58,2.89,1,130,3.76,10.75,0.24,100.3,suburban,beverages,none,117
64,1,0,0,3.17,0.71,1,89,3.16,14.33,1.57,104.64,urban,personalcare,festival,76
64,1,0,0,10.37,3.4,0,49,9.21,16.3,10.91,103.85,suburban,homecare,none,17
64,1,0,0,7.91,2.95,0,38,6.77,12.99,2.65,104.03,suburban,homecare,sports,38
64,1,0,0,7.31,8.84,0,81,8.18,14.53,0.05,104.82,suburban,homecare,none,81
64,1,0,0,4.52,0,0,79,4.27,11.6,1.89,104.22,rural,snacks,construction,26
64,1,0,0,4.57,3.56,0,106,4.82,11.55,0,106.48,urban,fresh,sports,58
64,1,0,0,3.54,27.24,0,235,4.11,8.88,0,99.73,urban,fresh,construction,78
64,1,0,0,4.39,0.1,0,115,4.69,11.6,0,101.09,suburban,fresh,festival,59
64,1,0,0,4.74,1.17,1,174,4.89,7.21,4.38,110.16,suburban,beverages,festival,75
64,1,0,0,6.46,21.87,0,180,7.07,13.88,6.01,110.65,suburban,snacks,festival,128
64,1,0,0,4.44,0.15,1,87,4.32,10.4,2.64,103.48,rural,snacks,none,76
64,1,0,0,9.3,0,0,81,10.59,8.26,1.5,98.02,urban,homecare,none,54
64,1,0,0,4.55,17.28,0,129,5.08,8.24,11.24,108.42,suburban,fresh,none,62
64,1,0,0,8.13,0.24,0,67,7.64,14.4,0,97.89,urban,homecare,none,28
64,1,0,0,7.2,2.25,1,74,7.84,8.2,0,105.2,urban,homecare,none,72
64,1,0,0,10.25,1.52,1,80,11.11,4.51,3.51,104.08,urban,homecare,sports,80
64,1,0,0,4.08,26.38,0,166,4.82,13.49,6.69,104.21,urban,fresh,none,158
64,1,0,0,3.81,1.49,0,84,4.06,10.33,2.14,96.65,suburban,personalcare,festival,54
64,1,0,0,2.49,0.74,0,42,3.12,12.74,0,100.5,suburban,fresh,construction,42
64,1,0,0,4.12,1.6,1,101,4.05,7.59,1.7,108.47,urban,personalcare,festival,80
64,1,0,0,4.71,3.11,0,159,4.29,13.6,6.93,102.97,rural,beverages,festival,94
64,1,0,0,5.28,18.73,0,119,6.14,8.36,0.24,101.04,rural,snacks,none,79
64,1,0,0,1.9,32.93,1,197,1.84,15.48,0,98.68,suburban,snacks,construction,113
64,1,0,0,2.07,0,1,95,2.76,5.4,0,101.4,suburban,beverages,construction,79
64,1,0,0,3.44,4.94,0,77,3.6,9.09,7.37,100.67,suburban,personalcare,sports,32
65,2,0,0,2.81,5.25,0,118,2.32,12.7,0,96.04,suburban,snacks,none,72
65,2,0,0,5.55,1.38,0,106,5.09,20.18,7.61,102.35,urban,snacks,festival,72
65,2,0,0,3.23,1.21,1,115,3.45,10.59,0,107.3,suburban,snacks,festival,112
65,2,0,0,3.92,3.2,0,128,4.44,8.38,5.38,101.13,suburban,snacks,festival,75
65,2,0,0,5.12,1.84,0,103,5.89,17.65,3.29,106.99,rural,beverages,sports,73
65,2,0,0,3.63,1.5,0,114,3.96,8,4.83,90.35,suburban,beverages,sports,98
65,2,0,0,6.18,1.69,0,109,6.07,5.6,5.79,101.7,urban,fresh,none,79
65,2,0,0,3.21,1.07,1,101,3.1,1.15,0,101.81,urban,beverages,construction,80
65,2,0,0,5.62,24.58,1,191,5.92,6.85,0,106.85,urban,fresh,festival,184
65,2,0,0,2.77,19.77,1,197,3.36,12.54,1.81,105.43,urban,beverages,festival,197
65,2,0,0,4.07,19.26,0,108,3.96,11.59,3.04,100.76,suburban,fresh,construction,108
65,2,0,0,2.36,31.47,0,187,1.92,11.58,0,99.5,suburban,beverages,festival,187
65,2,0,0,2.21,0.27,0,49,2.52,8.85,1.14,103.46,suburban,personalcare,none,39
65,2,0,0,3.59,0,0,97,4.17,14.16,0,99.91,suburban,beverages,construction,24
65,2,0,0,8.64,20.76,0,39,9.11,10.7,8.21,98.6,rural,homecare,none,28
65,2,0,0,3.27,2.5,0,114,3.87,14.32,0,104.88,rural,beverages,none,69
65,2,0,0,5.09,1.58,1,87,4.99,6.19,3.85,91.58,urban,snacks,none,87
65,2,0,0,6.94,3.88,0,84,7.49,9.64,12.08,93.93,suburban,homecare,none,66
65,2,0,0,5.16,3.43,0,139,5.44,5.82,4.81,100.08,suburban,beverages,none,59
65,2,0,0,1.1,4.88,0,55,0.94,13.26,0.93,108.04,suburban,personalcare,none,55
65,2,0,0,1.1,26.59,0,204,1.09,15.6,4.6,97.32,urban,fresh,sports,202
65,2,0,0,1.59,11.14,1,74,1.53,11.35,0,108.49,rural,snacks,construction,74
65,2,0,0,5.75,18.67,1,188,5.71,4.22,0,101.42,urban,fresh,none,106
65,2,0,0,8.88,2.8,0,58,8.98,8.22,0,103.82,urban,homecare,none,28
65,2,0,0,1.1,0,1,131,1.08,0.61,0,97.84,suburban,beverages,none,89
65,2,0,0,3.14,4.85,0,29,3.16,12.68,5.94,105.31,rural,personalcare,construction,29
65,2,0,0,2.2,1.98,1,132,2.27,13.79,3.39,100.9,suburban,fresh,festival,95
65,2,0,0,4.34,4.19,0,119,3.74,11.79,2.86,112.84,suburban,fresh,none,7
65,2,0,0,3.41,2.02,0,124,4.37,14.49,0,100.24,urban,personalcare,none,78
65,2,0,0,3.96,29.76,0,260,4.38,12.96,4.7,106.94,suburban,fresh,none,130
65,2,0,0,8.53,17.8,0,113,11.46,20.17,0,107.47,suburban,homecare,none,91
65,2,0,0,3.54,4.06,0,133,4.06,7.38,6.98,104.23,suburban,beverages,none,95
65,2,0,0,5.56,1.83,0,81,6.09,9.7,0,88.66,urban,beverages,none,74
65,2,0,0,3.13,15.12,0,148,3.5,13.91,3.68,111.01,rural,beverages,none,148
65,2,0,0,2.87,2.47,1,133,3.59,15.59,0,96.27,suburban,beverages,none,115
66,3,0,0,2.83,0.99,0,71,3.06,8.55,8.91,104.45,suburban,snacks,none,71
66,3,0,0,3.76,1.81,0,125,3.7,16.82,7,106.76,suburban,beverages,none,69
66,3,0,0,5.82,1.7,0,97,5.5,14.93,3.47,102.67,urban,beverages,none,90
66,3,0,0,5.94,2.24,0,84,5.89,8.02,0,103.31,suburban,snacks,sports,74
66,3,0,0,2.53,1.11,0,4,2.33,11.05,5.92,106.15,suburban,personalcare,none,4
66,3,0,0,3.94,1.35,1,69,4.25,9.05,0,98.25,suburban,personalcare,none,35
66,3,0,0,10.18,1.52,0,66,10.66,11.08,0,93,rural,homecare,festival,5
66,3,0,0,4.89,11.74,0,160,6.14,12.89,0,99.51,suburban,fresh,none,115
66,3,0,0,3.23,25.22,0,228,3.58,10.44,6.64,106.36,urban,beverages,sports,216
66,3,0,0,4.96,2.8,0,128,4.55,17.58,0.45,104.26,urban,beverages,sports,128
66,3,0,0,12.94,23.29,0,89,14.55,18.97,4.84,107.81,urban,homecare,none,89
66,3,0,0,1.23,9.31,0,100,1.26,10.26,0,108.6,urban,snacks,none,98
66,3,0,0,3.97,2.35,1,80,3.36,4.64,0,106.51,suburban,personalcare,sports,61
66,3,0,0,5.1,2.81,0,97,5.54,7.63,4.38,102.25,rural,personalcare,festival,83
66,3,0,0,4.68,0,1,83,4.41,7.13,2.34,104.71,urban,snacks,none,83
66,3,0,0,5.41,4.47,0,85,4.94,7.43,0,104.1,rural,beverages,none,76
66,3,0,0,5.94,12.53,0,188,6.55,9.85,5.31,97.11,suburban,beverages,none,94
66,3,0,0,4.12,20.63,0,169,4.15,8.49,6.66,104.28,urban,beverages,none,158
66,3,0,0,6.56,3.41,0,83,5.65,7.29,0.11,102.95,suburban,snacks,construction,63
66,3,0,0,6.92,3.23,0,90,6.91,8.97,0.8,107.7,urban,homecare,none,53
66,3,0,0,3.42,2.76,0,52,3.67,7.51,0,104.01,rural,beverages,none,52
66,3,0,0,8.19,17.44,0,116,10.06,13.02,7.24,104.8,suburban,homecare,sports,97
66,3,0,0,4.59,4.36,1,82,4.79,11.51,3.13,100.69,rural,snacks,construction,52
66,3,0,0,3.63,22.92,1,170,4.03,6.87,1.73,106.31,suburban,snacks,none,131
66,3,0,0,4.36,1.74,0,43,3.87,11.29,3.28,100.98,rural,fresh,none,38
66,3,0,0,2.71,1.15,1,56,2.86,7,4.4,98.18,rural,snacks,sports,44
66,3,0,0,7.02,1.54,1,109,8.12,8.24,6.8,100.12,urban,beverages,none,106
66,3,0,0,3.6,12.29,0,131,2.76,8.78,2,107.83,suburban,beverages,none,125
66,3,0,0,4.53,0.01,0,8,4.21,10.01,1.47,105.74,rural,personalcare,construction,0
66,3,0,0,4.44,31.29,0,182,4.66,18.07,8.89,101.75,urban,beverages,none,182
66,3,0,0,5.53,0.82,0,114,5.86,5.81,5.04,103.49,urban,beverages,none,56
66,3,0,0,5.3,5.46,0,66,5,11.41,0,101.1,rural,fresh,construction,66
66,3,0,0,7.65,2.88,0,73,9.62,11.73,5.98,107.03,suburban,homecare,construction,67
66,3,0,0,4.17,4.27,0,80,4.84,12.05,8.42,99.9,rural,snacks,none,29
66,3,0,0,7.62,24.69,0,76,7.31,9.38,0.56,108.52,suburban,homecare,festival,74
67,4,0,0,2.61,1.05,0,72,2.8,9.61,1.34,106.94,urban,personalcare,construction,17
67,4,0,0,6.21,2.66,0,80,7.09,8.19,4.24,98.26,urban,homecare,none,50
67,4,0,0,9.12,0,0,69,7.96,14.94,0.5,96.4,urban,homecare,festival,45
67,4,0,0,1.1,4.28,0,87,1.01,13.29,1.9,100.28,urban,snacks,sports,87
67,4,0,0,3.73,11.08,0,160,4.31,15.97,0,103.29,suburban,snacks,festival,99
67,4,0,0,8.26,2.63,0,98,8.23,15.18,0,101.57,urban,beverages,festival,98
67,4,0,0,5.45,18.09,0,139,5.97,12.52,10.34,103.57,rural,beverages,none,139
67,4,0,0,4.94,2.63,0,47,4.27,9.92,0.96,106.06,suburban,snacks,none,47
67,4,0,0,1.92,8.35,1,145,1.96,14.36,6.46,97.65,rural,personalcare,none,44
67,4,0,0,2.71,20.38,0,115,3.03,14.88,0,100.72,rural,beverages,construction,115
67,4,0,0,3.25,2.44,0,156,3.21,23.3,0,95.28,rural,beverages,festival,89
67,4,0,0,4.33,27.06,0,238,4.03,16.03,0,104.6,rural,fresh,festival,209
67,4,0,0,8.35,1.76,0,100,8.5,3.1,6.05,99.77,urban,homecare,construction,11
67,4,0,0,2.93,0.84,0,87,3.76,14.43,6.05,108.87,rural,snacks,festival,69
67,4,0,0,6.05,0.66,0,133,6.2,19.15,0,107.59,urban,beverages,construction,109
67,4,0,0,5.56,3.18,1,108,7.98,10.15,0,108.5,suburban,personalcare,none,89
67,4,0,0,6.02,28.97,0,172,5.27,12.76,4.88,101.06,suburban,fresh,sports,165
67,4,0,0,3.13,1.62,1,114,3.88,16.85,0,108.61,rural,beverages,sports,114
67,4,0,0,2.81,1.55,0,68,2.92,9.53,7.53,109.08,rural,snacks,festival,59
67,4,0,0,4.46,19.13,0,99,5.15,12.42,0,103.61,suburban,snacks,sports,99
67,4,0,0,4.79,31.41,0,178,4.69,11.71,0.72,96.62,rural,fresh,construction,178
67,4,0,0,4.91,0.46,0,87,5.18,7.85,0,97.81,suburban,snacks,none,51
67,4,0,0,3.37,2.37,1,85,3.04,12.56,3.98,97.91,suburban,personalcare,none,69
67,4,0,0,1.78,1.79,0,36,1.79,9.27,0,110.08,rural,snacks,construction,36
67,4,0,0,4.98,22.71,0,119,5.21,7.88,2.63,105.45,urban,fresh,none,119
67,4,0,0,6.18,1.45,1,127,7.63,4.07,2.19,96.96,urban,personalcare,sports,74
67,4,0,0,5.02,0.32,0,69,5.29,8.65,7.17,106.98,rural,beverages,festival,69
67,4,0,0,7.77,0,0,42,8.37,14.57,4.19,104.63,urban,fresh,construction,42
67,4,0,0,4.77,3.54,0,38,4.58,10.53,0,96.11,rural,personalcare,construction,10
67,4,0,0,7.92,1.5,0,67,7.68,13.03,0,104.41,urban,beverages,construction,67
67,4,0,0,6.64,1.75,0,83,6.43,11.73,12.66,113.42,urban,fresh,none,69
67,4,0,0,4.97,0.98,0,83,4.64,6.87,3.82,110.06,urban,personalcare,festival,59
67,4,0,0,3.28,3.09,1,96,3.67,18.86,4.43,99.75,urban,personalcare,none,71
67,4,0,0,4.05,2.88,0,99,4.23,6.09,0.56,105.04,urban,fresh,none,85
67,4,0,0,4.25,34.07,0,222,4.31,16.46,5.37,110.06,rural,fresh,festival,205
68,5,0,1,5.29,0.69,0,79,6,4.53,2.76,100.86,suburban,personalcare,none,36
68,5,0,1,7.8,1.97,1,28,9.04,10.79,0.57,109.26,rural,homecare,construction,11
68,5,0,1,3.23,2.7,1,150,2.95,9.22,0.44,104.85,urban,beverages,festival,145
68,5,0,1,5.3,2.04,1,137,6.72,13.33,0,107.55,suburban,beverages,sports,114
68,5,0,1,3.11,29.04,0,151,3.34,13.83,3.13,96.92,urban,snacks,none,151
68,5,0,1,4.87,28.12,0,216,5.13,15.2,5.66,108.96,suburban,fresh,construction,125
68,5,0,1,2.4,9.58,0,160,2.18,9.32,0,103.14,urban,fresh,none,112
68,5,0,1,5.65,1.26,0,177,6.03,13.03,1.6,103.16,urban,beverages,festival,125
68,5,0,1,7.45,0.37,0,61,9.26,13.64,0,101.22,rural,snacks,none,32
68,5,0,1,5.98,3.18,0,122,5.48,10.23,0,100.9,urban,beverages,none,115
68,5,0,1,5.78,28.13,1,260,5.69,15.45,5.16,99.94,urban,fresh,none,196
68,5,0,1,5.97,0.65,0,45,6.06,11.83,4.54,104.17,suburban,fresh,construction,0
68,5,0,1,1.1,4.05,0,56,1.15,1.53,4.12,95.72,rural,personalcare,construction,17
68,5,0,1,3.45,15.61,0,120,2.98,16.86,2.62,97.97,suburban,snacks,none,107
68,5,0,1,4.76,23.78,0,136,3.66,13.04,0,103.91,suburban,snacks,sports,110
68,5,0,1,1.1,0.49,0,102,1.08,12.57,8.68,99.73,urban,beverages,sports,99
68,5,0,1,4.39,3.49,0,124,4.49,6.48,5.42,99.23,urban,snacks,sports,72
68,5,0,1,3.56,0,0,62,3.78,10.26,14.27,104.09,urban,snacks,none,62
68,5,0,1,5.11,2.13,0,123,4.96,18.67,5.4,108.05,suburban,beverages,sports,84
68,5,0,1,3.85,0.43,0,25,3.36,3.56,8.63,99.31,rural,beverages,festival,25
68,5,0,1,4.85,31.43,0,252,5.17,12.22,0,106.16,urban,fresh,festival,228
68,5,0,1,6.56,11.89,0,117,5.71,10.29,5.86,105.24,suburban,fresh,none,117
68,5,0,1,1.93,1.93,0,186,1.97,13,2.66,106.76,suburban,beverages,none,91
68,5,0,1,10.08,1.79,0,46,10.89,14.49,0,94.65,urban,homecare,construction,23
68,5,0,1,1.1,1.01,0,79,1.22,9.44,0,102.52,suburban,personalcare,festival,35
68,5,0,1,3.89,10.71,1,216,3.87,12.9,3.7,105.34,suburban,beverages,festival,143
68,5,0,1,4.67,1.64,0,133,4.8,5.98,5.32,110.61,urban,personalcare,none,54
68,5,0,1,7.83,2.28,1,52,7.18,9.6,7.38,103.3,suburban,homecare,construction,40
68,5,0,1,3.18,3.01,1,99,3.51,12.3,0,97.61,suburban,snacks,sports,90
68,5,0,1,2.02,0,0,83,1.92,11.31,0,101.89,suburban,beverages,none,32
68,5,0,1,4.78,2.89,1,147,4.77,10.76,1.07,100.87,urban,fresh,sports,115
68,5,0,1,4.67,23.58,1,210,3.47,11.67,0,106.98,suburban,beverages,none,177
68,5,0,1,4.64,1.36,0,118,5.17,15.41,1.74,100.66,urban,snacks,none,118
68,5,0,1,5.8,1.91,0,115,5.81,9.08,0,112.03,suburban,snacks,none,58
68,5,0,1,4.34,26.22,0,260,4.16,14.09,4.75,104.07,suburban,beverages,festival,214
69,6,0,1,3.71,1.82,0,120,3.88,11.26,3.86,104.5,suburban,beverages,none,46
69,6,0,1,4.46,32.87,0,203,4.22,11.6,0,113.47,urban,snacks,sports,203
69,6,0,1,5.17,2.34,0,43,5.23,16.49,3.03,96.92,rural,personalcare,none,23
69,6,0,1,4.19,17.81,0,143,4.77,13.87,13.37,104.03,rural,beverages,none,95
69,6,0,1,5.2,24.74,0,153,4.47,18.15,0,106.73,rural,beverages,construction,103
69,6,0,1,4.23,0.6,0,4,4.33,21.85,4.48,101.41,suburban,fresh,none,4
69,6,0,1,10.92,0.36,0,67,10.54,4.83,1.23,99.04,suburban,homecare,none,54
69,6,0,1,3.94,3.44,0,59,4.13,15.34,8.58,105.37,suburban,snacks,none,59
69,6,0,1,5.7,3.58,0,86,5.02,15.58,2.84,105.89,suburban,fresh,sports,86
69,6,0,1,4.52,22.9,0,158,4.99,12.29,0,106.77,rural,beverages,none,145
69,6,0,1,1.1,2.17,0,142,0.8,9.88,7.6,97.54,urban,beverages,festival,142
69,6,0,1,4.85,4.73,0,81,4.5,14.34,9.14,106.64,suburban,snacks,none,40
69,6,0,1,5.71,2.18,0,59,6.02,12.51,1.42,100.72,suburban,fresh,none,50
69,6,0,1,3.64,2.27,0,117,4.28,15.12,0.76,104.67,urban,beverages,festival,117
69,6,0,1,5.65,0.43,1,22,5.7,7.32,10.3,101.64,urban,snacks,construction,22
69,6,0,1,3.3,0.58,0,58,3.2,11.96,0,101.17,urban,personalcare,construction,41
69,6,0,1,4.88,4.73,0,140,5.04,8.57,1.33,105.09,urban,beverages,none,86
69,6,0,1,3.27,22.38,0,198,3.43,9.68,0.81,111.23,rural,beverages,none,129
69,6,0,1,2.98,0.07,0,56,2.88,6.5,0,104.49,urban,snacks,none,56
69,6,0,1,1.85,12.6,0,156,2.05,8.2,3.44,111.28,rural,beverages,festival,136
69,6,0,1,5.25,1.63,1,120,5.78,11.11,0.4,92.77,suburban,fresh,none,83
69,6,0,1,5.14,14.79,1,176,6.19,16.09,2.39,93.87,suburban,fresh,sports,75
69,6,0,1,1.1,5.56,0,107,1.08,7.71,7.43,104.63,rural,beverages,festival,64
69,6,0,1,4.16,19.92,1,163,3.46,17.82,3.52,101.87,suburban,beverages,none,138
69,6,0,1,10.66,2.87,0,36,7.59,18.87,1.9,104.4,urban,homecare,none,20
69,6,0,1,5.91,0,0,72,6.03,11.9,0,99.94,urban,snacks,construction,57
69,6,0,1,2.97,1.82,0,113,3.53,10.48,5.08,102.42,urban,snacks,none,101
69,6,0,1,2.39,3.34,0,38,3.19,9.65,8.43,99.67,suburban,personalcare,sports,38
69,6,0,1,5.17,15.18,0,126,5.94,8.33,0,105.02,urban,snacks,none,126
69,6,0,1,4.43,24.61,0,248,6.04,15.06,6.19,103.29,urban,beverages,none,226
69,6,0,1,3.95,1.77,0,128,4.36,9.3,14.31,100.26,suburban,snacks,none,52
69,6,0,1,4.07,0,0,98,4.46,6.21,8.01,107.41,urban,fresh,none,75
69,6,0,1,5.92,30.78,0,221,6.33,11.13,0,109.71,suburban,fresh,festival,176
69,6,0,1,3.86,0.38,0,74,4.14,11.97,7.12,103.13,suburban,snacks,none,53
69,6,0,1,2.49,0,1,164,2.6,12.88,4.72,103.57,urban,beverages,none,76
70,0,0,0,8.49,2.53,0,50,8.01,7.71,6.68,103.32,urban,homecare,none,50
70,0,0,0,1.99,11.5,0,83,2.6,11.01,4.97,103.58,suburban,snacks,none,83
70,0,0,0,3.54,0.59,0,85,4.26,14.36,5.32,100.61,suburban,fresh,sports,47
70,0,0,0,6.79,10.42,0,66,6.73,5.22,0,110.77,rural,personalcare,none,20
70,0,0,0,9.03,5.9,0,120,8.76,7,0,99.71,urban,homecare,none,0
70,0,0,0,4.1,20.17,0,124,4.22,15.93,2.74,96.21,urban,fresh,none,92
70,0,0,0,4.67,17.57,0,91,4.8,14.02,2.67,99.42,rural,snacks,construction,53
70,0,0,0,3.52,3.74,0,122,3.85,10.83,9.23,104.53,suburban,fresh,none,70
70,0,0,0,3.88,0.91,0,129,5.19,12.83,0,94.11,urban,beverages,festival,129
70,0,0,0,3.05,0.85,1,56,2.41,7.1,1.48,100.02,rural,snacks,none,56
70,0,0,0,1.1,0,0,131,1.26,10.7,0,96.31,suburban,snacks,sports,59
70,0,0,0,3.25,1.81,0,56,3.23,14,2.68,102.15,suburban,snacks,construction,55
70,0,0,0,2.74,25.6,0,171,3.24,13.35,3.65,99.6,urban,snacks,construction,171
70,0,0,0,5.15,27.06,0,186,5.67,12.53,5.3,99.51,urban,snacks,festival,173
70,0,0,0,11.02,1.35,0,81,12.07,4.51,6.75,94.57,urban,homecare,none,6
70,0,0,0,7.57,0.81,0,74,6.91,9.35,6.03,99.17,urban,homecare,construction,42
70,0,0,0,2.85,0,0,4,2.81,17.46,0,98.21,rural,personalcare,sports,4
70,0,0,0,3.85,0.54,1,115,4.51,4.31,10.65,105.62,urban,personalcare,festival,87
70,0,0,0,5.48,3.03,0,111,5.63,16.61,6.9,99.16,suburban,snacks,sports,101
70,0,0,0,2.75,3.81,1,78,2.88,14.44,2.88,104.89,urban,fresh,none,78
70,0,0,0,4.49,0.16,1,101,5.02,3.84,0,96.5,suburban,snacks,construction,52
70,0,0,0,5.07,0.26,0,63,4.86,13.87,4.48,99.27,rural,fresh,festival,42
70,0,0,0,9.3,1.92,0,71,8.65,5.49,0,109.1,suburban,homecare,sports,71
70,0,0,0,4.59,1.85,0,130,4.61,23.06,0,105.39,urban,personalcare,none,27
70,0,0,0,5.04,1.18,0,93,5.04,15.7,0,104.2,suburban,beverages,festival,93
70,0,0,0,6.11,14.46,1,133,6.82,15.95,0.95,96.95,rural,snacks,sports,48
70,0,0,0,1.55,2.2,1,66,1.64,8.61,2.13,103.27,rural,beverages,none,66
70,0,0,0,8.34,1.43,0,98,9.02,11.59,5.87,94.95,suburban,homecare,festival,45
70,0,0,0,1.66,1.28,0,127,1.6,7.53,3.25,103.62,rural,beverages,none,66
70,0,0,0,6.6,2.09,0,48,7.8,12.95,3.4,97.81,rural,personalcare,festival,21
70,0,0,0,2.97,3.84,0,119,2.93,11.78,2.81,108.06,urban,personalcare,festival,70
70,0,0,0,6.8,20.8,0,224,6.81,9.49,0,97.19,suburban,beverages,festival,184
70,0,0,0,8.64,1.21,0,19,7.82,14.89,7.9,92.81,urban,homecare,none,19
70,0,0,0,4.27,3.06,0,104,4.17,12.65,0.36,105.93,rural,snacks,festival,60
70,0,0,0,4.84,0,1,116,5.13,11.29,4.26,97.94,rural,snacks,festival,80
71,1,0,0,3.77,1.71,0,4,4.29,15.95,5.14,102.47,rural,personalcare,construction,4
71,1,0,0,2.27,3.24,0,81,2.6,7.7,0,98.92,urban,snacks,none,73
71,1,0,0,4.09,9.62,0,162,4.28,9.94,5.89,102.75,urban,fresh,none,92
71,1,0,0,5.16,16.35,0,124,5.25,11.08,8.27,105.32,suburban,personalcare,none,81
71,1,0,0,6.64,0.81,0,113,7.07,11.16,4.33,108.8,urban,snacks,none,61
71,1,0,0,3.28,0,1,30,3.23,10.55,1.03,99.44,urban,fresh,none,30
71,1,0,0,4.48,1.37,1,43,4.98,8.53,1.02,102.18,rural,snacks,none,43
71,1,0,0,4.37,11.8,0,145,3.69,10.74,0,105.29,urban,personalcare,sports,103
71,1,0,0,6.18,5.64,1,52,6.3,11.31,7.08,104.02,urban,homecare,none,36
71,1,0,0,5.14,0.36,0,53,5.47,17.79,6.96,103.07,suburban,personalcare,construction,40
71,1,0,0,3.31,0.97,0,67,3.47,10.56,6.19,99.7,urban,fresh,construction,35
71,1,0,0,1.1,1.73,0,64,0.96,9.64,1.01,106.33,suburban,fresh,construction,60
71,1,0,0,4.04,23.7,0,169,4.34,12.23,4.47,111.77,urban,beverages,none,120
71,1,0,0,5.86,4.4,1,45,5.95,7.57,8.93,102.62,rural,homecare,none,34
71,1,0,0,4.57,2.32,0,126,4.68,13.74,0,104.23,suburban,snacks,festival,82
71,1,0,0,4.81,2.22,0,103,5.41,8.01,0,109.87,suburban,personalcare,festival,103
71,1,0,0,2.77,3.77,0,139,3.12,16.92,1.85,113.64,rural,snacks,none,6
71,1,0,0,1.35,16.89,0,94,1.4,18.42,8.04,100.45,rural,fresh,sports,94
71,1,0,0,3.1,0.35,0,84,3.9,26.39,0,99.7,urban,snacks,none,84
71,1,0,0,4.24,0,0,119,4.07,10.74,6.03,102.21,suburban,beverages,none,119
71,1,0,0,8.91,4.16,0,113,9.4,8.42,4.79,99.9,urban,homecare,festival,74
71,1,0,0,4.71,18.19,0,108,4.52,6.15,0,99.46,rural,snacks,sports,108
71,1,0,0,4.06,0,1,55,4.04,7.47,0.01,103.94,rural,snacks,none,55
71,1,0,0,5.14,1.56,0,78,5.54,13.74,0,109.12,suburban,fresh,none,19
71,1,0,0,4.4,28.34,0,147,4.69,8.01,11.55,104.17,suburban,snacks,festival,147
71,1,0,0,4.8,0.13,0,108,4.66,10.08,4.5,101.08,suburban,fresh,none,57
71,1,0,0,1.83,5.24,0,120,2.05,14.99,7.33,101.18,suburban,beverages,none,120
71,1,0,0,1.93,0.32,1,119,1.89,5.92,6.92,102.29,urban,beverages,construction,62
71,1,0,0,7.55,0.86,0,36,8.02,9.26,0,111.07,urban,homecare,construction,28
71,1,0,0,7.89,1.59,0,43,7.47,5.31,0,101.37,suburban,homecare,construction,21
71,1,0,0,5.3,0,0,151,4.03,14.52,9.65,115.5,urban,snacks,festival,96
71,1,0,0,6.85,3.37,0,154,7.89,10.13,0,108.05,suburban,fresh,none,61
71,1,0,0,2.52,5.84,0,78,2.63,11.27,2.46,104.85,suburban,snacks,sports,77
71,1,0,0,5.86,3.27,0,52,8.08,3.64,6.74,110.6,rural,personalcare,none,41
71,1,0,0,3.49,1.37,0,96,3.86,5.99,0,119.31,suburban,fresh,none,84
72,2,0,0,12.08,2.25,1,101,11.8,20.16,3,101.58,urban,homecare,sports,73
72,2,0,0,3.8,21.95,0,132,3.95,13.15,8.82,98.09,suburban,personalcare,festival,56
72,2,0,0,5.09,3.04,0,81,4.98,14.55,3.08,103.57,suburban,beverages,none,67
72,2,0,0,2.45,2.3,0,78,2.97,7.58,0.31,99.14,suburban,snacks,construction,49
72,2,0,0,7.66,14.8,0,137,8.21,20.47,4.72,97.11,suburban,fresh,none,129
72,2,0,0,5.14,24.78,0,71,5.11,15.81,7.12,98.12,suburban,personalcare,none,71
72,2,0,0,7.34,18.5,0,109,8.08,13.16,1.22,94.9,suburban,homecare,none,50
72,2,0,0,3.76,2.1,0,42,4.76,8.36,2.34,100.43,urban,personalcare,construction,42
72,2,0,0,1.54,3.94,1,149,1.54,11.04,8.56,106.55,suburban,beverages,none,115
72,2,0,0,6.13,1.85,0,10,6.86,15.84,1.18,92.76,suburban,fresh,construction,10
72,2,0,0,5.92,1.24,0,121,5.92,20.1,6.27,105.67,urban,snacks,none,84
72,2,0,0,6.67,1.13,1,108,6.05,15.73,2.31,97.91,urban,homecare,none,35
72,2,0,0,2.03,0,0,53,1.7,9.98,2.34,100.96,suburban,beverages,construction,45
72,2,0,0,8.2,1.59,0,43,9.54,11.05,10.59,104.01,rural,homecare,none,0
72,2,0,0,11.71,0.83,0,54,14,17.71,5.63,109.43,suburban,homecare,none,37
72,2,0,0,5.49,21.93,0,105,5.88,8.38,2.21,98.55,rural,snacks,construction,48
72,2,0,0,4.16,25.24,1,234,4.9,16.78,0,103.49,rural,beverages,festival,211
72,2,0,0,6.45,8.57,0,108,6.4,7.27,0,106.15,suburban,personalcare,festival,86
72,2,0,0,4.39,4.88,0,116,5.06,9.02,5.87,100.06,suburban,snacks,none,59
72,2,0,0,2.74,2.71,0,102,2.76,13.05,4.82,100.73,urban,snacks,festival,83
72,2,0,0,4.18,22.76,0,147,3.66,11.13,10.27,99.43,suburban,snacks,festival,144
72,2,0,0,4.93,3.1,0,101,4.82,9.41,0.03,104.8,suburban,snacks,none,92
72,2,0,0,9.27,9.69,0,70,8,9.14,0,101.1,urban,homecare,none,64
72,2,0,0,8.22,1.54,0,47,10.52,10.12,1.26,102.32,suburban,homecare,construction,16
72,2,0,0,2.86,1.23,1,169,2.78,8.07,11.95,102.74,urban,beverages,festival,140
72,2,0,0,3.57,3.65,0,74,3.46,13.34,0,105.1,suburban,personalcare,none,20
72,2,0,0,5.37,3.85,0,134,4.49,14.08,0,105.64,urban,beverages,none,111
72,2,0,0,1.1,3.92,1,118,1.26,1.42,2.91,97.52,urban,snacks,none,80
72,2,0,0,4.96,21.21,0,87,5.24,4.79,0.67,99.68,rural,snacks,none,87
72,2,0,0,10.72,2.7,0,93,11.19,17.17,6.72,102.58,urban,homecare,sports,58
72,2,0,0,7.68,1.87,0,50,5.89,12.79,1.68,102.42,suburban,homecare,none,0
72,2,0,0,10.22,0.03,0,14,10.19,12.56,0,107.06,rural,homecare,sports,14
72,2,0,0,6.32,4.33,0,99,6.17,2.73,0,99.89,suburban,beverages,none,80
72,2,0,0,5.61,0,0,96,6.62,3.64,1.21,104.44,urban,beverages,sports,96
72,2,0,0,8.61,2.69,0,99,8.73,9.97,0,98.47,suburban,homecare,festival,69
73,3,0,0,2.23,2.15,0,47,1.72,5.61,7.31,89.9,rural,beverages,construction,3
73,3,0,0,6.71,2.97,0,113,7.58,11.91,0.76,104.14,suburban,snacks,construction,60
73,3,0,0,4.15,2.09,0,112,4.07,15.1,7.02,96.54,urban,beverages,festival,64
73,3,0,0,2.82,0,0,84,2.72,10.8,1.02,102.73,urban,fresh,none,19
73,3,0,0,3.92,1.99,0,127,3.86,11.83,11.63,98.32,suburban,snacks,sports,52
73,3,0,0,3.49,1.46,0,70,4.09,8.35,2.41,109.36,urban,fresh,none,70
73,3,0,0,9.43,2.66,0,118,9.18,15.12,2.91,99.03,suburban,homecare,festival,64
73,3,0,0,3.09,2.14,0,90,3.03,5.9,0.18,101.44,urban,beverages,none,86
73,3,0,0,4.6,4.5,0,100,4.66,9.94,0.91,96.65,urban,personalcare,sports,47
73,3,0,0,3.72,6.28,0,109,3.61,19.87,0,105.63,urban,snacks,none,79
73,3,0,0,5.03,1.75,0,120,5.16,8.03,0,100.78,suburban,beverages,festival,91
73,3,0,0,3.42,4.22,0,87,3.27,14.26,5.38,103.33,urban,fresh,construction,63
73,3,0,0,9.18,5.68,0,31,11,12.25,4,94.51,suburban,homecare,sports,31
73,3,0,0,1.1,3.02,0,95,1.12,11.92,0,102.34,urban,fresh,sports,95
73,3,0,0,3.93,3.15,1,106,3.77,10.36,0,105.73,rural,beverages,festival,106
73,3,0,0,10.27,2.53,0,41,8.81,17.45,1.26,103.38,rural,homecare,festival,11
73,3,0,0,3.66,2.99,0,133,3.89,18.26,0.47,90.89,suburban,beverages,sports,53
73,3,0,0,3.91,0,0,51,4.72,11.74,0.37,96.92,urban,snacks,none,32
73,3,0,0,6.03,31.89,0,92,6.46,13.1,6.17,96.42,suburban,personalcare,construction,92
73,3,0,0,3.67,5.01,0,70,4.21,15.52,0,96.17,suburban,personalcare,sports,70
73,3,0,0,7.42,1.49,0,94,8.43,11.21,4.24,100.74,urban,snacks,none,69
73,3,0,0,4.86,25.02,1,69,3.59,11.49,3.81,100.81,rural,personalcare,none,31
73,3,0,0,3.98,1.74,1,70,4.29,12.59,6.62,98.27,suburban,snacks,none,34
73,3,0,0,5.24,12.01,0,67,4.78,8.85,0,102.53,urban,personalcare,none,67
73,3,0,0,4.13,14.41,1,149,5.12,9.68,3.23,102.9,urban,personalcare,festival,137
73,3,0,0,4.26,3.85,0,101,4.82,11.41,5.15,108.71,rural,beverages,none,101
73,3,0,0,6.15,2.84,0,117,4.73,12.67,5.96,105.45,urban,personalcare,none,68
73,3,0,0,2.49,0.04,0,117,2.13,21.19,8.24,101.05,suburban,snacks,sports,41
73,3,0,0,4.53,4.94,1,96,5.1,10.95,6.31,110.1,urban,fresh,construction,96
73,3,0,0,3.24,23.25,0,239,3.2,9.98,9.86,102.92,urban,beverages,festival,138
73,3,0,0,4.38,21.61,0,193,3.75,9.4,0,101.46,suburban,beverages,sports,161
73,3,0,0,5.9,3.35,0,117,6.66,15.23,8.74,98.55,urban,snacks,sports,80
73,3,0,0,6.11,1.9,0,117,6.88,10.75,6.53,109.82,rural,personalcare,festival,67
73,3,0,0,5.9,4.45,0,90,6.5,6.39,7.44,110.39,urban,personalcare,construction,27
73,3,0,0,5.14,3.76,0,105,5.9,9.81,6.18,99.73,urban,snacks,none,105
74,4,0,0,4.38,23.95,0,123,4.76,19.65,1.61,111.35,rural,beverages,none,123
74,4,0,0,2.1,5.96,0,126,2.62,9.35,0.37,112.5,urban,snacks,none,103
74,4,0,0,5.62,3.46,0,126,5.44,12.56,0,107.27,urban,beverages,construction,99
74,4,0,0,4.1,1.77,0,104,4.01,10.04,5.26,101.52,urban,fresh,none,27
74,4,0,0,3.75,4.09,0,163,3.45,23.42,11.78,102.59,urban,beverages,none,157
74,4,0,0,6.9,0.9,0,104,7.65,21.07,5.6,97.31,urban,personalcare,sports,64
74,4,0,0,3.63,15.52,1,195,3.58,16.26,5.52,102.12,urban,beverages,sports,195
74,4,0,0,2.96,2.74,0,120,2.83,9.39,10.33,99.87,suburban,snacks,none,71
74,4,0,0,4.29,2.04,0,99,4.23,10.71,6.89,103.64,urban,fresh,none,54
74,4,0,0,2.14,1.96,0,62,1.98,11.34,1.82,91.77,suburban,fresh,sports,62
74,4,0,0,9.2,2.44,0,42,8.26,19.29,3.29,102.83,urban,homecare,construction,33
74,4,0,0,1.25,4.44,0,88,1.2,16.89,0,101.22,urban,personalcare,none,54
74,4,0,0,1.58,36.93,0,202,1.51,12.74,5,113.24,rural,beverages,none,202
74,4,0,0,3.88,3.18,0,108,4.04,14.67,5.16,107.68,urban,fresh,none,22
74,4,0,0,3.58,18.24,0,162,3.54,10.84,5.71,89.96,rural,beverages,construction,72
74,4,0,0,5.04,2,0,63,4.71,14.54,5.42,104.03,rural,personalcare,construction,30
74,4,0,0,2.7,1.55,0,129,2.72,17.34,0,98.07,suburban,snacks,festival,121
74,4,0,0,7.32,21.81,0,143,7.5,14.97,5.52,101.11,suburban,homecare,construction,85
74,4,0,0,3.19,14.56,0,97,3.58,13.16,0.71,98.22,rural,personalcare,none,50
74,4,0,0,3.96,19.23,0,174,4.53,11.37,2.02,104.68,suburban,snacks,none,101
74,4,0,0,6.44,1.67,0,28,5.62,10.6,12.35,99.53,suburban,homecare,none,17
74,4,0,0,6.4,3.49,0,113,7.55,18.34,8.98,100.37,urban,snacks,none,68
74,4,0,0,5.2,0,0,52,4.8,10.71,9.8,99.73,rural,beverages,none,52
74,4,0,0,4.56,2.05,0,81,4.84,10.42,8.28,101.8,suburban,fresh,construction,38
74,4,0,0,3.07,3.61,0,24,3.6,12.77,9.1,103.85,rural,snacks,none,24
74,4,0,0,3.66,22.35,0,72,3.6,11.32,0,102.26,suburban,personalcare,construction,50
74,4,0,0,5.52,0,0,95,4.52,15.99,0,108.91,urban,snacks,none,95
74,4,0,0,8.67,0,0,68,8.24,10.24,3.56,105.79,suburban,homecare,construction,38
74,4,0,0,4.1,3.71,0,107,4.85,20.34,1.15,104.78,urban,homecare,none,100
74,4,0,0,2.97,10.66,1,157,2.61,20.59,2.61,107,suburban,snacks,none,84
74,4,0,0,4.75,2.09,0,54,5.52,9.17,5.05,106.47,rural,fresh,festival,54
74,4,0,0,2.84,0.83,1,74,2.74,7.87,4.84,98.22,rural,beverages,none,51
74,4,0,0,10.26,2.9,0,89,8.59,9.62,2.94,103.29,urban,homecare,none,15
74,4,0,0,5.97,13.05,0,186,6.12,15.78,5.76,109.38,urban,beverages,construction,156
74,4,0,0,9.74,5.19,0,23,8.83,9.63,0,102.21,rural,homecare,none,23
75,5,0,1,1.82,17.7,0,155,2.03,14.26,0,90.45,suburban,fresh,sports,155
75,5,0,1,1.1,33.52,1,236,1.25,7.11,1.9,104.75,suburban,beverages,none,159
75,5,0,1,5.44,8.86,0,119,5.77,14.23,9.57,102.97,suburban,snacks,festival,106
75,5,0,1,3.69,3.01,0,85,4.36,21.89,3.47,100.68,urban,fresh,construction,76
75,5,0,1,4.32,16.34,0,162,4.85,11.35,11.41,106.08,rural,beverages,none,128
75,5,0,1,6.61,21.47,1,197,5.75,18.4,4.38,104.01,urban,beverages,festival,187
75,5,0,1,7.18,1.37,0,78,9.56,8.48,0.14,105.78,urban,homecare,festival,78
75,5,0,1,7.65,3.03,0,71,7.36,13.94,7.9,110.67,urban,homecare,none,66
75,5,0,1,2.75,5.83,0,155,2.97,13.01,0.36,109.93,suburban,beverages,none,137
75,5,0,1,8.86,0.55,0,120,9.93,14.65,2.62,103.59,suburban,homecare,none,61
75,5,0,1,5.83,16.62,0,58,5.39,12.55,3.52,102.95,rural,personalcare,none,26
75,5,0,1,4.21,0.36,0,59,3.7,10.65,9.38,100.85,urban,snacks,none,59
75,5,0,1,9.93,0.93,1,37,10.57,9.79,3.95,103,suburban,homecare,none,37
75,5,0,1,4.89,0.93,0,136,5.86,15.05,1.37,103.57,urban,snacks,sports,77
75,5,0,1,8.78,0.63,0,93,9.45,10.7,1.62,106.14,urban,homecare,festival,56
75,5,0,1,4.08,0.58,0,69,3.88,13.95,0,96.23,suburban,personalcare,none,23
75,5,0,1,3.71,2.23,1,170,3.31,14.89,0,108.2,urban,beverages,none,69
75,5,0,1,3,2.92,0,28,3.69,12.71,5.03,97.65,urban,personalcare,construction,28
75,5,0,1,4.41,14.91,1,102,4.41,9.9,5.45,104.65,suburban,snacks,none,64
75,5,0,1,11.72,15.51,0,33,11.72,18.93,1.98,98.37,urban,homecare,construction,33
75,5,0,1,4.24,1.47,0,66,4.76,7.49,2.79,109.46,rural,beverages,construction,41
75,5,0,1,3.39,3.07,0,121,3.22,12.33,3.28,102.58,suburban,beverages,construction,46
75,5,0,1,5.34,1.27,0,109,5.24,12.96,9.05,104.82,urban,beverages,none,79
75,5,0,1,6.12,1.57,1,70,6.44,5.8,3.39,108.23,suburban,fresh,none,68
75,5,0,1,6.63,3.16,1,113,6.74,16.22,7.14,104.01,suburban,snacks,none,83
75,5,0,1,2.73,3.58,0,51,2.89,10.75,7.15,97.04,suburban,personalcare,none,51
75,5,0,1,5.47,2.48,0,89,5.63,17.69,3.97,99.84,suburban,beverages,sports,89
75,5,0,1,3.13,1.91,1,48,2.72,15.51,2.42,105.1,rural,personalcare,sports,43
75,5,0,1,5.98,2.54,0,72,6.19,11.37,2.27,105.56,suburban,personalcare,none,61
75,5,0,1,9.73,1.31,0,24,10.47,14.15,4.8,110.28,suburban,homecare,sports,24
75,5,0,1,3.12,1.44,0,44,2.58,7.89,1.15,96.99,suburban,snacks,construction,37
75,5,0,1,2.79,10.42,0,109,2.56,10.7,0,112.9,rural,snacks,none,95
75,5,0,1,5.3,12.82,0,138,6.07,8.83,0,100.87,suburban,fresh,construction,87
75,5,0,1,2.54,0,0,103,2.39,10.87,2.59,111.97,urban,snacks,sports,95
75,5,0,1,3.25,3.19,0,103,3.43,14.45,4.69,95.93,suburban,snacks,none,40
76,6,0,1,7.78,1.46,0,73,7.58,15.53,2.66,106.63,rural,fresh,festival,73
76,6,0,1,4.96,2.46,0,120,6.19,15.35,7.75,102.28,urban,beverages,construction,88
76,6,0,1,4.65,32.08,0,127,5.46,8.98,0,110.5,urban,personalcare,none,116
76,6,0,1,10.45,0,0,15,10.48,11.02,0,108.7,rural,homecare,none,15
76,6,0,1,3.02,4.23,0,72,3.14,13.85,0,106.17,suburban,personalcare,none,72
76,6,0,1,5.15,2.31,0,111,5.71,12.68,5.2,104.2,suburban,personalcare,none,62
76,6,0,1,6.96,2.33,0,84,9.59,17.8,4.5,111.18,rural,fresh,none,69
76,6,0,1,7.3,9.81,0,64,6.48,9.96,0,99.62,suburban,homecare,construction,45
76,6,0,1,2.62,1.58,0,87,2.88,7.44,3.67,105.08,suburban,snacks,festival,57
76,6,0,1,3.57,17.26,1,174,3.6,16.92,3.69,101.85,rural,fresh,none,143
76,6,0,1,4.21,1.76,0,164,5.15,7.3,1.04,110.67,suburban,beverages,festival,113
76,6,0,1,2.64,3.91,0,76,3.02,12.58,2.22,99.82,urban,fresh,none,38
76,6,0,1,5.08,1.66,1,75,5.25,12.16,2.56,101.21,urban,fresh,none,75
76,6,0,1,5.21,13.14,0,125,5.32,8.06,0,107.39,suburban,personalcare,festival,78
76,6,0,1,4.59,17.81,0,111,5.21,10.41,10.21,103.39,rural,snacks,construction,73
76,6,0,1,5.2,0,1,166,5.58,17.33,5.3,104.69,urban,beverages,festival,123
76,6,0,1,6.26,0.93,1,144,6.67,12.92,4.51,108.75,urban,snacks,festival,61
76,6,0,1,8.38,4.13,1,43,5.52,13.94,1.49,105.95,suburban,personalcare,none,26
76,6,0,1,5.67,19.7,1,129,5.91,7.11,6.7,103.91,rural,fresh,none,129
76,6,0,1,9.45,4.47,0,103,9.21,9.89,3.8,104.87,urban,homecare,none,62
76,6,0,1,4.2,1.27,1,136,4.05,18.89,4.24,102.95,suburban,beverages,none,90
76,6,0,1,3.37,1.54,0,88,4.17,14.45,3.25,105.73,rural,snacks,none,52
76,6,0,1,4.08,2.53,1,112,4.21,7.25,0,95.96,suburban,fresh,none,88
76,6,0,1,2.01,39.8,0,221,1.93,13.66,1.04,107.72,urban,personalcare,sports,159
76,6,0,1,3.46,0,0,76,4,14.42,2.59,97.6,suburban,snacks,sports,75
76,6,0,1,6.06,2.81,1,194,7.39,11.96,2.96,100.32,urban,beverages,none,68
76,6,0,1,4.19,0.24,0,93,4.38,7.63,6.11,100.79,suburban,snacks,sports,73
76,6,0,1,3.17,37.19,0,205,4.14,7.8,10.39,110.23,urban,snacks,festival,148
76,6,0,1,2.97,0.22,0,83,2.58,14.28,8.5,105.58,urban,personalcare,construction,30
76,6,0,1,6.32,0,1,65,5.55,10.7,0,103.66,suburban,beverages,construction,65
76,6,0,1,11.88,7.38,0,55,10.32,12.91,0.22,100.85,rural,homecare,none,0
76,6,0,1,3.62,20.95,0,216,3.72,17.28,2.41,102.44,urban,beverages,sports,106
76,6,0,1,6.38,2.09,0,79,6.38,13.18,7.46,106.87,suburban,fresh,none,79
76,6,0,1,10.82,0.87,1,109,11.16,17.37,0,105.86,urban,homecare,none,43
76,6,0,1,2.3,2.07,0,120,2.34,20.25,1.85,112.45,rural,beverages,none,82
77,0,0,0,4.08,0.33,1,144,4.34,16.45,5.49,93.46,urban,fresh,sports,89
77,0,0,0,5.22,3.38,0,90,4.68,9.47,0.76,106.6,urban,beverages,none,79
77,0,0,0,8.35,2.7,1,48,10.42,11.45,4.41,109.97,suburban,homecare,none,47
77,0,0,0,3.18,5.84,0,104,2.88,8.85,5.23,110.18,urban,snacks,none,93
77,0,0,0,9.07,0,0,97,8.75,9.72,1.72,102.47,urban,homecare,construction,34
77,0,0,0,7.24,0.17,1,102,6.48,12.75,0,100.87,rural,snacks,none,25
77,0,0,0,5.82,1.3,0,94,6.6,5.29,0,100.54,suburban,fresh,none,65
77,0,0,0,4.7,21.5,0,169,4.56,12.87,0,109.15,urban,fresh,none,122
77,0,0,0,4.17,16.21,0,164,4.25,20.8,1.36,98.65,suburban,snacks,none,102
77,0,0,0,9.94,17.2,0,143,11.32,11.44,0,100.71,suburban,homecare,sports,104
77,0,0,0,4.49,0,0,72,4.33,6.44,0,99.22,rural,snacks,sports,59
77,0,0,0,8.51,19.44,0,73,9.99,8.89,2.84,92.97,suburban,homecare,none,70
77,0,0,0,5.62,20.89,0,136,6.27,11.9,4.3,100.21,rural,snacks,festival,130
77,0,0,0,3.68,13.43,0,120,3.76,12.29,0,106.63,suburban,beverages,none,54
77,0,0,0,4.26,0.35,0,117,3.8,11.88,1.84,98.36,suburban,snacks,sports,52
77,0,0,0,5.25,25.36,0,172,5.58,12.25,5.28,98.13,urban,snacks,sports,172
77,0,0,0,3.74,1.69,1,170,4.4,19.02,5.53,100.47,suburban,snacks,sports,81
77,0,0,0,10.14,1.81,1,126,11.64,9.62,0.99,100.4,urban,homecare,construction,75
77,0,0,0,9.65,0.43,1,110,8.81,13.3,2.46,106.84,urban,homecare,sports,41
77,0,0,0,5.27,16.72,0,91,5.17,4.51,2.02,112.73,rural,snacks,none,52
77,0,0,0,3.77,20.81,0,169,4.33,8.19,6.81,109.07,suburban,fresh,sports,169
77,0,0,0,3.48,16.83,0,122,3.47,9.66,7.48,99.84,suburban,personalcare,festival,92
77,0,0,0,5.86,3.7,1,84,4.85,16.22,1.09,99.74,rural,personalcare,festival,84
77,0,0,0,2.68,1.47,0,85,3.1,10.67,15.55,102.12,urban,fresh,sports,80
77,0,0,0,4.18,4.21,0,95,4.21,7.99,0,106.2,rural,fresh,none,48
77,0,0,0,4.17,1.01,1,81,4.13,16.55,2.61,102.88,urban,fresh,none,81
77,0,0,0,2.91,2.33,1,45,2.85,14.86,8.1,92.74,rural,fresh,none,45
77,0,0,0,4.89,2.22,0,110,5.64,16.72,1.21,104.19,rural,snacks,festival,62
77,0,0,0,3.67,2.2,0,113,4.05,9.73,2.53,94.12,urban,snacks,construction,82
77,0,0,0,5.53,3.12,0,148,5.91,9.94,0,101.26,suburban,beverages,sports,79
77,0,0,0,6.71,2.25,1,83,5.71,17.02,0,109.17,suburban,snacks,none,53
77,0,0,0,1.85,5.07,0,16,2.01,11.22,6.26,103.1,suburban,fresh,construction,16
77,0,0,0,4.49,2.77,0,136,4.23,7.46,1.94,100.7,urban,beverages,sports,108
77,0,0,0,4.89,0.24,1,124,5.63,8.82,8.31,94.31,suburban,beverages,none,59
77,0,0,0,3.55,1.15,0,123,3.54,11.88,0,112.26,urban,beverages,none,82
78,1,0,0,10.37,13.4,0,47,7.2,10.83,0,102.78,urban,homecare,festival,43
78,1,0,0,3.3,21.27,0,166,3.27,15.85,0.77,104.4,urban,snacks,festival,137
78,1,0,0,4.03,1.46,0,49,4.8,10.14,3.23,104.64,rural,snacks,none,49
78,1,0,0,5.5,2.27,1,100,6.26,10.29,0,93.78,urban,homecare,sports,82
78,1,0,0,2.7,20.64,0,166,2.79,14.52,2.1,105.34,suburban,beverages,none,132
78,1,0,0,3.85,19.23,1,152,4.6,6.49,8.14,99.3,urban,personalcare,sports,130
78,1,0,0,4.5,1.6,0,136,4.52,16.89,0,105.27,rural,beverages,construction,36
78,1,0,0,5.3,1.74,0,84,6.03,20.93,0,104.28,urban,snacks,festival,84
78,1,0,0,6.29,0,0,122,6.45,14.06,7.02,107.94,urban,snacks,none,79
78,1,0,0,9.7,0,0,71,10.92,7.06,0.88,104.28,suburban,homecare,festival,71
78,1,0,0,4.98,23.49,1,164,5.14,8.05,0.97,110.11,urban,fresh,none,100
78,1,0,0,3.92,2.72,0,96,4.51,16.03,1.05,107.82,suburban,snacks,none,53
78,1,0,0,1.64,20.5,0,144,1.61,12.32,2.79,101.72,suburban,beverages,construction,125
78,1,0,0,3.22,4.1,0,91,4.28,16.99,4,106.66,urban,beverages,construction,91
78,1,0,0,1.1,1.38,0,80,1.55,8.77,6.97,102.79,suburban,beverages,none,76
78,1,0,0,6.77,0.93,0,163,8.03,7.52,1.1,107.9,urban,beverages,festival,127
78,1,0,0,4.87,4.11,0,113,4.5,17.06,6.37,100.1,rural,beverages,none,32
78,1,0,0,5.71,1.29,0,94,5.06,9.08,0,104.62,urban,beverages,construction,58
78,1,0,0,1.78,3.88,0,106,1.74,5.36,0.84,102.08,urban,fresh,none,62
78,1,0,0,10.84,2.58,0,120,13.25,8.54,1.71,105.98,rural,homecare,festival,50
78,1,0,0,4.35,0,1,58,4.47,17.25,1.39,109.78,suburban,personalcare,none,58
78,1,0,0,6.52,24.88,1,175,5.56,13.78,8.55,108.15,suburban,beverages,sports,175
78,1,0,0,5.95,0.66,0,113,7.24,16.24,3.05,100.96,urban,beverages,none,89
78,1,0,0,7.01,2.81,0,111,5.9,8.14,0,110.9,urban,beverages,sports,22
78,1,0,0,1.33,16.68,1,98,1.36,17.06,0.33,109.11,suburban,personalcare,construction,46
78,1,0,0,4.49,22.27,1,173,5.04,2.71,6.49,107.25,rural,beverages,none,120
78,1,0,0,4.56,3.27,0,96,4.68,16.69,2.7,103.85,suburban,snacks,none,51
78,1,0,0,4.25,1.83,0,86,4.29,6.15,0,106.22,urban,fresh,none,45
78,1,0,0,6.36,32.02,0,202,7.12,8.25,1.83,102.13,urban,beverages,none,202
78,1,0,0,4.58,0.84,1,143,4.3,6.26,0.75,103.69,suburban,beverages,festival,143
78,1,0,0,3,0,0,23,2.59,12.61,3.94,101.55,suburban,snacks,none,23
78,1,0,0,5.53,0,0,56,5.25,10.27,2.21,103.69,rural,fresh,none,40
78,1,0,0,3.86,1.92,0,157,4.12,4.73,0.26,99.22,urban,beverages,festival,81
78,1,0,0,4.91,20.52,0,156,5.12,16.94,2.46,101.76,urban,snacks,none,118
78,1,0,0,4.02,0,0,71,4.66,16.66,0,93.73,urban,personalcare,sports,47
79,2,0,0,5.91,0.68,0,47,5.55,13.01,6.44,112.13,suburban,fresh,festival,47
79,2,0,0,5.67,2.43,0,98,6.97,14.11,0.22,107.55,rural,fresh,none,73
79,2,0,0,2.33,0.8,1,120,2.19,16.77,0,97.72,urban,fresh,none,21
79,2,0,0,9.3,4.15,0,110,9.05,14.77,4.87,111.35,suburban,homecare,festival,71
79,2,0,0,2.76,2.87,0,39,3.18,11.72,0,100.43,suburban,personalcare,construction,28
79,2,0,0,9.38,16.02,0,107,10.97,12.59,2.26,96.42,suburban,homecare,none,27
79,2,0,0,2.36,0,0,111,2.52,21.43,0,99.07,urban,snacks,construction,34
79,2,0,0,3.83,21.53,0,177,4.37,9.74,0,109.81,suburban,snacks,none,108
79,2,0,0,6.27,8.98,0,160,7.78,13.99,0,103.38,suburban,beverages,festival,140
79,2,0,0,4.59,3.34,0,85,6.43,19.97,2.06,100.84,urban,fresh,construction,85
79,2,0,0,3.93,12.62,1,175,4.13,6.43,6.61,103.69,urban,fresh,sports,163
79,2,0,0,4.16,0.75,0,165,4.8,13.94,12.82,95.74,urban,beverages,festival,124
79,2,0,0,6.41,3.73,0,136,6.26,20.52,1.61,104.61,suburban,snacks,sports,63
79,2,0,0,2.34,3.9,0,110,2.27,12.72,6.33,108.55,suburban,beverages,festival,110
79,2,0,0,2.83,4.56,0,98,3.31,14.61,5.98,106.62,suburban,fresh,none,96
79,2,0,0,5.28,0.67,1,111,5.16,8.97,0,104.86,urban,snacks,none,111
79,2,0,0,4.54,4.95,0,135,4.31,13.44,2.93,101.66,urban,snacks,none,122
79,2,0,0,8.61,20.89,0,119,11.18,13.98,0,101.15,urban,homecare,none,59
79,2,0,0,5.26,4.48,1,134,6.02,17.08,3.3,98.78,urban,beverages,none,134
79,2,0,0,5.44,2.87,0,64,4.72,19.25,0,107.31,rural,beverages,construction,64
79,2,0,0,3.86,1.93,1,119,3.77,15.39,0,112.07,urban,fresh,festival,119
79,2,0,0,4.49,0,0,95,5.96,10.71,3.63,97.24,urban,snacks,sports,82
79,2,0,0,3.92,26.13,0,156,4.25,15.93,8.6,107.98,rural,fresh,none,156
79,2,0,0,4.49,0.01,0,114,5,11.05,5.62,100.99,urban,beverages,none,70
79,2,0,0,3.66,3.03,0,45,3.9,16.08,1.27,106.89,rural,snacks,none,45
79,2,0,0,3.52,2.52,0,63,3.56,7.72,5.25,104.2,urban,fresh,sports,59
79,2,0,0,2.05,2.41,0,83,2.05,11.91,0,93.8,urban,beverages,construction,83
79,2,0,0,3.44,0,0,104,3.2,14.87,5.29,94.52,suburban,beverages,none,82
79,2,0,0,5.81,0,0,45,6.09,16.51,0,102.91,suburban,personalcare,festival,45
79,2,0,0,7.53,2.73,1,65,6.74,6.48,4.31,108.54,suburban,fresh,none,65
79,2,0,0,4.98,4.43,0,83,4.67,13.31,6.65,105.87,suburban,fresh,festival,82
79,2,0,0,4.35,2.69,0,104,4.21,12.66,8.86,108.58,suburban,personalcare,sports,64
79,2,0,0,5.17,0,0,85,6.21,8.61,6.5,113.68,urban,snacks,none,85
79,2,0,0,5.76,1.93,0,154,6.25,11.6,0,106.52,suburban,beverages,festival,34
79,2,0,0,1.83,0.22,0,120,2.04,12.6,0,102.3,rural,beverages,sports,83
80,3,0,0,3.81,1.55,0,85,4.21,9.47,0.38,110.15,suburban,fresh,none,73
80,3,0,0,9.01,0,0,47,7.51,14.43,1.57,109.42,rural,homecare,sports,39
80,3,0,0,4.23,4.28,0,55,4.95,15.78,4.29,101.11,suburban,personalcare,none,44
80,3,0,0,1.36,3.66,0,87,1.63,13.01,0,89.45,urban,personalcare,none,60
80,3,0,0,2.69,0.04,0,132,3.17,16.5,1.83,111.12,rural,fresh,festival,46
80,3,0,0,4.12,0.25,0,60,3.57,3.19,0,98.49,suburban,snacks,sports,60
80,3,0,0,2.43,0.53,0,27,2.72,14.34,5.6,94.29,rural,snacks,none,27
80,3,0,0,4.59,3.57,0,69,5.06,11.89,1.31,110.78,suburban,personalcare,none,49
80,3,0,0,6.13,10.3,0,142,6.05,15.64,0,105.42,suburban,beverages,none,88
80,3,0,0,6.02,1.53,0,13,6.66,6.49,6.07,94.51,rural,fresh,festival,13
80,3,0,0,5.63,2.16,0,119,5.31,14.51,1.29,98.11,suburban,snacks,sports,75
80,3,0,0,3.52,3.06,0,101,3.76,13.56,2.85,100.69,suburban,beverages,construction,72
80,3,0,0,4.41,2.39,0,126,5.15,16.89,7.73,104.09,suburban,snacks,none,73
80,3,0,0,4.88,2.19,1,113,4.07,18.05,6.85,100.48,suburban,snacks,none,113
80,3,0,0,5.9,2.79,0,98,5.37,13.59,0,109.31,rural,snacks,none,39
80,3,0,0,4.42,29.14,0,185,4.77,18.51,5.9,94.13,suburban,snacks,none,82
80,3,0,0,1.86,0.79,0,56,1.93,11.08,2.76,100.19,suburban,snacks,sports,56
80,3,0,0,4.68,3.55,0,91,4.7,14.07,0,97.3,suburban,snacks,sports,91
80,3,0,0,3.9,4.52,1,187,4.06,17.35,3.21,108.67,urban,snacks,none,63
80,3,0,0,5.3,25.04,0,125,5.87,10.37,4.03,99.46,urban,personalcare,sports,92
80,3,0,0,6.47,1.29,0,108,7.38,11.23,0,102.78,urban,snacks,festival,102
80,3,0,0,8.18,5.07,0,171,8.47,16.76,0,96.17,urban,beverages,none,141
80,3,0,0,3.67,1.49,0,94,4.31,6.39,7.34,98.23,urban,fresh,none,76
80,3,0,0,6,0.73,0,57,6.8,8.94,0.72,105.1,suburban,snacks,none,20
80,3,0,0,4.21,0.56,0,48,4.27,12.67,7.79,97.76,suburban,fresh,none,39
80,3,0,0,4.26,1.65,0,168,5.09,14.8,0,93.18,urban,beverages,none,115
80,3,0,0,3.92,20.89,1,236,4.67,16.84,0.89,99.27,suburban,snacks,festival,200
80,3,0,0,8.77,0.38,0,69,11.16,11.76,4.7,107.07,rural,homecare,none,35
80,3,0,0,4.81,0,0,55,4.37,13.08,4.37,104.98,suburban,snacks,none,55
80,3,0,0,5.49,2.32,1,78,7.43,13.03,10.06,110.89,urban,snacks,none,78
80,3,0,0,3.05,14.76,0,170,2.61,9.75,6.67,103.49,urban,beverages,festival,79
80,3,0,0,6.79,5.16,0,88,8.56,12.49,7.61,102.63,suburban,homecare,none,30
80,3,0,0,9.49,13.36,0,62,10.76,18.09,5.53,109.83,suburban,homecare,none,62
80,3,0,0,2.34,28.6,0,197,2.38,7.75,0,104.26,suburban,beverages,none,143
80,3,0,0,6.38,0.92,0,71,5.4,5.68,3.73,104.89,urban,beverages,construction,71
81,4,0,0,4.49,17.8,1,153,4.38,19.12,11.05,106.2,suburban,snacks,none,66
81,4,0,0,5.6,1.74,0,56,4.38,11.42,9.39,98.52,suburban,snacks,none,56
81,4,0,0,6.95,25.8,1,138,7.27,15.64,0,102.38,urban,homecare,none,100
81,4,0,0,4.99,0.67,0,82,5.14,13.65,6.5,111.05,rural,snacks,none,20
81,4,0,0,2.38,3.89,1,169,2.88,20.54,5.34,103.19,urban,snacks,festival,95
81,4,0,0,4.24,25.16,0,155,4.72,12.56,8.44,114.33,suburban,snacks,none,155
81,4,0,0,2.58,0,0,124,2.92,19.52,0,105.27,suburban,snacks,sports,24
81,4,0,0,3.78,2.63,0,93,3.81,13.55,5.91,105.85,urban,snacks,sports,53
81,4,0,0,4.55,24.31,1,260,4.1,11.46,7.92,105.67,urban,fresh,festival,214
81,4,0,0,7.68,25.17,0,190,7.91,12.63,5.29,105.8,suburban,fresh,sports,141
81,4,0,0,4.19,2.13,0,108,4.05,15.1,0.56,98.82,suburban,snacks,sports,87
81,4,0,0,8.62,31.36,0,110,8.26,14.52,0.33,106.47,urban,homecare,construction,67
81,4,0,0,3.58,1.35,1,123,4.51,18.82,0,97.82,suburban,beverages,sports,116
81,4,0,0,4.86,12.24,0,119,4.41,16.22,2.41,94.74,suburban,snacks,festival,25
81,4,0,0,3.11,6.85,0,65,3.37,9.79,3.72,103.61,suburban,beverages,none,22
81,4,0,0,5.66,19.46,1,183,5.45,16.02,6.82,104.77,rural,personalcare,festival,63
81,4,0,0,4.68,10.26,0,132,4.67,14.93,0,107.4,suburban,beverages,none,132
81,4,0,0,4.51,3.51,0,74,5.18,13.61,0,109.35,urban,beverages,none,74
81,4,0,0,6.53,20.1,1,142,7.59,14.43,0.92,105.95,urban,personalcare,festival,134
81,4,0,0,3.73,1.19,0,52,3.66,8.7,0,94.71,rural,beverages,construction,52
81,4,0,0,4.48,2.81,1,122,4.12,15.68,0,100.89,rural,snacks,none,43
81,4,0,0,5.89,1.76,0,83,6.79,16.27,7,101.83,rural,fresh,none,22
81,4,0,0,1.36,23.86,0,168,1.43,10.15,4.61,107.4,rural,beverages,construction,128
81,4,0,0,1.1,26.3,0,254,1.2,10.43,2.79,107.7,suburban,fresh,sports,144
81,4,0,0,4.38,1.71,1,115,4.41,12.92,1.43,103.15,suburban,beverages,construction,115
81,4,0,0,10.91,2.32,0,10,9.94,16.79,0,106.11,suburban,homecare,none,10
81,4,0,0,9.47,4.77,1,32,10.4,12.87,7.44,97.01,rural,homecare,sports,8
81,4,0,0,3.71,1.83,1,105,4.49,9.58,9.11,91.86,urban,personalcare,festival,66
81,4,0,0,7.3,4.45,0,97,7.1,13.86,3.09,103.79,urban,snacks,construction,61
81,4,0,0,4.36,1.96,0,65,5.26,11.2,2.97,107.93,urban,fresh,construction,57
81,4,0,0,3.68,2.36,0,128,3.6,13.11,6,107.34,suburban,beverages,sports,96
81,4,0,0,9.37,1.28,0,43,10.26,15.53,6.9,96.64,urban,homecare,none,41
81,4,0,0,9.38,1.41,0,130,10.84,5.13,2.03,110.32,urban,homecare,festival,63
81,4,0,0,9.33,10.92,0,83,8.55,11.52,7.52,101.16,urban,homecare,festival,65
81,4,0,0,1.74,0.42,0,62,1.67,21.24,9.74,110.72,urban,snacks,sports,52
82,5,0,1,4.32,17.53,0,141,4.29,15.06,5,103.84,urban,personalcare,construction,70
82,5,0,1,9.88,0.32,0,136,10.47,16.96,3.42,101,suburban,homecare,festival,109
82,5,0,1,4.11,1.76,0,94,3.74,13.06,0,105.41,urban,snacks,construction,80
82,5,0,1,2.66,23.27,1,202,2.36,13.82,3.67,103.64,rural,beverages,festival,152
82,5,0,1,8.82,17.4,0,92,8.02,16.51,1.84,109.58,suburban,homecare,festival,66
82,5,0,1,1.81,1.36,1,162,1.75,15.41,12.24,98.19,suburban,beverages,sports,53
82,5,0,1,1.78,1.63,1,109,2.1,7.7,3.57,101.55,suburban,snacks,festival,55
82,5,0,1,4.78,1.47,0,143,5.68,14.85,0,106.55,suburban,beverages,sports,116
82,5,0,1,3.95,2.32,0,125,3.78,13.22,0,102.28,urban,fresh,festival,51
82,5,0,1,6.15,2.43,0,124,5.72,12.8,0,99.27,urban,fresh,none,124
82,5,0,1,7.56,0.69,0,102,6.45,21.19,0.09,106.64,urban,homecare,none,12
82,5,0,1,1.1,2.64,0,90,1.45,15.25,5.89,102.81,suburban,fresh,none,52
82,5,0,1,2.34,0,0,147,2.19,14.48,0,102.37,urban,beverages,none,73
82,5,0,1,5.63,17.28,1,95,5.67,14.43,0.52,103.78,suburban,snacks,none,95
82,5,0,1,8.14,4.93,1,76,8.61,17.95,13.88,91.38,rural,homecare,sports,5
82,5,0,1,4.07,2.99,0,69,4.48,16.13,0,99.85,rural,beverages,none,69
82,5,0,1,7.98,2.65,1,57,5.81,23.01,2.8,103.58,urban,homecare,none,57
82,5,0,1,11.03,16.82,1,88,11.93,12.42,1.79,98.74,rural,homecare,none,76
82,5,0,1,4.72,11.8,1,185,5.3,21.72,0,106.26,urban,fresh,sports,180
82,5,0,1,2.45,15.35,1,110,2.97,6.48,7,104.21,rural,beverages,festival,110
82,5,0,1,4.96,1.56,0,145,5.5,14.98,7.32,111.91,rural,fresh,festival,46
82,5,0,1,3.79,8.54,0,119,3.72,10.3,0,99.74,rural,snacks,sports,71
82,5,0,1,4.09,2.76,0,76,3.82,11.23,0,110.36,suburban,beverages,sports,76
82,5,0,1,2.5,1.85,0,104,2.56,18.31,0,102.33,suburban,snacks,festival,63
82,5,0,1,2.56,15.96,0,246,2.77,18.18,6.82,109.67,suburban,beverages,festival,120
82,5,0,1,5.11,2.35,1,182,5.18,21.25,13.5,93.4,suburban,beverages,construction,117
82,5,0,1,2.31,1.12,1,106,2.09,12.45,4.56,91.22,urban,snacks,none,67
82,5,0,1,3.35,0.29,0,91,2.82,22.21,0,99.76,rural,beverages,none,61
82,5,0,1,2.6,1.59,1,129,2.66,12.38,0,107.19,urban,beverages,festival,129
82,5,0,1,3.01,15.43,0,50,3.66,15.56,0,92.4,urban,snacks,none,50
82,5,0,1,5.73,1.47,0,113,7.02,13.1,1.84,105.13,urban,personalcare,sports,78
82,5,0,1,7.97,2.29,0,13,8.09,12.68,9.96,99.27,urban,personalcare,construction,13
82,5,0,1,3.86,0.74,0,92,3.72,19.01,0,106.14,suburban,snacks,none,75
82,5,0,1,3.12,1.99,0,96,2.9,24.25,4.71,95.64,urban,snacks,none,96
82,5,0,1,3.55,0.74,0,80,3.7,17.46,15.04,95.96,urban,snacks,none,21
83,6,0,1,4.6,3.82,0,44,4.52,4.42,1,102,urban,personalcare,none,44
83,6,0,1,7.78,2.51,1,33,8.72,15.59,0,106.72,rural,homecare,construction,33
83,6,0,1,4.38,0.15,0,98,4.5,2.82,4.62,102.35,urban,fresh,sports,85
83,6,0,1,11.26,16.39,0,107,11.94,13.36,0,89.86,urban,homecare,none,48
83,6,0,1,6.64,3.3,0,92,6.69,16.33,0,102.11,urban,fresh,construction,53
83,6,0,1,5.14,3.5,1,166,5.56,14.43,16.48,102.14,urban,beverages,festival,166
83,6,0,1,7.19,0,0,82,8.43,17.81,0,103.52,suburban,homecare,none,38
83,6,0,1,5.59,15.44,0,141,5.4,8.07,0,106.03,suburban,fresh,none,141
83,6,0,1,4.13,9.76,0,82,4.39,14.8,5.77,109.67,suburban,personalcare,construction,51
83,6,0,1,7.12,20.75,0,117,6.3,13.77,5.96,103.94,suburban,homecare,none,84
83,6,0,1,6.21,0,0,67,6.95,10.38,4.59,99.84,rural,personalcare,festival,33
83,6,0,1,3.88,1.05,0,107,3.73,19.47,0,102.19,rural,beverages,none,51
83,6,0,1,8.59,26.04,1,161,10.9,18.49,0.85,110.46,suburban,homecare,none,63
83,6,0,1,2.49,3.1,1,125,2.75,20.1,0,103.91,suburban,personalcare,sports,60
83,6,0,1,2.46,2.14,0,76,2.6,20.71,7.08,100.62,urban,personalcare,none,31
83,6,0,1,5.15,1.91,0,80,4.47,15.92,7.1,102.6,rural,beverages,sports,57
83,6,0,1,4.94,0,0,125,4.91,16.79,0,109.02,rural,snacks,none,16
83,6,0,1,4.06,3.5,1,81,3.85,17.26,0,99.77,rural,snacks,construction,6
83,6,0,1,2.02,1.71,0,89,1.76,7.15,5.93,105.93,urban,snacks,none,56
83,6,0,1,5.57,2.49,0,112,5.87,18.65,4.64,97.19,urban,fresh,festival,93
83,6,0,1,3.09,1.61,0,57,3.35,15.45,2.79,97.72,suburban,snacks,none,32
83,6,0,1,8.78,2.3,1,138,9.13,15.78,2.24,106.09,urban,homecare,sports,52
83,6,0,1,3.55,1.58,1,105,3.82,6.52,10.19,102.83,suburban,beverages,construction,64
83,6,0,1,3.88,0.29,0,247,3.35,18.66,10.82,105.59,suburban,beverages,festival,126
83,6,0,1,4.2,16.39,0,172,3.68,10.38,5.17,101.9,suburban,beverages,none,122
83,6,0,1,7.04,26.39,0,114,6.02,19.47,3.14,100.4,urban,homecare,construction,72
83,6,0,1,5.05,4.96,1,122,5.74,6.37,0,101.25,suburban,beverages,none,60
83,6,0,1,3.38,0.28,0,11,2.84,18.97,8.43,103.2,suburban,snacks,none,11
83,6,0,1,4.27,9.18,0,128,4.62,10.74,6.33,103.48,suburban,beverages,none,90
83,6,0,1,6.05,1.97,0,81,6.84,12.57,4.94,96.54,suburban,homecare,sports,24
83,6,0,1,3.1,2.61,0,41,3.1,20.11,3.49,106.27,suburban,personalcare,construction,40
83,6,0,1,9.03,2.32,0,35,8.73,16.74,9.64,98.83,rural,homecare,sports,0
83,6,0,1,5.26,0.74,0,22,6.57,11.04,9.66,109.05,rural,fresh,none,22
83,6,0,1,3.23,3.03,0,74,3.11,3.93,1.77,111.97,rural,fresh,none,74
83,6,0,1,3.98,2.34,0,106,5.67,15.77,13.61,105.13,suburban,beverages,construction,49
84,0,0,0,6.25,1.59,1,42,5.04,23.04,4.9,110.29,rural,fresh,construction,42
84,0,0,0,5.22,0.93,1,122,5.66,14.36,0,104.69,urban,fresh,construction,91
84,0,0,0,10.73,2.69,1,85,11.97,13.46,0,106.07,urban,homecare,festival,85
84,0,0,0,4.22,0.24,0,43,4.17,17.22,6.61,99.52,rural,snacks,none,23
84,0,0,0,9.87,3.11,0,96,9.78,13.6,8.38,108.43,urban,homecare,festival,85
84,0,0,0,4.39,3.39,0,133,4.21,8.56,0.72,107.25,urban,snacks,sports,90
84,0,0,0,8.43,3.71,0,82,8.78,16.34,1.12,106.12,suburban,homecare,none,41
84,0,0,0,5.95,0,0,107,5.98,19.96,4.56,110.2,urban,snacks,festival,69
84,0,0,0,7.08,24.5,0,236,8.98,6.96,1.7,101.69,urban,snacks,construction,190
84,0,0,0,4.34,0.67,0,124,3.44,9.76,8.51,94.29,urban,personalcare,none,19
84,0,0,0,2.16,1.72,1,150,1.87,13.12,0,108.3,urban,beverages,none,119
84,0,0,0,3.8,2.4,0,140,4.39,12.5,0,103.07,urban,beverages,none,140
84,0,0,0,10.38,1.12,0,101,11.95,16.93,3.37,102.68,urban,homecare,none,48
84,0,0,0,5.46,3.58,0,136,4.9,16.42,1.44,97.77,suburban,fresh,construction,32
84,0,0,0,5.21,1.53,0,90,6.02,18.52,3.46,98.62,urban,beverages,festival,86
84,0,0,0,8.13,13.1,1,69,8.89,12.92,8.91,97.51,suburban,homecare,none,51
84,0,0,0,2.95,2.19,1,52,2.91,10.3,6.15,102.05,suburban,personalcare,none,52
84,0,0,0,9.71,0.33,1,103,10.51,18.86,9.58,118.57,suburban,homecare,sports,52
84,0,0,0,2.29,0.32,1,203,2.24,12.77,1.43,106.03,suburban,beverages,festival,121
84,0,0,0,5.2,0.97,0,122,5.33,21.42,4.88,110.45,urban,homecare,festival,90
84,0,0,0,5.46,15.96,0,143,5.91,14.08,0,104.05,urban,snacks,festival,95
84,0,0,0,8.02,27.84,0,70,7.63,18.79,1.7,104.11,suburban,homecare,sports,70
84,0,0,0,5.41,26,0,237,5.69,13.23,14.58,101.42,urban,snacks,festival,89
84,0,0,0,1.36,2.76,0,159,1.49,24.66,0,110.99,suburban,beverages,none,144
84,0,0,0,10.11,2.79,0,55,10.42,15.37,7.61,104.01,suburban,homecare,none,55
84,0,0,0,7.43,4.1,0,65,9.13,16.97,5.95,108.41,urban,homecare,none,48
84,0,0,0,10.6,5.29,0,80,11.64,15.46,2.69,106.72,rural,homecare,construction,10
84,0,0,0,8.71,2.91,1,92,7.94,15.22,2.89,107.22,suburban,homecare,sports,68
84,0,0,0,1.47,1.57,0,85,1.43,13.05,0,103.54,urban,snacks,none,85
84,0,0,0,3.25,2.29,0,23,3.14,12.03,5.43,100.95,rural,snacks,none,4
84,0,0,0,8.56,29.98,0,111,7.22,10.17,0.26,100.94,suburban,homecare,sports,106
84,0,0,0,4.13,11.34,0,118,3.72,10.59,0.47,114.11,rural,beverages,none,97
84,0,0,0,2.57,17.02,0,212,2.65,9.07,0,105.72,urban,fresh,festival,106
84,0,0,0,3.58,0.12,1,73,4.82,20.16,0,105.72,suburban,fresh,none,73
84,0,0,0,6.3,1.94,0,144,6.86,10.1,5.03,100.09,suburban,beverages,festival,87
85,1,0,0,5.67,0,0,80,5.79,13.05,0,98.07,suburban,beverages,none,52
85,1,0,0,3.26,0.93,0,93,3.29,11.45,11.2,110.24,suburban,beverages,construction,66
85,1,0,0,6.15,27.88,0,126,4.26,11.08,2.93,103.74,rural,beverages,none,126
85,1,0,0,10.06,12.83,0,99,11.95,13.68,7.98,99.31,suburban,homecare,none,82
85,1,0,0,3.39,3.29,0,71,3.03,7.38,0,116.23,rural,beverages,sports,71
85,1,0,0,3.47,0,0,71,3.66,11.12,0,106.34,rural,snacks,none,44
85,1,0,0,4.07,13.88,1,108,3.79,12.03,2.28,96.25,suburban,snacks,none,88
85,1,0,0,11.45,32.48,1,184,15.02,13.7,0,105.01,urban,homecare,none,103
85,1,0,0,5.02,2.94,0,117,5.24,11.79,4.03,100.54,suburban,beverages,none,115
85,1,0,0,2.81,2.09,0,71,3.24,17.06,3.31,99.04,urban,snacks,none,71
85,1,0,0,1.6,1.61,0,54,1.93,15.06,1.26,104.94,rural,beverages,none,54
85,1,0,0,3.47,14.68,0,149,3.8,12.55,2.07,93.26,suburban,snacks,none,110
85,1,0,0,4.14,1.53,0,104,3.54,18.31,0.9,104.91,urban,beverages,none,92
85,1,0,0,1.36,0.09,1,99,1.29,12.75,2.63,103.95,urban,beverages,none,95
85,1,0,0,4.39,4.69,0,101,4.8,13.18,0,109.17,suburban,beverages,construction,48
85,1,0,0,9.29,2.74,0,69,9.14,7.96,7.8,100.88,urban,homecare,construction,41
85,1,0,0,2.97,1.45,1,89,2.88,5.83,6.39,110.69,urban,snacks,construction,66
85,1,0,0,9.92,0,0,77,12.08,9.66,0,106.25,suburban,homecare,festival,77
85,1,0,0,3.75,3.55,0,59,4.28,13.87,0.69,101.11,urban,snacks,none,59
85,1,0,0,4.88,4.25,0,74,5.92,13.1,10.39,104.6,rural,beverages,none,74
85,1,0,0,6.52,2.85,1,5,6.73,18.74,6.44,107.84,rural,homecare,construction,5
85,1,0,0,1.92,2.97,0,80,2.07,12.87,3.55,105.83,suburban,fresh,none,80
85,1,0,0,3.24,0.91,0,100,3.2,17.75,4.54,106.52,urban,fresh,sports,100
85,1,0,0,5.1,0.96,1,80,5,10.82,7.72,109.54,urban,personalcare,none,49
85,1,0,0,5.72,1.6,0,38,6.05,18.94,8.95,100.03,urban,homecare,none,10
85,1,0,0,7.39,3.31,0,8,7.31,16.86,6.88,95.06,rural,homecare,none,0
85,1,0,0,9.84,0.06,0,100,10.63,12.9,0,101.19,suburban,homecare,festival,43
85,1,0,0,3.19,1.34,0,78,2.73,20.87,0,102.89,suburban,beverages,none,78
85,1,0,0,6.38,3.35,0,120,6.87,15.44,3.58,100.29,suburban,beverages,construction,98
85,1,0,0,2.93,26.6,0,223,2.6,18.97,6.89,103.06,urban,beverages,none,219
85,1,0,0,3.19,8.62,1,170,3.51,12.02,5.14,106.1,urban,snacks,none,86
85,1,0,0,9.15,0,1,88,8.65,6.11,3.03,97.56,urban,homecare,none,35
85,1,0,0,8.03,23.14,1,182,8.65,20.39,1.89,107.31,urban,snacks,sports,177
85,1,0,0,9.3,0.16,0,124,9.4,18.17,5.21,103.99,urban,homecare,none,62
85,1,0,0,3.84,2.82,0,29,3.32,12.61,1.78,107.32,suburban,personalcare,construction,29
86,2,0,0,4.16,7.02,0,196,3.84,14.93,3.8,106.24,suburban,fresh,none,75
86,2,0,0,9.13,4.2,0,35,10.56,12.48,6.4,104.51,suburban,homecare,none,35
86,2,0,0,1.1,0,0,87,1.08,10.61,0,114.05,rural,fresh,festival,11
86,2,0,0,6.92,15.64,0,173,8.46,22.93,6.16,107.7,suburban,fresh,construction,128
86,2,0,0,2.79,5.64,0,79,2.85,24.5,0,109.69,suburban,snacks,none,57
86,2,0,0,11.17,0.14,1,60,10.78,17.8,6.49,103.01,rural,homecare,construction,0
86,2,0,0,4.04,1.4,0,92,4.09,16.17,0.37,101.6,suburban,beverages,festival,92
86,2,0,0,3.19,27.7,0,186,3.79,19.93,14.7,102.2,urban,snacks,festival,179
86,2,0,0,3.59,4.72,0,42,3.37,15.07,5.03,108.01,rural,beverages,construction,42
86,2,0,0,3.55,2.85,1,181,3.67,7.31,2.07,102.69,urban,beverages,festival,137
86,2,0,0,6.73,17.53,0,102,6.35,14.45,0.61,100.37,suburban,snacks,none,102
86,2,0,0,8.49,21.76,0,103,8.49,19.18,0,106.34,suburban,homecare,construction,62
86,2,0,0,5.1,3.01,1,99,4.51,19.99,9.75,102.15,urban,fresh,sports,62
86,2,0,0,3.01,9.06,0,168,2.83,11.88,6.62,100.24,suburban,snacks,festival,97
86,2,0,0,3.98,2.15,0,149,4.42,10.03,4.08,98.37,urban,snacks,festival,66
86,2,0,0,2.31,1.72,1,151,2.19,12.4,12.55,106.08,urban,snacks,none,70
86,2,0,0,4.2,4.17,0,97,3.99,21,4.95,104.3,rural,snacks,none,51
86,2,0,0,5.8,0.25,0,151,6.33,14.33,7.86,95.76,urban,beverages,none,75
86,2,0,0,4.43,1.03,0,188,4.96,15.73,0.66,99.8,urban,beverages,none,111
86,2,0,0,2.82,1.74,1,94,2.73,14.5,4.2,97.28,rural,snacks,sports,39
86,2,0,0,5.78,3.39,1,131,4.95,6.31,0,108.93,rural,beverages,none,82
86,2,0,0,1.96,1.97,0,66,1.53,15.96,0,102.42,rural,snacks,none,47
86,2,0,0,3.66,4.42,0,176,3.89,15.73,0,104.92,suburban,beverages,none,135
86,2,0,0,4.49,0.74,0,82,5.68,18.86,3.84,100.4,suburban,snacks,none,75
86,2,0,0,4.5,29.2,0,193,5.2,20.76,11.2,99.53,suburban,beverages,sports,181
86,2,0,0,2.91,13.73,0,81,2.81,22.19,0,103.89,rural,personalcare,construction,70
86,2,0,0,2.07,2.96,1,41,1.92,8,5.73,101.74,rural,fresh,none,41
86,2,0,0,3.62,4.39,1,169,4.46,14.75,0.76,101.18,urban,beverages,none,149
86,2,0,0,3.48,0,0,121,3.65,14.85,3.54,101.44,urban,fresh,construction,51
86,2,0,0,6.63,1.31,0,39,6.11,18.73,3.07,99.72,suburban,homecare,festival,19
86,2,0,0,3.41,21.68,0,193,3.44,8.82,2.75,104.35,suburban,beverages,construction,83
86,2,0,0,5.13,3.41,1,120,5.79,12.58,0.32,112.95,suburban,snacks,festival,99
86,2,0,0,3.91,24.45,0,151,4.32,18.08,0.82,115.66,rural,snacks,sports,137
86,2,0,0,4.09,0,0,125,4.67,15.58,1.93,101.7,urban,fresh,none,60
86,2,0,0,8.78,13.82,0,105,9.97,19.48,3.86,101.83,urban,homecare,construction,43
87,3,0,0,3.21,23.45,0,203,3.47,15.79,2.99,96.17,suburban,beverages,none,203
87,3,0,0,2.58,17.48,0,192,2.74,23.11,0,104.71,suburban,beverages,festival,192
87,3,0,0,6.88,3.04,1,123,7.28,12.81,8.44,101.58,urban,fresh,sports,123
87,3,0,0,4.13,2.44,1,161,3.96,17.47,0,93.46,urban,beverages,none,161
87,3,0,0,5.37,1,0,81,6.14,17.33,4.51,102.95,urban,homecare,sports,81
87,3,0,0,1.75,0,0,155,1.61,19.24,6.22,101.89,urban,beverages,festival,99
87,3,0,0,7.7,0.54,0,110,7.66,10.84,12.53,98.14,urban,homecare,festival,83
87,3,0,0,7.8,1.15,0,60,7.8,7.68,1.55,98.44,rural,homecare,none,0
87,3,0,0,4.48,18.57,1,163,5.62,11.06,8.47,109.51,rural,beverages,none,142
87,3,0,0,5.07,0.07,0,107,4.49,19.33,5.66,104.9,rural,beverages,construction,51
87,3,0,0,1.48,5.85,0,166,1.52,20.78,0,101.6,suburban,beverages,none,106
87,3,0,0,7.31,3.38,0,104,9.61,24.09,2.02,103.18,urban,homecare,festival,85
87,3,0,0,3.21,0.83,0,49,3.65,11.43,0,96.27,suburban,personalcare,none,49
87,3,0,0,4.48,0.66,0,179,6.33,15.01,5.23,102.41,urban,beverages,none,113
87,3,0,0,4.96,1.91,0,149,5.04,16.65,4.12,98.93,suburban,snacks,festival,100
87,3,0,0,4.25,14.85,1,169,3.94,17.84,5.99,101.94,urban,beverages,construction,116
87,3,0,0,4.33,2.28,0,90,4.53,13.14,0,99.58,urban,fresh,festival,83
87,3,0,0,5.76,3.76,0,101,5.28,10.51,2.63,96.97,urban,beverages,construction,88
87,3,0,0,12.5,1.76,1,54,11.94,15.66,0.83,99.6,rural,homecare,none,3
87,3,0,0,9.6,2.4,0,86,10.49,16.96,0,106.17,urban,homecare,none,76
87,3,0,0,3.31,1.53,0,64,3.42,15.83,5.62,107.7,suburban,personalcare,none,64
87,3,0,0,5.09,14.52,0,115,6.32,12.67,2.35,102.62,urban,snacks,none,115
87,3,0,0,9.6,20.24,0,97,9.22,11.52,2.37,101.07,urban,homecare,festival,97
87,3,0,0,4.85,17.59,0,164,4.29,11.62,4.92,100.31,suburban,beverages,sports,123
87,3,0,0,5.51,1.98,0,97,6.3,21.16,10.8,98.63,urban,snacks,none,78
87,3,0,0,4.03,1.67,1,64,4.08,10.47,4.87,100.7,suburban,fresh,none,64
87,3,0,0,7.91,0,0,76,7.46,8.29,0,108.55,suburban,homecare,sports,55
87,3,0,0,6.76,1.85,0,99,8.25,15.86,0,102.72,urban,fresh,sports,52
87,3,0,0,11.46,13.83,0,70,11.46,15.34,2.48,104.57,rural,homecare,sports,38
87,3,0,0,3.32,2.87,0,36,3.46,19.46,12.42,102.9,urban,personalcare,none,36
87,3,0,0,2.55,4.33,1,102,2.75,18.64,0,108.32,suburban,snacks,construction,93
87,3,0,0,4.31,1.57,1,173,4.93,19.09,1.12,103.6,urban,fresh,festival,52
87,3,0,0,2.57,7.13,1,84,2.91,14.01,0,105.46,suburban,snacks,construction,43
87,3,0,0,3.73,15.33,0,125,4.04,12.62,0.69,107.08,rural,snacks,sports,99
87,3,0,0,10.36,2.36,1,116,10.62,15.87,6.17,93.71,suburban,homecare,festival,62
88,4,0,0,5.07,0.67,1,105,5.16,16.91,0.99,99.86,rural,beverages,none,71
88,4,0,0,9.15,3.54,0,111,9,15.48,15.64,99.27,urban,homecare,festival,81
88,4,0,0,3.58,22.38,0,170,4.31,16.04,6.07,111.3,suburban,fresh,none,168
88,4,0,0,2.1,3.68,1,84,2,19.25,4.26,103.11,rural,personalcare,none,78
88,4,0,0,1.1,28.97,0,207,1,17.34,0,100.92,suburban,beverages,none,207
88,4,0,0,4.97,5.83,0,108,4.45,13.57,6.69,97.26,urban,snacks,none,108
88,4,0,0,4.96,20.6,0,193,5.24,19.6,0,91.52,suburban,beverages,none,193
88,4,0,0,8.94,3.19,0,65,8.07,23.14,10.96,104.52,urban,homecare,sports,32
88,4,0,0,5.11,1.88,1,131,5.78,13.5,0,107.34,suburban,snacks,none,79
88,4,0,0,4.67,1.55,1,122,5.49,11.04,3.75,107.12,suburban,fresh,none,56
88,4,0,0,7.8,7.26,0,83,7.98,16.09,0,99.06,urban,homecare,none,50
88,4,0,0,5.84,18.17,0,195,6.07,12.46,0,93.68,urban,fresh,festival,195
88,4,0,0,2.16,0.4,1,197,2.68,27.67,5.24,105.26,urban,beverages,none,139
88,4,0,0,5.34,24.86,0,226,6.28,15.46,2.2,114.53,urban,fresh,festival,186
88,4,0,0,3,1.23,0,109,3.03,14.68,5.41,107.87,urban,snacks,none,70
88,4,0,0,7.36,0.61,0,97,8.55,12.56,17.14,109.6,suburban,homecare,construction,27
88,4,0,0,3.99,1.32,0,79,4.05,12.72,1.89,100.38,urban,snacks,none,79
88,4,0,0,5.92,3.47,1,114,5.33,21.4,1.27,100.46,urban,fresh,sports,100
88,4,0,0,5.84,2.35,0,143,5.61,16.5,0,107.65,urban,fresh,none,101
88,4,0,0,2.24,0,0,73,2.12,15.76,0,103.53,suburban,beverages,none,73
88,4,0,0,4.56,3.22,1,120,5.72,11.01,3.64,91.25,suburban,beverages,none,120
88,4,0,0,5.18,0,1,96,4.95,15.03,0,104.51,suburban,fresh,none,65
88,4,0,0,4.9,4.93,0,52,4.5,22.48,10.19,98.65,rural,snacks,none,49
88,4,0,0,7.84,0,0,45,6.36,14.05,3.91,103.72,suburban,homecare,none,25
88,4,0,0,9.6,1.91,1,39,10.38,8.91,8.86,107.62,suburban,homecare,none,39
88,4,0,0,4.67,2.52,0,74,5.59,19.75,1.44,94.62,urban,personalcare,none,67
88,4,0,0,4.48,2.55,1,117,5,17.59,5.99,103.93,urban,personalcare,sports,78
88,4,0,0,5.29,21.61,0,174,5.29,14.43,0,102.3,suburban,beverages,none,137
88,4,0,0,5.81,0.96,0,71,5.98,16.81,0,105.76,rural,beverages,none,71
88,4,0,0,3.63,0,0,54,3.92,12.88,1.16,102.27,urban,personalcare,construction,34
88,4,0,0,4.37,4.1,0,117,4.46,17.56,0.93,103.03,suburban,beverages,none,117
88,4,0,0,3.7,11.65,1,148,3.66,19.39,10.75,102.74,suburban,beverages,construction,58
88,4,0,0,6.59,9.36,0,120,7.27,18.48,4.58,103.07,rural,snacks,sports,63
88,4,0,0,5.29,0,1,117,5.47,13.89,5.45,106.37,suburban,snacks,festival,87
88,4,0,0,2.67,3.93,0,163,2.4,7.87,6.33,108.58,urban,snacks,festival,110
89,5,0,1,4.75,2.25,1,76,4.71,14.87,6.49,98.25,suburban,personalcare,construction,23
89,5,0,1,4.86,13.13,0,91,3.99,14.78,1.24,102.12,suburban,personalcare,construction,18
89,5,0,1,3.56,3.23,1,178,4.55,20.13,5.45,91.84,urban,beverages,none,78
89,5,0,1,1.18,3.05,0,133,1.26,17.08,1.08,100.55,urban,beverages,none,105
89,5,0,1,4.8,15.63,0,164,4.28,17.16,0,110.51,suburban,beverages,sports,164
89,5,0,1,3.41,4.23,1,135,4.13,9.66,6.19,109.7,rural,fresh,none,48
89,5,0,1,10.13,3.04,1,61,10.88,14.25,0.97,103.95,rural,homecare,construction,7
89,5,0,1,6.34,1.34,0,49,5.68,26.83,0,100.19,urban,personalcare,none,49
89,5,0,1,4.18,0.84,0,82,4.68,19.02,1.13,98.69,suburban,fresh,none,51
89,5,0,1,4.89,2.14,1,94,4.18,10.53,6.77,107,urban,fresh,none,75
89,5,0,1,2.44,1.57,0,90,2.73,18.68,9.69,107.35,suburban,beverages,construction,41
89,5,0,1,2.07,2.86,0,132,1.97,21.52,0,101.94,suburban,beverages,construction,88
89,5,0,1,4.65,20.1,0,136,5.5,11.92,1.97,105.66,rural,fresh,sports,136
89,5,0,1,3.42,4.76,0,123,2.48,11.63,0,104.73,suburban,snacks,none,57
89,5,0,1,3.92,5.23,0,136,3.87,13.32,0,107.24,suburban,beverages,festival,136
89,5,0,1,6.45,3.71,1,139,6.57,16.37,0,109.77,rural,fresh,sports,88
89,5,0,1,4.53,1.34,0,16,4.82,12.32,2.77,99.47,rural,fresh,none,16
89,5,0,1,5.71,2.65,0,188,6.85,14.26,9.55,102.41,suburban,beverages,festival,122
89,5,0,1,2.52,0.53,0,101,3.1,21.7,0,102.37,urban,snacks,construction,78
89,5,0,1,3.81,17.49,0,140,4,21.13,2.42,99.94,urban,personalcare,festival,129
89,5,0,1,4.73,3.62,0,122,5.65,14.54,0,108.89,suburban,beverages,none,122
89,5,0,1,9.27,26.05,1,45,7.49,19.91,6.08,96.17,rural,homecare,sports,44
89,5,0,1,6.13,10.35,0,90,5.65,16.26,3.62,115.22,suburban,snacks,sports,90
89,5,0,1,10.3,15.01,0,4,9.11,12.18,2.32,96.64,suburban,homecare,none,4
89,5,0,1,2.05,0,0,78,2.3,14.82,5.71,109.53,suburban,fresh,construction,34
89,5,0,1,4.85,0,1,57,5.07,17.17,2.39,108.25,rural,beverages,none,57
89,5,0,1,3.84,17.91,0,121,4.24,20.18,4.68,97.21,suburban,personalcare,sports,102
89,5,0,1,3.44,11.25,0,117,3.54,12.92,2.85,94.3,rural,beverages,none,66
89,5,0,1,4.72,1.96,0,49,4.7,7.3,4.69,103.97,rural,snacks,construction,49
89,5,0,1,4.92,0,1,90,5.92,19.85,4.04,97.27,rural,fresh,none,90
89,5,0,1,7.71,0,0,68,9.06,19.09,10.27,111.06,suburban,homecare,none,8
89,5,0,1,6.35,2.48,0,101,6.44,12.84,4.02,107.05,suburban,snacks,sports,82
89,5,0,1,4.22,3.34,0,144,5.12,9.4,5.54,100.69,suburban,snacks,construction,41
89,5,0,1,5.66,0.51,0,36,6.32,21.93,5.78,106.31,urban,fresh,none,36
89,5,0,1,3.9,2.36,1,77,5.08,14.6,3.39,98.55,rural,beverages,none,77
90,6,0,1,10.78,0.23,0,106,9.36,16.69,1.94,102.36,suburban,homecare,festival,62
90,6,0,1,6.15,0,1,169,6.88,9.52,0,100.03,urban,beverages,none,121
90,6,0,1,5.83,1.78,0,39,7.12,16.99,1.74,108.72,rural,snacks,sports,39
90,6,0,1,3.83,14.22,0,133,4.4,15.45,1.84,91.01,suburban,beverages,none,113
90,6,0,1,3.38,3.57,1,137,3.95,9.34,0.01,106.4,suburban,beverages,construction,75
90,6,0,1,4.89,2.97,0,37,5.03,14,10.93,104.37,urban,fresh,none,37
90,6,0,1,3.44,24.51,0,106,3.5,9.24,0,104.79,suburban,snacks,none,106
90,6,0,1,8.98,1.66,0,50,8.31,15.12,7.93,102.01,suburban,homecare,none,0
90,6,0,1,7.01,1.7,0,101,8.18,18.25,8.71,100.73,suburban,snacks,sports,41
90,6,0,1,6.33,0.57,0,81,5.62,12.39,3.31,107.79,suburban,fresh,none,55
90,6,0,1,5.9,3.41,0,88,5.76,10.35,8.23,100.09,urban,beverages,sports,88
90,6,0,1,5.95,0,0,71,4.38,12.19,6.38,95.23,suburban,homecare,sports,8
90,6,0,1,3.46,0,0,47,3.16,12.73,1.94,90.24,suburban,personalcare,none,46
90,6,0,1,9.61,25,0,99,9.85,15.88,5.22,107.63,urban,homecare,sports,83
90,6,0,1,5.55,16.55,0,91,6.32,10.66,2.55,102.8,urban,personalcare,none,91
90,6,0,1,3.12,3.16,0,37,3.05,13.96,0,100.87,rural,fresh,construction,37
90,6,0,1,8.41,1.76,0,42,9.29,10.89,1.29,99.13,rural,homecare,festival,42
90,6,0,1,5.32,4.93,0,120,5.07,17.61,3.05,102.1,rural,fresh,none,51
90,6,0,1,1.83,5.42,0,105,2.14,16.5,4.43,89.62,suburban,snacks,none,93
90,6,0,1,4.18,0,0,124,4.14,18.5,1.07,105.58,urban,snacks,festival,124
90,6,0,1,2.6,0,0,105,2.9,14.04,6.83,100.58,suburban,snacks,sports,26
90,6,0,1,4.99,0.89,0,70,5.66,14.73,0,96.94,suburban,fresh,sports,70
90,6,0,1,3.87,2.76,0,99,4.64,10.31,5.14,101.03,urban,snacks,none,55
90,6,0,1,4.82,0,1,117,5.42,16.47,11.07,99.07,rural,snacks,none,47
90,6,0,1,7.35,17.43,1,58,8.15,20.78,0,102.91,rural,homecare,construction,53
90,6,0,1,4.24,2.55,0,120,4.21,14.77,0,103.52,suburban,fresh,festival,76
90,6,0,1,3.42,1.3,1,71,2.86,14.56,6.78,112.37,suburban,snacks,festival,71
90,6,0,1,3.14,23.31,0,211,3.41,15.87,4.4,101.2,suburban,fresh,festival,153
90,6,0,1,6.61,17,1,92,7.11,16.25,8.55,105.18,rural,homecare,none,56
90,6,0,1,1.71,8.21,0,113,2.22,15.07,3.2,102.72,urban,snacks,none,104
90,6,0,1,5.67,1.3,0,58,5.21,18.47,1.59,103.17,rural,snacks,festival,58
90,6,0,1,5.79,13.85,0,163,7.41,14.73,0,95.5,suburban,fresh,sports,141
90,6,0,1,6.92,4.54,0,79,6.52,8.79,4.56,104.88,suburban,homecare,festival,67
90,6,0,1,4.5,5.12,0,111,4.61,14.48,5.6,101.8,urban,snacks,none,111
90,6,0,1,1.1,3.58,0,40,1.48,6.84,7.63,97.28,suburban,snacks,construction,36
91,0,0,0,5.64,3.47,1,128,6.95,18.94,0.36,100.39,rural,snacks,festival,95
91,0,0,0,8.61,8.4,0,124,7.83,9.08,6.5,102.5,urban,homecare,sports,73
91,0,0,0,3.37,6.39,0,156,3.68,10.14,0,105.46,suburban,beverages,none,96
91,0,0,0,1.1,0.62,0,131,1.34,15.22,0,108.81,rural,beverages,none,78
91,0,0,0,2.85,2.25,0,28,2.82,16.8,8.54,105.08,suburban,personalcare,none,28
91,0,0,0,3.37,0.67,0,124,3.38,9.59,2.56,104.18,rural,beverages,none,94
91,0,0,0,7.32,2.14,0,100,7.13,17.41,5.61,105.32,urban,homecare,none,34
91,0,0,0,4.7,34.97,1,193,4.99,15.68,2.4,108.27,suburban,personalcare,festival,155
91,0,0,0,6.15,3.22,1,125,6.43,18.7,0.44,103.89,suburban,beverages,construction,90
91,0,0,0,8.47,29.57,0,111,10.2,19.53,0,116.81,urban,homecare,construction,111
91,0,0,0,3.6,0.24,0,37,3.84,15.78,0,107.12,rural,beverages,none,37
91,0,0,0,2.87,18.18,0,166,2.72,16.03,0.86,95.77,suburban,snacks,festival,123
91,0,0,0,4.08,0,0,81,4.17,12.75,11.34,98.22,rural,beverages,none,56
91,0,0,0,3.56,5.09,1,182,3.76,18.98,6.89,110.4,urban,beverages,none,171
91,0,0,0,4.55,13.44,0,29,4.65,14.17,6.89,103.1,rural,snacks,construction,29
91,0,0,0,3.43,0.24,0,114,3.26,17.55,0.87,108.44,suburban,beverages,festival,86
91,0,0,0,2.67,0.29,0,116,2.85,9.72,3.95,108.17,urban,snacks,none,107
91,0,0,0,6.01,14.46,0,139,7,15.02,0,106.47,urban,beverages,none,139
91,0,0,0,5.09,0,0,157,5.23,13.72,0,107.42,suburban,beverages,festival,137
91,0,0,0,9.11,2.38,0,86,9.53,13.48,0.37,102.45,urban,homecare,none,46
91,0,0,0,3.87,2.57,0,123,4.3,16.89,4.97,98.41,urban,beverages,none,122
91,0,0,0,7.91,0.07,1,93,8.4,9.6,0,100.4,suburban,homecare,none,57
91,0,0,0,4.89,0.66,0,65,5.42,20.05,2.39,107.62,urban,fresh,construction,65
91,0,0,0,3.53,3.71,1,75,3.81,14.23,0,105.4,rural,beverages,construction,75
91,0,0,0,3.3,36.02,0,229,4.32,15.31,2.97,101.35,urban,snacks,none,138
91,0,0,0,3.52,24.13,0,167,3.23,16.77,12.1,98.92,urban,snacks,sports,150
91,0,0,0,4.71,2.01,0,137,4.86,18.83,0,109.44,suburban,beverages,sports,105
91,0,0,0,2.75,22.96,0,149,3.19,12.92,5.44,96.42,rural,snacks,none,114
91,0,0,0,1.86,1.02,1,102,1.85,19.61,0.19,107.27,suburban,snacks,none,98
91,0,0,0,11.17,2.78,0,25,13.28,9.23,0,99.4,rural,homecare,none,25
91,0,0,0,4.18,2.16,1,129,4.51,9.91,11.9,105.61,suburban,beverages,none,83
91,0,0,0,6.39,14.84,1,162,6.43,16.48,2.42,100.77,rural,homecare,festival,99
91,0,0,0,5.37,2.58,0,81,5.77,12.2,2.73,98.1,suburban,snacks,festival,75
91,0,0,0,4.51,4.9,0,132,4.78,18.9,6.32,97.96,urban,fresh,construction,91
91,0,0,0,6.21,0.8,1,128,6.37,22.4,1.44,104.36,suburban,personalcare,none,34
92,1,0,0,8.98,14.09,0,85,9.44,20.66,4.13,104.56,suburban,homecare,festival,48
92,1,0,0,11.42,1.72,0,58,11.11,12.99,0,107.36,urban,homecare,construction,38
92,1,0,0,8.18,0,0,75,6.77,16.42,7.2,96.8,suburban,homecare,none,40
92,1,0,0,4.27,0.8,0,38,4.62,19.12,4.97,92.75,rural,fresh,none,38
92,1,0,0,4.32,2.78,0,131,4.57,11.77,0,109.38,urban,fresh,none,92
92,1,0,0,7.61,1.29,0,89,7.71,13.09,0,107.43,suburban,homecare,festival,82
92,1,0,0,2.4,25.88,0,258,2.74,18.82,0,102.31,suburban,beverages,none,174
92,1,0,0,7.01,1.6,0,115,4.87,13.73,0.04,92.5,urban,snacks,construction,32
92,1,0,0,6.41,3.22,1,170,6.99,14.49,0,107.15,rural,snacks,festival,58
92,1,0,0,2.34,0,0,108,2.73,19.79,0,107.85,suburban,snacks,none,58
92,1,0,0,4.54,0,0,68,4.63,13.86,3.82,112.63,rural,personalcare,none,55
92,1,0,0,3.44,2.62,0,97,4.11,18.88,11.82,100.75,urban,fresh,sports,97
92,1,0,0,3.58,3.19,1,122,4.57,11.94,9.68,103.17,rural,fresh,sports,77
92,1,0,0,3.3,22.67,0,260,3.75,19.49,7.27,112.22,urban,beverages,none,151
92,1,0,0,4.31,3.83,1,148,4.3,13.37,2.97,104.35,rural,snacks,none,45
92,1,0,0,10.58,3.16,0,103,10.37,16.54,5.86,99.35,urban,homecare,none,66
92,1,0,0,3.72,1.52,1,116,4.11,14.5,0.67,98.59,suburban,beverages,none,89
92,1,0,0,3.26,0,0,95,3.34,21.47,10.77,99.72,urban,fresh,none,36
92,1,0,0,2.11,3.19,0,126,1.93,21.45,2.5,102.12,suburban,personalcare,none,36
92,1,0,0,2.38,2.22,0,55,2.54,14.22,1.39,106.57,suburban,personalcare,sports,34
92,1,0,0,2.84,16.86,0,169,3.31,12.53,0,97.43,suburban,fresh,construction,86
92,1,0,0,9.2,24.26,0,99,8.4,12.76,5.5,106.51,urban,homecare,construction,97
92,1,0,0,7.96,17.31,0,83,9.47,9.8,8.41,109.7,rural,homecare,construction,29
92,1,0,0,2.44,2.82,0,96,2.58,17.02,5.13,106.76,suburban,fresh,construction,38
92,1,0,0,5.55,2.35,1,141,6.37,14.88,0.17,103.05,urban,homecare,none,52
92,1,0,0,4.91,1.44,0,141,5.87,16.54,1.99,97.57,suburban,beverages,none,100
92,1,0,0,10.47,17.72,0,124,11.89,11.04,2.93,110.17,suburban,homecare,none,57
92,1,0,0,2.47,4.02,1,124,3.28,17.16,4.77,111.37,rural,beverages,none,77
92,1,0,0,4.66,0.27,0,86,5.15,16.64,0,94.5,urban,snacks,none,49
92,1,0,0,5.09,18.72,1,189,5.11,13.96,6.87,100.26,urban,beverages,none,167
92,1,0,0,2.01,22.44,0,149,2.17,14.29,4.81,104.71,suburban,snacks,sports,128
92,1,0,0,3.8,1.69,0,79,4.1,16.37,1.58,103.93,suburban,fresh,construction,55
92,1,0,0,4.46,3.2,0,92,4.83,17.67,4.19,111.94,suburban,snacks,none,64
92,1,0,0,4.62,2.32,0,108,4.4,13.22,4.82,99.82,suburban,snacks,none,55
92,1,0,0,4.68,20.91,0,163,5.37,23.12,0.89,100.61,rural,snacks,none,129
93,2,0,0,2.12,4.51,1,81,2.09,18.6,3.39,108.9,rural,fresh,none,46
93,2,0,0,7.96,5.18,1,123,7.82,18.01,0,102.42,rural,beverages,none,121
93,2,0,0,8.98,3.24,0,80,8.69,15.82,0,93.28,rural,homecare,festival,14
93,2,0,0,3.64,0,0,75,3.82,14.3,8.93,99.03,rural,personalcare,construction,0
93,2,0,0,3.75,1.92,0,73,3.04,31.23,0,105.38,urban,fresh,none,45
93,2,0,0,3.31,2.84,1,60,3.57,17.66,5.29,103.52,rural,fresh,none,38
93,2,0,0,6.79,24.53,1,152,5.49,13.55,0,102,suburban,beverages,none,152
93,2,0,0,2.22,10.96,0,134,1.92,19.59,3.05,106.54,suburban,snacks,sports,55
93,2,0,0,4.47,0.53,0,99,4.63,14.92,9.18,98.95,urban,snacks,sports,99
93,2,0,0,6.49,12.95,0,102,6.1,19.97,2.74,98.1,suburban,homecare,none,67
93,2,0,0,5.37,4.94,0,130,6.15,14.1,1.07,99.62,suburban,beverages,none,121
93,2,0,0,4.91,23.93,0,219,4.82,21.01,0,99.93,rural,beverages,sports,200
93,2,0,0,6.12,2.2,0,104,7.32,10.66,11.02,100.68,suburban,personalcare,none,68
93,2,0,0,4.36,4.15,0,123,4.08,14.38,3.15,104.8,urban,beverages,sports,90
93,2,0,0,3.27,3.35,0,170,3.25,13.18,6.71,101.72,urban,beverages,festival,155
93,2,0,0,4.62,0.69,0,103,4.57,16.88,0,106.41,rural,beverages,none,94
93,2,0,0,5.58,5.77,0,138,5.66,14.69,1.15,98.36,urban,snacks,none,93
93,2,0,0,4.2,3.91,0,140,4.78,11.89,4.31,99.99,urban,beverages,none,79
93,2,0,0,4,1.07,0,91,3.79,20.09,8.36,98.45,suburban,snacks,none,53
93,2,0,0,5.5,23.87,0,138,6.65,16.69,0,102.31,urban,personalcare,none,44
93,2,0,0,3.89,0,1,54,3.73,15.75,2.56,101.31,suburban,personalcare,festival,54
93,2,0,0,2.7,0.87,0,127,2.83,15.58,2.91,96.84,suburban,snacks,none,79
93,2,0,0,4.57,3.58,0,120,4.62,15.32,0,101.45,suburban,fresh,sports,91
93,2,0,0,10.44,6.06,1,83,11.27,6.29,0,103.3,suburban,homecare,none,83
93,2,0,0,7.03,27.2,0,152,7.38,14.3,0,105.22,urban,homecare,construction,24
93,2,0,0,3.46,22.64,0,168,4.09,15.9,7.2,108.9,rural,fresh,none,149
93,2,0,0,1.1,1.32,0,60,1.14,22.58,10.59,102.3,urban,snacks,festival,60
93,2,0,0,7.93,4.95,1,98,6.9,11.78,0,104.53,suburban,snacks,sports,80
93,2,0,0,5.23,15.3,0,148,5.17,19.08,6.3,103.31,suburban,fresh,none,144
93,2,0,0,6.73,30.49,1,248,7.55,13.56,0,99,urban,fresh,none,211
93,2,0,0,3.51,15.42,1,155,2.95,10.87,8.23,102.42,suburban,fresh,none,127
93,2,0,0,5.47,20.34,0,174,5.97,12.72,0,99.94,suburban,fresh,none,128
93,2,0,0,6.38,1.34,1,73,6.13,14.17,2.38,105.73,suburban,homecare,none,36
93,2,0,0,1.19,3.84,1,127,1.24,17.8,5.72,100.1,urban,fresh,sports,113
93,2,0,0,9.32,26.26,0,103,11.12,19.67,7.02,97.24,suburban,homecare,none,71
94,3,0,0,3.05,0,0,25,3.27,11.74,0.81,103.9,rural,fresh,construction,0
94,3,0,0,3.06,2.41,0,95,3.29,11.39,1.52,104.51,suburban,fresh,sports,65
94,3,0,0,5.78,2.15,0,112,5.16,16.07,0,111,rural,snacks,none,94
94,3,0,0,1.23,18.05,1,224,1.27,12.42,0,114.51,suburban,beverages,construction,162
94,3,0,0,3.69,1.94,0,46,3.56,10.11,0.39,99.27,suburban,snacks,none,45
94,3,0,0,3.68,1.9,0,93,3.48,20.13,8.38,106.49,suburban,snacks,construction,39
94,3,0,0,8.73,0,1,103,10.93,15.64,0,99.12,urban,beverages,construction,103
94,3,0,0,4.46,34.42,0,230,4.99,18.14,12.25,105.26,urban,snacks,none,228
94,3,0,0,4.81,26.24,0,164,4.59,16.19,1.92,103.03,urban,snacks,none,164
94,3,0,0,4.62,2.97,0,123,4.27,16.55,4.88,109.49,suburban,personalcare,festival,79
94,3,0,0,8.14,2.92,0,34,8.91,17.55,1.93,94.14,urban,homecare,construction,34
94,3,0,0,3.82,0.11,0,81,4.11,19.77,6.35,98.9,urban,snacks,construction,73
94,3,0,0,1.6,2.99,1,116,1.45,16.15,0,103.05,urban,fresh,construction,83
94,3,0,0,3.32,18.79,1,171,3.63,20.36,3.37,104.47,urban,beverages,sports,116
94,3,0,0,6.97,31.04,1,208,9.11,11.32,0.26,96.19,urban,snacks,sports,190
94,3,0,0,7.85,17.67,0,81,8.61,18.07,5.7,106.33,suburban,homecare,none,57
94,3,0,0,4.92,1.87,1,97,5.54,8.96,0,104.65,urban,personalcare,none,37
94,3,0,0,3.47,1.29,1,94,3.6,14.35,1.22,112.7,suburban,personalcare,none,84
94,3,0,0,3.4,1.49,0,43,3.56,12.97,4.72,96.06,suburban,fresh,construction,15
94,3,0,0,3.02,29.34,0,196,2.84,15.45,0,104.61,urban,beverages,none,196
94,3,0,0,9.22,2.32,0,63,8.37,13.1,0,107,urban,homecare,none,39
94,3,0,0,4.22,0.72,0,154,5.43,21.88,8.26,95.42,urban,beverages,none,154
94,3,0,0,1.12,9.8,0,4,1.06,7.9,10.49,99.99,suburban,personalcare,none,4
94,3,0,0,9.06,3.27,1,72,9.73,14.52,0,100.24,suburban,homecare,sports,72
94,3,0,0,4.59,2.15,0,96,5.18,15.67,0,91.8,suburban,fresh,none,24
94,3,0,0,5.8,21.02,0,206,6.76,15.94,5.23,104.11,urban,beverages,festival,185
94,3,0,0,2.4,0,1,105,2.32,11.3,4.51,98.76,urban,fresh,sports,93
94,3,0,0,6.37,9.49,0,99,5.42,12.05,14.97,96.51,suburban,beverages,none,76
94,3,0,0,1.71,0,0,130,1.85,19.01,0,110.59,suburban,beverages,sports,125
94,3,0,0,5.94,4.1,1,181,6.51,19.15,7.78,102.65,urban,beverages,sports,94
94,3,0,0,9.61,1.88,0,4,9.44,14.51,0,100.06,rural,homecare,none,4
94,3,0,0,8.69,13.23,1,156,10.06,15.97,4.14,104.46,urban,fresh,sports,102
94,3,0,0,4.71,1.02,0,135,5.6,12.57,1.26,102.71,urban,snacks,sports,119
94,3,0,0,4.44,0.49,1,95,5.04,11.85,0,92.01,suburban,beverages,none,94
94,3,0,0,4.82,3.75,1,47,5.77,19.72,0,100.02,suburban,snacks,none,47
95,4,0,0,6.82,0,1,69,8.87,13.55,10.91,107.16,suburban,homecare,festival,69
95,4,0,0,4.87,2.38,1,134,6.27,17.58,2.43,110.41,suburban,beverages,festival,134
95,4,0,0,5.27,1.76,0,4,5.73,7.36,6.47,100,suburban,personalcare,none,4
95,4,0,0,4.99,0,0,126,5.14,17.95,6.06,108.77,urban,fresh,sports,59
95,4,0,0,2.23,4.06,0,120,1.9,16.59,7.88,99.9,urban,snacks,none,60
95,4,0,0,4.37,0,0,81,5.02,9.05,8.24,98.33,urban,fresh,none,57
95,4,0,0,4.24,25.91,0,189,4.35,21.42,3.75,105.45,suburban,beverages,sports,157
95,4,0,0,3.62,1.68,0,88,4.24,16.35,0,97.78,suburban,fresh,none,77
95,4,0,0,2.78,0.62,0,103,3.35,15.17,6.79,105.52,suburban,beverages,none,78
95,4,0,0,4.56,1.05,0,115,5.54,19.97,2.33,105.4,suburban,snacks,sports,100
95,4,0,0,3.21,3.12,0,171,3.4,12.18,5.73,100.66,suburban,beverages,festival,141
95,4,0,0,9.58,0.69,0,53,8.57,19.15,0,111.46,urban,homecare,none,49
95,4,0,0,5.75,0,0,73,5.05,11.95,3.4,95.01,rural,snacks,sports,73
95,4,0,0,5.05,19.22,0,165,6.08,19.65,0,92.91,suburban,snacks,none,131
95,4,0,0,3.9,24.38,0,180,4.06,14.13,8.03,91.43,suburban,beverages,festival,180
95,4,0,0,2.46,3.12,0,170,2.55,14.73,3.22,104.86,urban,beverages,none,114
95,4,0,0,7.06,0.72,1,104,9.43,14.49,0,106.1,suburban,snacks,none,104
95,4,0,0,3.8,30.14,0,224,3.87,20.89,2.32,96.69,suburban,snacks,festival,211
95,4,0,0,3.26,2.51,0,80,3.26,12.69,8.82,106.45,rural,fresh,sports,66
95,4,0,0,4.08,39.56,1,260,3.79,19.32,0,93.15,urban,beverages,sports,248
95,4,0,0,5.94,1.01,0,79,6.14,19.16,6.5,103.05,urban,snacks,construction,77
95,4,0,0,3.51,26,1,231,3.73,14.52,2.8,110.91,urban,beverages,construction,103
95,4,0,0,3.76,1.89,0,42,3.99,16.02,4.05,100.15,urban,personalcare,none,42
95,4,0,0,5.43,23.47,0,197,4.86,17.14,1.27,109.4,urban,snacks,festival,171
95,4,0,0,7.84,18.01,0,190,7.25,15.41,6.52,97.89,rural,fresh,festival,91
95,4,0,0,4.17,20.83,1,178,3.82,10.11,3.39,98.43,suburban,beverages,none,178
95,4,0,0,1.44,3.48,0,59,1.24,21.82,0,102.11,urban,personalcare,none,59
95,4,0,0,9.84,3.39,0,4,8.62,13.91,0,108.38,rural,homecare,construction,4
95,4,0,0,7.04,1.51,1,143,6.86,13.6,8.91,94.23,suburban,beverages,none,70
95,4,0,0,7.04,2.71,0,101,7.9,11.71,5.31,102.24,urban,homecare,sports,98
95,4,0,0,3.95,3.57,1,74,4.02,13.2,6.83,93.18,urban,fresh,construction,73
95,4,0,0,8.97,0.93,0,30,6.37,16.23,11.57,101.77,suburban,homecare,sports,22
95,4,0,0,5.93,3.11,0,113,6.15,11.53,1.3,97.93,urban,personalcare,none,24
95,4,0,0,7.41,19.43,0,98,7.88,19.18,4.3,110.84,rural,homecare,sports,46
95,4,0,0,6.74,2.59,0,98,6.36,21.81,0,97.96,suburban,beverages,sports,98
96,5,0,1,6,2.74,1,112,6.35,12.96,2.92,105.83,rural,beverages,festival,112
96,5,0,1,4.21,23.63,0,157,3.65,17.14,4.14,106.06,rural,fresh,none,137
96,5,0,1,4.85,2.91,1,125,5.16,19.04,4.96,102.48,suburban,fresh,sports,125
96,5,0,1,3.87,5.09,0,178,4.2,17.35,3.76,98.06,suburban,snacks,festival,85
96,5,0,1,3.37,1.94,0,174,3.04,11.74,3.58,107.14,suburban,beverages,sports,119
96,5,0,1,4.33,26.83,0,156,4.32,14.83,6.08,102.54,suburban,fresh,construction,104
96,5,0,1,2.63,0.95,0,41,3.17,9.16,8.42,100.98,suburban,personalcare,construction,0
96,5,0,1,3.23,2.46,0,66,3.17,21.12,4.2,105.88,urban,personalcare,festival,66
96,5,0,1,4.5,0.47,0,147,4.17,8.73,3.98,101.85,suburban,beverages,sports,73
96,5,0,1,8.79,0,0,115,8.5,20.44,3.21,95.28,urban,homecare,festival,21
96,5,0,1,5.09,21.06,0,174,4.98,13.03,3.99,96.77,urban,beverages,none,174
96,5,0,1,3.63,3.33,0,86,3.59,16.86,4.21,102.28,rural,beverages,none,53
96,5,0,1,3.78,26.28,0,169,4.31,13.54,0,97.85,rural,snacks,festival,118
96,5,0,1,4.63,1.61,0,119,5.44,14.52,1.96,102.27,suburban,beverages,none,56
96,5,0,1,6.75,0.95,0,130,7.49,12.12,5.9,106.01,suburban,beverages,sports,96
96,5,0,1,3.37,4.06,0,144,3.82,17.39,0,103.04,suburban,fresh,festival,109
96,5,0,1,2.52,0,1,116,3.26,15.73,1.27,101.76,urban,beverages,construction,116
96,5,0,1,6.13,3.91,1,84,7.48,14.72,5.14,98.74,suburban,homecare,none,68
96,5,0,1,2.84,1.88,1,164,3.16,16.8,5.6,112.37,suburban,fresh,festival,112
96,5,0,1,4.51,0.78,0,119,5.06,14.8,11.52,110.38,suburban,snacks,festival,80
96,5,0,1,4.43,4.24,0,124,3.48,11.75,1.8,95.42,rural,fresh,sports,18
96,5,0,1,6.65,0.55,1,85,5.47,18.73,2.13,102.64,urban,snacks,none,72
96,5,0,1,7.04,0,1,36,7.34,19.38,0,105.4,suburban,homecare,sports,36
96,5,0,1,2.41,0.98,1,112,2.62,12.58,3.49,105.71,urban,fresh,sports,112
96,5,0,1,5.48,4.73,0,107,6.17,14.08,2.6,109.01,rural,snacks,festival,107
96,5,0,1,6.97,24.94,0,144,6.62,17.3,0.49,113.4,suburban,snacks,none,144
96,5,0,1,8.47,1.56,0,87,10.19,9.92,0,104.93,suburban,homecare,none,67
96,5,0,1,4,10.56,0,115,3.5,18.47,2.44,96.44,suburban,beverages,none,115
96,5,0,1,11.53,1.99,1,104,10.78,22.99,2.63,102.64,urban,homecare,sports,30
96,5,0,1,3.24,16.95,0,76,3.41,10.35,6.79,99.59,suburban,personalcare,festival,76
96,5,0,1,3.54,1.22,0,122,3.78,18.96,0,95.2,urban,fresh,construction,61
96,5,0,1,2.62,26.25,1,208,2.64,17.99,9.68,106.05,suburban,beverages,festival,208
96,5,0,1,10.7,5.3,1,83,12.69,13.92,2.86,100.63,urban,homecare,none,79
96,5,0,1,1.87,1.14,0,85,1.73,17.3,0.41,111.1,suburban,snacks,sports,41
96,5,0,1,2.37,1.76,0,182,2.76,18.36,6.19,102.14,urban,beverages,festival,169
97,6,0,1,6.48,4.17,0,155,6.92,19.18,0.98,102.96,urban,snacks,construction,55
97,6,0,1,2.47,15.96,0,154,2.24,16.47,0,101.05,suburban,fresh,sports,106
97,6,0,1,3.74,1.13,1,88,4.27,18.53,0.71,98.75,suburban,snacks,none,55
97,6,0,1,9.17,2.83,0,118,10.8,16.85,0.71,104.16,urban,homecare,sports,38
97,6,0,1,5.93,5.12,1,90,6.35,20.93,9.66,97.48,rural,beverages,none,30
97,6,0,1,4.26,1.69,1,85,5.23,15.44,1.85,93.84,rural,snacks,construction,42
97,6,0,1,5.42,0,0,78,5.5,16.17,3.38,96.31,urban,fresh,sports,62
97,6,0,1,3.56,5.83,0,54,3.16,8.07,0,102.86,rural,personalcare,none,49
97,6,0,1,4.99,2.49,0,74,5.53,14.65,15.98,101.82,suburban,fresh,none,60
97,6,0,1,4.07,10.21,0,161,4.34,15.14,0,110.1,suburban,fresh,festival,52
97,6,0,1,4.32,1.89,0,109,4.65,22.29,6.76,106.79,urban,fresh,none,109
97,6,0,1,5.79,1.85,1,134,5.69,14.71,0,98.67,urban,beverages,sports,112
97,6,0,1,5.66,0,0,103,5.93,11.44,0.8,108.92,suburban,snacks,construction,53
97,6,0,1,3.02,17.54,0,164,2.85,18.01,2.01,101.09,urban,snacks,festival,158
97,6,0,1,11.11,3.55,0,69,12.15,19.07,0,107.63,urban,homecare,construction,69
97,6,0,1,1.1,0,0,90,0.96,7.88,6.93,102.33,suburban,beverages,none,42
97,6,0,1,6.33,0.57,0,148,6.29,20.19,0,98.74,suburban,beverages,festival,95
97,6,0,1,4.5,0.21,1,27,4.7,13.78,0,105.62,suburban,personalcare,none,27
97,6,0,1,7.26,1.66,0,130,8.23,13.82,2.14,102.66,suburban,beverages,none,103
97,6,0,1,5.53,27.23,0,248,5.02,12.83,0.25,107.7,suburban,beverages,none,145
97,6,0,1,3,0.9,0,115,3.73,19.47,2.55,104.52,suburban,fresh,sports,103
97,6,0,1,9.55,3.95,1,21,8.15,18.52,7.56,97.32,suburban,personalcare,construction,21
97,6,0,1,3.8,3.75,1,35,3.69,16.26,5.15,98.07,suburban,beverages,construction,35
97,6,0,1,3.27,1.02,1,149,4.2,17.19,0,99.61,suburban,beverages,festival,68
97,6,0,1,3.43,3.4,1,161,3.09,12.25,5.53,105.63,suburban,fresh,festival,75
97,6,0,1,4.71,22.67,0,176,5.84,19.15,0.18,97.55,suburban,snacks,sports,105
97,6,0,1,1.1,23.6,1,179,1.35,10.13,5.65,96.41,rural,snacks,none,150
97,6,0,1,2.8,1.78,1,114,2.55,17.39,5.85,98.75,urban,fresh,none,75
97,6,0,1,8.55,1.69,0,181,8.49,16.36,1.62,109.26,suburban,beverages,festival,91
97,6,0,1,6.11,10.86,0,90,4.77,16.78,0,107.37,urban,snacks,none,68
97,6,0,1,4.81,27.57,0,211,4.25,24.23,0,98.5,urban,fresh,none,181
97,6,0,1,10.86,1.77,0,67,14.39,8.68,0.73,92.97,urban,homecare,none,47
97,6,0,1,5.06,2.63,1,137,5.29,17.56,0,98.24,rural,fresh,festival,107
97,6,0,1,4.07,2.65,0,35,4.03,16.93,0,97.94,suburban,snacks,construction,35
97,6,0,1,3.69,0,0,161,4.2,15.8,0,99.13,suburban,beverages,festival,67
98,0,0,0,4.62,1.98,0,126,4.91,14.63,3.4,106.44,suburban,beverages,sports,112
98,0,0,0,3.17,0.97,0,106,3.34,10.63,0,102.89,suburban,beverages,festival,106
98,0,0,0,3.36,0.93,0,146,3.96,24.96,0,110.62,suburban,beverages,festival,144
98,0,0,0,7.13,2.61,1,99,6.75,22.55,0,104.59,suburban,homecare,none,42
98,0,0,0,6.5,1.74,0,20,8.04,15.35,3.86,105.59,rural,homecare,none,20
98,0,0,0,4.45,1.74,0,4,5.44,12.36,1.35,103.8,rural,snacks,none,4
98,0,0,0,3.4,4.96,1,126,3.28,18,1.89,103.46,suburban,snacks,sports,101
98,0,0,0,6.01,0.68,1,90,6.15,17.41,0.77,101.29,urban,fresh,none,90
98,0,0,0,5.03,3.87,0,113,5.15,12.08,2.77,101.64,urban,beverages,construction,91
98,0,0,0,1.91,0,0,110,1.9,16.05,0.87,101.13,urban,beverages,none,77
98,0,0,0,4.31,30.31,0,210,4.96,17.62,5.64,96.79,rural,fresh,construction,152
98,0,0,0,3.86,15.11,0,103,4.83,13.83,2.22,110.38,suburban,snacks,none,103
98,0,0,0,4.42,1.31,0,58,4.44,18.37,0.18,102.12,suburban,snacks,none,58
98,0,0,0,4.37,4.19,1,93,4.11,23.83,2.39,95.06,suburban,beverages,construction,72
98,0,0,0,4.92,15.37,1,95,5.18,21.11,1.68,112.49,rural,homecare,none,78
98,0,0,0,6.82,3.13,0,4,6.62,13.91,7.45,104.73,suburban,personalcare,sports,4
98,0,0,0,3.76,17.93,1,184,4.9,11.39,0,109.8,suburban,fresh,none,132
98,0,0,0,6.81,27.27,1,225,7.04,14.46,5.49,105.71,suburban,beverages,festival,218
98,0,0,0,1.1,2.47,0,155,1.23,17.94,2.31,108.35,urban,beverages,none,131
98,0,0,0,1.1,1.53,0,89,0.93,12.76,0,99.91,suburban,snacks,none,69
98,0,0,0,9.08,2.9,0,107,7.83,12.24,7.59,108.41,rural,homecare,none,26
98,0,0,0,1.4,2.04,0,116,1.2,19.72,2.26,107.73,suburban,beverages,none,116
98,0,0,0,5.3,2.49,0,29,4.98,13.33,2.67,98.82,rural,fresh,none,29
98,0,0,0,4.67,0.22,0,151,5.59,15.99,9.66,103.36,suburban,beverages,none,117
98,0,0,0,4.29,0,0,102,4.69,12.58,4.5,108.8,urban,fresh,festival,96
98,0,0,0,4.79,5.42,0,93,4.8,13.47,12.33,111.9,rural,snacks,none,52
98,0,0,0,7.49,4.41,1,98,7.34,11.4,2.88,109.48,suburban,fresh,none,69
98,0,0,0,6.45,4.1,0,151,7.04,22.82,2.12,108.09,suburban,beverages,festival,151
98,0,0,0,3.23,15.62,0,132,2.78,16.17,4.34,95.58,urban,beverages,sports,132
98,0,0,0,5.08,1.96,0,115,4.7,17.37,0,97.56,urban,snacks,sports,66
98,0,0,0,4.73,0.05,0,154,6.13,17.07,0,96.05,suburban,beverages,none,63
98,0,0,0,5.37,0.23,0,53,5.79,11.84,0,88.48,urban,homecare,none,53
98,0,0,0,3.17,0.54,0,66,3.87,10.59,6.81,117.2,urban,snacks,none,66
98,0,0,0,5.12,0.39,0,123,5.72,13.87,1.48,104.15,suburban,beverages,construction,92
98,0,0,0,3.12,8.99,1,158,3.04,18.11,4.68,101.62,urban,beverages,none,84
99,1,0,0,4.78,0,0,86,4.79,10.36,2.37,101.21,urban,personalcare,none,42
99,1,0,0,3.42,1.02,0,120,4.02,20.13,0,105.71,suburban,beverages,none,119
99,1,0,0,9.8,2.52,0,100,9.51,12.21,0.12,101.17,suburban,homecare,none,10
99,1,0,0,3.1,0.12,0,110,3.21,18.61,0.54,104.77,suburban,snacks,none,27
99,1,0,0,3.8,4.77,1,141,3.39,18.46,4.03,96.86,urban,snacks,festival,119
99,1,0,0,5.14,12.74,0,120,5.32,25.37,0,101.31,urban,fresh,construction,106
99,1,0,0,1.53,17.57,1,162,1.41,19.54,0,106.55,urban,snacks,none,156
99,1,0,0,8.5,0.23,0,65,7.51,15.82,0.05,99.11,urban,homecare,sports,44
99,1,0,0,4.33,1.81,0,87,4.54,13.99,1.07,90.6,urban,snacks,festival,65
99,1,0,0,4.25,1.72,0,153,3.72,15.89,6.48,100.64,urban,fresh,festival,81
99,1,0,0,6.12,3.14,1,89,5.1,19.08,2.2,94.25,rural,beverages,none,81
99,1,0,0,4.05,1.69,0,113,3.97,6.26,0,104.27,urban,beverages,festival,95
99,1,0,0,2.12,7.98,1,175,1.63,14.87,4.54,102.18,suburban,snacks,festival,89
99,1,0,0,2.77,11.51,0,150,3.08,10.85,0,103.84,suburban,beverages,construction,126
99,1,0,0,6.27,2.4,0,116,6.93,13.86,3.59,101.2,urban,homecare,sports,19
99,1,0,0,5.61,3.22,0,76,4.9,16.1,6.91,94.65,suburban,fresh,sports,76
99,1,0,0,10.24,0.39,1,12,10.8,16.76,2.77,100.43,suburban,homecare,none,12
99,1,0,0,1.76,2.21,0,77,1.65,12.39,14.24,108.86,rural,personalcare,sports,54
99,1,0,0,3.73,0,0,136,4.21,16.66,6.75,100.27,suburban,snacks,construction,46
99,1,0,0,4.79,2.46,0,55,4.06,18.34,10.94,100.47,suburban,fresh,none,45
99,1,0,0,5.89,0.65,0,33,4.99,14.79,9.55,98.01,rural,fresh,none,17
99,1,0,0,4.1,14.16,0,164,4.21,18.1,9.25,90.7,urban,personalcare,festival,78
99,1,0,0,7.39,1.74,0,46,8.83,17.59,0.6,102.89,suburban,homecare,sports,46
99,1,0,0,4.36,1.67,1,141,5.3,21.19,6.49,107.16,suburban,beverages,none,91
99,1,0,0,3.33,25.81,0,171,4.32,19.24,2.1,98.8,urban,fresh,none,171
99,1,0,0,6.9,1.63,0,116,6.31,21.61,4.35,103.96,urban,homecare,none,45
99,1,0,0,2.56,1.36,1,74,2.99,20.5,5.96,112.01,suburban,personalcare,none,57
99,1,0,0,8.15,1.48,0,79,7.6,18.17,0,113.89,urban,homecare,none,69
99,1,0,0,3.84,15.08,1,138,2.9,14.1,0,105.83,suburban,snacks,sports,138
99,1,0,0,6.74,1.07,0,106,5.87,15.9,10.83,105.8,suburban,beverages,none,40
99,1,0,0,4.07,3.04,0,140,3.69,14.14,0.43,106.22,urban,fresh,construction,74
99,1,0,0,2.12,1.63,1,61,1.99,15.78,4.35,93.27,suburban,personalcare,festival,61
99,1,0,0,4.24,3.9,0,94,4.17,15.67,0.01,104.8,suburban,snacks,none,75
99,1,0,0,6.28,32.48,0,136,6.26,11.64,0,98.43,suburban,snacks,construction,113
99,1,0,0,8.74,1.64,1,39,9.1,11.91,9.7,104.64,suburban,homecare,construction,0
100,2,0,0,8.33,16.48,1,137,8.29,12.63,4.08,102.81,suburban,homecare,none,63
100,2,0,0,5.19,5.81,0,92,5.93,11.76,0.79,97.94,suburban,homecare,festival,75
100,2,0,0,5.09,2.26,1,104,4.35,15.31,0,102.2,rural,fresh,sports,89
100,2,0,0,4.18,0.5,0,123,4.27,14.16,3.48,106.8,rural,beverages,festival,123
100,2,0,0,2.77,1.39,0,135,2.71,9.43,0,105.97,rural,snacks,none,60
100,2,0,0,4.84,1.75,0,94,4.08,12.37,0,101.59,suburban,snacks,construction,82
100,2,0,0,9.4,4.64,0,71,11.63,19.53,14.41,99.69,urban,homecare,none,55
100,2,0,0,5.92,4.59,0,126,6.25,14.52,1.89,100.05,suburban,beverages,none,62
100,2,0,0,8.38,20.11,0,77,8.1,15.81,0,111.09,rural,homecare,construction,52
100,2,0,0,9.85,3.52,0,47,9.97,8.29,0,100.05,urban,homecare,sports,47
100,2,0,0,6.37,20.23,1,143,7.21,12.83,0,110.25,rural,personalcare,none,56
100,2,0,0,4.59,3.29,1,125,5.52,12.27,0,97.41,rural,snacks,festival,82
100,2,0,0,6.85,2.94,0,182,7.31,12.4,0,96.16,urban,beverages,none,70
100,2,0,0,8.8,4.23,0,39,9.68,19.43,3.91,106.36,suburban,homecare,none,39
100,2,0,0,3.51,1.31,0,47,3.84,16.48,10.62,92.6,suburban,snacks,none,47
100,2,0,0,2.05,0.69,0,65,2.45,17.71,3.92,97.73,urban,personalcare,none,57
100,2,0,0,6.75,14.07,0,95,7.74,13.09,0,100.13,suburban,homecare,festival,95
100,2,0,0,2.28,4.4,1,114,2.54,14.45,0,110.2,urban,personalcare,construction,73
100,2,0,0,3.18,2.19,0,129,3.13,18.2,4.27,99.99,urban,snacks,none,91
100,2,0,0,4.52,0.93,0,99,4.7,17.13,0,100.12,suburban,beverages,sports,71
100,2,0,0,4.12,4.64,0,104,4.47,18.64,0.49,107.01,suburban,fresh,none,92
100,2,0,0,2.32,0.83,0,63,2.23,15.88,9.78,106.45,suburban,fresh,none,41
100,2,0,0,4.43,12.93,1,106,5.06,17.99,0,99.55,suburban,snacks,sports,103
100,2,0,0,5.88,19.28,1,151,4.34,12.16,4.39,113.99,rural,beverages,none,128
100,2,0,0,1.63,18.53,0,211,1.84,17.29,0.22,98.52,urban,beverages,none,151
100,2,0,0,4.78,24.9,1,206,4.67,11.67,3.53,97.62,suburban,fresh,none,203
100,2,0,0,6.64,24.03,0,196,7.77,14.73,0,96.93,urban,fresh,none,156
100,2,0,0,3.54,22.05,0,159,3.72,14.67,5.23,98.97,rural,beverages,festival,139
100,2,0,0,5.16,2.73,0,68,5.19,22.9,5.21,99.29,rural,snacks,construction,27
100,2,0,0,4.12,3.06,0,123,4.67,20.42,3.32,103.31,suburban,beverages,none,119
100,2,0,0,4.29,30.75,0,172,4.64,22.82,0.46,106.66,urban,snacks,construction,123
100,2,0,0,8.93,2.6,1,111,10.09,19.98,1.85,95.66,urban,homecare,sports,80
100,2,0,0,8.96,2.01,0,80,8.73,18.37,6.4,103.87,suburban,homecare,construction,51
100,2,0,0,5.6,24.35,0,190,5.39,16.77,0.26,101.24,suburban,fresh,construction,137
100,2,0,0,5.7,0,0,121,6.76,13.06,3.39,108.93,urban,fresh,construction,57
101,3,0,0,4.56,2.13,0,76,4.82,17.89,9.43,98.15,suburban,personalcare,none,27
101,3,0,0,2.59,14.89,1,70,2.65,20.01,6.24,96.59,rural,personalcare,construction,43
101,3,0,0,3.34,0,1,154,2.86,19.24,0.52,106.19,urban,beverages,sports,154
101,3,0,0,5.01,1.87,1,148,4.4,15.59,0.19,98.88,urban,personalcare,sports,95
101,3,0,0,2.83,3.61,0,141,3.75,14.77,5.92,96.84,suburban,beverages,sports,103
101,3,0,0,4.43,24.21,0,184,5.11,16.01,0,106.22,urban,personalcare,festival,155
101,3,0,0,4.32,3.18,0,69,5.1,11.88,2.91,105.25,rural,snacks,sports,45
101,3,0,0,8.59,0.32,0,141,10.19,15.48,0,107.98,urban,homecare,sports,98
101,3,0,0,4.5,10.85,0,95,3.16,15.43,0,108.54,rural,beverages,sports,95
101,3,0,0,4.56,3.43,0,88,4.12,18.65,0.61,106.74,urban,personalcare,none,50
101,3,0,0,2.32,1.95,0,90,2.55,9.8,9.61,101.31,suburban,fresh,none,63
101,3,0,0,5.2,4.57,0,102,6.95,13.66,10.04,102.79,urban,snacks,none,86
101,3,0,0,2.62,2.53,0,116,3.04,21.06,0.78,97.22,rural,beverages,sports,50
101,3,0,0,4.55,13.37,0,116,4.35,14.34,2.39,104.81,urban,personalcare,sports,115
101,3,0,0,4.56,1.69,0,144,5.78,16.81,8.85,102.96,urban,fresh,none,79
101,3,0,0,3.78,10.31,0,153,3.71,14.75,1.32,97.83,urban,fresh,none,72
101,3,0,0,6.17,1.83,0,77,7.53,18.08,0,106.92,suburban,snacks,construction,37
101,3,0,0,3.41,1.78,0,84,2.79,12.98,0,86.92,suburban,fresh,none,54
101,3,0,0,5.24,1.06,0,88,5.82,19.86,8.18,100.02,urban,fresh,construction,35
101,3,0,0,7.41,28.84,0,105,7.07,25.9,5.79,101.19,urban,homecare,construction,78
101,3,0,0,4.93,19.41,0,156,5.5,9.21,7.27,105.29,urban,beverages,construction,102
101,3,0,0,4.07,0,0,146,3.59,17.41,3.67,96.46,urban,beverages,none,44
101,3,0,0,6.82,3.41,0,54,6.91,23.08,3.27,106.65,suburban,homecare,festival,54
101,3,0,0,4.89,1.33,0,50,4.83,20.27,0,95.89,rural,beverages,none,50
101,3,0,0,6.95,1.55,1,65,5.64,16.76,4.21,108.67,urban,personalcare,festival,65
101,3,0,0,5.46,1.63,0,85,5.63,15.33,0,101.84,urban,fresh,none,72
101,3,0,0,7.6,22.86,0,152,8.27,17.88,3.55,105.4,urban,homecare,none,68
101,3,0,0,6.61,2.08,0,134,6.55,8.13,12.03,99.71,urban,homecare,none,45
101,3,0,0,7.79,2.34,1,137,9.63,17.25,7.24,109.08,rural,homecare,sports,10
101,3,0,0,8.12,1.95,1,93,7.06,14.96,0,103.98,urban,homecare,construction,53
101,3,0,0,5.21,3.6,0,144,6.2,19.35,2.26,100.97,rural,beverages,none,102
101,3,0,0,4.76,11.34,0,146,4.84,22.71,0,102.78,suburban,beverages,none,95
101,3,0,0,4.72,1.87,0,118,4.5,16.68,0,93.31,rural,snacks,festival,96
101,3,0,0,5.58,0,0,44,5.88,17.16,0,100.01,rural,fresh,none,44
101,3,0,0,5.5,1.57,0,118,5.41,24.13,4.24,106.63,urban,beverages,festival,118
102,4,0,0,4.13,0.02,1,145,4.28,17.16,0.52,103.21,urban,snacks,none,80
102,4,0,0,8.41,8.26,0,62,9.81,21.33,0,99.89,urban,homecare,construction,51
102,4,0,0,1.47,2.69,0,57,1.41,12.94,5.26,102.02,suburban,fresh,sports,57
102,4,0,0,6.14,1.09,0,108,7.1,12.17,0,98.81,suburban,beverages,construction,56
102,4,0,0,5.69,20.97,0,136,5.33,14.5,0,99.84,suburban,snacks,none,103
102,4,0,0,6.69,3.51,0,71,6.34,15.12,1.31,106.63,rural,fresh,sports,71
102,4,0,0,4.77,16.83,1,129,5.58,12.51,9.45,103.59,urban,snacks,none,129
102,4,0,0,3.45,3.3,0,117,3.89,14.7,0,113.81,suburban,personalcare,festival,115
102,4,0,0,5.29,11.38,1,109,5.42,14.45,13.48,107.35,suburban,beverages,construction,105
102,4,0,0,11.36,1.39,0,55,10.87,14.31,2.83,106.66,urban,homecare,none,45
102,4,0,0,3.86,16.77,0,232,3.6,9.87,9.69,114.19,urban,beverages,festival,73
102,4,0,0,10.18,2.2,1,74,11.5,17.15,2.23,104.77,urban,homecare,none,44
102,4,0,0,4.01,2.66,1,139,4.5,15.01,2.03,104.1,suburban,fresh,none,98
102,4,0,0,6.45,0.96,0,124,5.55,11.32,2.29,113.01,suburban,beverages,none,83
102,4,0,0,4.85,1.86,0,70,6.33,13.84,5.13,95.62,suburban,personalcare,sports,54
102,4,0,0,3.34,2.19,0,107,3.43,16.68,0,96.38,suburban,beverages,festival,107
102,4,0,0,4.19,2.32,0,56,4.04,12.15,2.44,107.59,suburban,snacks,sports,56
102,4,0,0,3.56,4.57,0,74,3.36,12.77,0,109.72,suburban,snacks,none,18
102,4,0,0,7.32,3.95,0,62,8.7,20.07,0,103.26,suburban,homecare,none,33
102,4,0,0,10.8,2.39,0,83,12.97,15.99,6.35,103.52,urban,homecare,none,83
102,4,0,0,5.99,12.28,0,156,6.5,21.73,10.46,100.77,rural,snacks,none,94
102,4,0,0,4.66,5.5,1,152,5.41,17.85,6.15,100.92,rural,snacks,festival,89
102,4,0,0,2.85,17.26,1,138,2.89,16.07,3.83,97.95,suburban,snacks,none,53
102,4,0,0,5.42,3.29,0,21,6.39,16.31,0,103.75,urban,personalcare,sports,21
102,4,0,0,1.32,0.2,0,94,1.47,17.61,9.03,105.36,suburban,personalcare,festival,94
102,4,0,0,3.15,0.43,0,156,3.89,24.55,6.37,105.45,urban,beverages,construction,75
102,4,0,0,3.6,15.97,0,70,3.09,25.05,1.75,97.44,rural,personalcare,none,52
102,4,0,0,4.09,0.94,0,70,3.74,16.62,3.3,96.01,suburban,snacks,construction,70
102,4,0,0,8.73,26.43,0,88,8.37,20.54,4.38,100.44,urban,homecare,none,88
102,4,0,0,3.68,0.26,0,38,3.9,17.57,1.47,107.99,rural,personalcare,none,32
102,4,0,0,5.73,1.06,0,71,7.03,23.44,2.61,106.6,suburban,fresh,none,71
102,4,0,0,5.28,0.63,0,108,5.53,12.9,4.62,98.22,urban,fresh,festival,108
102,4,0,0,3.95,1.28,0,106,4.42,13.48,5.47,106.28,urban,snacks,sports,91
102,4,0,0,4.15,2.33,0,139,4.48,18.24,0,102.37,suburban,personalcare,none,73
102,4,0,0,4.52,3.34,1,92,5.75,16.88,0,108.7,rural,personalcare,sports,31
103,5,0,1,3.94,1.16,0,36,4.2,16.47,5.34,100.3,rural,personalcare,construction,23
103,5,0,1,4.84,31.3,1,158,4.96,16.7,11.37,108.11,suburban,personalcare,none,131
103,5,0,1,8.76,2.58,1,63,7.9,13.5,1.91,102.17,urban,homecare,none,63
103,5,0,1,1.1,2.28,0,99,1.04,23.14,0.69,104.38,urban,snacks,none,72
103,5,0,1,6.01,1.35,0,124,7.46,10.97,0.81,100.51,urban,personalcare,sports,65
103,5,0,1,8.79,15.63,0,61,9.44,18.19,5.95,98.94,rural,personalcare,construction,36
103,5,0,1,4.72,2.23,0,132,4.17,15.56,0,98.39,rural,beverages,none,102
103,5,0,1,6.81,1.86,0,95,7.31,17.34,3.7,96.39,suburban,fresh,none,48
103,5,0,1,6.46,1.23,0,31,7.69,17.43,0.88,104.3,rural,homecare,construction,7
103,5,0,1,3.09,0.91,0,144,2.99,13.1,4.55,102.27,suburban,fresh,sports,56
103,5,0,1,3.93,23.82,0,157,4.02,13.86,1.36,94.13,suburban,snacks,none,146
103,5,0,1,4.13,1.73,1,85,4.15,16.54,7.66,111.08,urban,personalcare,none,57
103,5,0,1,5.93,1.01,1,156,6.51,17.39,4.35,105.88,rural,beverages,construction,54
103,5,0,1,4.86,10.49,0,125,4.95,15.96,4.19,93.73,suburban,fresh,none,98
103,5,0,1,8.07,14.56,0,61,7.82,13.81,10.61,97.86,suburban,homecare,none,52
103,5,0,1,6.72,2.75,0,78,6.28,24.23,4.99,100.42,rural,snacks,none,53
103,5,0,1,3.49,0,0,81,3.64,14.22,5.73,103.28,rural,snacks,construction,59
103,5,0,1,3.62,6.79,0,122,4.05,17.85,2.63,105.81,urban,snacks,festival,110
103,5,0,1,2.94,1.11,0,80,3.14,18.35,3.6,106.19,suburban,fresh,festival,79
103,5,0,1,8.32,27.26,1,128,6.94,17.97,9.95,104.79,urban,homecare,none,128
103,5,0,1,5.96,0.08,0,64,6.53,18.83,0.68,101.77,urban,beverages,none,64
103,5,0,1,5.03,15.75,0,111,5.13,17.5,0,93.94,suburban,snacks,none,111
103,5,0,1,9.4,10.49,1,99,9.62,19.72,4.82,102.44,suburban,homecare,none,61
103,5,0,1,5.58,4.45,1,103,5.91,11.62,0.56,100.6,suburban,fresh,sports,103
103,5,0,1,5.81,15.31,0,86,5.74,18.74,0,104.17,urban,personalcare,none,71
103,5,0,1,4.18,3.25,1,157,4.95,25.58,2.68,97.04,suburban,beverages,festival,118
103,5,0,1,10.99,3,0,52,13.17,17.33,0,99.06,urban,homecare,none,43
103,5,0,1,5.18,24.95,0,160,5.63,12.49,1.69,102.16,urban,personalcare,none,81
103,5,0,1,2.32,0,0,77,2.93,19.37,3.19,108.77,rural,fresh,construction,28
103,5,0,1,4.93,1.67,0,48,5.49,15.55,0,107.42,rural,personalcare,none,26
103,5,0,1,4.89,26.73,0,199,4.22,17.39,5.85,95.44,urban,fresh,none,196
103,5,0,1,4.45,21.76,0,130,4.16,17.85,2.34,100.24,urban,snacks,none,72
103,5,0,1,2.72,13.99,1,162,2.98,15.62,3.96,104.83,suburban,beverages,sports,162
103,5,0,1,3.55,19.2,0,163,4.19,18.01,5.7,104.17,urban,snacks,construction,131
103,5,0,1,3.06,2.87,1,87,3.15,19.8,0,104.51,suburban,snacks,none,50
104,6,0,1,3.13,0,0,75,3.11,13.49,3.89,98.76,suburban,snacks,none,72
104,6,0,1,7.47,0.94,1,61,7.02,19.51,8.1,107.76,urban,homecare,none,61
104,6,0,1,8.74,1.07,1,149,8.13,17,5.48,110.4,urban,homecare,festival,83
104,6,0,1,4.34,2.3,0,82,5.64,18.04,0,103.39,rural,beverages,none,82
104,6,0,1,7.9,15.68,0,106,4.83,16.22,3.34,94.12,urban,homecare,festival,81
104,6,0,1,2.46,7.31,0,134,1.89,17.98,8.29,101.28,suburban,snacks,none,83
104,6,0,1,1.9,1.24,1,74,2.33,14.14,0.07,99.2,suburban,snacks,sports,74
104,6,0,1,7.15,9.27,0,102,7.9,17.82,0,103.89,suburban,homecare,festival,102
104,6,0,1,5.61,3.04,0,74,5.73,15.33,4.4,103.24,suburban,beverages,none,74
104,6,0,1,2.65,27.65,0,106,3.08,22.19,2.07,106.53,suburban,snacks,none,101
104,6,0,1,7.54,4.7,0,79,7.43,18.5,1.12,101.17,urban,homecare,none,34
104,6,0,1,6.79,12.69,0,111,6.96,12.65,3.84,102.49,urban,snacks,construction,103
104,6,0,1,3.94,3.51,1,164,4.16,16.45,1.48,92.39,urban,beverages,festival,116
104,6,0,1,3.94,22.22,0,162,3.63,13.81,1.19,100.39,urban,fresh,none,162
104,6,0,1,2.9,3.83,0,144,3.06,21.94,5.79,101.47,suburban,beverages,festival,124
104,6,0,1,2.11,3.17,0,72,2.34,14.62,3.13,103.93,rural,fresh,construction,38
104,6,0,1,4.07,4.73,0,109,4.1,6.8,1.05,100.69,urban,snacks,none,33
104,6,0,1,3.82,0.54,0,58,3.68,21.13,0,103.76,rural,personalcare,none,15
104,6,0,1,2.58,0.27,0,96,2.44,15.79,6.03,94.74,urban,personalcare,festival,51
104,6,0,1,2.01,0,1,89,1.98,15.85,8.85,99.56,rural,beverages,festival,89
104,6,0,1,3.33,1.81,0,95,3.78,20.3,4.63,104.37,suburban,snacks,none,95
104,6,0,1,3.79,19.42,0,137,3.63,12.51,1.98,109.39,urban,fresh,construction,137
104,6,0,1,4.57,2.03,0,104,4.26,11.34,2.98,103.97,rural,snacks,none,45
104,6,0,1,4.68,2.11,0,132,4.56,17.14,6.78,103.85,suburban,fresh,festival,64
104,6,0,1,2.78,1.17,0,145,2.86,8.77,0.79,101.1,urban,snacks,sports,134
104,6,0,1,2.39,22.74,0,199,2.18,20.72,5.47,97.63,urban,beverages,construction,110
104,6,0,1,5.34,15.78,0,11,5.59,21.24,0,103.89,suburban,personalcare,none,11
104,6,0,1,4.57,12.74,0,169,5.05,20.32,4.64,101.72,suburban,beverages,none,110
104,6,0,1,10.55,27.05,0,83,12.22,18.93,1.66,95.92,urban,homecare,none,45
104,6,0,1,4.16,1.53,1,73,4.34,18.66,4.18,97.38,suburban,personalcare,sports,68
104,6,0,1,4.08,2.21,0,150,4.22,10.03,10.24,104.84,urban,beverages,festival,134
104,6,0,1,3.45,3.14,0,111,3.52,21.52,0,102.83,urban,personalcare,festival,74
104,6,0,1,10.91,0.47,0,92,12.01,26.94,1.44,114.16,suburban,homecare,festival,42
104,6,0,1,7.4,2.82,0,73,8.57,22.41,11.29,93.94,rural,homecare,sports,29
104,6,0,1,4.26,12.77,1,153,5.18,9.98,0.7,109.08,suburban,beverages,construction,153
105,0,0,0,5.5,5.04,1,153,7.01,18.76,0,90.08,urban,beverages,none,151
105,0,0,0,7.53,20.29,0,221,8.77,20.85,3.18,102.01,suburban,beverages,none,173
105,0,0,0,10.09,7.78,0,112,9.1,13.17,2.34,103.62,suburban,homecare,none,15
105,0,0,0,6.02,4.59,0,96,5.35,21.51,3.25,97.32,rural,personalcare,festival,57
105,0,0,0,4.05,4.12,0,127,3.96,20.71,7.88,97.87,urban,snacks,none,77
105,0,0,0,4,0.28,1,109,3.94,17.51,3.23,102.98,suburban,beverages,construction,85
105,0,0,0,3.52,2.12,0,112,3.2,18.59,1.99,98.3,rural,beverages,sports,64
105,0,0,0,5.23,0,0,147,5.33,18.47,1.44,104.15,suburban,beverages,sports,147
105,0,0,0,4.81,1,1,143,4.82,25.25,2.57,105.82,suburban,snacks,none,64
105,0,0,0,5.38,13.84,0,143,5.27,18.91,5.89,101.98,suburban,snacks,none,74
105,0,0,0,3.56,0.86,1,137,3.64,17.75,3.4,101.67,urban,beverages,none,129
105,0,0,0,5.51,2.85,1,82,4.93,19.21,3.07,103.26,suburban,snacks,construction,82
105,0,0,0,6.87,0.67,0,80,6.82,21.59,0,104.61,suburban,snacks,construction,80
105,0,0,0,8.66,2.01,0,112,9.38,19.97,0,105.7,urban,homecare,none,102
105,0,0,0,1.5,2.92,0,105,1.66,10.1,0,88.55,urban,beverages,none,58
105,0,0,0,9.52,4.07,0,132,9.64,19.48,6.56,96.65,suburban,homecare,sports,57
105,0,0,0,1.1,3.04,0,76,1.04,17.25,6.6,106.04,urban,snacks,none,76
105,0,0,0,10.13,1.81,0,103,11.57,9.72,0.65,108.08,suburban,homecare,none,25
105,0,0,0,3.98,16.72,0,139,4.93,14.72,6.13,98.02,rural,fresh,festival,125
105,0,0,0,6.28,4.32,0,40,6.27,17.01,6.87,101.31,suburban,homecare,construction,40
105,0,0,0,4.52,24.8,0,211,4.35,18.3,1.63,98.27,urban,beverages,none,181
105,0,0,0,4.85,1.28,0,47,5.68,21.49,1.23,94.91,suburban,snacks,none,47
105,0,0,0,2.74,1.47,1,177,2.5,18.08,0,102.06,suburban,personalcare,festival,103
105,0,0,0,5.43,0.82,1,73,5.93,22.35,5.57,100.92,suburban,fresh,none,53
105,0,0,0,7.61,22.17,0,130,6.85,9.9,0,103.31,urban,homecare,none,96
105,0,0,0,4.5,29.19,0,146,5.62,10.01,10.17,103.4,rural,snacks,none,146
105,0,0,0,5.3,0,0,7,5.04,21.69,6.38,94.08,urban,personalcare,none,7
105,0,0,0,1.24,5.13,0,137,1.32,15.53,9.32,103.25,rural,beverages,none,52
105,0,0,0,5.07,14.88,0,136,4.83,9.96,0,100.63,suburban,beverages,none,64
105,0,0,0,8.48,1.59,0,62,8.14,20.22,10.16,100.19,urban,homecare,construction,38
105,0,0,0,8.8,5.45,1,62,7.81,20,0,99.45,suburban,homecare,festival,62
105,0,0,0,4.43,1.55,0,112,4.47,12.05,5.12,109.05,suburban,beverages,festival,92
105,0,0,0,2.28,0,0,166,2.07,13.79,6.05,108.65,urban,beverages,construction,121
105,0,0,0,2.05,21.99,0,211,2.29,9.62,0.16,96.82,suburban,beverages,none,79
105,0,0,0,6.87,0.38,1,181,6.39,26.52,6.49,103.2,urban,beverages,none,127
106,1,1,0,3.76,12.11,1,191,4.4,17.92,4.89,100.66,urban,beverages,none,159
106,1,1,0,3.73,1.38,0,126,4.65,14.53,3.66,99.65,suburban,fresh,none,110
106,1,1,0,4.69,7.19,1,212,5.82,15.87,0.6,97.38,rural,beverages,none,134
106,1,1,0,4.46,3.26,0,50,5.37,18.77,0,100.58,rural,personalcare,sports,37
106,1,1,0,3.51,1.78,0,122,2.93,20.63,0,100.95,suburban,personalcare,festival,86
106,1,1,0,6.91,1.99,0,83,5.98,19.62,1.63,93.79,urban,personalcare,none,77
106,1,1,0,3.49,0,0,106,3.52,18.83,3.93,106.59,suburban,snacks,construction,95
106,1,1,0,4.56,20.1,0,226,5.27,18.69,0,111.8,suburban,beverages,festival,199
106,1,1,0,4.4,2,0,103,4.35,20.54,4.89,92.99,rural,personalcare,sports,43
106,1,1,0,6.14,1.23,0,104,6.31,11.88,4.71,97.69,urban,personalcare,none,48
106,1,1,0,4.46,2.04,0,191,4.31,18.98,0,107.4,rural,beverages,sports,107
106,1,1,0,6.43,27.05,1,155,6.72,12.53,0,97.51,suburban,snacks,construction,126
106,1,1,0,4.83,21.24,1,221,4.1,20.42,0,106.99,urban,beverages,none,192
106,1,1,0,6.15,15.83,0,53,6.45,20.17,0,100.28,rural,personalcare,none,53
106,1,1,0,6.3,0,0,140,7.16,13.22,2.14,100.1,urban,fresh,construction,40
106,1,1,0,8.57,0,0,36,8.33,14.62,13.58,106.24,rural,homecare,none,21
106,1,1,0,6.67,2.12,0,191,8.28,15.38,0,104.68,suburban,snacks,festival,107
106,1,1,0,1.82,1.98,0,42,1.86,14.89,2.95,104.96,rural,snacks,none,42
106,1,1,0,9.2,2.38,1,66,10.22,17.6,4.73,101.69,urban,homecare,festival,66
106,1,1,0,7.71,1.19,0,146,7.19,11.36,2.57,91.03,urban,beverages,none,136
106,1,1,0,5,2.47,0,103,4.26,17.01,4.95,97.64,rural,snacks,festival,75
106,1,1,0,6.97,4.76,0,110,8.4,23.79,0,96.44,rural,fresh,sports,83
106,1,1,0,4.5,0,1,161,5.38,13.49,0.88,100.22,suburban,snacks,festival,161
106,1,1,0,3.96,31.84,0,251,5.12,15.78,0,104.58,suburban,personalcare,festival,236
106,1,1,0,8.49,3.05,0,41,11.26,13.77,6.91,104.61,rural,homecare,construction,41
106,1,1,0,7.24,0.12,0,117,7.56,11.34,4.13,98.9,suburban,homecare,festival,72
106,1,1,0,5.16,2.31,0,127,5.83,21.86,8.58,96.76,rural,beverages,none,94
106,1,1,0,1.1,1.93,0,69,1.26,15.86,10.94,97.46,suburban,personalcare,none,10
106,1,1,0,4.32,17.41,0,177,4.47,15.8,9.01,108.17,suburban,snacks,none,18
106,1,1,0,5.24,3.26,1,152,4.94,15.93,4.23,106.32,urban,beverages,construction,110
106,1,1,0,3.75,0,0,162,3.99,21.33,3.49,107.96,suburban,beverages,sports,143
106,1,1,0,3.24,2.12,0,91,3.75,18.41,3.36,98.71,rural,fresh,none,76
106,1,1,0,9.06,3.16,0,62,10.16,17.63,5.19,104.74,suburban,homecare,construction,60
106,1,1,0,3.74,1.18,1,182,4.05,17.67,4.03,104.59,urban,snacks,none,48
106,1,1,0,1.22,0,1,45,1.17,20.95,7.34,101.82,urban,beverages,construction,45
107,2,0,0,3.83,23.15,0,152,3.98,22.23,0,96.81,urban,personalcare,festival,144
107,2,0,0,5.98,2.3,1,124,4.87,20.22,11.11,104.64,suburban,beverages,festival,119
107,2,0,0,3.99,5.2,0,94,4.19,24,6.51,103.01,urban,fresh,construction,88
107,2,0,0,4.64,1.49,0,70,4.39,18.85,0,99.89,urban,beverages,none,70
107,2,0,0,8.57,9.01,0,96,8.23,16.21,0,110,suburban,homecare,construction,26
107,2,0,0,3.12,24.35,0,179,2.34,13.51,5.41,110.96,suburban,snacks,construction,169
107,2,0,0,9.39,1.88,0,127,11.37,19.55,0,106.38,suburban,homecare,festival,37
107,2,0,0,4.03,0,1,93,3.7,15.26,0.03,99.59,urban,snacks,none,85
107,2,0,0,2.24,2.42,0,100,2.19,15.02,3.54,104.03,suburban,beverages,festival,100
107,2,0,0,4.72,2.31,1,160,5.53,18.33,0,97.67,suburban,fresh,sports,104
107,2,0,0,1.29,2.23,1,92,1.31,17.39,2.3,99.91,suburban,personalcare,none,19
107,2,0,0,3.73,8.92,0,72,3.22,11.49,0,101.44,suburban,personalcare,none,56
107,2,0,0,3.9,2.41,0,146,3.9,14.01,0.84,105.39,rural,beverages,sports,90
107,2,0,0,3.3,1.94,0,133,3.58,7.26,2.73,102.55,rural,beverages,none,48
107,2,0,0,4.74,0,0,109,4.5,24.69,4.27,107.71,rural,snacks,none,54
107,2,0,0,5.59,2.36,0,120,5.13,17.05,8.9,108.1,suburban,beverages,none,91
107,2,0,0,1.1,2.09,0,50,1.09,23.08,4.81,92.94,suburban,fresh,none,32
107,2,0,0,6.93,12.29,1,167,6.2,14.22,2.75,103.86,urban,homecare,none,68
107,2,0,0,3.25,3.44,1,153,3.09,17.36,3.5,97.58,suburban,beverages,none,56
107,2,0,0,3.66,15.88,0,176,3.66,13.82,4.75,101.73,urban,fresh,festival,171
107,2,0,0,6.86,1.98,0,72,5.85,9.71,0,111.92,urban,homecare,none,30
107,2,0,0,5.37,3.82,0,127,5.91,17.08,0.75,99.33,urban,fresh,none,69
107,2,0,0,5.1,2.35,0,97,4.21,16.55,0,93.75,suburban,beverages,none,97
107,2,0,0,3.4,3.26,0,95,3.62,30.04,10.11,104.14,urban,fresh,none,77
107,2,0,0,3.43,2.69,0,66,3.66,20.74,0.91,112.29,urban,fresh,construction,66
107,2,0,0,7.27,1.28,1,72,7.2,20.41,1.11,98.65,urban,homecare,sports,54
107,2,0,0,8.46,2.21,0,50,7.85,13.3,9.42,97.01,urban,homecare,sports,50
107,2,0,0,5.14,2.47,0,69,6.04,18.93,3.37,105.76,urban,snacks,none,69
107,2,0,0,4.37,1.58,0,86,3.95,19.02,1.14,104.4,suburban,beverages,construction,30
107,2,0,0,3.77,25.11,0,163,3.79,15.79,1.09,107.91,urban,snacks,none,141
107,2,0,0,1.14,4.57,0,101,1.2,19.15,8.84,100.53,urban,beverages,festival,101
107,2,0,0,8.26,29.72,1,228,8.18,13.31,9.25,107.6,urban,beverages,none,143
107,2,0,0,4.63,30.79,1,159,4.4,12.11,0,106.51,urban,personalcare,festival,98
107,2,0,0,6.77,16.47,0,56,6.73,21.69,4.49,98.61,suburban,homecare,none,56
107,2,0,0,5.64,31.65,0,187,5.39,13.38,8.99,94.36,urban,snacks,construction,130
108,3,0,0,3.33,18.73,0,127,3.74,14.84,5.95,100.8,urban,fresh,construction,127
108,3,0,0,4.38,15.96,0,164,4.2,21.53,0,97.3,suburban,fresh,none,164
108,3,0,0,4.45,19.81,0,148,4.37,23.4,5.89,100.46,urban,personalcare,festival,124
108,3,0,0,1.49,21.11,0,161,1.25,15.81,3.3,93.47,suburban,snacks,festival,159
108,3,0,0,5.78,0,0,115,5.36,18.36,0,108.64,urban,beverages,none,79
108,3,0,0,7.11,28.41,0,103,9.17,14.02,8.22,108.57,rural,homecare,none,103
108,3,0,0,4.56,8.54,0,136,4.66,17.16,11.81,100.62,urban,snacks,sports,128
108,3,0,0,4.42,10.65,0,155,4.61,15.12,11.28,109.47,suburban,beverages,none,113
108,3,0,0,7.84,24.41,0,138,9.51,14.14,10.75,109.77,urban,homecare,none,101
108,3,0,0,2.93,5.75,0,133,2.97,13.64,2.17,101.86,suburban,snacks,festival,102
108,3,0,0,1.97,0.37,1,53,2,16.6,11.39,106.49,suburban,fresh,none,53
108,3,0,0,9.04,1.66,0,27,10.18,15.57,1.14,110.32,rural,homecare,construction,27
108,3,0,0,5.11,2.67,0,131,5.69,21.74,1.4,109.86,rural,fresh,sports,63
108,3,0,0,3.13,0.83,0,37,2.82,26.46,2.24,97.94,suburban,fresh,construction,33
108,3,0,0,8.69,15.98,1,101,9.85,19.14,0,99.62,rural,homecare,festival,101
108,3,0,0,5.75,13.08,0,115,6.64,21.19,6.76,99.86,suburban,personalcare,none,102
108,3,0,0,9.1,4.19,0,40,8.63,17.8,5.71,92.25,rural,homecare,none,24
108,3,0,0,4.64,21.55,1,136,4.76,21.64,4.59,102.67,rural,snacks,none,113
108,3,0,0,2.53,16.31,0,161,2.6,14.51,4.19,104.7,urban,beverages,construction,156
108,3,0,0,5.38,1.23,1,49,5.79,14.85,8.71,101.89,suburban,personalcare,none,49
108,3,0,0,3.73,1.45,0,58,3.61,22.45,7.24,98.04,suburban,snacks,none,55
108,3,0,0,6.23,13.83,0,129,6.8,10.64,0,98.22,urban,snacks,none,52
108,3,0,0,8.29,9.98,1,82,7.98,16.95,6.05,102.76,suburban,homecare,none,82
108,3,0,0,4.54,17.53,0,216,4.65,20.56,2.19,101.78,suburban,beverages,festival,171
108,3,0,0,8.1,0.5,0,80,7.28,24.25,0,101.38,suburban,homecare,none,0
108,3,0,0,7.72,1.04,1,138,8.73,28.95,5.07,101.65,suburban,beverages,festival,138
108,3,0,0,4.88,0.82,0,83,3.26,18.59,3.85,100.67,urban,beverages,construction,83
108,3,0,0,3.95,3.47,0,122,4.06,22.2,10.11,110.05,suburban,snacks,none,77
108,3,0,0,7.68,0.69,0,89,7.72,13.96,3.92,98.79,urban,homecare,none,40
108,3,0,0,2.52,0.47,1,135,2.67,5,0.23,100.32,suburban,fresh,festival,42
108,3,0,0,4.15,17.46,0,197,4.69,9.82,4.74,107.11,urban,fresh,none,96
108,3,0,0,8.52,0,0,112,8.83,15.83,0,89.48,urban,fresh,none,84
108,3,0,0,3.49,1.22,1,141,3.37,17.77,5.44,100.6,suburban,beverages,construction,106
108,3,0,0,5.44,2.88,1,167,5.57,18.46,3.89,102.99,urban,beverages,festival,99
108,3,0,0,7.04,0.91,0,52,7.03,13.89,0,104.72,urban,homecare,construction,19
109,4,0,0,8,2.42,0,81,7.44,19.62,0,101.81,rural,personalcare,none,15
109,4,0,0,5.43,8.45,1,82,5.76,20.55,3.35,102.95,rural,snacks,sports,82
109,4,0,0,4.57,0,0,101,4.97,23.02,0,102.7,urban,fresh,none,48
109,4,0,0,4.31,11.01,0,190,4.11,17.98,7.65,97.59,urban,snacks,festival,143
109,4,0,0,3.55,1.46,0,126,4.02,13.41,0.49,97.23,suburban,snacks,none,85
109,4,0,0,4.32,0.55,0,77,4.4,20.76,0,112.09,suburban,fresh,none,24
109,4,0,0,1.92,11.89,1,117,1.85,16.99,0,101.81,suburban,fresh,festival,75
109,4,0,0,7.52,4.2,0,95,7.3,17.06,0,106.99,urban,personalcare,festival,35
109,4,0,0,8.36,11.34,1,75,8.84,17.82,5.98,98.4,suburban,homecare,construction,50
109,4,0,0,1.1,1.09,1,127,1.25,15.86,0,109.91,suburban,snacks,construction,97
109,4,0,0,3.8,1.99,0,102,3.76,19.51,0,105.09,rural,fresh,none,55
109,4,0,0,5.7,4.8,1,127,4.85,21.84,0.58,112.66,urban,beverages,construction,127
109,4,0,0,4.05,25.76,0,137,3.61,20.27,0.69,98.99,suburban,fresh,construction,137
109,4,0,0,6.7,29.28,0,155,7,24.94,3.88,105.6,rural,fresh,construction,155
109,4,0,0,2.51,4.63,0,110,2.37,16.16,10.92,97.49,rural,beverages,none,74
109,4,0,0,11.61,1.05,0,121,14.59,12.59,3.38,102.58,suburban,homecare,none,37
109,4,0,0,7.1,1.9,0,170,6.04,21.24,4.3,98.67,urban,beverages,festival,142
109,4,0,0,7.8,3.27,0,51,7.59,14.8,0,97,urban,homecare,none,51
109,4,0,0,5.85,4.64,0,86,6.39,23.92,0,99.3,suburban,personalcare,none,71
109,4,0,0,3.15,0,0,105,3.78,15.27,7.76,91.22,suburban,snacks,festival,105
109,4,0,0,9.98,2.47,0,112,11.61,14.11,9.75,93.95,urban,homecare,sports,72
109,4,0,0,4,3.48,0,142,3.95,26.17,2.07,97.28,suburban,beverages,festival,111
109,4,0,0,2.42,4.12,0,97,2.75,21.09,0,94.66,rural,beverages,none,83
109,4,0,0,1.1,3.55,0,175,0.96,20.47,0,99.01,urban,snacks,festival,114
109,4,0,0,5.94,3.48,0,152,6.02,22.87,10.31,95.9,urban,snacks,none,106
109,4,0,0,4.17,1.04,1,86,4.28,21.16,9.9,96.31,rural,snacks,construction,49
109,4,0,0,10.41,0,0,69,11.36,13.91,0,101.17,suburban,homecare,sports,25
109,4,0,0,9.09,17.52,0,48,9.05,15.64,0,100.37,rural,homecare,none,47
109,4,0,0,4.77,3.22,1,130,5.72,18.52,0,97.32,suburban,beverages,sports,130
109,4,0,0,5.1,14.7,1,118,5.07,22.39,4.56,101.77,suburban,personalcare,none,72
109,4,0,0,4.48,2.72,0,84,5.65,17.66,0,105.44,urban,snacks,construction,64
109,4,0,0,7.94,1.76,0,107,7.17,19.58,4.75,101.96,suburban,beverages,none,64
109,4,0,0,8.97,19.95,0,52,7.52,13.69,8.43,106.66,urban,homecare,construction,49
109,4,0,0,3.27,19.84,0,127,4.15,18.71,2.42,95.86,suburban,snacks,none,127
109,4,0,0,7.27,1,0,83,8.45,11.24,11.96,104.36,suburban,homecare,none,43
110,5,0,1,3.39,0,0,93,3.59,23.13,0.38,105.18,urban,snacks,none,70
110,5,0,1,2.86,3.61,0,81,2.96,17.48,0,108.99,urban,snacks,none,43
110,5,0,1,4.49,12.92,0,59,4.28,18.64,0.62,96.36,urban,snacks,construction,59
110,5,0,1,4.54,29.09,0,234,4.94,17.42,3.45,98.57,urban,fresh,none,228
110,5,0,1,7.64,2.69,0,66,9.29,16.25,0,108.8,suburban,fresh,construction,66
110,5,0,1,3.87,2.09,0,83,4.22,18.58,10.6,100.93,urban,snacks,construction,83
110,5,0,1,2.58,1.87,0,117,2.6,17.34,2.4,102.76,urban,beverages,festival,117
110,5,0,1,4.37,3.16,0,89,4.62,16.32,3.15,93.39,suburban,fresh,none,46
110,5,0,1,5.67,17.29,0,209,6.79,16.21,3.77,99.76,suburban,beverages,none,165
110,5,0,1,8.49,1.08,1,101,7.71,23.72,6.36,96.45,rural,beverages,none,22
110,5,0,1,3.95,3.68,0,84,4.91,19.93,1.15,97.04,rural,snacks,sports,69
110,5,0,1,6.4,3.29,1,66,7.38,17.77,3.93,88.89,suburban,personalcare,festival,66
110,5,0,1,4.23,5.25,0,103,5.42,13.58,3.81,104.8,rural,beverages,none,45
110,5,0,1,4.91,2.84,0,61,4.41,10.13,0,96.1,urban,snacks,sports,61
110,5,0,1,3.73,21.56,0,211,3.05,17.3,0,105.44,urban,fresh,none,183
110,5,0,1,2.97,2.77,0,70,3.47,17.44,2.92,98.23,suburban,fresh,festival,70
110,5,0,1,5.63,12.26,1,111,6.52,14.78,6.12,96.75,urban,beverages,none,111
110,5,0,1,3.26,9.19,0,80,3.4,15.4,0.04,95.69,urban,personalcare,none,61
110,5,0,1,5.19,0.96,0,158,5.37,23.13,0.34,100.65,urban,beverages,festival,100
110,5,0,1,5.41,1.11,0,148,5.29,11,0,100.13,urban,beverages,festival,148
110,5,0,1,1.93,0,1,74,1.91,19.77,4.11,99.97,rural,beverages,none,49
110,5,0,1,9.53,16.18,1,123,9.44,21.73,6.98,97.66,rural,homecare,festival,41
110,5,0,1,4.88,3.95,1,117,5.22,22.14,6.24,101.6,rural,beverages,none,72
110,5,0,1,3.01,22.95,0,199,2.84,15,1.08,108.97,urban,beverages,none,164
110,5,0,1,1.41,5.73,0,132,1.52,15.58,6.04,99.96,urban,snacks,sports,126
110,5,0,1,5.43,0,0,100,5.95,15.61,3.33,101.44,rural,beverages,none,49
110,5,0,1,2.56,1.7,0,78,2.81,12.1,3.73,100.47,suburban,fresh,construction,59
110,5,0,1,3.08,2.53,0,85,3.53,24.99,0.49,103.81,urban,beverages,construction,61
110,5,0,1,3.63,0.8,1,90,3.74,17.63,0,94.82,urban,snacks,none,45
110,5,0,1,8.3,22.26,1,101,7.4,21.47,6.13,105.88,rural,homecare,sports,63
110,5,0,1,5.05,0,0,39,4.7,17.74,9.06,106.67,rural,personalcare,none,17
110,5,0,1,5.98,9.41,0,111,6.64,18.89,4.38,112.01,urban,beverages,none,111
110,5,0,1,3.77,14.43,0,158,3.95,14.73,5.78,87.71,urban,beverages,construction,103
110,5,0,1,6.37,1,1,116,6.66,16.97,4.33,95.6,urban,beverages,none,110
110,5,0,1,2.63,16.05,1,130,2.74,13.58,6.05,100.12,suburban,beverages,none,130
111,6,0,1,9,23.09,0,63,9.09,26.12,7.41,94.33,suburban,homecare,none,28
111,6,0,1,7.68,1.95,1,67,7.73,11.72,1.96,94.85,suburban,homecare,none,62
111,6,0,1,4.21,1.58,0,87,4.66,26.76,9.9,96.55,rural,personalcare,construction,0
111,6,0,1,4.55,21.37,1,258,5.35,16.61,0,100,suburban,beverages,none,169
111,6,0,1,9.29,1.48,1,111,10.73,18.75,0.87,109.08,suburban,homecare,none,90
111,6,0,1,2.27,19.12,0,210,2.38,18.42,0,94.73,urban,fresh,sports,130
111,6,0,1,4.41,1.34,1,85,4.15,13.71,4.11,97.58,suburban,snacks,festival,33
111,6,0,1,3.81,0,0,99,4.6,17.19,0,100.71,urban,snacks,none,18
111,6,0,1,4.13,1.93,1,138,4.3,20.01,0,100.04,urban,beverages,festival,138
111,6,0,1,8.18,15.11,1,97,8.93,18.06,2.74,106.15,suburban,homecare,construction,97
111,6,0,1,4.06,2.28,0,34,3.53,11.81,0,97.44,rural,fresh,sports,20
111,6,0,1,2.12,19.49,1,177,2.41,22.28,8.75,105.61,suburban,beverages,sports,138
111,6,0,1,2.59,1.71,1,85,2.93,13.83,6.65,98.71,urban,fresh,construction,21
111,6,0,1,5.61,2.89,0,120,5.3,14.75,0,97.5,rural,beverages,sports,81
111,6,0,1,2.39,2.85,0,151,2.64,22.11,0,100.86,urban,fresh,none,93
111,6,0,1,4.15,2.97,1,100,4.39,24.11,0,103.47,suburban,personalcare,none,66
111,6,0,1,6.77,3.01,0,118,7.36,10.75,0,98.88,suburban,beverages,none,40
111,6,0,1,6.05,2,0,72,5.79,21.68,4.87,91.76,urban,snacks,construction,41
111,6,0,1,6.71,0,0,49,6.91,25.88,0,103.21,suburban,homecare,none,36
111,6,0,1,5.81,4.61,1,72,5.75,21.6,0,98.01,rural,homecare,none,16
111,6,0,1,6.68,13.18,0,147,7.9,11.54,0,99.19,urban,snacks,sports,112
111,6,0,1,5.42,0.58,0,40,6.05,22.59,1.97,103.38,rural,fresh,none,40
111,6,0,1,4.75,7.39,0,117,5.69,17.04,0,101.01,rural,snacks,construction,55
111,6,0,1,4.87,3.88,1,91,5.11,17.55,2.77,101.09,rural,snacks,sports,87
111,6,0,1,1.72,2.34,0,156,2.38,13.34,0,99.65,urban,beverages,none,84
111,6,0,1,2.89,1.97,0,111,2.96,17.27,6.59,105.16,rural,snacks,none,48
111,6,0,1,4.28,0.33,0,109,4.38,18.87,2.49,104.65,urban,fresh,none,102
111,6,0,1,1.88,0,0,15,2.01,19.25,3.44,114.11,suburban,personalcare,construction,15
111,6,0,1,4.61,1.67,0,128,5.34,19.52,4.01,96.33,urban,beverages,sports,65
111,6,0,1,8.91,0,1,119,8.88,21.88,10.7,101.75,urban,homecare,festival,74
111,6,0,1,4.67,0,1,164,4.63,15.16,0,103.3,urban,beverages,none,114
111,6,0,1,4.72,4.47,0,93,5.7,22.21,0,96.79,urban,personalcare,construction,35
111,6,0,1,3.52,0,0,137,3.53,16.88,1.64,101.96,urban,beverages,construction,104
111,6,0,1,5.76,0.66,0,88,5.87,15.33,5.39,104.44,suburban,fresh,festival,88
111,6,0,1,3.96,27.78,0,219,3.55,15.87,0,94.81,urban,beverages,festival,219
112,0,0,0,2.91,18.2,0,127,3.05,13.46,8.54,107.15,suburban,snacks,festival,114
112,0,0,0,7.08,2.97,1,138,8.71,24.35,2.63,109.75,urban,fresh,festival,138
112,0,0,0,3.36,3.8,0,136,3.9,23.18,12.93,108.32,urban,beverages,none,89
112,0,0,0,8.35,0,0,122,8.96,14.86,1.53,97.75,suburban,homecare,sports,65
112,0,0,0,5.33,1.97,0,76,5,15.94,0,95.47,suburban,fresh,sports,70
112,0,0,0,4,2.57,0,86,4.25,15.2,0,115.61,urban,personalcare,none,64
112,0,0,0,10.97,1.47,0,82,11.87,9.56,0,98.98,urban,homecare,none,55
112,0,0,0,1.1,2.83,0,160,0.81,23.84,4.07,95.5,rural,beverages,sports,97
112,0,0,0,5.47,32.65,0,157,4.16,17.88,0,108.68,suburban,snacks,sports,148
112,0,0,0,5.47,1.65,1,58,4.85,10.76,0,100.83,rural,personalcare,none,35
112,0,0,0,3.73,2.55,0,84,4.44,22.48,4.88,97.71,suburban,fresh,none,48
112,0,0,0,5,24.36,0,242,5.77,15.35,4,98.68,urban,fresh,festival,223
112,0,0,0,4.73,1.07,1,65,4.9,16.77,5.79,89.96,suburban,personalcare,none,55
112,0,0,0,5.41,2.63,0,102,5.92,14.56,9.53,95.79,urban,snacks,none,70
112,0,0,0,4.37,0,0,136,5.19,19.44,0,108.08,suburban,fresh,none,71
112,0,0,0,9.15,13.02,0,124,9.42,22.12,3.99,102.09,suburban,homecare,none,22
112,0,0,0,3.68,31.89,0,179,3.77,15.4,0.53,103.4,suburban,snacks,festival,179
112,0,0,0,5.02,3.25,0,4,6.49,27.06,1.28,97.2,suburban,snacks,construction,4
112,0,0,0,9.89,1.59,1,42,11,13.8,7.65,101.07,urban,homecare,none,42
112,0,0,0,4.7,4,0,177,5.49,13.14,0,102.46,rural,beverages,none,117
112,0,0,0,3.02,3.12,0,24,2.8,8.71,0,101.7,suburban,personalcare,construction,7
112,0,0,0,3.72,3.16,0,190,4.29,34.85,0,101.85,urban,beverages,festival,190
112,0,0,0,5.45,2.02,0,131,6.74,15.34,2.19,102.78,urban,fresh,sports,74
112,0,0,0,7.12,3.78,1,153,8.35,22.16,4.8,97.54,suburban,beverages,none,96
112,0,0,0,1.63,3.94,0,142,1.91,21.26,4.35,102.81,urban,beverages,none,108
112,0,0,0,4.48,0,0,87,4.89,13.94,8.06,98.59,suburban,beverages,construction,63
112,0,0,0,3.69,0.86,1,96,2.89,17.88,0,104.06,urban,snacks,construction,69
112,0,0,0,3.88,2.34,0,118,4.56,11.52,1.7,96.48,rural,fresh,none,67
112,0,0,0,2.79,0.5,0,180,3.37,6.73,0,89.12,urban,beverages,none,90
112,0,0,0,2.57,15.14,0,53,2.23,25.68,0.11,105.1,rural,snacks,construction,53
112,0,0,0,4.49,13.79,1,172,4.9,17.02,2.02,100.48,suburban,personalcare,festival,109
112,0,0,0,4.37,4.58,0,212,4.71,11.58,2.81,103.52,urban,beverages,festival,183
112,0,0,0,4.57,1.32,0,78,4.58,21.93,6.7,92.87,rural,personalcare,sports,27
112,0,0,0,4.03,13.28,1,148,4.33,18.42,2.23,109.3,suburban,beverages,construction,148
112,0,0,0,8.04,2.65,0,91,8.1,15.36,2.72,106.32,urban,homecare,festival,91
113,1,0,0,3.51,1.48,1,188,3.17,21.66,1.95,96.39,suburban,beverages,none,110
113,1,0,0,1.82,0.71,1,173,1.77,22,10.57,95.03,urban,beverages,none,80
113,1,0,0,7.6,0,0,50,7.75,11.84,0,103.23,suburban,homecare,none,50
113,1,0,0,1.47,5.16,0,83,1.66,18.05,4.82,96.45,suburban,personalcare,festival,56
113,1,0,0,6.25,1.22,1,210,7.23,22.7,4.85,100.65,urban,beverages,none,152
113,1,0,0,4.25,2.81,0,101,4.47,16.47,8.78,113.49,suburban,snacks,none,66
113,1,0,0,8.98,1.86,0,90,9.7,20.28,3.17,107.89,suburban,homecare,sports,45
113,1,0,0,8.29,0.88,0,89,10.87,13.19,3.39,108.66,urban,homecare,sports,89
113,1,0,0,1.1,2.3,0,89,1.13,12.81,0,101.7,suburban,personalcare,none,8
113,1,0,0,5.03,1.81,1,77,5.65,18.91,3.94,99.93,rural,snacks,construction,69
113,1,0,0,4.81,28.82,0,253,5.67,22.76,10.26,108.65,suburban,fresh,festival,126
113,1,0,0,7.77,13.09,0,85,6.72,14.9,4.73,101.38,suburban,homecare,sports,6
113,1,0,0,1.15,8.08,1,145,1.2,19.27,2.09,99.19,urban,snacks,none,144
113,1,0,0,2.66,4.51,0,194,2.71,21.1,2.39,106.97,urban,beverages,festival,173
113,1,0,0,1.1,9.14,0,91,1.26,22.4,0,97.98,suburban,fresh,none,91
113,1,0,0,5.31,3.09,0,60,5.18,21,1.56,93.36,suburban,personalcare,none,50
113,1,0,0,6.8,1.93,0,134,7.69,11.86,0,100.86,urban,homecare,none,52
113,1,0,0,5.31,1.47,0,67,6.21,10.69,3.12,104.04,urban,personalcare,sports,35
113,1,0,0,3.05,3.25,0,113,3.15,13.46,0.73,98.79,suburban,beverages,none,104
113,1,0,0,6.9,2.67,0,135,7.64,23.98,10.48,106.74,suburban,beverages,none,95
113,1,0,0,3.18,18.35,0,157,2.47,18.99,4.23,103.09,suburban,snacks,sports,107
113,1,0,0,1.1,0,0,25,1.1,11.3,10.09,98.07,rural,fresh,construction,8
113,1,0,0,5.71,2.37,0,75,5.51,20.77,5.29,100.61,urban,snacks,none,75
113,1,0,0,4.87,3.9,0,69,4.81,16.32,12.76,99.6,suburban,personalcare,sports,34
113,1,0,0,5.21,3.3,1,131,3.91,10.16,0,103.68,rural,beverages,none,98
113,1,0,0,3.16,0.25,0,117,2.97,8.88,5.89,101.7,suburban,beverages,none,82
113,1,0,0,2.84,2.9,1,76,2.89,18.55,5.61,104.32,rural,fresh,sports,24
113,1,0,0,5.28,2.75,0,136,6.55,14.4,12.65,101.05,suburban,fresh,none,65
113,1,0,0,5.51,3.16,0,116,6.41,18.73,2.21,102.08,suburban,beverages,none,70
113,1,0,0,6.46,13.94,0,151,6.49,16.16,4.1,100.66,urban,snacks,none,106
113,1,0,0,7.69,22.95,0,38,9.08,21.47,0,100.94,rural,homecare,construction,38
113,1,0,0,7.4,1.53,1,126,7.25,20.2,1.77,104.33,suburban,homecare,none,63
113,1,0,0,5.76,24.83,0,202,5.88,21.59,6.65,96.66,suburban,beverages,none,179
113,1,0,0,3.9,27.65,0,116,4.31,21.19,2.18,99.19,rural,personalcare,none,74
113,1,0,0,8.06,12.69,0,74,8.61,23.06,5.24,102.38,suburban,homecare,sports,61
114,2,0,0,5.47,4.76,0,157,5.02,27.76,3.35,94.7,suburban,fresh,sports,52
114,2,0,0,4.38,3.14,0,118,3.59,16.52,4.51,97.72,suburban,beverages,construction,57
114,2,0,0,3.64,20.73,0,131,3.75,25.66,16.65,103.22,rural,snacks,festival,76
114,2,0,0,3.18,4.6,0,114,3.18,20.59,2.55,97,suburban,beverages,none,114
114,2,0,0,2.87,17.49,0,61,3.24,18.91,1.34,105.13,suburban,personalcare,sports,43
114,2,0,0,1.85,1.33,0,64,1.69,26.04,9.62,91.24,rural,personalcare,none,7
114,2,0,0,10.15,26.99,1,177,13.6,15.94,0,101.95,urban,homecare,festival,116
114,2,0,0,4.27,17.79,0,134,3.82,25.8,4.85,99.37,rural,beverages,none,61
114,2,0,0,5.13,2.66,1,90,5.62,13.49,0,98.24,urban,snacks,sports,90
114,2,0,0,3.42,24.31,0,157,3.49,14.81,0.4,92.93,urban,snacks,sports,157
114,2,0,0,5.03,10.17,0,168,5.15,19.91,5.34,96.94,suburban,beverages,none,82
114,2,0,0,3.38,9.2,1,155,3.78,17.01,2.83,107.79,urban,snacks,none,109
114,2,0,0,3.02,26.8,1,162,3.54,12.93,4.51,112.19,rural,snacks,none,162
114,2,0,0,6.1,1.76,0,77,6.78,15.17,5.15,100.21,urban,snacks,none,77
114,2,0,0,1.78,20.24,0,161,1.89,15.26,5.88,98.82,urban,beverages,construction,159
114,2,0,0,7.71,3.04,0,76,8.52,18.01,6.53,90,suburban,snacks,festival,76
114,2,0,0,1.1,0.51,1,152,0.99,18.53,0.31,105.61,urban,snacks,construction,89
114,2,0,0,4.97,1.79,0,45,5.22,14.36,0,91.23,suburban,fresh,construction,36
114,2,0,0,4.87,1.7,0,106,4.39,21.36,0,101.37,rural,beverages,none,91
114,2,0,0,5.67,1.08,0,162,6.44,17.32,0,98.62,urban,beverages,none,87
114,2,0,0,4.52,4.65,1,54,4.64,25.81,8.32,100.63,rural,personalcare,none,33
114,2,0,0,3.35,1.5,0,66,3.23,21.57,6.86,91.35,rural,fresh,construction,21
114,2,0,0,2.8,1.31,0,11,2.81,14.95,0,113.61,rural,personalcare,none,8
114,2,0,0,7.07,0.62,1,135,7.87,19.8,0,105.14,suburban,beverages,construction,90
114,2,0,0,3.49,0,1,98,3.62,16.84,7.25,101.38,suburban,fresh,none,71
114,2,0,0,5.26,1.88,0,121,5.63,17.46,2.34,105.54,urban,beverages,none,80
114,2,0,0,3.21,0.82,0,123,4.13,25.7,2.98,98.46,suburban,personalcare,sports,44
114,2,0,0,6.01,0,0,10,6.01,20.61,0,101.69,rural,personalcare,none,10
114,2,0,0,2.06,1.25,0,169,2.01,24.45,0,108,urban,beverages,none,123
114,2,0,0,3.76,3.11,1,61,3.34,18.95,0,105.56,urban,fresh,festival,61
114,2,0,0,2.47,0,1,97,2.08,16.28,3.36,100.52,suburban,fresh,none,71
114,2,0,0,3.56,3.34,0,88,4.05,21.73,0,95.94,suburban,snacks,none,67
114,2,0,0,3.18,16.31,0,148,3.29,19.59,4.3,105.32,rural,beverages,none,73
114,2,0,0,8.15,3.01,0,79,8.31,23.03,3.34,101.25,suburban,homecare,none,42
114,2,0,0,1.1,1.82,1,151,1.16,11.46,7.45,112.48,suburban,snacks,festival,151
115,3,0,0,6.3,2.59,0,175,6.79,25.47,6.88,107.82,urban,beverages,none,142
115,3,0,0,1.59,16.44,1,251,1.52,25.17,0,105.4,rural,beverages,festival,234
115,3,0,0,5.69,0.45,0,109,6.35,23.02,6.53,104.37,urban,snacks,construction,69
115,3,0,0,8.23,2.75,1,74,9.17,15.04,0,86.82,suburban,personalcare,none,69
115,3,0,0,3.51,9.16,0,136,3.39,25.83,0.17,96.97,urban,beverages,construction,120
115,3,0,0,9.13,17.4,0,127,9.41,15.58,12.38,104.06,suburban,homecare,sports,78
115,3,0,0,3.68,12.57,0,123,3.85,15.52,2.58,99.6,suburban,snacks,none,123
115,3,0,0,4.59,3.21,1,141,4.52,14.32,1.46,93.8,suburban,snacks,none,95
115,3,0,0,5.09,2.74,1,79,4.85,24.57,7.99,105.21,urban,snacks,sports,79
115,3,0,0,1.83,0.81,1,140,1.68,18.85,2.09,99.34,urban,fresh,festival,120
115,3,0,0,2,24.78,0,145,2.09,22.44,11.91,104.7,suburban,beverages,none,133
115,3,0,0,3.04,4.78,0,90,3.3,27.15,5.35,105.51,suburban,fresh,none,86
115,3,0,0,4.3,1.68,0,121,4,21.52,5.35,107.71,rural,beverages,none,100
115,3,0,0,1.31,4.5,1,88,1.57,23.96,10.74,97.52,rural,beverages,construction,88
115,3,0,0,4.78,3.41,0,137,4.45,15.36,3.41,99.28,suburban,beverages,sports,76
115,3,0,0,9.92,1.18,1,64,9.6,21.91,3.01,113.24,rural,homecare,construction,3
115,3,0,0,4.44,6.41,0,110,4.84,18.74,3.7,99.78,suburban,snacks,sports,44
115,3,0,0,6.16,2.25,1,126,6.09,24.03,4.14,97.59,suburban,snacks,none,81
115,3,0,0,1.93,0.89,0,90,1.9,24.31,1.39,108.52,suburban,snacks,none,86
115,3,0,0,5.72,16,1,94,6.5,16,0,103.85,suburban,homecare,none,94
115,3,0,0,2.09,0.1,0,49,2.14,20.45,0,106.58,urban,fresh,none,49
115,3,0,0,5.36,3.42,0,70,4.56,20.45,0,94.85,suburban,homecare,construction,68
115,3,0,0,3.62,0,0,135,4.03,18.51,2.8,102.3,rural,beverages,festival,113
115,3,0,0,5.75,30.51,1,252,7.25,22.7,1.92,92.35,urban,fresh,none,198
115,3,0,0,10.84,1.99,0,95,11.66,22.91,0,99.82,urban,homecare,sports,35
115,3,0,0,3.92,2.24,0,119,4.53,19.51,0,105.69,urban,personalcare,festival,100
115,3,0,0,3.38,0.84,0,126,3.68,12.04,0,99.23,suburban,fresh,none,70
115,3,0,0,4.29,9.91,0,77,4.64,21.83,12.21,106.93,rural,snacks,none,53
115,3,0,0,3.51,20.28,1,201,3.9,26.67,0,107.24,suburban,beverages,sports,116
115,3,0,0,9.62,24.85,0,105,8.14,14.59,0,97.12,suburban,homecare,festival,105
115,3,0,0,4.64,1.1,0,108,4.44,17.08,0,105.81,rural,snacks,none,55
115,3,0,0,4.29,7.49,0,141,4.91,17.94,3.32,104.43,urban,snacks,festival,138
115,3,0,0,4.41,3.51,0,109,5.16,19.63,0.43,95.96,urban,personalcare,construction,44
115,3,0,0,3.26,1.81,0,130,3.91,24.98,5.5,104.15,rural,snacks,sports,41
115,3,0,0,4.68,24.33,1,152,5.74,20.22,2.14,103.74,rural,personalcare,none,84
116,4,0,0,4.69,3.82,0,57,5.36,15.04,0,108.81,rural,snacks,festival,57
116,4,0,0,5.49,11.3,0,161,6.32,20.33,4.9,97.21,urban,snacks,none,130
116,4,0,0,1.59,12.53,0,202,1.74,21.28,2,105.81,urban,fresh,festival,155
116,4,0,0,5.32,3.59,0,125,5.66,19.01,0,100.4,urban,beverages,none,125
116,4,0,0,2.08,2.66,1,156,2.25,19.79,5.94,98.9,suburban,fresh,none,70
116,4,0,0,5.89,3.09,1,81,6.59,20.55,0,93.76,suburban,fresh,construction,67
116,4,0,0,3.56,2.05,1,163,3.39,24.97,5.75,103.99,urban,beverages,sports,83
116,4,0,0,3.7,0,0,61,4.93,13.68,0,99.63,urban,personalcare,none,61
116,4,0,0,6.04,1.64,1,114,6.54,26.33,0,104.04,suburban,snacks,construction,68
116,4,0,0,3.35,3.19,0,153,3.2,18.52,0,112.97,urban,fresh,none,103
116,4,0,0,1.1,25.14,0,157,1.11,22.26,0,104.51,urban,snacks,construction,140
116,4,0,0,2.85,1.23,0,83,3.24,16.55,7.15,109.54,urban,fresh,festival,83
116,4,0,0,2.79,0,0,125,3.07,19.64,0,96.52,urban,snacks,none,72
116,4,0,0,5.22,0,1,59,4.51,8.26,0,99.13,suburban,personalcare,construction,10
116,4,0,0,5.27,29.98,0,185,5.23,14.46,6.33,105.19,urban,snacks,construction,153
116,4,0,0,5.57,12.33,0,123,6.01,24.35,0,102.19,suburban,snacks,none,76
116,4,0,0,5.92,19.05,0,210,5.25,30.94,1.44,107.45,rural,fresh,none,155
116,4,0,0,6.67,2.24,0,101,7.98,22.54,1.43,105.06,rural,beverages,festival,81
116,4,0,0,10.91,22.13,1,96,11.02,18.96,3.88,104.01,suburban,homecare,none,96
116,4,0,0,4.84,2.35,0,95,5.19,15.07,3.33,99.73,suburban,personalcare,festival,51
116,4,0,0,9.76,2.11,0,37,9.48,17.73,0,99.67,suburban,homecare,none,29
116,4,0,0,3.94,3.55,0,99,4.12,22.75,0,96.77,suburban,beverages,sports,99
116,4,0,0,2.63,28.09,0,113,2.92,11.42,0,95.91,suburban,snacks,none,113
116,4,0,0,2.75,3.84,1,137,2.73,21.43,0,97.22,suburban,beverages,construction,76
116,4,0,0,3.39,2.19,1,108,3.64,24.27,0,97.57,urban,fresh,construction,91
116,4,0,0,9.01,2.94,0,114,10,17,4.53,104.34,urban,homecare,sports,82
116,4,0,0,2.63,0.01,0,36,2.96,19.12,5.28,107.19,rural,snacks,construction,36
116,4,0,0,2.41,2.95,0,169,2.87,21.98,0,105.17,urban,beverages,construction,117
116,4,0,0,2.76,2.49,0,121,2.58,28.24,5.6,106.28,rural,snacks,festival,100
116,4,0,0,5.58,13.05,0,167,5.5,19.83,0,99.83,suburban,beverages,festival,128
116,4,0,0,7.49,0.45,1,84,9.24,25.57,4.1,98.61,urban,homecare,none,84
116,4,0,0,1.46,11.32,0,94,1.31,18.66,0,99.27,suburban,beverages,none,87
116,4,0,0,1.1,0.44,0,126,1.04,19.75,0.48,98.82,rural,beverages,sports,61
116,4,0,0,3.78,2.37,0,67,3.11,15.61,0.65,107.26,rural,beverages,none,67
116,4,0,0,3.94,6.97,0,115,3.58,15.4,0.34,98.45,suburban,snacks,sports,98
117,5,0,1,10.48,3.76,1,96,10.64,16.79,1.33,109.25,suburban,homecare,sports,34
117,5,0,1,4.21,2.94,0,87,4.44,16.65,5.03,99.12,suburban,fresh,festival,87
117,5,0,1,4.97,33.73,1,156,5.86,15.78,5.4,104.44,suburban,personalcare,construction,132
117,5,0,1,5.82,3.13,0,130,5.13,18.96,6.84,109.62,rural,beverages,festival,67
117,5,0,1,2.02,3.47,1,166,2.19,20.45,4.94,107.97,suburban,snacks,festival,107
117,5,0,1,5.71,3.65,0,93,4.91,13.96,6.26,98.73,suburban,fresh,construction,75
117,5,0,1,3.35,0.26,1,91,3.01,19.49,0,103.59,urban,snacks,construction,49
117,5,0,1,4.61,6.23,1,156,5.53,22.78,2.78,100.47,suburban,snacks,none,118
117,5,0,1,3.31,0.07,0,154,3.43,19.77,7.35,106.25,urban,beverages,none,87
117,5,0,1,3.55,1.93,0,87,3.1,27.55,7.03,106.77,urban,personalcare,construction,51
117,5,0,1,3.18,4.91,0,125,3.21,17.89,0,104.31,urban,beverages,festival,125
117,5,0,1,5.06,5.1,0,160,5.02,18.26,6.23,95.5,urban,beverages,sports,140
117,5,0,1,8.84,13.08,0,99,9.65,12.29,1.62,111.44,urban,homecare,none,68
117,5,0,1,7.12,4.89,0,63,9.41,19.62,8.3,106.71,rural,personalcare,sports,63
117,5,0,1,3.75,8.79,0,117,3.7,18.14,3.27,101.6,rural,beverages,none,62
117,5,0,1,1.1,0.65,0,47,1.13,21.27,1.03,96.73,rural,fresh,none,44
117,5,0,1,5.32,1.68,0,149,4.8,16.44,5.49,98.36,suburban,snacks,festival,56
117,5,0,1,1.45,2.4,0,133,1.54,16.86,3.27,98.49,suburban,snacks,none,47
117,5,0,1,10.22,2.18,1,64,8.42,16.03,0,105.16,urban,homecare,sports,10
117,5,0,1,6.35,1.45,0,82,6.83,23.79,4.59,99.67,suburban,snacks,sports,37
117,5,0,1,3.68,19.29,0,114,4.53,23.47,9.45,95.95,urban,personalcare,construction,40
117,5,0,1,3.2,0,0,161,3.87,23.47,12.86,104.13,urban,beverages,none,115
117,5,0,1,5.54,22.24,0,191,6,23.56,0,97.55,suburban,beverages,none,191
117,5,0,1,5.86,23.49,1,237,7.71,15,0,99.07,suburban,fresh,none,169
117,5,0,1,2.97,0.12,0,4,3.34,19.12,0,103.53,rural,fresh,none,4
117,5,0,1,6.13,6,0,103,5.67,17.77,0,95.45,suburban,fresh,festival,80
117,5,0,1,6.81,20.64,0,111,7.25,15.11,0,92.42,rural,personalcare,none,111
117,5,0,1,4.24,18.04,1,124,4.02,15.26,7.55,101.75,rural,personalcare,construction,38
117,5,0,1,5.66,2.45,0,44,6.23,23.22,5.44,103.63,suburban,personalcare,none,31
117,5,0,1,5.94,2.53,1,66,5.1,13.34,3.55,100.75,suburban,snacks,none,57
117,5,0,1,4.72,2.84,0,100,3.78,21.52,0,98.68,rural,snacks,none,51
117,5,0,1,4.15,3.28,1,121,3.65,17.96,0,106.36,suburban,snacks,sports,103
117,5,0,1,3.85,0,0,82,4.64,19.82,0,93.93,urban,beverages,none,82
117,5,0,1,3.8,22.72,0,132,4.92,14.94,0,106.12,urban,personalcare,festival,132
117,5,0,1,1.8,0.91,0,63,2.03,15.03,7.02,108.23,suburban,snacks,none,60
118,6,0,1,3.12,24.48,1,112,3.72,21.93,0,102.83,rural,snacks,construction,112
118,6,0,1,8.8,4.88,0,51,10.29,17.16,2.76,106.33,urban,homecare,construction,38
118,6,0,1,4.03,9.53,0,125,3.09,19.76,0,102.04,urban,fresh,none,110
118,6,0,1,4.55,0,0,50,4.48,19.05,0.9,98.41,rural,personalcare,none,25
118,6,0,1,4.7,16.31,0,214,5.22,16.39,0,101.02,urban,beverages,festival,168
118,6,0,1,7.24,2.89,0,71,7.28,19.52,8.35,95.17,urban,homecare,construction,0
118,6,0,1,5.61,5.12,1,105,4.81,16.58,4.95,112.3,suburban,fresh,none,81
118,6,0,1,6.42,7.52,0,151,7.55,19.02,3.43,107.75,suburban,beverages,none,125
118,6,0,1,4.85,0.86,0,99,4.36,15.96,1.81,106.7,suburban,fresh,none,77
118,6,0,1,3.18,0,0,140,3.33,18.63,0,107.58,urban,snacks,festival,74
118,6,0,1,6.26,5.54,0,64,4.77,16.72,10.74,107.55,urban,snacks,none,64
118,6,0,1,5.86,4.49,0,87,6.31,14.77,4.86,107.07,suburban,snacks,sports,87
118,6,0,1,2.07,13.49,0,139,2.44,20.92,0,96,urban,snacks,none,113
118,6,0,1,2.13,3.21,0,104,2.62,23.61,5.04,102.32,rural,beverages,none,100
118,6,0,1,1.79,0.85,1,31,1.93,19.85,10.81,96.24,urban,personalcare,construction,31
118,6,0,1,6.65,1.59,0,68,6.67,16.8,0.08,108.37,rural,homecare,sports,39
118,6,0,1,6.21,0,0,57,5.64,19.12,3.39,103.09,urban,homecare,none,57
118,6,0,1,9.3,3.34,1,134,10.2,10.57,6.09,102.99,suburban,homecare,festival,81
118,6,0,1,3.75,1.86,0,75,3.47,21.26,0,102.71,rural,personalcare,festival,18
118,6,0,1,7.28,3.67,0,113,7.2,17.86,0,97.66,urban,beverages,none,113
118,6,0,1,4.78,18.6,0,149,4.73,17.76,3.92,104.1,suburban,fresh,sports,149
118,6,0,1,4.43,2.09,0,119,3.97,30.69,2.83,106.72,suburban,fresh,none,42
118,6,0,1,4.99,0.77,0,70,5.23,24.12,0,97.5,suburban,personalcare,construction,40
118,6,0,1,1.1,22.65,0,154,1.11,22.3,0,101.39,suburban,personalcare,festival,65
118,6,0,1,4.06,3.65,0,98,4,21.66,1.24,100.15,suburban,snacks,none,58
118,6,0,1,2.17,17.57,1,144,2.28,18.37,0,99.34,urban,snacks,none,125
118,6,0,1,3.2,1.43,0,132,3.33,22.13,9.18,107.91,suburban,beverages,festival,107
118,6,0,1,9,25.36,1,78,9.49,24.12,6.09,98.59,urban,homecare,construction,78
118,6,0,1,6.9,11.67,0,141,6.62,15.22,10.69,101.03,suburban,fresh,festival,141
118,6,0,1,8.52,1.91,0,116,8.66,23.29,4.74,103.03,urban,homecare,festival,71
118,6,0,1,6.39,0,0,71,6.54,22.1,2.18,96.85,rural,fresh,none,46
118,6,0,1,2.7,1.53,0,121,2.55,18.23,9.54,100.95,urban,beverages,sports,106
118,6,0,1,4.61,3.47,0,65,5.79,24.99,5.25,93.23,urban,fresh,construction,65
118,6,0,1,3.14,1.89,0,70,3.77,23.68,6.25,97.12,urban,fresh,construction,54
118,6,0,1,4.55,3.42,0,108,4.73,15.82,0,105.54,urban,fresh,festival,108
119,0,0,0,2.25,16.66,1,251,2.15,23.83,0,102.89,suburban,fresh,sports,113
119,0,0,0,4.71,19.61,0,183,5.31,20.19,0,101.97,urban,beverages,construction,162
119,0,0,0,3.22,12.65,0,145,2.9,11.34,8.24,113.03,urban,beverages,sports,145
119,0,0,0,6.14,4.63,0,101,5.99,26.38,1.87,100.5,rural,beverages,sports,101
119,0,0,0,5.95,11.69,0,126,6.4,26.91,5.46,113.62,rural,beverages,sports,123
119,0,0,0,3.63,3.42,0,132,4.38,13.36,7.1,105.47,urban,snacks,festival,120
119,0,0,0,4.69,2.61,1,141,5.66,18.5,0.97,97.34,suburban,fresh,festival,82
119,0,0,0,5.19,2.58,0,124,4.76,14.5,0,101.78,suburban,snacks,none,75
119,0,0,0,2.31,0.07,0,97,2.22,25.67,6.05,93.83,rural,beverages,sports,64
119,0,0,0,7.2,0.54,0,94,6.63,18.4,0,97.46,urban,homecare,none,0
119,0,0,0,9.73,2.18,0,55,10.7,21.9,0,95.95,suburban,homecare,none,47
119,0,0,0,4.87,2.99,1,64,4.52,18.29,3.16,94.13,suburban,homecare,sports,62
119,0,0,0,2.34,13.62,0,71,2.09,10.99,4.75,100.96,urban,fresh,none,71
119,0,0,0,4.29,1.07,0,25,4.73,17.16,0.36,98.99,rural,personalcare,none,11
119,0,0,0,2.64,5.38,0,143,3.38,24.33,4.56,102.94,urban,fresh,none,90
119,0,0,0,4.24,1,1,139,4.94,20.02,4.39,106.89,urban,snacks,construction,25
119,0,0,0,1.43,2.7,0,59,1.26,10.84,6.45,100.12,rural,fresh,none,31
119,0,0,0,3.44,4.57,0,134,2.93,17.17,0.67,105.38,rural,snacks,sports,38
119,0,0,0,4.82,17.07,1,147,4.24,20.69,1.68,103.69,suburban,personalcare,sports,120
119,0,0,0,4.11,2.08,1,119,4.16,15.16,0,99.58,suburban,beverages,none,119
119,0,0,0,7.69,2.96,1,61,8.53,22.22,0.63,98.19,urban,homecare,sports,61
119,0,0,0,3.58,3.25,0,11,2.74,14.89,0,97.77,suburban,personalcare,none,11
119,0,0,0,3.58,0.92,0,94,2.82,23.85,13.99,108.42,rural,beverages,none,94
119,0,0,0,2.58,1.92,0,114,1.89,24.17,7.56,98.2,urban,beverages,none,114
119,0,0,0,4.53,31.97,1,260,4.4,27.85,1.68,93.97,rural,beverages,none,172
119,0,0,0,7.18,6.03,0,106,6.54,17.09,6.02,108.5,suburban,homecare,sports,49
119,0,0,0,3.96,2.02,0,72,4.72,16.99,4.74,97.44,rural,snacks,construction,41
119,0,0,0,1.57,3.25,1,40,1.53,16.2,1.38,97.91,suburban,snacks,none,40
119,0,0,0,4.79,4.57,0,133,5.66,16.73,1.98,99.51,urban,snacks,sports,113
119,0,0,0,3.38,8.32,0,108,3.69,22.33,0,97.78,suburban,snacks,construction,71
119,0,0,0,1.66,1.1,1,100,1.67,20.51,3.52,102.37,urban,personalcare,none,62
119,0,0,0,5.32,2.12,0,117,6.74,18.82,2.36,105.34,urban,snacks,sports,76
119,0,0,0,8.47,14.46,0,123,9.96,16.94,0,104.21,suburban,homecare,none,50
119,0,0,0,3.08,3.14,0,59,3.81,13.91,3.43,94.76,rural,personalcare,sports,28
119,0,0,0,4.89,3.49,0,161,4.43,17.31,2.85,103.91,rural,beverages,none,23
120,1,0,0,3.74,0,0,104,3.8,21.01,2.13,100.27,urban,beverages,none,95
120,1,0,0,8.19,25.93,0,184,9.16,26.79,4.75,107.63,suburban,homecare,none,121
120,1,0,0,6.09,20.69,1,260,6.67,23.04,0,103.21,urban,beverages,festival,241
120,1,0,0,3.75,4.83,0,130,4.67,17,5.2,103.34,urban,beverages,none,112
120,1,0,0,2.59,1.46,1,143,2.91,18.65,3.21,99.13,urban,beverages,none,124
120,1,0,0,6.87,0,1,99,7.26,15.74,0.72,101.1,urban,fresh,sports,99
120,1,0,0,5.4,25.12,0,134,6.44,17.98,0,98.34,urban,personalcare,sports,134
120,1,0,0,5.19,2.67,0,119,5.63,21.36,1.46,98.47,urban,snacks,none,60
120,1,0,0,4.6,0.85,1,83,4.85,24.31,6.33,93.56,suburban,snacks,none,81
120,1,0,0,1.83,2.46,0,88,1.83,24.86,2.56,100.52,urban,fresh,none,69
120,1,0,0,4.94,0.6,1,97,5.53,25.03,0,108.23,urban,snacks,none,97
120,1,0,0,8.72,3.03,0,49,10.57,15.05,0,97.94,urban,homecare,none,49
120,1,0,0,3.42,13.57,0,127,2.93,23.03,7.09,105.53,urban,snacks,none,52
120,1,0,0,8.95,12.08,1,96,9.56,16.41,4.02,97.23,suburban,homecare,construction,46
120,1,0,0,4.04,0.24,0,70,4.56,22.62,9.6,109.78,urban,personalcare,none,47
120,1,0,0,5.16,16.68,1,176,5.48,28.88,10.33,95,urban,fresh,none,132
120,1,0,0,3.48,2.89,1,103,3.95,19.71,5.69,99.03,rural,snacks,construction,68
120,1,0,0,3.34,4.06,0,143,3.5,19.25,0,99.27,urban,snacks,none,103
120,1,0,0,7.71,2.76,0,117,6.84,19.72,10.4,113.01,suburban,homecare,festival,77
120,1,0,0,10.59,2.11,0,92,13.66,18.74,0.6,95.63,suburban,homecare,none,62
120,1,0,0,8.33,0.01,0,69,11.65,22.25,3.87,104.18,suburban,homecare,none,38
120,1,0,0,7.11,28.17,1,191,8.16,12.67,1.16,95.15,suburban,beverages,construction,174
120,1,0,0,2.1,0.44,1,163,1.82,27.29,6.95,106.51,suburban,beverages,sports,119
120,1,0,0,2.67,3.42,0,146,2.66,19.05,5.89,105.48,urban,beverages,construction,110
120,1,0,0,6.42,0,1,99,6.9,22.12,6.83,97.62,urban,fresh,none,71
120,1,0,0,3.58,25.11,0,122,4.31,15.29,4.29,99.35,suburban,fresh,construction,122
120,1,0,0,6.46,8.07,0,64,7.63,13.65,0,101.1,urban,homecare,none,64
120,1,0,0,4.28,0.19,0,83,4.64,21.08,3.96,99.51,suburban,fresh,construction,31
120,1,0,0,10.67,1.69,0,83,9.48,13.26,1.79,101.8,rural,homecare,none,5
120,1,0,0,6.24,1.26,1,154,6.61,16.72,0,100.11,urban,fresh,none,101
120,1,0,0,6.86,3.34,0,157,7.97,11.65,1.81,97.52,suburban,fresh,festival,97
120,1,0,0,6.4,2.28,1,103,7.62,20.85,1.1,97.52,urban,fresh,sports,103
120,1,0,0,5.19,5.25,0,35,6.2,12.76,0,106.31,rural,fresh,none,35
120,1,0,0,3.55,0,0,21,3.61,23.13,3.45,103.7,rural,snacks,construction,21
120,1,0,0,4.12,1.2,1,111,4.7,21.83,5.32,101.22,suburban,beverages,none,97
121,2,0,0,5.36,7.15,0,161,4.33,15.26,0,105.37,suburban,beverages,sports,83
121,2,0,0,4.47,0,0,96,4.5,23.45,0,91.72,rural,beverages,none,89
121,2,0,0,6.59,1.09,0,69,6.29,18.51,4.56,101.92,suburban,personalcare,none,24
121,2,0,0,5.38,20.57,0,180,5.68,14.82,2.15,99.02,urban,snacks,festival,112
121,2,0,0,4.31,2.37,1,99,3.33,15.8,2.44,104.84,suburban,fresh,none,99
121,2,0,0,13.31,18.34,0,54,11.12,18.18,0.31,92.66,suburban,homecare,none,54
121,2,0,0,2.08,3.05,0,104,2.54,25.91,6.53,99.51,suburban,beverages,none,104
121,2,0,0,3.82,1.63,0,127,4.16,15.01,2.94,109.43,rural,beverages,sports,85
121,2,0,0,4.51,4.18,1,107,4.43,18.66,9.2,97.65,rural,fresh,construction,29
121,2,0,0,4.23,0.58,0,152,4.29,17.12,7.2,97.86,suburban,beverages,none,113
121,2,0,0,3.59,2.73,0,41,3.95,14.12,0,96.15,suburban,personalcare,none,41
121,2,0,0,4.38,32.59,0,260,4.79,24.63,4.75,97,urban,beverages,festival,232
121,2,0,0,4.36,3.21,0,114,5.24,21.36,5.41,100.69,rural,beverages,construction,58
121,2,0,0,2.72,4.76,0,67,2.93,20.07,3.81,109.44,rural,fresh,construction,37
121,2,0,0,4.93,1.57,0,90,5.3,14.17,4.71,96.23,urban,fresh,none,90
121,2,0,0,3.83,2.19,1,124,4.47,23.92,6.39,97.42,rural,beverages,none,102
121,2,0,0,5.34,22.18,0,148,5.08,15.16,4.61,102.97,suburban,snacks,sports,148
121,2,0,0,5.01,3.46,0,120,5.69,18.17,0,96.09,suburban,snacks,none,61
121,2,0,0,4.19,1.31,0,111,5.12,16.58,0,104.75,suburban,fresh,none,65
121,2,0,0,3.15,7.26,1,116,3.21,14.09,0.35,110.08,urban,personalcare,festival,104
121,2,0,0,1.16,0,0,91,1.22,21.09,3.98,102.61,suburban,personalcare,festival,37
121,2,0,0,5.5,1.71,0,124,6.35,18.12,4.01,100.02,suburban,beverages,none,124
121,2,0,0,3.51,0.86,0,74,4.26,21.87,5.42,98.91,urban,personalcare,none,58
121,2,0,0,2.4,2.25,0,118,2.48,19.56,0,106.94,rural,personalcare,festival,66
121,2,0,0,2.6,12.77,0,75,2.48,13.19,0.24,96.15,suburban,personalcare,sports,56
121,2,0,0,4.83,5.2,0,159,5.95,16.68,9.61,96.68,suburban,beverages,festival,141
121,2,0,0,8.28,11.32,0,83,8.68,17.56,2.91,110.05,urban,homecare,sports,81
121,2,0,0,6.75,1.31,1,91,6.69,20.99,2.1,95.98,suburban,personalcare,none,91
121,2,0,0,3.36,13.5,1,204,3.69,21.19,0.31,104.55,urban,beverages,none,158
121,2,0,0,4.36,4.19,1,162,4.31,22.78,3.88,102.68,suburban,beverages,none,79
121,2,0,0,6,21.32,0,177,6.42,20.32,0,95.5,suburban,fresh,construction,137
121,2,0,0,6.45,2.45,0,79,6.22,19.56,1.6,103.87,suburban,personalcare,none,60
121,2,0,0,5,2.91,0,105,5.83,17.81,5.59,112.81,urban,snacks,construction,27
121,2,0,0,3.85,0.04,0,55,5.15,17.79,0.59,99.78,suburban,snacks,none,55
121,2,0,0,4.75,4.15,0,147,4.09,16.83,0,106.34,rural,beverages,festival,127
122,3,0,0,3.11,2.47,1,90,3.43,16.22,9.04,103.83,rural,snacks,none,49
122,3,0,0,5.99,0,0,147,7.11,20.53,5.63,109.78,rural,beverages,festival,119
122,3,0,0,7.21,2.59,0,36,6.61,9.96,6.4,96.83,rural,fresh,construction,3
122,3,0,0,4.05,1.92,0,96,4.84,22.79,3.59,101.51,suburban,fresh,construction,16
122,3,0,0,1.39,1.39,0,127,1.36,18.58,0,104.62,suburban,beverages,none,121
122,3,0,0,4.39,1.45,0,188,4.9,17.22,2.5,97.51,urban,beverages,sports,103
122,3,0,0,5.97,2.08,0,113,4.75,23.51,2.89,101.37,suburban,beverages,construction,87
122,3,0,0,1.65,5.81,1,100,1.59,21.12,0,93.78,suburban,snacks,none,83
122,3,0,0,5.63,5.19,1,95,5.73,16.34,1.37,104.39,suburban,fresh,construction,56
122,3,0,0,9.43,11.81,0,111,8.04,25.56,0,105.27,suburban,homecare,festival,98
122,3,0,0,9.63,1.56,0,95,13.06,21.89,1.21,101.74,urban,homecare,none,95
122,3,0,0,9.79,1.8,0,64,11.18,13.91,12.81,99.12,suburban,homecare,none,13
122,3,0,0,5.15,3.29,0,110,4.81,12.81,2.56,102.77,suburban,beverages,none,107
122,3,0,0,5.76,22.95,0,167,6.27,18.24,3.46,97.93,urban,personalcare,sports,54
122,3,0,0,1.1,1.87,0,177,1.1,20.85,0,95.04,urban,beverages,none,123
122,3,0,0,3.83,13.74,0,168,4.13,17.11,1.21,96.05,rural,beverages,sports,124
122,3,0,0,3.21,11.88,0,157,2.95,20.76,9.09,107.15,urban,snacks,none,97
122,3,0,0,4.39,20.12,0,167,4.36,17.62,0,96.47,rural,snacks,none,94
122,3,0,0,3.29,3.31,0,52,2.5,29.89,0,98.06,suburban,snacks,construction,34
122,3,0,0,3.36,27.71,1,175,3.36,14.11,2.44,103.5,suburban,snacks,festival,175
122,3,0,0,5.07,1.51,0,129,5.84,20.78,5.52,100.73,rural,beverages,festival,129
122,3,0,0,5.3,7.47,1,99,5.38,22.01,7.06,93.69,urban,snacks,festival,76
122,3,0,0,8.62,16.62,0,88,9.55,20.53,0,100.04,urban,homecare,construction,33
122,3,0,0,7.53,10.72,0,119,9.34,24.99,11.83,107.2,urban,homecare,none,61
122,3,0,0,2.48,28.11,0,118,2.47,18.27,5.09,107.68,suburban,personalcare,none,99
122,3,0,0,5.39,2.21,0,161,5.35,19.56,3.28,101.14,suburban,beverages,construction,27
122,3,0,0,4.59,2.36,1,70,4.96,18.79,5.01,101.68,suburban,snacks,none,70
122,3,0,0,1.14,3.33,0,153,1.13,19.54,0,103.85,urban,beverages,none,99
122,3,0,0,6.5,2.85,0,89,7.35,16.57,0.38,108.94,rural,homecare,none,0
122,3,0,0,5.96,2.13,1,209,7.02,12.4,2.14,92.01,urban,beverages,construction,60
122,3,0,0,1.48,0.66,0,4,1.69,20.81,3.61,90.79,rural,fresh,none,4
122,3,0,0,3.9,17.96,0,111,3.41,23.43,7.58,105.45,suburban,snacks,construction,110
122,3,0,0,3.26,2.55,0,82,3.72,21.17,2.61,102.11,suburban,snacks,none,57
122,3,0,0,4.82,2.14,0,100,5.18,19.57,5.07,106.65,urban,personalcare,sports,62
122,3,0,0,1.1,1.71,0,116,1.25,22.92,7.28,106.08,urban,beverages,none,116
123,4,0,0,3.8,3.55,0,76,4.08,20.74,0,106.96,rural,snacks,construction,65
123,4,0,0,3.78,4.29,0,72,3.73,23.23,0,100.75,suburban,snacks,construction,72
123,4,0,0,7.18,19.19,0,133,7.14,17.61,12.27,99.11,suburban,fresh,none,106
123,4,0,0,5.46,0.83,0,153,5.73,20.44,0,104.04,urban,snacks,sports,125
123,4,0,0,4.21,26.05,0,260,4.57,20.19,0,103.58,suburban,beverages,sports,217
123,4,0,0,2.55,14.32,0,168,2.77,21.6,0.04,106.74,urban,beverages,festival,130
123,4,0,0,6.03,2.9,1,164,6.03,17.6,9.05,95.06,suburban,beverages,none,116
123,4,0,0,8.25,1.85,0,62,8.98,26.99,6.59,98.01,urban,homecare,none,56
123,4,0,0,3.7,3.41,1,85,3.11,22.63,13.28,101.65,urban,personalcare,none,61
123,4,0,0,3.7,0,0,86,3.9,18.04,9.87,99.51,rural,snacks,none,57
123,4,0,0,6.7,2.27,0,22,7.67,14.98,2.6,102.5,rural,homecare,none,22
123,4,0,0,11.65,2.36,0,22,9.73,16.33,7.67,95.33,rural,homecare,sports,22
123,4,0,0,6.52,2.78,0,74,6.86,22.73,5.96,96.75,rural,snacks,construction,14
123,4,0,0,3.68,3.09,0,105,3.3,22.77,4.94,97.87,rural,beverages,none,83
123,4,0,0,3.85,11.53,0,152,4.28,24.84,8.38,100.4,suburban,fresh,sports,124
123,4,0,0,1.64,0.14,0,102,2,19.84,3.82,98.06,suburban,beverages,none,101
123,4,0,0,3.54,20.33,0,168,3.62,16.32,4.33,104.77,rural,snacks,none,91
123,4,0,0,4.69,1.84,0,71,3.7,21.92,0,99.69,suburban,snacks,none,51
123,4,0,0,6.54,1.26,0,104,8.02,12.45,2.55,97.91,urban,homecare,sports,15
123,4,0,0,7.7,2.47,1,33,7.93,22.12,0,110.06,rural,homecare,sports,33
123,4,0,0,1.53,1.86,1,157,1.68,15.2,8.71,96.89,urban,snacks,sports,109
123,4,0,0,6.02,29.5,0,190,5.89,28.65,1.58,97.39,suburban,fresh,construction,126
123,4,0,0,4.69,2.16,1,123,5.05,17.1,9.87,98.83,urban,beverages,construction,93
123,4,0,0,3.74,1.73,1,56,3.66,28.17,7.29,102.64,rural,snacks,sports,56
123,4,0,0,1.81,0.03,0,33,1.87,26.2,7.99,95.36,rural,personalcare,construction,0
123,4,0,0,9.19,3.15,0,136,8.15,20.61,2.23,99.3,suburban,homecare,festival,61
123,4,0,0,3.69,2.71,1,133,4.1,20.74,5.4,96.64,urban,fresh,sports,68
123,4,0,0,7.73,2.45,0,136,9.8,21.97,2.44,109.92,rural,beverages,festival,115
123,4,0,0,8.42,1.38,0,82,7.96,25.94,0,92.67,urban,homecare,construction,49
123,4,0,0,3.08,1.9,0,142,3.48,15.97,2.34,103.13,suburban,snacks,festival,44
123,4,0,0,4.5,2.63,0,123,4.36,16.92,4.38,92.5,urban,fresh,construction,78
123,4,0,0,6.06,1.54,0,194,5.16,15.97,0,99.7,suburban,beverages,sports,54
123,4,0,0,5.86,4.36,1,80,4.95,23.3,1.92,98.49,urban,snacks,none,80
123,4,0,0,3.8,1.66,1,110,4.1,20.4,1.39,106.31,rural,personalcare,none,55
123,4,0,0,4.71,0.5,1,79,5.01,14.76,1.69,94.94,rural,snacks,none,46
124,5,0,1,6.53,3.15,0,80,6.65,9.9,4.97,98.25,rural,fresh,sports,71
124,5,0,1,3.4,1.35,0,17,3.34,17.99,1.22,101.17,rural,personalcare,construction,17
124,5,0,1,4.53,4.25,1,96,4.27,21.3,7.13,98.38,rural,fresh,none,71
124,5,0,1,4.35,1.07,1,80,4.05,18.47,3.56,106.72,suburban,beverages,none,80
124,5,0,1,3.93,1.08,0,98,4.67,14.13,1.61,100.61,suburban,beverages,none,91
124,5,0,1,2.34,3.69,0,141,2.71,21.17,0.39,95.75,suburban,beverages,festival,97
124,5,0,1,3.49,0,0,86,3.91,15.13,7.01,100.93,urban,snacks,none,69
124,5,0,1,4.11,0.55,1,137,4.54,19.11,2.82,97.41,rural,beverages,construction,42
124,5,0,1,4.19,2.41,1,138,2.89,28.79,0,104.48,suburban,beverages,none,138
124,5,0,1,3.6,7.12,1,148,4.35,25.77,0,93.86,suburban,beverages,construction,121
124,5,0,1,4.68,2.95,0,159,4.74,24.57,7.76,109.69,urban,beverages,festival,126
124,5,0,1,7.91,0,0,107,8.07,19.33,0.31,98.34,urban,snacks,none,50
124,5,0,1,5.33,0.98,0,125,5.35,18.47,0,106.93,suburban,beverages,festival,125
124,5,0,1,4.93,3.75,0,48,5.25,23.88,10.48,101.5,suburban,personalcare,construction,24
124,5,0,1,4.69,9.1,0,86,4.49,26.03,4.04,99.91,suburban,personalcare,construction,49
124,5,0,1,6.5,1.81,0,109,6.2,20.48,0,104.22,suburban,personalcare,none,0
124,5,0,1,6.8,1.19,0,68,7.11,18.12,14.46,103.33,suburban,homecare,none,48
124,5,0,1,3.21,3.71,0,124,3.19,15.11,0,105.96,urban,fresh,construction,62
124,5,0,1,4.1,1.27,0,147,4.95,7.63,4.49,98.99,urban,beverages,none,53
124,5,0,1,3.17,5.31,0,198,3.44,16.31,4.94,97.74,rural,beverages,sports,97
124,5,0,1,3.74,23.04,0,207,3.58,12.48,5.21,112.21,urban,fresh,none,113
124,5,0,1,4.59,2.35,0,113,4.94,14.92,10.1,105.16,suburban,beverages,none,92
124,5,0,1,2.56,1.16,0,154,2.38,18.59,0,104.04,urban,beverages,none,58
124,5,0,1,3.36,1.97,0,68,3.64,29.55,2.17,108.85,rural,personalcare,none,66
124,5,0,1,3.92,25.96,0,228,3.8,23.75,0,98.41,suburban,beverages,none,162
124,5,0,1,6.87,26.37,0,218,7.45,22.33,1.01,108.46,suburban,beverages,festival,218
124,5,0,1,3.57,5.71,0,82,3.71,22.18,2.3,99.6,rural,snacks,sports,79
124,5,0,1,3.45,0,0,60,2.62,18.74,5.77,100.57,suburban,snacks,construction,30
124,5,0,1,1.28,16.23,0,120,1.35,24.86,0,101.88,urban,personalcare,sports,113
124,5,0,1,10.7,3.62,0,97,9.71,23.75,0,101.28,urban,homecare,none,56
124,5,0,1,4.35,14.67,0,62,4.53,11.45,3.4,106.25,rural,snacks,construction,54
124,5,0,1,6.33,3.35,1,37,6.5,18.7,6.13,105.33,suburban,homecare,construction,35
124,5,0,1,9.44,10.11,0,52,7.61,19.94,1.34,98.76,rural,homecare,none,34
124,5,0,1,5.11,3.52,0,176,4.88,19.57,8.07,101.76,urban,beverages,sports,137
124,5,0,1,1.97,23.17,0,90,1.97,20.09,1.78,94.9,suburban,personalcare,none,54
125,6,0,1,4.04,3.31,0,124,4.55,21.18,0,106.68,rural,beverages,none,121
125,6,0,1,7.48,1.38,0,4,5.98,9.46,1.07,99.67,rural,personalcare,construction,4
125,6,0,1,3.7,17.04,0,179,3.98,17.3,5.87,99.43,rural,beverages,none,139
125,6,0,1,7.5,2.05,0,71,7.5,25.4,0,101.98,rural,fresh,none,64
125,6,0,1,5.38,2.77,0,94,5.11,12.45,0,94.22,urban,fresh,none,89
125,6,0,1,5.63,22.95,1,228,5.92,23.65,3.18,100.56,suburban,fresh,none,146
125,6,0,1,4.1,6.26,1,16,3.87,20.49,0,97.65,rural,personalcare,none,16
125,6,0,1,3.93,1.17,0,117,3.93,18.71,0,100.16,suburban,fresh,sports,117
125,6,0,1,4.02,29.95,1,171,4.07,25.65,13.62,108.48,urban,snacks,none,143
125,6,0,1,3.92,22.01,1,243,3.7,21,0.99,102.57,urban,beverages,festival,203
125,6,0,1,4.16,1.95,0,189,4.86,19.64,1.29,99.68,urban,beverages,sports,126
125,6,0,1,3,3.18,1,95,2.68,20.4,0,101.93,urban,personalcare,festival,49
125,6,0,1,2.77,0.77,0,127,3.23,18.96,2.48,99.09,suburban,snacks,none,77
125,6,0,1,4.58,3.26,1,143,4.89,18.57,2.91,105.37,urban,fresh,festival,116
125,6,0,1,4.56,24.46,1,203,5.48,22.61,0.67,101.83,rural,beverages,festival,199
125,6,0,1,5.43,16.26,0,73,4.54,21.76,3.21,101.94,rural,personalcare,sports,40
125,6,0,1,1.1,4.17,1,149,1.22,21.54,4.15,97.33,rural,beverages,none,57
125,6,0,1,9.34,0.94,0,39,9.05,18.48,3.93,109.24,rural,homecare,none,39
125,6,0,1,5.38,2.85,0,146,6.22,17.96,0.75,97.86,urban,fresh,none,92
125,6,0,1,5.08,0,0,66,4.43,22.44,0,93.93,rural,snacks,festival,32
125,6,0,1,7.18,18.37,0,27,5.97,26.36,0,104.37,urban,homecare,construction,27
125,6,0,1,4.25,6.28,0,153,3.86,19.14,1.63,105.56,urban,snacks,none,116
125,6,0,1,5.13,6.06,0,114,5.97,16.42,1.65,110.08,urban,snacks,none,77
125,6,0,1,10.57,1.41,0,60,11.34,24.48,2.57,102.99,suburban,homecare,construction,45
125,6,0,1,3.93,33.59,1,260,3.7,19.13,4.68,104.28,suburban,beverages,none,177
125,6,0,1,3.84,0.59,0,92,4.15,18.69,3.39,104.87,urban,snacks,sports,62
125,6,0,1,5.98,3.52,1,80,6.17,22.79,1.18,107.01,rural,personalcare,none,80
125,6,0,1,2.43,13.93,0,128,2.74,22.48,4.93,103.55,suburban,snacks,construction,40
125,6,0,1,4.39,2.83,1,102,4.22,16.41,3.28,100.89,suburban,fresh,sports,89
125,6,0,1,5.83,23.29,0,230,6.48,11.71,3.16,98.79,urban,beverages,construction,178
125,6,0,1,2.73,1.13,1,53,2.98,13.14,9.63,100.42,rural,beverages,none,33
125,6,0,1,5.8,1.75,0,47,5.74,21.92,6.53,94.07,rural,beverages,none,47
125,6,0,1,2.72,0.67,0,179,2.96,19.53,5.37,96.32,suburban,snacks,festival,93
125,6,0,1,4.22,25.58,0,260,4.16,26.82,0,109.92,urban,beverages,festival,243
125,6,0,1,2.54,2.48,0,169,2.75,31.76,0,103.03,urban,beverages,none,93
126,0,0,0,4.46,22.02,0,98,4.17,18.47,0,98.53,rural,personalcare,none,98
126,0,0,0,3.56,25.98,0,190,3.12,19.49,0.95,95.96,urban,beverages,none,145
126,0,0,0,4.08,0,0,58,4.59,14.73,6.02,97.15,suburban,snacks,sports,58
126,0,0,0,3.09,5.23,1,138,3.16,14.58,2.33,100.45,urban,snacks,none,56
126,0,0,0,9.2,1.47,1,71,9.74,21.83,9.14,108.1,suburban,homecare,festival,58
126,0,0,0,4.58,1.7,0,86,4.34,21.1,4.43,102.91,suburban,snacks,construction,82
126,0,0,0,1.1,2.29,1,139,1.34,26.82,13.15,103.65,suburban,beverages,none,89
126,0,0,0,4.09,0.5,0,108,4.32,21.1,3.84,96.08,rural,beverages,none,90
126,0,0,0,5.06,0,1,77,5.07,20.03,4.4,106.19,urban,fresh,none,55
126,0,0,0,4.55,2.77,0,89,4.17,21.61,2.7,94.62,urban,personalcare,none,40
126,0,0,0,5,1.61,0,136,5.37,24.04,9.02,102.34,urban,beverages,construction,136
126,0,0,0,4.45,2.88,1,125,5.01,23.76,2.2,96.13,suburban,fresh,sports,92
126,0,0,0,2.44,20.49,0,110,2.87,18.76,11.36,101.86,suburban,snacks,construction,85
126,0,0,0,6.3,2.49,1,94,5.41,22.05,0,98.48,rural,beverages,construction,94
126,0,0,0,6.69,4.36,0,28,5.74,23.74,4.71,107.95,urban,fresh,construction,28
126,0,0,0,6.95,1.12,0,46,7.55,16.17,2.94,105.59,suburban,homecare,none,46
126,0,0,0,3.43,2.08,0,114,4.05,20.75,1.52,99.12,urban,fresh,none,107
126,0,0,0,2.65,2.79,1,90,2.68,16.32,3.88,104.2,rural,personalcare,none,31
126,0,0,0,1.47,0.22,0,101,1.49,19.67,2.71,94.44,rural,personalcare,none,20
126,0,0,0,4.57,4.05,0,92,4.48,19.17,3.6,100.98,urban,snacks,none,92
126,0,0,0,7.48,2.35,0,98,7.34,21.5,5.6,113.04,urban,personalcare,none,36
126,0,0,0,4.89,3.17,0,63,5.41,19.84,7.62,103.42,suburban,fresh,none,63
126,0,0,0,3.81,1.2,1,105,3.14,19.74,0,102.4,suburban,beverages,construction,96
126,0,0,0,4.5,2.93,0,149,4.77,26.47,8.3,101.58,urban,snacks,none,40
126,0,0,0,2.35,0.03,1,147,2.35,27.41,0,97.56,urban,beverages,none,129
126,0,0,0,4.97,1.04,0,115,4.18,30.08,12.08,104.09,suburban,fresh,none,60
126,0,0,0,4.39,0,0,76,4.87,16.66,7.25,100.38,urban,fresh,none,61
126,0,0,0,2.04,3.07,0,139,2.24,21.72,0,109.66,urban,beverages,none,131
126,0,0,0,5.32,3.51,0,145,5.68,12.77,0,104.33,suburban,beverages,none,28
126,0,0,0,3.21,26.45,0,166,3.74,20.03,4.83,93.98,rural,snacks,sports,133
126,0,0,0,5.52,21.61,0,138,5.38,21.5,0.84,101.28,urban,beverages,none,138
126,0,0,0,7.85,13.6,1,174,7.62,20,0.21,104.95,suburban,beverages,festival,174
126,0,0,0,8.92,2.64,1,72,10.22,21.07,3.13,103.51,suburban,homecare,sports,72
126,0,0,0,9.15,3.63,1,133,10.79,26.21,4.36,107.51,suburban,homecare,festival,130
126,0,0,0,9.77,1.14,1,103,10.63,15.82,5.6,104.76,urban,homecare,none,76
127,1,0,0,3.65,2.27,0,119,3.41,13.17,4.66,98.15,rural,beverages,none,42
127,1,0,0,3.88,6.02,0,148,3.39,18.01,0,99.85,urban,snacks,festival,130
127,1,0,0,4.34,3.93,0,102,4.06,15.29,2.43,102.23,urban,snacks,none,101
127,1,0,0,2.85,23.26,1,178,3.01,20.67,0,102.28,suburban,fresh,none,147
127,1,0,0,8.59,10.55,0,107,10.08,18.69,0.59,108.54,urban,homecare,none,36
127,1,0,0,6.68,31.81,0,253,8.15,27.37,11.36,97.11,urban,beverages,none,253
127,1,0,0,2.76,5.57,0,48,2.46,21.13,1.44,99.71,rural,fresh,none,48
127,1,0,0,3.68,0.37,0,114,3.62,25.09,8.33,106.64,suburban,personalcare,sports,18
127,1,0,0,3.41,1.3,0,82,3.98,17.38,4.57,97.7,suburban,beverages,none,82
127,1,0,0,8.61,0.42,1,100,7.99,16.46,0,92.3,suburban,homecare,festival,71
127,1,0,0,3.35,0,0,63,3.26,21.37,0.61,97.86,urban,personalcare,festival,63
127,1,0,0,3.53,0,1,112,3.81,20.4,4.24,103.52,suburban,beverages,none,80
127,1,0,0,2.78,29.62,0,252,2.84,19.19,6.2,105.59,urban,beverages,none,252
127,1,0,0,5.15,0.96,1,132,5.75,11.18,5.67,88.3,urban,beverages,none,84
127,1,0,0,5.39,8.2,0,70,6.3,21.46,1.49,105.77,rural,personalcare,none,44
127,1,0,0,3.32,1.94,0,79,4.3,16.19,0,104.97,rural,snacks,sports,48
127,1,0,0,3.03,12.41,1,179,3.27,24.3,3.78,97.21,suburban,beverages,festival,113
127,1,0,0,8.42,2.02,1,101,9.89,18.8,1.99,100.64,urban,homecare,construction,51
127,1,0,0,4.37,2.61,1,131,4.58,19.76,6.64,98.3,suburban,beverages,construction,95
127,1,0,0,6.54,7.57,0,171,6.6,24.02,0,98.99,urban,snacks,none,114
127,1,0,0,4.91,1.87,0,34,4.16,25.21,13,102.28,suburban,personalcare,none,21
127,1,0,0,4.83,5.51,1,117,4.53,17.03,0.11,95.77,urban,snacks,none,117
127,1,0,0,4.42,0,1,172,3.67,19.06,13.12,102.64,urban,beverages,none,66
127,1,0,0,3.21,3.56,0,55,2.87,17.23,4.87,94.12,rural,fresh,none,44
127,1,0,0,5.71,2.52,0,20,5.14,15.01,8.25,96.42,suburban,personalcare,none,20
127,1,0,0,4.85,3.16,1,55,5.3,14.94,8.42,93.6,suburban,snacks,none,53
127,1,0,0,7.53,23.01,1,242,8.32,19.25,0,100.35,urban,fresh,sports,207
127,1,0,0,2.36,14.58,0,117,2.8,12.77,7.99,110.52,suburban,snacks,none,113
127,1,0,0,5.7,20.93,1,164,6.1,17.08,7.17,100.12,suburban,snacks,construction,130
127,1,0,0,7.45,2.94,0,82,8.41,18.48,9.47,92.43,suburban,homecare,festival,82
127,1,0,0,2.46,17.51,0,195,2.33,16.8,1.76,101.03,urban,beverages,none,159
127,1,0,0,11.51,3.03,1,85,12.66,17.54,0,105.93,rural,homecare,none,81
127,1,0,0,3.4,0,0,136,3.81,19.08,10.26,89.48,urban,snacks,sports,73
127,1,0,0,2.15,14.39,1,163,2.34,18.69,4.3,103.98,urban,beverages,none,46
127,1,0,0,4.47,4.12,1,174,4.31,14.72,6.27,102.74,suburban,snacks,festival,126
128,2,0,0,9.93,3.05,0,25,10.23,19.98,5.36,101.35,rural,homecare,none,25
128,2,0,0,4.67,1.8,0,120,5.55,21.33,0,103,rural,beverages,construction,98
128,2,0,0,6.14,2.02,0,133,6.17,13.47,0.49,110.49,urban,snacks,festival,91
128,2,0,0,6.36,1.76,0,44,6.96,23.11,1.99,100.81,suburban,homecare,sports,44
128,2,0,0,4.43,0.53,0,84,3.77,22.63,3.83,90.98,urban,fresh,none,22
128,2,0,0,6.72,2.29,0,55,7.39,22.02,3.64,98.72,suburban,homecare,none,53
128,2,0,0,6.74,1.12,1,128,5.92,19.72,8.89,93.54,suburban,beverages,festival,128
128,2,0,0,3.88,27.08,0,182,3.52,22.19,5.24,94.92,urban,snacks,none,168
128,2,0,0,5.89,14.69,0,121,6.56,25.3,6.16,101.53,suburban,snacks,none,121
128,2,0,0,3.78,0,0,96,3.48,18.07,4.01,102.49,urban,personalcare,none,55
128,2,0,0,4.24,2.64,0,197,4.71,27.08,2.37,104.41,urban,beverages,sports,138
128,2,0,0,5.35,3.68,0,58,4.99,21.24,13.55,104.67,suburban,snacks,none,58
128,2,0,0,1.93,15.1,1,202,1.77,21.26,1.73,96.59,urban,beverages,festival,128
128,2,0,0,6.01,3.73,1,150,6.85,23.89,6.75,108.19,urban,snacks,none,108
128,2,0,0,2.57,21.67,1,157,2.38,17.28,0,98.99,suburban,fresh,none,157
128,2,0,0,4.6,0,1,64,4.75,22.86,1.61,104.84,urban,personalcare,none,59
128,2,0,0,6.16,1.25,0,156,5.84,22.29,0.63,98.86,urban,beverages,festival,53
128,2,0,0,2.47,1.46,0,140,2.66,23.89,2.52,99.72,suburban,snacks,none,90
128,2,0,0,4.72,0,0,122,4.86,23.72,8.33,96.96,urban,personalcare,festival,75
128,2,0,0,8.07,4.04,0,66,10.3,16.61,1.72,100.35,rural,homecare,construction,12
128,2,0,0,3.99,15.71,0,135,3.42,26.09,2.2,110.79,rural,beverages,sports,133
128,2,0,0,3.45,0,1,64,3.44,21.37,5.87,109,rural,beverages,construction,64
128,2,0,0,2.11,19.59,0,195,2.41,18.22,0.66,102.95,urban,beverages,festival,193
128,2,0,0,4.04,2.15,1,105,3.98,29.25,0,101.93,suburban,snacks,none,102
128,2,0,0,8.13,19.01,0,69,8.87,25.41,1.83,105.04,rural,homecare,construction,53
128,2,0,0,6.41,0.89,0,166,6.58,23.18,1.97,99.96,suburban,beverages,sports,108
128,2,0,0,7.28,18.63,0,92,8.24,20.46,1.71,100.74,rural,homecare,none,35
128,2,0,0,4.47,11.16,0,110,4.19,14.6,9.21,107.69,suburban,personalcare,none,55
128,2,0,0,3.94,1.65,1,122,3.83,19.02,3.69,103.67,urban,fresh,festival,120
128,2,0,0,9.77,3.75,0,98,10.27,21.2,1.32,103.08,suburban,homecare,construction,48
128,2,0,0,1.1,12.09,0,157,1.33,24.89,2.67,111.62,suburban,beverages,none,157
128,2,0,0,4.25,1.01,0,136,4.1,23.07,2.65,102.48,urban,fresh,festival,106
128,2,0,0,3.9,0,1,59,4.26,23.13,2.85,104.63,rural,fresh,none,59
128,2,0,0,8.87,1.85,0,86,8.39,23.53,3.35,94.97,urban,homecare,festival,59
128,2,0,0,7.38,1.03,0,93,7.29,27.66,0.89,103.52,urban,homecare,none,41
129,3,0,0,3.82,1.76,0,104,3.96,24.75,0.91,97.12,suburban,snacks,construction,49
129,3,0,0,7.04,7.65,1,138,8.4,19.22,5.68,96.08,suburban,beverages,sports,120
129,3,0,0,4.32,3.01,0,125,3.97,20.61,4.07,104.21,suburban,beverages,none,125
129,3,0,0,4.17,1.53,1,125,4.69,16.85,9.13,99.15,urban,fresh,none,103
129,3,0,0,2.73,0.96,0,118,3.05,25.95,0,100.3,suburban,beverages,festival,118
129,3,0,0,2.17,1.16,0,67,2.61,19.96,9.33,101.69,rural,fresh,none,48
129,3,0,0,6.19,0,0,107,6.36,8.86,3.39,103.82,rural,snacks,sports,88
129,3,0,0,4.07,0.35,1,4,3.65,19.9,11.4,100.53,suburban,personalcare,sports,4
129,3,0,0,2.58,3.33,1,116,2.58,23.76,1.91,95.93,urban,personalcare,construction,77
129,3,0,0,5.3,0.52,0,102,5.21,22.5,1.63,101.2,suburban,beverages,none,91
129,3,0,0,1.76,17.26,0,187,1.51,21.27,0,102.31,urban,fresh,festival,161
129,3,0,0,3.93,2.09,0,128,3.74,24.61,3.73,104.01,urban,beverages,none,128
129,3,0,0,2.85,2.44,0,103,2.57,16.78,0.91,105.44,urban,fresh,festival,91
129,3,0,0,6.28,1.05,1,155,5.92,19.97,3.91,99.87,suburban,beverages,construction,50
129,3,0,0,6.24,1.59,0,183,6.98,28.09,0.1,105.57,urban,beverages,sports,126
129,3,0,0,3.51,1.61,0,54,3.34,22.47,5.07,95.1,suburban,snacks,none,54
129,3,0,0,3.26,3.25,1,112,4.01,22.63,0,95.77,urban,fresh,none,89
129,3,0,0,4.25,16.25,0,91,3.95,8.32,0,101.41,suburban,personalcare,none,47
129,3,0,0,8,0.68,0,56,6.68,26.92,10.59,103.43,rural,homecare,construction,7
129,3,0,0,7.16,15.1,0,221,8.74,23.17,4,114.62,urban,beverages,construction,153
129,3,0,0,6.19,0,0,39,7.41,23.84,0,88.75,rural,homecare,sports,39
129,3,0,0,9.03,1.79,0,35,10.77,24.69,0.49,94.78,suburban,homecare,none,35
129,3,0,0,3.77,5.45,0,177,3.72,15.02,9.59,102.69,urban,beverages,none,99
129,3,0,0,2.75,4.36,0,197,2.79,21.31,0,100.93,suburban,beverages,festival,168
129,3,0,0,3.94,9.55,0,129,4.55,19.8,0,103.69,urban,snacks,none,114
129,3,0,0,3.4,0.03,0,109,3.39,22.89,0,90.18,suburban,snacks,construction,60
129,3,0,0,5.33,0,1,107,6.04,18.09,3.75,93.23,suburban,fresh,festival,107
129,3,0,0,4.91,5.14,0,68,5.73,24.3,0,100.09,suburban,personalcare,none,33
129,3,0,0,2.37,3.86,0,136,2.49,12.85,0,98.75,urban,snacks,festival,92
129,3,0,0,3.82,4.14,0,59,4.4,24.1,0,98.84,suburban,personalcare,construction,49
129,3,0,0,4.82,2.31,0,53,4.6,20.7,5.7,93.15,suburban,snacks,construction,21
129,3,0,0,9.52,5.77,0,82,9.1,18.86,0,107.6,rural,homecare,sports,45
129,3,0,0,6.03,4.11,0,133,5.92,27.1,2.61,106.85,urban,beverages,none,118
129,3,0,0,4.21,0,0,89,4.32,22.69,0.45,104.15,urban,personalcare,none,48
129,3,0,0,7.35,24.14,0,157,7.3,21.1,1.43,105.57,urban,homecare,festival,110
130,4,0,0,7.27,0.22,0,49,6.06,26.68,4.01,101.02,suburban,homecare,none,0
130,4,0,0,5.73,0.92,0,32,6.24,26.83,0.64,101.23,rural,fresh,none,32
130,4,0,0,4.86,1.13,1,51,5.16,15.56,0,102.42,rural,personalcare,none,51
130,4,0,0,9.51,2.61,0,96,10.59,19.84,2.09,104.79,suburban,homecare,none,68
130,4,0,0,3.85,0,0,88,4.06,16.55,10.1,109.57,suburban,snacks,festival,76
130,4,0,0,8.83,3.32,0,38,9.01,17.67,5.37,101.08,urban,homecare,none,38
130,4,0,0,4.16,16.39,0,160,4.13,24.3,0,97.76,suburban,fresh,festival,135
130,4,0,0,2.36,1.73,1,56,1.77,19.15,4.43,100.57,rural,fresh,sports,56
130,4,0,0,4.65,18.16,0,145,5.07,22.78,9.75,114.39,suburban,personalcare,none,38
130,4,0,0,1.1,0,0,78,1.23,26.26,2.38,100.31,rural,personalcare,none,27
130,4,0,0,5.36,14.85,1,94,4.42,17.91,3.49,98.56,urban,personalcare,none,44
130,4,0,0,3.87,20.27,0,132,4.96,20.85,10.09,102.2,rural,snacks,none,117
130,4,0,0,3.83,27.32,0,175,3.79,25.36,4.26,98.84,rural,beverages,sports,132
130,4,0,0,7.62,3.36,0,58,6.75,22.73,0,101.76,suburban,fresh,construction,44
130,4,0,0,5.29,3.42,1,50,3.86,17.24,5.57,101.97,suburban,personalcare,none,46
130,4,0,0,1.66,2.36,0,31,1.91,22.77,5.2,91.66,urban,fresh,construction,31
130,4,0,0,4.1,1.84,1,64,4.59,23.98,0,105.05,rural,snacks,none,49
130,4,0,0,5.69,0,0,135,6.77,19.52,8.49,108.98,urban,snacks,festival,86
130,4,0,0,6.39,0,0,88,6.35,22.57,0,99.55,suburban,snacks,sports,88
130,4,0,0,1.85,0.73,1,175,1.81,20.38,7.76,108.22,urban,personalcare,festival,110
130,4,0,0,5.96,2.97,0,101,7.69,20.43,0,105.32,suburban,fresh,construction,72
130,4,0,0,4.85,31.87,0,201,4.54,20.22,3.49,97.4,urban,beverages,construction,201
130,4,0,0,3.68,1.6,0,200,2.99,26.89,0,101.06,urban,beverages,none,156
130,4,0,0,9.03,2.34,0,67,10.58,15.49,5.54,100.35,suburban,homecare,sports,50
130,4,0,0,1.1,0.89,0,69,1.17,15.59,6.54,104.67,urban,personalcare,none,69
130,4,0,0,8.39,0.13,1,81,8.06,17.59,2.84,103.8,suburban,homecare,construction,36
130,4,0,0,4.38,10.69,1,129,4.94,17.34,0,96.08,suburban,fresh,construction,61
130,4,0,0,10.42,2.08,1,51,10.6,15.65,0,104.42,rural,homecare,sports,27
130,4,0,0,7.07,24.65,1,168,7.09,19.79,0.99,101.99,urban,snacks,construction,140
130,4,0,0,8.17,1.71,0,59,8.26,20.71,9.92,107.79,urban,homecare,none,35
130,4,0,0,1.1,1.26,0,139,1.02,18.57,11.16,109.31,suburban,beverages,none,64
130,4,0,0,5.69,0.71,0,38,5.72,14.95,2.36,99.66,suburban,personalcare,none,10
130,4,0,0,2.5,0.73,0,146,2.98,14.12,0,105.12,suburban,beverages,none,84
130,4,0,0,4.23,2.22,0,53,3.8,14.18,1.52,90.48,rural,personalcare,none,0
130,4,0,0,5.74,3.41,0,65,5.56,20.93,0,103.08,urban,snacks,none,65
131,5,0,1,5.56,2.64,0,72,7.03,25.54,1.93,109.09,suburban,personalcare,construction,41
131,5,0,1,6.7,4.22,0,84,7.25,13.01,0.99,101.58,urban,homecare,construction,70
131,5,0,1,7.66,1.77,1,110,10.09,19.89,0,96.83,rural,snacks,festival,99
131,5,0,1,3.81,3.39,0,160,3.77,17.48,2.48,100.2,suburban,beverages,sports,82
131,5,0,1,8.22,0.12,1,97,9.76,20.84,4.68,94.4,suburban,homecare,none,41
131,5,0,1,4.13,0.47,0,92,4.58,21.47,4.81,100.9,rural,beverages,none,74
131,5,0,1,8.41,30.57,0,71,8.23,14.02,1.46,104.4,urban,homecare,construction,67
131,5,0,1,4.43,2.64,1,99,4.84,22.36,3.95,96.52,urban,beverages,none,56
131,5,0,1,9.47,3.34,0,92,9.43,19.96,5.83,99.7,suburban,homecare,sports,21
131,5,0,1,6.41,1.66,1,15,6.01,29.36,1.59,99.15,suburban,personalcare,none,15
131,5,0,1,3.81,19.21,0,192,3.38,19.52,0,94.25,suburban,beverages,festival,166
131,5,0,1,2.26,3.42,0,69,2.26,23.76,6.5,99.6,suburban,personalcare,none,60
131,5,0,1,2.52,1.91,0,109,2.7,20.95,0,95.63,urban,beverages,none,109
131,5,0,1,3.09,13.57,0,142,2.64,24.9,0,95.45,suburban,personalcare,none,67
131,5,0,1,4.48,2.06,0,73,4.08,20.32,7.4,94.87,suburban,fresh,none,37
131,5,0,1,2.09,0.74,1,103,2.39,26.61,5.07,102.04,suburban,personalcare,festival,96
131,5,0,1,2.27,3.02,1,52,2.47,27.54,0,96.66,rural,snacks,none,50
131,5,0,1,4.14,0.97,0,87,4.42,17.58,3.52,102.68,urban,beverages,none,87
131,5,0,1,3.63,21.55,0,190,4.15,27.85,3.6,106.12,suburban,snacks,festival,144
131,5,0,1,4.88,18.92,0,111,4.67,23.75,10.09,102.73,suburban,personalcare,festival,111
131,5,0,1,3.89,21.85,1,208,3.74,19.5,7.35,106.14,urban,snacks,none,118
131,5,0,1,2.69,11.73,0,163,2.52,19.83,0.51,96.18,urban,beverages,festival,132
131,5,0,1,10.09,19.64,1,128,11.61,22.57,6.75,105.98,urban,homecare,none,124
131,5,0,1,8.06,2.61,0,115,8.62,13.96,8.29,94.31,urban,homecare,none,53
131,5,0,1,8.1,25.63,0,101,8.03,16.68,0,93.44,suburban,homecare,none,68
131,5,0,1,5.55,0,0,84,5.73,21.22,6.81,104.28,urban,snacks,none,83
131,5,0,1,1.88,0,1,83,1.97,16.71,1.16,101.15,suburban,personalcare,none,26
131,5,0,1,7.1,22.09,0,160,8.26,9.28,2.05,100.77,suburban,homecare,none,55
131,5,0,1,6.5,28.19,0,123,6.53,24.25,5.21,107.02,urban,personalcare,sports,123
131,5,0,1,4.09,2.24,1,93,3.76,21.53,1.32,102.46,urban,personalcare,none,81
131,5,0,1,3.62,0,1,184,3.87,20.95,1.75,98.12,suburban,beverages,none,106
131,5,0,1,5.13,3.44,0,119,5.35,21.35,5.15,93.5,urban,beverages,none,88
131,5,0,1,9.24,1.18,0,33,10.72,18.46,0,110.96,rural,homecare,sports,32
131,5,0,1,4.79,2.75,0,128,4.78,18.08,2.13,91.31,urban,snacks,none,88
131,5,0,1,3.42,14.47,0,178,3.81,25.78,0,101.13,suburban,snacks,none,104
132,6,0,1,1.35,2.66,1,40,1.31,19.97,0,106.57,suburban,personalcare,none,40
132,6,0,1,4.7,2.26,0,95,4.8,20.29,1.93,109.42,rural,personalcare,sports,37
132,6,0,1,5.17,1.26,0,100,5.59,15.37,0,101.75,rural,snacks,festival,100
132,6,0,1,4.47,2.48,0,40,5.41,24.56,0,104.83,suburban,snacks,none,40
132,6,0,1,8.02,1.17,0,33,6.92,21.7,1.56,95.59,rural,fresh,construction,33
132,6,0,1,4.52,1.89,0,103,4.41,22.19,0,106.14,urban,beverages,none,103
132,6,0,1,4.5,34.19,0,212,4.9,25.43,4.66,102.29,rural,beverages,none,205
132,6,0,1,3.42,3.06,0,129,4.12,24.22,12.34,100.12,suburban,snacks,none,89
132,6,0,1,3.72,2.01,0,162,4.14,16.66,2.5,102.62,suburban,beverages,festival,108
132,6,0,1,5.02,3.2,1,85,4.19,20.34,10.62,93.93,suburban,personalcare,construction,16
132,6,0,1,5.07,15.78,0,118,5.54,22.5,0.26,98.23,urban,beverages,construction,108
132,6,0,1,3.34,2.79,0,82,3.3,21.56,6.08,108.45,rural,snacks,none,52
132,6,0,1,2.59,20.64,0,100,2.53,19.26,14.31,107.55,suburban,snacks,none,100
132,6,0,1,2.97,2.19,0,93,3.05,21.91,4.09,95.93,urban,snacks,festival,86
132,6,0,1,8.38,7.54,1,200,7.77,14.69,3.48,105.27,urban,beverages,none,162
132,6,0,1,6.11,3,0,39,6.67,23.27,8.44,95.74,rural,snacks,none,39
132,6,0,1,6.82,11.55,0,85,6.8,16.45,7.6,92.26,suburban,snacks,none,55
132,6,0,1,4.21,28.67,0,258,3.56,19.9,0,104.78,urban,fresh,sports,185
132,6,0,1,5.33,25.24,1,228,5.88,11.59,0,106.78,suburban,beverages,none,150
132,6,0,1,1.1,13.76,1,211,1.24,15.23,1.93,102.46,suburban,beverages,festival,146
132,6,0,1,3.93,1.14,1,113,3.32,24.56,1.17,102.39,rural,beverages,none,34
132,6,0,1,4.46,0.78,1,42,3.44,20.83,4.85,96.57,rural,personalcare,none,42
132,6,0,1,5.06,2.2,0,43,5.97,18.51,4.82,100.99,rural,snacks,construction,43
132,6,0,1,5.09,26.51,0,224,5.62,27.45,6.68,97.19,urban,beverages,none,133
132,6,0,1,3.94,2.14,0,140,4.05,20.79,6.38,99.03,rural,snacks,sports,60
132,6,0,1,4.57,21.33,1,84,4.85,18.7,8.8,106.29,suburban,personalcare,construction,62
132,6,0,1,4.78,13.7,0,126,5.27,11.34,8.49,105.09,urban,fresh,none,126
132,6,0,1,5.31,0,0,128,5.62,19.21,5.3,97.97,urban,fresh,none,77
132,6,0,1,7.06,22.28,1,99,7.3,23.25,3.36,97.76,rural,homecare,sports,59
132,6,0,1,3.59,3.13,0,114,3.7,22.52,6.99,93.96,suburban,beverages,construction,58
132,6,0,1,10.19,3.23,0,76,11.73,17.11,10.81,106.1,urban,homecare,construction,46
132,6,0,1,9.38,0,0,32,9.29,26.6,9.76,97.4,suburban,homecare,none,0
132,6,0,1,5.6,0,0,62,5.39,20.48,9.23,97.56,suburban,snacks,none,62
132,6,0,1,4.54,0.81,0,91,4.68,24.72,5.09,94.86,urban,beverages,none,91
132,6,0,1,1.1,12.57,0,145,0.95,18.02,3.86,96.18,suburban,beverages,none,145
133,0,0,0,2.33,1.19,0,194,2.7,24.44,0,113.03,urban,beverages,sports,145
133,0,0,0,9.22,4.53,0,89,9.57,17.96,8.24,105.12,urban,homecare,construction,47
133,0,0,0,8.29,36.09,0,127,9.84,20,2.63,103.22,suburban,homecare,none,103
133,0,0,0,1.47,3.58,0,65,1.44,26.4,0.02,104.06,suburban,fresh,none,60
133,0,0,0,5.23,16.81,0,103,4.85,26.48,0,101.44,urban,personalcare,none,70
133,0,0,0,3.71,4.94,0,94,3.54,28.67,6.83,96,suburban,fresh,construction,47
133,0,0,0,9.5,3.51,0,128,10.12,21.07,0,95.42,suburban,homecare,none,24
133,0,0,0,3.57,1.99,0,156,4.03,24.51,0.18,102.5,suburban,beverages,construction,113
133,0,0,0,5.63,1.13,0,191,6.43,20.29,0,106.92,suburban,beverages,none,137
133,0,0,0,4.67,1.91,1,100,3.82,16.99,9.63,95.57,suburban,beverages,construction,65
133,0,0,0,2.21,0.6,0,129,2.21,16.53,0,106.81,suburban,snacks,none,51
133,0,0,0,4.8,1.71,0,97,5.13,22.3,0.13,96.36,urban,personalcare,festival,97
133,0,0,0,5.16,2.98,0,151,6.18,19.11,0.61,93.04,urban,beverages,sports,151
133,0,0,0,3.92,20.08,1,176,3.69,19.46,1.86,99.4,rural,beverages,none,148
133,0,0,0,4.31,1.38,0,116,4.39,20.59,6.24,96.65,suburban,snacks,sports,86
133,0,0,0,3.23,1.83,1,141,3.14,26.14,3.78,90.09,urban,beverages,construction,141
133,0,0,0,4.88,3.25,0,139,4.57,30.8,6.4,99.79,suburban,beverages,none,125
133,0,0,0,3.42,1.33,0,79,3.65,19.36,4.15,104.75,rural,snacks,festival,79
133,0,0,0,4.31,2,1,121,4.84,22.74,6.55,93.21,urban,personalcare,sports,58
133,0,0,0,3.84,10.32,0,161,4.05,24.69,11.76,96.69,urban,fresh,sports,110
133,0,0,0,3.14,14.81,0,155,3.13,17.96,0,100.84,suburban,snacks,sports,145
133,0,0,0,2.62,0,0,148,2.37,17.09,3.18,107.9,suburban,beverages,none,90
133,0,0,0,9.58,2.27,0,57,10.18,21.62,2.23,91.37,urban,homecare,none,50
133,0,0,0,4.73,3.54,0,89,6.02,25.5,3.99,109.2,urban,snacks,construction,85
133,0,0,0,4.47,0.72,0,73,4.57,16.08,0.72,97.2,suburban,snacks,sports,73
133,0,0,0,6.18,3.11,1,151,6.51,15.42,5.61,91.36,urban,beverages,festival,120
133,0,0,0,3.03,2.66,0,75,2.64,13.32,5.13,110.38,urban,personalcare,none,27
133,0,0,0,4.96,10.6,0,97,5.27,19.87,0,106.22,rural,snacks,construction,54
133,0,0,0,4.05,1.1,0,108,4.92,18.39,0,101,suburban,snacks,none,89
133,0,0,0,3.14,33.33,1,192,3.14,18.52,1.74,99.43,urban,beverages,none,192
133,0,0,0,4.02,17.61,0,149,3.18,21.92,4.74,100.65,urban,snacks,none,138
133,0,0,0,4.93,1.4,1,93,4.43,20.82,7.88,114.66,suburban,beverages,none,93
133,0,0,0,3.1,28.23,1,183,3.48,17.55,2.29,101.41,suburban,beverages,none,183
133,0,0,0,4.27,25.64,1,180,3.64,29.04,3.38,99.52,suburban,beverages,none,173
133,0,0,0,2.09,3.32,1,134,2.29,12.56,0.31,99.3,urban,snacks,none,63
134,1,0,0,1.97,0,0,105,2.22,22.52,0,97.68,urban,snacks,none,94
134,1,0,0,5.04,3.69,0,130,4.5,17.05,6.74,102,suburban,snacks,sports,70
134,1,0,0,3.97,1.59,1,109,3.89,13.71,0,105.74,suburban,snacks,festival,109
134,1,0,0,4.77,1.96,0,66,5.07,18.42,0,111.95,suburban,personalcare,none,61
134,1,0,0,7.5,0,0,109,8.28,14.31,1.99,101.3,urban,homecare,none,32
134,1,0,0,3.15,0.45,1,168,3.08,23.52,0,97.79,urban,beverages,none,100
134,1,0,0,4.76,3.76,1,139,3.46,21.2,2.36,99.28,urban,beverages,construction,91
134,1,0,0,5.16,29.47,1,110,4.6,23.65,6.19,100.07,suburban,personalcare,none,109
134,1,0,0,2.88,1.66,1,112,3.39,23.85,1.65,109.44,rural,fresh,festival,78
134,1,0,0,5.04,2.01,0,92,5.24,23.5,1.3,105.59,urban,fresh,festival,92
134,1,0,0,3.59,0.95,0,124,4.24,25.01,8.7,100.01,suburban,beverages,construction,80
134,1,0,0,6.93,1.39,0,119,8.22,17.16,5.51,104.83,urban,snacks,none,75
134,1,0,0,8.64,21.63,1,174,8.21,23.13,7.59,93.98,suburban,homecare,festival,138
134,1,0,0,3.66,0.84,0,115,3.52,22.97,0,114.63,suburban,beverages,construction,51
134,1,0,0,5.51,31.09,0,145,5.73,20.07,3.79,103.01,suburban,snacks,construction,92
134,1,0,0,9.29,2.27,1,30,10.41,19.91,0,105.97,rural,homecare,sports,30
134,1,0,0,5.92,23.51,0,174,5.36,18.41,4.02,96.21,rural,fresh,none,60
134,1,0,0,7.53,2.82,0,56,9.64,26.83,5.35,101.94,suburban,homecare,sports,48
134,1,0,0,3.77,2.81,0,136,4.03,24.37,3.37,100.82,rural,snacks,festival,123
134,1,0,0,5.68,0.98,0,17,5.96,20.14,0,105.68,rural,fresh,festival,17
134,1,0,0,9.03,14.47,0,113,9.37,31.97,1.15,99.44,urban,homecare,sports,113
134,1,0,0,4.83,3.54,0,192,3.75,21.86,0,101.37,suburban,beverages,none,115
134,1,0,0,10.71,1.85,0,15,11.62,22.49,5.85,104.81,suburban,homecare,construction,0
134,1,0,0,8.43,27.55,0,155,8.53,18.33,2.27,101.87,suburban,homecare,sports,105
134,1,0,0,4.93,1.09,0,113,4.66,25.74,8.95,100.97,rural,beverages,festival,113
134,1,0,0,10.66,21.68,0,72,12.2,27.09,4.81,92.08,rural,homecare,construction,10
134,1,0,0,2.74,3.05,0,107,2.82,19.58,14.29,100.65,suburban,fresh,none,39
134,1,0,0,3.71,3.03,1,100,3.79,22.19,10.37,102.5,suburban,fresh,sports,100
134,1,0,0,5.94,23.48,0,260,6.32,23.21,0,111.44,urban,fresh,none,190
134,1,0,0,4.84,0,0,37,4.78,26.13,1.79,103.56,suburban,fresh,none,0
134,1,0,0,2.24,5.07,0,127,2.52,22.99,0,102.51,urban,beverages,festival,110
134,1,0,0,2.29,4.21,0,107,2.76,20.36,7.09,93.8,rural,beverages,construction,36
134,1,0,0,5.19,0.88,0,64,5.08,22.36,5.98,99.73,suburban,snacks,none,53
134,1,0,0,4.02,0,1,85,4.74,22,0,91.11,urban,beverages,sports,85
134,1,0,0,5.31,0.94,1,108,5.77,26.81,6.17,101.37,urban,fresh,none,108
135,2,0,0,3.65,1.34,0,186,4.02,24.8,0.78,101.21,suburban,beverages,festival,117
135,2,0,0,3.92,1.52,0,91,4.25,20.75,0,97.86,suburban,personalcare,construction,53
135,2,0,0,3.28,1.59,0,105,2.99,22.96,0,97.86,urban,snacks,none,105
135,2,0,0,5,3.98,0,129,6.68,19.79,1.04,97.01,suburban,snacks,construction,52
135,2,0,0,4.69,3.09,0,116,5.36,22.55,0,100.87,urban,personalcare,sports,73
135,2,0,0,5.49,0,0,104,6.16,20.09,0,97.21,urban,snacks,none,86
135,2,0,0,2.74,0.34,0,165,3.09,18.4,2.42,101.41,urban,snacks,festival,85
135,2,0,0,5.3,0,0,110,6.33,20.4,9.18,93.76,suburban,snacks,none,49
135,2,0,0,2,1.95,0,74,2.26,16.64,0.86,92.56,rural,snacks,none,67
135,2,0,0,4.28,15.64,0,54,4.94,10.69,13.72,88.2,rural,personalcare,sports,54
135,2,0,0,1.92,0,0,68,1.85,20.61,6.58,105.89,suburban,fresh,construction,59
135,2,0,0,4.7,0.55,1,142,4.64,27.82,6.24,102.22,suburban,personalcare,sports,56
135,2,0,0,4.72,20.05,0,209,5.48,18.64,2.32,93.71,suburban,beverages,none,106
135,2,0,0,1.49,1.56,0,89,1.6,17.13,8.08,100.65,suburban,snacks,none,68
135,2,0,0,3.34,11.93,0,198,4.06,21.65,0,103.54,urban,personalcare,festival,74
135,2,0,0,5.94,22.79,0,120,5.54,20.06,1.09,102.07,rural,personalcare,none,27
135,2,0,0,5.14,0,0,49,5.67,22.81,0.83,99.2,suburban,fresh,none,49
135,2,0,0,1.85,0,1,100,1.9,16.35,11.33,94.44,suburban,fresh,festival,45
135,2,0,0,12.44,0,1,110,13.25,21.86,5.25,108.17,rural,homecare,none,38
135,2,0,0,6.54,3.04,0,13,7.41,17.28,5.24,94.35,rural,fresh,construction,13
135,2,0,0,1.78,33.77,0,138,1.56,16.59,0,104.05,urban,personalcare,none,136
135,2,0,0,7.23,0.83,1,47,8.68,29.77,1.64,99.45,suburban,personalcare,sports,47
135,2,0,0,3.7,37.84,1,191,3.6,21.05,0,96.69,urban,snacks,none,191
135,2,0,0,4.69,0,1,89,5.39,28.16,0.61,101.49,suburban,personalcare,festival,89
135,2,0,0,3.07,2.42,0,142,3.69,23.93,0,100.52,urban,snacks,none,114
135,2,0,0,3.47,1.21,1,91,3.42,23.42,0.38,100.69,urban,personalcare,none,68
135,2,0,0,5.38,0,1,122,5.49,25.15,7.81,93.31,suburban,snacks,none,70
135,2,0,0,5.19,0.97,1,99,6.03,20.72,5.47,89.73,rural,snacks,construction,45
135,2,0,0,4.96,1.18,0,165,5.36,28.31,6.02,103.91,urban,beverages,construction,98
135,2,0,0,3.51,13.59,0,111,3.62,23.35,3.12,94.77,urban,snacks,construction,108
135,2,0,0,8.57,1.18,0,103,9.97,20.84,8.77,97.01,suburban,homecare,none,42
135,2,0,0,4.14,0,0,27,4.1,25.85,1.16,105.98,suburban,fresh,none,27
135,2,0,0,5.01,28.78,0,260,5.23,27.61,0,93.6,urban,fresh,none,195
135,2,0,0,5.36,1.05,0,96,5.26,18.34,1.99,99.89,rural,fresh,festival,96
135,2,0,0,3.64,27.15,1,260,4.07,23.41,0,93.87,suburban,beverages,festival,260
136,3,0,0,1.72,32.7,1,235,1.57,19.67,0.45,105.65,suburban,snacks,none,235
136,3,0,0,4.46,16.31,1,181,3.19,24.24,2.87,109.03,urban,fresh,none,93
136,3,0,0,8.08,2.68,0,108,9.19,22.98,7.93,101.13,urban,homecare,festival,108
136,3,0,0,5.11,2.24,0,103,4.9,24.98,2.05,100.93,suburban,snacks,none,70
136,3,0,0,5.58,2.55,0,120,5.62,19.27,0,108.96,urban,beverages,none,120
136,3,0,0,3.76,17.11,0,127,4.06,23.25,3.74,101.17,suburban,fresh,none,105
136,3,0,0,3.12,14.6,0,149,2.92,29.97,8.79,91.77,urban,beverages,sports,149
136,3,0,0,5.97,0.94,0,90,5.25,20.93,14.32,107.64,suburban,beverages,none,90
136,3,0,0,6.99,5.24,1,108,7.43,18.29,0,94.58,urban,homecare,festival,108
136,3,0,0,2.69,9.78,0,138,3.25,16.51,0.58,106.19,suburban,fresh,none,90
136,3,0,0,1.1,2.42,0,23,1.13,21.15,1.13,97.09,rural,fresh,festival,23
136,3,0,0,1.86,1.52,1,122,1.91,24.31,0,102.04,urban,beverages,none,122
136,3,0,0,6.64,2.27,0,141,6.24,14.61,8.37,102.71,urban,beverages,festival,97
136,3,0,0,5.76,17.86,1,224,5.72,14.45,1.53,97.23,suburban,beverages,none,145
136,3,0,0,7.41,2.25,1,119,8.42,25.15,0,100.71,urban,personalcare,none,56
136,3,0,0,3.41,3.65,0,90,3.66,20.93,3.9,100.53,suburban,personalcare,none,90
136,3,0,0,4,27.99,1,205,4.17,21.36,11.44,95.69,urban,snacks,festival,186
136,3,0,0,5.31,23.38,0,149,5.65,26.28,6.8,102.73,suburban,beverages,construction,149
136,3,0,0,1.78,3.88,1,101,1.87,18.88,6.24,94.36,urban,snacks,construction,100
136,3,0,0,4.19,8.26,0,196,4.35,17.46,0.7,104.27,urban,fresh,festival,127
136,3,0,0,9.81,1.01,1,66,9.07,23.04,3.92,107.73,suburban,homecare,sports,66
136,3,0,0,8.69,17.7,1,114,6.56,20.61,2.46,99.54,suburban,homecare,none,58
136,3,0,0,3.3,3.16,0,112,2.87,26.02,11.07,98.57,suburban,fresh,none,57
136,3,0,0,5.95,0.2,0,123,5.37,29.38,0,99.95,urban,beverages,construction,82
136,3,0,0,6.89,2.35,0,136,7.01,17.16,0.61,99.97,urban,fresh,festival,132
136,3,0,0,6.27,22.01,0,56,6.7,19.29,6.9,101.36,rural,personalcare,none,56
136,3,0,0,4.73,0.61,0,154,4.98,33.91,4.98,96.82,suburban,beverages,festival,154
136,3,0,0,4.46,1.56,1,90,4.42,21.03,0,105.19,rural,personalcare,none,60
136,3,0,0,1.71,2.2,0,150,1.79,26.67,12.5,102.76,urban,beverages,construction,84
136,3,0,0,2.84,2.09,0,141,2.73,22.58,0,101.56,suburban,snacks,none,44
136,3,0,0,5.59,9.26,0,68,5.73,19.24,5.25,103.32,suburban,personalcare,none,45
136,3,0,0,6.18,19.97,0,191,7.38,31.51,0,99.31,suburban,beverages,construction,188
136,3,0,0,3.28,27.36,0,170,3.61,13.01,5.05,99.49,urban,snacks,none,93
136,3,0,0,5.53,0.22,0,87,5.84,22.46,1.15,104.71,rural,beverages,none,57
136,3,0,0,4.49,1.37,0,74,4.37,14.55,0.98,94.52,rural,snacks,festival,74
137,4,0,0,3.9,2.11,0,68,3.74,22.8,6.02,96.62,rural,beverages,none,39
137,4,0,0,5.43,0.98,1,71,6.23,24.93,0,103.76,suburban,snacks,none,71
137,4,0,0,2.04,14.07,0,148,1.37,20.2,8.98,92.18,suburban,beverages,festival,148
137,4,0,0,2.62,17.3,1,189,3.02,20.88,7.1,99.86,suburban,fresh,none,167
137,4,0,0,4.12,0,0,126,4.26,24.53,0,92.78,suburban,beverages,none,123
137,4,0,0,5.51,0,0,138,7,20.38,10.64,102.99,suburban,beverages,sports,114
137,4,0,0,4.12,1.23,1,74,4.7,25.89,4.24,104.55,suburban,fresh,none,74
137,4,0,0,7.69,5.56,0,142,8.02,20.31,1.1,96.38,suburban,snacks,none,91
137,4,0,0,6.24,4.34,0,111,6.13,28.84,10.89,98.74,suburban,homecare,construction,36
137,4,0,0,6.59,3.64,1,174,6.44,23.69,0,94.59,urban,beverages,none,96
137,4,0,0,4.93,0,0,95,4.79,22.83,7.67,98.57,suburban,beverages,festival,95
137,4,0,0,3.23,12.99,1,102,3.53,24.23,6.75,95.73,suburban,fresh,construction,102
137,4,0,0,4.99,26.71,0,205,5.21,20.11,4.99,102.81,suburban,fresh,festival,205
137,4,0,0,4.87,5.69,0,82,5.04,25.91,4.07,98.24,suburban,fresh,none,82
137,4,0,0,5.8,0.38,0,121,5.31,23.27,0,98.39,suburban,beverages,none,87
137,4,0,0,1.42,1.65,1,134,1.45,23.37,10.35,94.85,urban,beverages,none,134
137,4,0,0,9.35,14.11,0,104,9.2,23.3,0,98.96,suburban,homecare,festival,104
137,4,0,0,1.88,3.31,0,142,1.68,22.33,0.28,102.04,urban,snacks,none,77
137,4,0,0,4.52,2.95,1,126,4.81,14.13,0,102.66,rural,beverages,none,100
137,4,0,0,3.9,4.21,0,142,4.41,24.37,2.19,109.09,suburban,beverages,sports,124
137,4,0,0,4.37,19.3,0,69,4.78,19.99,0.45,101.77,suburban,personalcare,construction,61
137,4,0,0,3.07,1.39,0,145,2.76,12.9,0,98,urban,beverages,none,107
137,4,0,0,11.48,24.2,0,132,12,26.18,0.14,97.68,urban,homecare,none,132
137,4,0,0,5.2,5.3,0,94,5.1,23.15,5.58,104.06,urban,fresh,sports,73
137,4,0,0,6.02,1.9,0,91,6.64,33.84,6.66,106.98,suburban,homecare,none,34
137,4,0,0,3.47,9.33,1,146,3.47,35.95,7.14,100.14,suburban,beverages,sports,146
137,4,0,0,4.31,1.27,0,152,5.33,19.63,0.85,106.36,urban,beverages,none,65
137,4,0,0,1.18,5.55,0,92,1.22,17.54,4.64,93.1,urban,personalcare,festival,92
137,4,0,0,2.54,2.31,0,29,2.61,22.49,0,93.16,rural,personalcare,none,29
137,4,0,0,8.16,4.34,1,85,9.25,24.84,2.21,91.41,rural,fresh,construction,73
137,4,0,0,5.7,0.58,0,127,5.01,16.59,0,97.35,rural,fresh,sports,68
137,4,0,0,3.11,1.42,0,87,2.92,19.24,0,102.88,urban,fresh,none,67
137,4,0,0,4.99,23.18,0,260,6.35,28.48,4.86,93.75,urban,beverages,festival,169
137,4,0,0,8.94,4.28,0,63,9.2,23.69,1.65,101.85,suburban,homecare,none,50
137,4,0,0,7.01,1.53,1,230,7.31,20.42,0.63,101.9,urban,beverages,festival,134
138,5,0,1,10.04,1.55,1,74,11.83,19.96,5.81,98.79,rural,homecare,none,35
138,5,0,1,2.9,25.08,0,241,3.36,24.02,7.35,96.63,urban,fresh,festival,231
138,5,0,1,3.75,2.81,0,167,4.09,19.89,3.36,92.93,suburban,snacks,festival,68
138,5,0,1,9.67,2.41,0,80,9.45,21.32,3.51,92.99,suburban,homecare,sports,45
138,5,0,1,3.87,2.62,0,138,4.27,26.53,0.91,99.13,suburban,beverages,sports,138
138,5,0,1,9.69,4.2,0,104,9.63,20.05,3.47,106.93,urban,homecare,none,51
138,5,0,1,4.68,0.92,0,95,5.2,30.72,0,103.63,urban,personalcare,none,68
138,5,0,1,2.27,0,0,52,2.73,27.08,3.27,106.18,rural,snacks,sports,52
138,5,0,1,3.32,24.85,0,260,3.39,20.11,0.74,107.06,suburban,fresh,sports,168
138,5,0,1,2.9,2.33,1,105,2.69,18.13,11.81,105.49,urban,beverages,construction,105
138,5,0,1,2.75,2.42,1,45,2.56,23.65,7.25,98.31,urban,personalcare,none,45
138,5,0,1,10.68,0.84,0,86,12.26,18.66,5.06,99.04,suburban,homecare,sports,60
138,5,0,1,8.09,19.79,0,107,7.73,28.72,4.89,95.63,rural,homecare,none,31
138,5,0,1,6.03,3.5,1,140,5.9,20.43,0,95.64,suburban,beverages,festival,102
138,5,0,1,5.05,1.17,0,122,5.51,19.61,0,97.05,rural,fresh,sports,38
138,5,0,1,4.05,32.8,1,213,4.23,27.58,4.48,96.5,urban,snacks,none,213
138,5,0,1,2.87,11.6,0,105,2.76,21.23,0,101.17,urban,personalcare,none,85
138,5,0,1,7.24,2.03,0,87,7.14,20.97,0,100.84,suburban,homecare,none,25
138,5,0,1,7.91,4.21,0,96,6.86,24.01,0,104,urban,homecare,none,43
138,5,0,1,1.81,8.51,1,134,2.04,12.6,6.77,107.29,suburban,snacks,festival,134
138,5,0,1,5.54,14.96,0,154,5.92,18.3,0,107.42,suburban,snacks,festival,153
138,5,0,1,4.2,4.06,0,134,4.87,15.65,0,89.4,suburban,snacks,sports,63
138,5,0,1,4.02,2.24,0,122,2.96,28.52,0,105.63,urban,snacks,sports,119
138,5,0,1,3.51,22.12,0,196,3.65,11.81,3.34,87.51,suburban,fresh,sports,137
138,5,0,1,4.22,24.56,1,199,4.2,27.43,7.62,97.82,suburban,snacks,festival,156
138,5,0,1,4.63,2.66,1,96,4.84,24.03,0.74,94.49,rural,snacks,none,30
138,5,0,1,10.47,3.66,0,156,11.82,21.88,3.01,93.89,suburban,homecare,sports,77
138,5,0,1,5.25,0.61,0,138,5.21,25.58,7.47,94.6,urban,personalcare,construction,16
138,5,0,1,6.97,1.11,1,109,8.26,17.93,6.96,101.83,urban,fresh,construction,109
138,5,0,1,7.89,17.98,0,109,8.03,23.23,3.98,103.02,urban,personalcare,none,57
138,5,0,1,5.17,0.61,0,110,4.46,13.51,0,100.54,urban,beverages,none,95
138,5,0,1,6.24,2.21,1,110,5.69,28.49,1.32,98.94,urban,beverages,none,93
138,5,0,1,3.42,1.48,0,118,3.85,21.3,9.55,98.82,rural,snacks,sports,41
138,5,0,1,6.77,13.21,0,178,7.86,20.64,4.31,96.37,urban,beverages,none,165
138,5,0,1,5.75,14.58,0,138,5.9,21.01,2.5,104.65,urban,personalcare,festival,101
139,6,0,1,4.52,1.14,0,168,5.23,27.11,4.06,90.93,urban,beverages,none,136
139,6,0,1,2.85,22.29,1,217,2.94,21.09,0.93,104.62,suburban,beverages,none,170
139,6,0,1,3.71,0.21,0,179,4.07,17.31,2.62,93.27,urban,snacks,none,84
139,6,0,1,4.07,31.94,0,162,3.11,26.11,0,109.33,suburban,snacks,none,162
139,6,0,1,3.07,29.32,0,245,3.28,21.44,2.41,100.42,urban,fresh,sports,210
139,6,0,1,6.67,20.41,1,103,6.61,18.08,2.25,99.62,rural,homecare,none,76
139,6,0,1,7.04,23.89,1,225,8.34,23.12,0,99.75,rural,beverages,construction,144
139,6,0,1,4.36,2.91,0,171,3.95,21.78,0.91,95.97,urban,beverages,festival,134
139,6,0,1,3.86,2.48,1,139,4.41,24.59,4.52,94.4,suburban,beverages,construction,93
139,6,0,1,8.24,3.35,0,27,8.91,21.93,1.79,100.41,suburban,homecare,none,27
139,6,0,1,5.74,0,0,139,6.47,19.99,0.98,104.69,suburban,beverages,sports,83
139,6,0,1,4.36,1.86,0,123,5.2,24.99,0,100.17,rural,personalcare,festival,83
139,6,0,1,3.56,3.68,0,101,4.49,25.86,0,96.6,urban,fresh,none,101
139,6,0,1,5.89,2.26,0,40,6.61,17.63,2.35,94.21,suburban,snacks,none,40
139,6,0,1,3.4,41.11,0,212,3.31,25.55,0,101.83,urban,beverages,construction,212
139,6,0,1,3.48,0.01,0,160,3.9,17.32,0,98.89,suburban,beverages,festival,157
139,6,0,1,4.95,0,1,142,4.74,19.6,4.28,96.96,urban,fresh,none,85
139,6,0,1,1.79,2.75,1,116,1.99,20.51,7.88,95.03,suburban,beverages,sports,116
139,6,0,1,4.32,3.52,0,132,4.38,28.95,7.45,97.48,urban,snacks,none,80
139,6,0,1,4.7,0.07,0,64,4.36,21.34,5.62,101.68,rural,fresh,none,58
139,6,0,1,5.24,0,1,96,5.65,22.62,0.78,98.39,urban,fresh,none,60
139,6,0,1,4.07,19.14,0,174,3.57,18.42,6.54,103.22,suburban,snacks,festival,126
139,6,0,1,4.98,1.39,0,106,5.49,20.38,3.18,96.27,urban,personalcare,none,37
139,6,0,1,6.67,0,0,95,7.12,20.64,3.44,94.28,rural,snacks,sports,48
139,6,0,1,8.4,0,0,181,8.36,17.13,0,99.26,urban,beverages,festival,119
139,6,0,1,1.1,26.96,0,165,1.06,29.58,0,102.17,suburban,fresh,none,165
139,6,0,1,5.14,0.4,1,106,4.39,24.52,0,98.89,urban,snacks,none,99
139,6,0,1,3.23,23.96,1,119,3.41,14.44,4.43,111.03,suburban,personalcare,construction,119
139,6,0,1,4.2,10.77,0,163,5.3,20.65,8.89,100.84,urban,beverages,festival,93
139,6,0,1,11.36,0.41,0,78,10.46,16.55,1.34,97.23,urban,homecare,sports,46
139,6,0,1,4.23,3.21,0,123,5.7,24.56,0,101.44,rural,beverages,construction,57
139,6,0,1,9.27,4.41,0,103,7.79,23.12,3.42,100.88,urban,personalcare,festival,90
139,6,0,1,2.05,2.76,0,101,2.28,21.66,6.8,101.48,urban,snacks,festival,101
139,6,0,1,4.37,2.53,0,114,4.12,27.62,4.79,107.79,suburban,beverages,none,114
139,6,0,1,5.34,2.85,0,87,5.73,20.85,0,89.55,suburban,personalcare,festival,58
140,0,0,0,4.98,4.27,0,119,4.93,17.9,2.13,99.93,suburban,snacks,none,61
140,0,0,0,1.1,0.96,0,124,1.18,28.56,7.37,101.02,suburban,personalcare,none,63
140,0,0,0,3.35,0,1,144,3.98,24.33,0,104.51,suburban,beverages,none,103
140,0,0,0,3.94,0.32,0,157,4.54,27.38,9.99,96.87,suburban,beverages,none,118
140,0,0,0,5.07,0.75,0,33,5.31,18.67,0,96.41,suburban,personalcare,construction,33
140,0,0,0,3.87,2.71,1,108,3.73,22.75,0.26,94.28,suburban,snacks,sports,108
140,0,0,0,4.42,20.54,0,137,4.72,23.05,0,95.96,rural,snacks,none,103
140,0,0,0,3.57,1.75,1,131,4.17,20.86,2.44,95.07,rural,beverages,festival,96
140,0,0,0,5.5,17.97,0,121,5.11,27.76,0.38,100.76,suburban,personalcare,construction,59
140,0,0,0,4.19,3.27,0,55,5.22,23.05,11.29,100.35,rural,snacks,none,55
140,0,0,0,4.4,0,0,144,4.61,24.84,4.59,104.7,suburban,fresh,construction,66
140,0,0,0,6.75,12.56,0,149,7.11,26.76,10.44,94.21,urban,personalcare,construction,82
140,0,0,0,3.65,0,0,150,3.8,21.19,1.56,110.86,urban,beverages,festival,128
140,0,0,0,3.49,2.31,0,86,4.13,20.95,0.85,93.57,suburban,fresh,construction,50
140,0,0,0,4.29,4,0,89,4.53,19.89,2.67,101.52,rural,fresh,none,44
140,0,0,0,5.62,1.71,1,141,6.47,22.57,1.02,101.26,suburban,snacks,festival,140
140,0,0,0,3.79,3.75,0,144,4.22,23.71,6.28,97.87,urban,fresh,none,57
140,0,0,0,4.34,0,0,137,4.52,28.64,2.07,105.06,urban,fresh,none,60
140,0,0,0,4.82,0,0,80,5.18,19.25,7.21,105.27,urban,personalcare,none,80
140,0,0,0,7.14,2.89,0,130,8.45,22.05,2.86,104.86,suburban,snacks,festival,130
140,0,0,0,3.7,1.55,0,109,3.96,14.9,4.54,98.08,suburban,beverages,sports,109
140,0,0,0,3.22,14.18,0,95,3.56,20.2,3.51,101.47,urban,fresh,none,83
140,0,0,0,5.52,3.6,0,130,5.26,20.51,10.62,94.72,urban,beverages,festival,112
140,0,0,0,12.17,1.67,0,118,11.01,26.94,0,99.27,rural,homecare,sports,13
140,0,0,0,6.31,20.39,0,131,6.57,25.09,2.68,101.08,suburban,snacks,construction,79
140,0,0,0,3.04,5.12,0,49,3.24,26.95,5.25,102.14,suburban,personalcare,none,38
140,0,0,0,2.89,20.4,0,218,3.63,24.21,9.87,101.82,suburban,beverages,none,96
140,0,0,0,3.27,4.25,0,115,3.36,26.37,0,100.21,suburban,fresh,none,71
140,0,0,0,2.65,1.71,0,138,2.44,18.03,10.93,99.41,urban,personalcare,none,67
140,0,0,0,2.43,19.85,0,133,2.29,17.34,5.16,103.23,suburban,snacks,none,125
140,0,0,0,7.3,1.17,1,100,8.72,17.61,14.03,96.58,urban,fresh,sports,85
140,0,0,0,5.42,3.78,0,30,6.23,15.08,0,106.11,rural,personalcare,none,18
140,0,0,0,5.12,2.93,0,163,4.22,23.12,0,101.49,suburban,snacks,none,96
140,0,0,0,3.95,4.83,1,106,4.33,23.01,1.09,104.99,suburban,beverages,none,106
140,0,0,0,4.55,1.57,0,160,4.99,23.24,6.53,107.93,urban,beverages,festival,114
141,1,0,0,4.72,1.11,0,104,4.89,18.11,1.01,104.96,urban,fresh,sports,91
141,1,0,0,3.51,2.14,0,159,3.57,25.51,5.79,99.99,urban,snacks,festival,99
141,1,0,0,1.1,11.72,0,90,1.18,25.44,7.27,93.09,urban,personalcare,sports,79
141,1,0,0,5.19,2.75,0,83,5.08,20.17,5.7,88.02,suburban,personalcare,sports,46
141,1,0,0,3.27,0,1,138,3.18,21.95,0,100.67,suburban,snacks,none,9
141,1,0,0,1.58,3.79,0,80,1.87,23.88,7.79,101.34,suburban,beverages,none,80
141,1,0,0,3.7,0,0,191,3.77,34.24,0,100.53,urban,beverages,none,97
141,1,0,0,9.16,18.56,0,104,9.75,17.23,8.35,96.42,urban,homecare,construction,83
141,1,0,0,4.07,8.68,0,101,5.02,27.6,9.27,102.5,suburban,snacks,none,101
141,1,0,0,4.09,1.06,0,141,4.3,22.07,1,91.05,urban,beverages,none,86
141,1,0,0,4.19,28.12,0,163,5.33,17.61,5.05,88.56,urban,snacks,construction,149
141,1,0,0,4.07,2.01,0,62,4.66,22.13,0,95.04,rural,snacks,sports,62
141,1,0,0,5.96,3.27,0,132,6.38,16.96,1.67,101.16,suburban,snacks,construction,82
141,1,0,0,2.12,0.37,1,62,2.33,26.08,0,103.78,suburban,snacks,festival,62
141,1,0,0,8.22,1.12,1,129,8.92,16.99,0,105.97,urban,snacks,none,129
141,1,0,0,3.83,4.45,0,99,4.45,27.17,0,103.77,suburban,snacks,none,76
141,1,0,0,2.29,1.63,0,87,1.94,29.36,2.2,91.58,suburban,beverages,construction,73
141,1,0,0,3.71,2.12,1,212,4.33,25.22,2.09,100.11,urban,beverages,none,155
141,1,0,0,4.67,2.68,0,110,4.75,19.99,5.27,93.3,suburban,personalcare,festival,62
141,1,0,0,9.36,1.83,0,93,10.33,16.86,2.16,99.13,urban,homecare,none,38
141,1,0,0,7.48,0.96,0,87,6.37,24.77,4.77,98.23,suburban,homecare,none,34
141,1,0,0,3.23,3.98,1,70,3.57,25,0.02,103.01,rural,personalcare,none,37
141,1,0,0,3.23,0.93,0,128,2.96,17.42,5.28,104.33,urban,snacks,sports,119
141,1,0,0,3.33,2.17,0,90,2.98,18.54,10.16,95.02,rural,beverages,none,72
141,1,0,0,3.9,1.55,0,64,4.65,19.84,14.64,96.23,urban,personalcare,none,35
141,1,0,0,7.64,7.72,0,106,9.89,24.08,10.75,96.21,suburban,homecare,festival,88
141,1,0,0,3.89,3.06,0,117,3.55,22.92,0,90.39,suburban,snacks,festival,53
141,1,0,0,1.71,25.85,1,197,1.82,15.63,3.24,97.04,urban,beverages,none,197
141,1,0,0,1.41,0,0,65,1.72,23.2,9.82,102.79,suburban,fresh,construction,42
141,1,0,0,2.75,2.22,0,147,3.44,22.43,0.35,98.33,suburban,beverages,none,100
141,1,0,0,4.09,3.08,0,151,3.79,18.74,3.51,99.94,suburban,snacks,festival,50
141,1,0,0,3.28,0.84,0,85,3.12,29.2,0,101.33,suburban,fresh,none,75
141,1,0,0,2.28,0.7,0,171,2.5,21.88,0,100.44,rural,beverages,festival,116
141,1,0,0,8.66,43.71,0,134,8.02,22.23,0.06,98.58,suburban,homecare,none,134
141,1,0,0,2.64,3.67,1,95,3.03,17.27,0.18,99.96,rural,beverages,construction,67
142,2,0,0,4.44,1.48,1,86,4.78,17.95,4.15,102.76,suburban,snacks,none,86
142,2,0,0,4.26,5.43,0,162,4,23.35,0,100.83,suburban,beverages,none,147
142,2,0,0,3,3.14,0,61,3.11,14.22,1.41,96.45,suburban,snacks,none,61
142,2,0,0,3.04,2.93,0,120,4.02,21.23,1.4,101.15,urban,personalcare,none,78
142,2,0,0,2.61,17.02,1,137,2.81,20.22,4.31,100.09,rural,fresh,festival,56
142,2,0,0,3.66,9.37,1,163,4.22,25.51,0,96.02,suburban,beverages,construction,161
142,2,0,0,4.79,23.6,1,164,4.94,24.62,5.3,101.44,rural,beverages,none,161
142,2,0,0,5.32,2.21,0,88,5.85,18.9,7.11,96.07,suburban,snacks,festival,78
142,2,0,0,3.83,2.53,0,111,3.88,24.16,7.06,95.96,urban,beverages,none,73
142,2,0,0,5.18,18.39,0,139,5.58,22.59,8.21,108.24,urban,snacks,construction,85
142,2,0,0,4.59,1.2,0,141,5.89,25.36,2.6,101.67,rural,beverages,none,55
142,2,0,0,9.21,31.62,0,117,9.68,23.04,0,107.91,rural,homecare,sports,117
142,2,0,0,4.17,1.14,0,68,4.29,20.16,9.82,101.15,rural,personalcare,none,30
142,2,0,0,2.67,3.43,1,56,2.44,25.57,7.8,83.66,suburban,fresh,sports,45
142,2,0,0,4.42,0,0,95,4.87,21.56,2.47,92.12,rural,snacks,sports,84
142,2,0,0,3.71,3.65,0,169,4.6,19.54,3.22,94.7,urban,beverages,festival,160
142,2,0,0,2.81,0,0,104,3.04,15.19,0,93.24,suburban,personalcare,festival,76
142,2,0,0,4.75,0.94,0,96,4.88,22.51,6.31,98.3,suburban,homecare,festival,49
142,2,0,0,4.75,0,0,87,5.41,18.37,7.29,105.01,rural,snacks,none,59
142,2,0,0,8.3,18.34,0,98,9.31,23.02,8.29,100.13,urban,homecare,none,64
142,2,0,0,9.53,1.26,1,99,11.53,17.76,1.31,109.25,suburban,homecare,sports,71
142,2,0,0,3.45,3.83,0,101,4.04,20.9,0,97.62,rural,beverages,none,101
142,2,0,0,2.92,1.42,0,52,2.64,23.61,8.92,95.09,suburban,personalcare,sports,41
142,2,0,0,1.8,1.3,0,93,1.57,18.69,4.79,95.53,urban,personalcare,none,86
142,2,0,0,4.22,3.46,1,111,4.12,26.88,6.02,103.93,rural,snacks,sports,111
142,2,0,0,4,0,0,99,4.49,21.96,0,112.75,suburban,fresh,none,74
142,2,0,0,5.04,3.17,0,113,5.57,22.75,2.21,93.89,suburban,snacks,construction,95
142,2,0,0,8.65,1.75,0,86,8.76,27.53,2.94,91.32,urban,homecare,none,50
142,2,0,0,1.72,6.92,0,117,1.67,19.49,1.92,106.37,suburban,snacks,none,95
142,2,0,0,4.22,0.32,1,104,3.78,21.4,0,95.92,urban,fresh,none,104
142,2,0,0,3.87,8.39,0,124,3.17,17.11,0,103.56,urban,snacks,sports,93
142,2,0,0,5.43,3.45,1,161,6.43,26.3,0,103.34,suburban,snacks,sports,161
142,2,0,0,2.3,25.1,0,154,2.38,22.33,0,101.25,rural,snacks,sports,154
142,2,0,0,8.36,3.92,0,41,8.7,19.23,0,102.03,suburban,homecare,none,37
142,2,0,0,7.16,42.18,0,161,7.9,23.16,7.91,104.75,suburban,personalcare,none,161
143,3,0,0,5.89,5.64,1,146,6.59,23.37,1.79,100.01,suburban,fresh,festival,111
143,3,0,0,2.58,11.97,1,189,2.95,22.07,1.9,101.71,suburban,fresh,festival,149
143,3,0,0,8.56,12.14,0,113,8.67,25.71,1.58,104.82,suburban,homecare,festival,93
143,3,0,0,7.35,3.81,1,139,7.96,30.08,4.51,94.24,urban,homecare,festival,95
143,3,0,0,5.77,18.67,1,85,5.87,20.97,2.98,98.36,suburban,personalcare,none,43
143,3,0,0,3.29,0,0,99,3.37,27.91,0,98.97,urban,fresh,construction,56
143,3,0,0,4.08,2.02,0,50,3.76,19.5,12.2,103.7,suburban,fresh,none,50
143,3,0,0,2.91,1.82,0,76,2.95,25.87,7.67,98.49,suburban,personalcare,none,29
143,3,0,0,7.17,2.89,1,112,6.72,21.27,0,91.52,urban,fresh,none,104
143,3,0,0,5.97,2.01,1,83,6.54,11.03,10.43,100.68,suburban,snacks,none,83
143,3,0,0,4.08,4.09,1,96,3.64,20.18,2.58,108.95,suburban,personalcare,none,68
143,3,0,0,5.42,32.45,0,189,6.13,16.63,4.2,102.09,rural,fresh,none,189
143,3,0,0,3.85,1.48,0,75,4.18,19.6,9.53,105.04,rural,snacks,none,56
143,3,0,0,4.07,0.65,0,188,4.17,22.47,7.42,104.25,urban,beverages,festival,127
143,3,0,0,5.53,0.78,0,85,5.13,24.68,0.32,109.1,rural,personalcare,sports,47
143,3,0,0,2.69,0.48,0,118,2.44,15.46,0,102.53,urban,snacks,sports,86
143,3,0,0,6.03,1.46,0,55,6.49,23.83,0,94.51,rural,personalcare,none,16
143,3,0,0,5.41,2,1,122,4.79,17.55,4.11,107.28,rural,snacks,sports,47
143,3,0,0,5.98,1.32,0,68,7.02,23.11,0,101.47,rural,snacks,none,15
143,3,0,0,3.76,1.56,0,96,3.87,15.86,4.89,100.75,rural,snacks,festival,80
143,3,0,0,7.56,2.3,0,112,8.44,27.34,2.32,112.46,urban,fresh,festival,112
143,3,0,0,6.37,3.61,0,79,6.82,16.01,0,104.29,urban,fresh,none,79
143,3,0,0,5.36,10.6,0,58,4.91,16.95,3.58,96.74,urban,personalcare,none,58
143,3,0,0,8.07,1.05,0,17,8.69,20.52,3.12,96.15,suburban,homecare,none,17
143,3,0,0,7.4,3.2,0,103,7.33,25.85,4.84,88.1,urban,snacks,construction,26
143,3,0,0,3.97,2.28,1,154,5.2,17.89,4.6,95.9,rural,beverages,festival,87
143,3,0,0,2.54,17.83,0,179,2.55,21.48,0,87.82,suburban,fresh,sports,128
143,3,0,0,3.25,11.85,0,144,4.18,21.98,0,100.45,urban,snacks,none,127
143,3,0,0,4.61,4.57,0,121,5.1,25.37,4.82,110.9,urban,fresh,none,50
143,3,0,0,2.73,2.97,0,133,2.86,14.46,1.76,99.32,urban,fresh,sports,78
143,3,0,0,6.6,23.74,0,182,5.71,23.55,0,100.1,rural,snacks,none,95
143,3,0,0,4.93,3.18,1,132,5.62,24.12,5.37,104.87,rural,beverages,none,94
143,3,0,0,6.29,1.89,0,93,7.9,15.49,0,99.41,urban,snacks,none,87
143,3,0,0,11.44,0,0,36,10.66,19.01,0,99.19,urban,homecare,none,4
143,3,0,0,4.44,0.95,0,95,4.51,21.91,1.69,105.7,urban,beverages,construction,89
144,4,0,0,6.2,4.76,0,62,5.48,20.49,7.67,100.82,suburban,personalcare,none,58
144,4,0,0,5.06,0.17,0,104,5.18,19.12,4.29,105.19,suburban,beverages,none,75
144,4,0,0,2.59,3.74,0,52,2.3,21.59,4.61,106.74,rural,personalcare,construction,27
144,4,0,0,4.15,20.94,0,181,4.76,22.64,2.61,101.66,suburban,snacks,sports,134
144,4,0,0,9.68,20.36,1,171,9.7,25.07,7.7,98.36,rural,homecare,none,67
144,4,0,0,5.06,0,1,95,5.63,24.57,0,96.52,suburban,beverages,none,79
144,4,0,0,6.14,2.38,1,145,5.57,12.91,1.71,102.05,urban,beverages,sports,64
144,4,0,0,4.8,3.51,0,99,5.57,22.32,6.39,106.34,urban,personalcare,none,31
144,4,0,0,6.02,0,0,163,6.58,25.2,2.57,98.32,urban,beverages,none,101
144,4,0,0,5.59,3.62,0,84,5.47,21.96,2.75,103.24,urban,personalcare,festival,84
144,4,0,0,4.49,4.72,1,176,4.15,19.17,4.11,94.2,suburban,beverages,none,106
144,4,0,0,2.67,4.02,1,203,2.94,19.33,0,111.52,urban,beverages,festival,177
144,4,0,0,4.82,3.08,0,123,4.88,16.23,8.22,92.46,suburban,beverages,none,68
144,4,0,0,5.26,0.08,0,105,6.28,21.61,1.61,95.86,suburban,snacks,festival,105
144,4,0,0,3.91,0,0,129,4.2,22.09,4.43,99.14,suburban,beverages,festival,129
144,4,0,0,1.92,15.23,0,128,1.96,19.12,5.08,94.47,suburban,beverages,construction,128
144,4,0,0,4.36,0,1,95,4.56,17.54,0.15,94.5,urban,beverages,festival,95
144,4,0,0,4.47,3.55,0,120,5.24,21.5,3.77,97.44,rural,beverages,none,120
144,4,0,0,5.37,4.51,1,115,6.06,22.45,0,96.99,urban,snacks,festival,115
144,4,0,0,6.64,3.2,0,86,6.99,20.09,0,106.81,rural,fresh,none,61
144,4,0,0,3.97,19.81,0,194,4.64,12.92,0,95.75,suburban,beverages,sports,126
144,4,0,0,4.92,29.39,0,117,4.63,19.42,4.21,100.46,rural,snacks,none,117
144,4,0,0,4.05,1.64,0,44,4.34,14.61,2.63,99.55,rural,fresh,none,44
144,4,0,0,2.2,30.38,1,244,2.22,24.34,4.18,98.06,urban,snacks,festival,146
144,4,0,0,2.61,0,0,102,2.81,26.45,8.81,94.67,suburban,fresh,none,38
144,4,0,0,2.13,3.78,0,112,2.54,18.26,2.22,93.98,suburban,snacks,none,94
144,4,0,0,3.09,0.23,1,93,3.3,24.39,12.08,96.32,rural,beverages,construction,93
144,4,0,0,5.59,3.99,0,33,4.95,21.42,5.33,98.89,suburban,fresh,none,33
144,4,0,0,5.85,3.63,1,102,5.06,19.32,0,96.06,rural,snacks,construction,34
144,4,0,0,5.02,29.21,0,194,5.43,19.55,4.27,94.57,urban,beverages,none,194
144,4,0,0,1.1,1.24,1,107,1.08,24.03,1.23,95.52,urban,fresh,none,107
144,4,0,0,5.57,2.69,1,97,6.36,20.71,6.38,96.81,suburban,fresh,none,97
144,4,0,0,6.22,27.53,0,180,7.17,28.02,0.66,101.51,urban,fresh,none,180
144,4,0,0,6.45,24.78,1,193,7.07,22.12,6.39,98.91,rural,snacks,festival,166
144,4,0,0,1.79,1.86,1,64,2.09,23.97,6.76,95.48,rural,snacks,none,64
145,5,0,1,4.15,16.4,0,161,3.9,16.87,0,97.27,urban,beverages,none,110
145,5,0,1,3.29,2.62,0,158,3.58,22.36,0,93.94,suburban,snacks,none,119
145,5,0,1,3.08,2.53,0,122,3.14,30.81,0,103.85,suburban,snacks,sports,110
145,5,0,1,9.06,1.85,0,106,11.82,27.04,4.15,100.69,urban,homecare,none,91
145,5,0,1,6.2,1.26,1,142,6.36,19.08,0.59,109.63,urban,personalcare,sports,139
145,5,0,1,4.34,0,0,45,4.2,14.53,1.09,96.93,suburban,snacks,none,45
145,5,0,1,1.47,2.07,0,118,1.26,20.73,4.55,92.53,suburban,snacks,festival,83
145,5,0,1,3.84,0,0,88,3.5,27.75,0.56,95.96,suburban,snacks,none,28
145,5,0,1,7.47,1.09,0,104,6.71,22.52,0,102.19,suburban,homecare,none,21
145,5,0,1,6.53,1.35,0,122,6.65,22.53,0,101.03,urban,beverages,none,111
145,5,0,1,5.73,4.93,0,63,5.15,17.74,0,93.17,suburban,beverages,construction,63
145,5,0,1,5.87,3.64,1,173,5.59,24.9,7.12,101.09,suburban,beverages,construction,115
145,5,0,1,6.23,0,1,134,6.77,28.85,0,103.78,suburban,fresh,sports,56
145,5,0,1,5.78,4.6,0,80,5.77,21.98,10.36,113.41,urban,snacks,construction,80
145,5,0,1,4.65,8.32,1,178,5.13,24.95,1.92,99.28,urban,snacks,none,87
145,5,0,1,3.46,2.2,0,104,3.82,22.85,4.64,100.34,urban,fresh,none,103
145,5,0,1,2.72,1.08,0,101,3.24,20.1,5.44,90.18,rural,beverages,construction,43
145,5,0,1,4.33,2.52,0,108,4.61,22.76,10.34,103.51,urban,snacks,none,93
145,5,0,1,3.02,15.39,1,107,2.88,14.11,2.74,103.63,urban,fresh,none,107
145,5,0,1,7.47,1.9,0,67,8.63,24.57,5.43,100.3,urban,homecare,none,42
145,5,0,1,9.85,1.85,0,87,9.62,20.61,5,102.1,suburban,homecare,none,21
145,5,0,1,4.22,2.97,1,90,4.56,20.09,9.48,88.8,suburban,fresh,none,75
145,5,0,1,1.91,22.63,0,195,1.98,26.84,1.1,101.8,suburban,fresh,none,122
145,5,0,1,4.34,0.69,0,119,5.08,20.69,0,103.5,suburban,fresh,construction,70
145,5,0,1,5.19,28.66,0,187,5.92,22.28,0,99.76,suburban,snacks,festival,183
145,5,0,1,4.4,3.13,1,78,3.51,23.65,5.16,97.73,urban,snacks,none,78
145,5,0,1,9.34,0,0,128,11.04,22.19,0,103.79,urban,homecare,none,79
145,5,0,1,3.14,18.88,0,97,3.17,27.96,4.99,96.54,rural,personalcare,festival,97
145,5,0,1,5.07,2.33,0,139,5,24.37,4.64,101.59,suburban,beverages,festival,106
145,5,0,1,5.76,1.16,0,54,6.69,24.17,5.13,101.88,suburban,fresh,sports,54
145,5,0,1,6.93,0.18,0,57,7.58,15.55,1.05,95.91,rural,personalcare,none,35
145,5,0,1,4.47,2.54,0,74,4.63,21.76,0,101.09,rural,snacks,construction,44
145,5,0,1,2.31,1.06,0,71,2.61,23.66,2.38,106.22,rural,fresh,none,70
145,5,0,1,1.1,2.77,0,62,1.12,18.94,0.31,101.37,urban,personalcare,none,38
145,5,0,1,3.16,18.31,0,156,3.64,18.52,0.73,104.96,urban,beverages,sports,134
146,6,0,1,5.37,3.83,0,114,6.28,20.53,7.43,95.73,suburban,personalcare,construction,24
146,6,0,1,7.8,0.17,1,63,6.99,19.36,0,96.01,urban,homecare,none,43
146,6,0,1,4.11,1.79,1,101,4.8,26.3,0.86,94.81,suburban,personalcare,none,61
146,6,0,1,3.07,2.42,0,160,2.95,26.07,0,92.01,suburban,beverages,sports,142
146,6,0,1,6.23,0,0,105,7.15,21.63,2.76,105.06,urban,snacks,construction,74
146,6,0,1,4.37,1.67,1,151,4.97,19.25,3.08,96.75,urban,beverages,festival,151
146,6,0,1,3.68,1.23,1,100,3.31,23.63,0.53,100.93,urban,personalcare,none,56
146,6,0,1,3.63,19.21,0,204,4.39,19.16,0,104.33,suburban,beverages,sports,155
146,6,0,1,5.58,12.79,1,134,5.6,23.31,6.78,94.98,urban,personalcare,festival,134
146,6,0,1,5.68,0.56,0,75,5.58,15.06,4.72,97.74,urban,homecare,none,40
146,6,0,1,4.91,0,0,34,4.68,27.78,5.94,96.8,suburban,fresh,construction,15
146,6,0,1,4.07,2.25,0,155,4,19.8,0,100.61,suburban,personalcare,festival,112
146,6,0,1,2.89,22.87,0,234,3.34,19.57,4.13,104.98,rural,beverages,sports,71
146,6,0,1,3.82,21.89,0,204,3.46,23.22,2.38,89.09,suburban,fresh,festival,204
146,6,0,1,1.1,1.78,0,154,1.15,22.36,8.86,92.62,urban,snacks,none,68
146,6,0,1,5.58,0.86,1,4,5.01,15.02,7.7,96.7,suburban,personalcare,none,4
146,6,0,1,1.94,8.37,1,48,2.01,23.67,1.78,93.7,rural,personalcare,festival,48
146,6,0,1,7.59,2.2,0,117,8.22,22.33,0.82,86.88,suburban,beverages,construction,80
146,6,0,1,2.79,3.29,0,135,2.96,22.74,7.01,104.84,urban,snacks,none,76
146,6,0,1,4.69,1.03,0,67,4.85,21.41,0,103.4,urban,fresh,construction,54
146,6,0,1,2.69,4.3,0,110,3.06,20.65,1.32,105.13,urban,fresh,festival,110
146,6,0,1,2.68,1.95,0,102,3.15,26.15,0,98.58,rural,beverages,none,65
146,6,0,1,8.75,3.54,1,87,10.08,23.35,7.3,94.52,rural,homecare,sports,52
146,6,0,1,3.82,0,0,28,4.46,17.48,14.31,92.26,rural,fresh,construction,28
146,6,0,1,3.07,2,0,152,3.51,25.27,0,112.21,urban,beverages,none,98
146,6,0,1,3.05,0,0,59,3.19,16.04,0,99.92,rural,fresh,construction,37
146,6,0,1,3.96,2.07,0,99,4.6,24.28,10.84,98.36,suburban,snacks,none,73
146,6,0,1,5.04,1.67,1,137,5.84,24.79,5.38,94.15,urban,fresh,none,83
146,6,0,1,6.88,12.61,0,186,7.69,15.37,6.19,100.04,suburban,fresh,none,158
146,6,0,1,4.49,1.77,0,40,5.19,22.07,4.87,104.88,rural,fresh,none,40
146,6,0,1,9.27,0,0,113,9.78,25.29,5.5,103.49,urban,homecare,none,77
146,6,0,1,2.95,2.82,1,82,3.3,19.29,0,97.76,rural,snacks,construction,69
146,6,0,1,3.2,1.97,1,39,3.66,24.25,4.24,90.56,urban,personalcare,none,39
146,6,0,1,5.31,1.84,0,98,4.21,17.99,0.24,94.98,suburban,fresh,construction,53
146,6,0,1,8.33,31.55,0,135,7.24,22.16,8.83,95.66,urban,homecare,festival,80
147,0,0,0,6.61,0.85,0,61,7.06,26.01,0,98.64,suburban,snacks,none,61
147,0,0,0,1.99,19.98,0,135,1.91,25.35,8.16,103.04,rural,snacks,construction,41
147,0,0,0,5.34,12.97,0,158,5.89,18.19,0,95.13,rural,beverages,none,131
147,0,0,0,1.92,0,0,37,2.06,27.52,1.32,100.58,suburban,snacks,construction,37
147,0,0,0,9.65,2.12,0,110,8.36,21.29,6.93,99.83,urban,homecare,sports,91
147,0,0,0,4.88,0,0,74,5.56,19.23,2.48,94.31,suburban,snacks,sports,74
147,0,0,0,3.91,1.18,1,155,4.46,18.49,8.31,91.99,urban,beverages,none,101
147,0,0,0,4.35,27.67,0,203,4.87,21.41,0,99.69,suburban,fresh,none,196
147,0,0,0,5.4,5.03,0,118,5.04,26.06,2.84,98.93,suburban,fresh,construction,22
147,0,0,0,8.57,3.5,0,100,7.27,15.93,0,95.44,urban,beverages,none,100
147,0,0,0,4.28,24.31,0,110,4.26,22.97,0.62,94.05,rural,snacks,none,88
147,0,0,0,4.25,1.45,0,138,4.36,12.22,3.59,95.25,urban,beverages,none,135
147,0,0,0,4.47,3,0,138,4.49,25.53,0,101.27,suburban,beverages,sports,138
147,0,0,0,4.82,25.52,0,204,5.18,26.94,0,96.02,rural,beverages,none,204
147,0,0,0,6.23,4.67,0,117,7.96,18.56,0,93.31,suburban,personalcare,none,36
147,0,0,0,3.96,1.65,0,103,4.08,26.53,6.52,99.13,suburban,personalcare,sports,59
147,0,0,0,1.5,2.39,0,48,1.28,19.04,3.26,96.75,rural,snacks,none,48
147,0,0,0,5.7,1.2,0,82,7.07,16.88,6.97,105.38,rural,snacks,none,68
147,0,0,0,4,2.31,0,100,4.52,14.45,0,100.31,rural,fresh,festival,80
147,0,0,0,1.9,2.55,0,72,2.08,24.01,0,100.85,rural,snacks,none,42
147,0,0,0,3.15,3.33,0,186,4.37,27.49,10.51,107.29,urban,beverages,sports,156
147,0,0,0,6.23,17.23,0,67,5.65,23.86,6.08,104.51,rural,personalcare,sports,61
147,0,0,0,4.68,1.42,1,160,3.76,28.35,1.02,93.52,urban,beverages,none,22
147,0,0,0,5.57,12.06,0,89,6.39,19.08,0,100.75,urban,personalcare,construction,43
147,0,0,0,3.59,1.19,0,112,3.67,29.3,2.36,108.3,suburban,snacks,construction,50
147,0,0,0,10.42,1.89,1,120,8.63,19.53,0,94.87,urban,homecare,none,40
147,0,0,0,3,18.92,0,219,3.41,20.23,9.57,105.01,rural,beverages,festival,166
147,0,0,0,3.41,0.48,0,86,3.05,19.28,3.17,97.53,urban,snacks,none,75
147,0,0,0,2.4,4.63,0,96,2.56,27.49,6.83,101.7,suburban,snacks,none,96
147,0,0,0,3.56,15.58,0,78,3.19,29.79,0,100.14,suburban,snacks,none,78
147,0,0,0,3.42,22.55,0,150,3.34,22.75,0,97.29,rural,fresh,none,110
147,0,0,0,4.32,3.13,0,103,5.54,19.96,4.27,98.9,rural,fresh,none,88
147,0,0,0,7,0.31,1,57,5.96,31.52,0,100.46,suburban,homecare,sports,45
147,0,0,0,5.39,10.63,0,106,6.15,12.27,0,95.39,rural,snacks,sports,74
147,0,0,0,8.26,30.34,0,136,9.51,27.5,5.27,103.82,urban,homecare,festival,123
148,1,0,0,4.85,3.02,0,53,4.23,25.86,0,92.56,urban,personalcare,none,50
148,1,0,0,3.28,2.42,0,168,3.8,21.44,0,104.43,urban,beverages,sports,140
148,1,0,0,2.13,2.08,0,114,1.89,20.07,3.96,101.64,urban,personalcare,none,74
148,1,0,0,7.63,1.99,0,98,9.71,20.13,2.29,96.42,suburban,homecare,none,38
148,1,0,0,9.85,13.37,0,65,11.1,13.6,11.72,99.92,rural,homecare,none,15
148,1,0,0,2.85,2.83,0,115,3.54,23.27,8.39,102.28,urban,beverages,sports,115
148,1,0,0,5.61,0.76,1,90,5.62,25.08,6.42,91.57,suburban,snacks,none,54
148,1,0,0,1.73,0,0,56,1.68,15.21,0,106.22,urban,snacks,none,56
148,1,0,0,3.74,1.72,0,15,3.62,17.81,4.31,92.17,suburban,personalcare,none,15
148,1,0,0,5.19,29.43,0,155,5.36,21.07,8.76,100.62,urban,snacks,none,109
148,1,0,0,4.01,1.62,0,50,4.87,18.08,2.2,96.62,urban,beverages,construction,50
148,1,0,0,3.59,2.6,0,96,3.55,18.47,0,93.43,urban,fresh,construction,49
148,1,0,0,5.9,1.43,0,108,6.44,25.76,1.61,91.77,suburban,fresh,festival,62
148,1,0,0,4.95,27.45,0,231,4.72,25.55,2.14,98.27,suburban,beverages,sports,196
148,1,0,0,9.27,1.84,0,80,8.97,22.43,0,101.88,suburban,homecare,none,62
148,1,0,0,6.59,1.1,0,61,6.71,20.79,0,103.19,suburban,homecare,festival,42
148,1,0,0,9.97,8.37,0,79,9.96,14.91,2.72,104.87,suburban,homecare,sports,25
148,1,0,0,1.1,0,0,85,1.2,20.79,4.44,100.23,urban,personalcare,none,60
148,1,0,0,1.1,2.25,0,99,1.31,14.43,14.52,97.19,urban,beverages,construction,60
148,1,0,0,3.91,0.56,0,90,3.86,18.61,9.26,106.71,urban,beverages,none,90
148,1,0,0,3.19,2.38,1,123,3.25,18.09,0,111.84,urban,fresh,sports,91
148,1,0,0,3.88,10.09,0,118,3.8,25.75,2.15,92.27,urban,snacks,none,96
148,1,0,0,8.23,1.07,0,75,9.54,24.42,2.57,88.06,urban,homecare,none,73
148,1,0,0,2.7,0.48,1,51,2.86,28.08,6.62,96.91,rural,personalcare,none,51
148,1,0,0,5.37,13.54,0,172,4.53,18.41,0,101.16,suburban,beverages,none,112
148,1,0,0,8.05,3.53,0,82,8.15,24.67,7.21,100.06,urban,homecare,construction,44
148,1,0,0,2.52,4.28,1,193,2.83,29.34,6.41,107.86,urban,beverages,construction,134
148,1,0,0,8.01,0.76,1,133,8.31,20.02,5.24,95.49,urban,snacks,none,101
148,1,0,0,5.84,1.74,0,47,5.08,21.84,2.03,100.22,rural,personalcare,none,20
148,1,0,0,7.88,0,0,70,8.41,22.54,4.73,103.47,suburban,homecare,none,47
148,1,0,0,4.39,2.26,0,97,4.38,22.44,3.37,96.23,suburban,personalcare,none,36
148,1,0,0,2.99,2.2,0,103,2.72,30.33,3.75,93.73,rural,beverages,none,73
148,1,0,0,4.29,2.14,0,93,4.5,12.82,0,101,rural,beverages,none,92
148,1,0,0,1.99,1.47,0,136,1.94,21.75,4.08,102,urban,beverages,none,119
148,1,0,0,5.94,3.44,0,163,5.72,22.84,2.82,106.2,urban,beverages,none,91
149,2,0,0,3.39,7.67,0,173,3.48,19.03,3.75,100.93,urban,fresh,festival,132
149,2,0,0,3.35,2.74,0,174,3.63,15.6,0,97.81,urban,snacks,none,63
149,2,0,0,5.85,1.76,0,67,6.75,24.63,4.3,96.32,urban,fresh,construction,67
149,2,0,0,8.03,2.22,1,77,7.9,25.07,6.53,95.26,urban,homecare,none,18
149,2,0,0,4.54,12.25,1,190,5.29,27.24,0,102.67,urban,beverages,none,127
149,2,0,0,6.67,1.99,0,80,6.1,27.91,15.11,94.07,urban,beverages,none,52
149,2,0,0,9.87,3.05,1,128,9.96,24.18,3.57,96.88,suburban,homecare,sports,81
149,2,0,0,4.37,0,1,122,4.52,21.4,0,97.61,suburban,personalcare,festival,122
149,2,0,0,6.41,4.22,1,136,7.23,22.49,0,92.56,urban,beverages,none,136
149,2,0,0,4.59,1.83,1,96,4.9,21.81,5.86,99.68,suburban,personalcare,festival,80
149,2,0,0,4.86,32.01,0,260,4.33,26.53,12.57,91.73,suburban,beverages,sports,260
149,2,0,0,4.13,2.85,0,119,3.68,23.26,2.66,104.17,suburban,fresh,none,74
149,2,0,0,5.38,2.44,0,124,6.29,10.94,4.42,95.18,suburban,snacks,none,40
149,2,0,0,6.01,1.44,0,48,5.76,21.23,1.65,95.29,rural,fresh,none,33
149,2,0,0,1.36,1.03,0,85,1.13,23.39,7.86,107.43,suburban,snacks,sports,82
149,2,0,0,2.95,5.15,0,74,3.61,23.1,3.91,91.34,urban,beverages,construction,74
149,2,0,0,3.89,27.46,0,173,3.57,18.97,7.86,100.22,urban,fresh,none,149
149,2,0,0,5.62,27.83,0,191,5.86,19.25,2.37,98.36,urban,fresh,festival,191
149,2,0,0,7.71,0,1,125,7.7,16.07,6.39,91.93,urban,homecare,sports,93
149,2,0,0,4.65,4.03,0,51,4.25,20.17,0,94.84,urban,fresh,none,51
149,2,0,0,3.72,12.69,0,155,3.85,23.29,0.25,105.04,urban,snacks,none,83
149,2,0,0,4.12,2.22,1,118,3.87,15.92,3.85,98.8,urban,beverages,construction,118
149,2,0,0,6.44,2.36,0,72,6.79,24.88,2.61,100.32,suburban,homecare,none,13
149,2,0,0,1.53,15.3,0,108,1.56,16.51,4.49,97.49,suburban,snacks,none,74
149,2,0,0,3.49,2.96,0,103,3.56,23.74,4.76,102.33,urban,fresh,none,87
149,2,0,0,6,22.92,0,159,6.73,24.15,2.28,94.44,urban,personalcare,none,151
149,2,0,0,4.31,3.42,0,176,4.94,18.53,1.24,104.23,suburban,beverages,none,83
149,2,0,0,3.58,13.83,1,237,3.84,23.98,11.96,97.07,urban,beverages,sports,194
149,2,0,0,4.64,2.68,0,115,5.02,21.33,0,93.25,rural,fresh,festival,43
149,2,0,0,3.3,2.37,0,72,3.17,20.88,4.19,96.5,urban,fresh,none,72
149,2,0,0,4.12,3.74,0,149,4.84,25.16,0.9,100.34,urban,beverages,none,134
149,2,0,0,4.53,24.5,0,194,4.95,23.47,1.04,103.58,suburban,snacks,festival,113
149,2,0,0,4.54,0.85,0,133,4.89,23.66,2.79,93.22,urban,beverages,none,120
149,2,0,0,9.12,1.89,0,55,9.9,26.52,2.02,98.28,suburban,homecare,none,26
149,2,0,0,3.47,2.27,0,146,3.05,25.85,3.93,90.69,urban,snacks,sports,36
150,3,0,0,4.28,0,1,106,3.82,25.65,0,102.28,suburban,personalcare,none,26
150,3,0,0,4.1,0.06,1,124,4.08,25.57,0,96.87,rural,snacks,none,89
150,3,0,0,7.29,3.07,0,181,8.39,24.77,8.33,103.7,urban,beverages,none,96
150,3,0,0,11.18,2.86,1,33,10.54,27.96,16.5,97.41,rural,homecare,festival,33
150,3,0,0,3.48,4.22,0,127,3.92,24.23,7.36,95.26,suburban,fresh,sports,90
150,3,0,0,4.45,0,1,114,4.29,17.96,1.71,102.43,suburban,personalcare,sports,54
150,3,0,0,4.91,2.01,0,92,6.09,17.86,7.47,98.42,suburban,fresh,none,46
150,3,0,0,11.27,0.09,1,64,12.38,29.93,2.11,94.49,suburban,homecare,festival,64
150,3,0,0,3.97,0,0,85,3.69,23.52,2.02,96.13,suburban,personalcare,none,64
150,3,0,0,8.16,0,0,76,6.75,17.88,5.48,106.25,suburban,homecare,none,21
150,3,0,0,4.94,0.75,0,87,5.3,20.25,11.43,98.56,suburban,snacks,none,59
150,3,0,0,7.04,27.07,0,220,6.93,21.94,11.37,92.23,urban,beverages,construction,190
150,3,0,0,4.75,2.19,0,64,5.76,25.87,0.28,97.25,suburban,snacks,none,64
150,3,0,0,1.71,1.04,0,120,1.4,21.55,6.08,96.46,suburban,beverages,festival,120
150,3,0,0,3.51,0,0,103,3.61,21.69,0,100.19,urban,fresh,festival,102
150,3,0,0,10.42,0,0,4,8.33,15.76,4.32,101.28,urban,homecare,construction,4
150,3,0,0,4,0,1,94,4.31,18.37,7.53,99.87,urban,snacks,construction,94
150,3,0,0,4.37,0,1,95,3.86,18.52,1.62,101.24,urban,snacks,none,89
150,3,0,0,4.5,29.12,0,252,4.75,18.94,0,107.5,suburban,beverages,festival,238
150,3,0,0,8.9,4.73,1,93,8.21,25.42,4.36,86.37,suburban,homecare,none,42
150,3,0,0,9.21,3.06,1,25,9.97,25.37,0,97.38,rural,homecare,none,14
150,3,0,0,5.05,4.35,0,124,5.57,24.73,0,98.56,urban,fresh,sports,124
150,3,0,0,6.55,1.74,0,122,6.42,21.62,3.39,94.65,suburban,snacks,none,75
150,3,0,0,11.93,1.89,0,4,12.03,20.61,5.23,97.98,rural,homecare,construction,0
150,3,0,0,3.4,0,1,135,3.33,26.2,0,102.55,urban,beverages,none,123
150,3,0,0,5.95,2.89,1,142,5.63,23.59,5.64,98.61,rural,personalcare,none,15
150,3,0,0,2.87,2.08,1,117,2.98,33.65,1.82,100.06,urban,personalcare,none,87
150,3,0,0,2.93,26.8,1,210,3.28,21.9,0,97.14,rural,beverages,none,186
150,3,0,0,7.35,1.67,1,142,7.66,23.45,1.47,109.56,suburban,beverages,none,87
150,3,0,0,2.55,10.38,1,98,2.71,21.49,3.75,99.32,urban,snacks,construction,98
150,3,0,0,5.85,0.09,0,56,6,21.02,1.3,97.59,urban,fresh,none,37
150,3,0,0,6.62,1.56,0,97,5.89,21.05,6.95,93.7,urban,homecare,none,36
150,3,0,0,4.91,3.45,1,185,6.29,20.7,0,106.15,suburban,beverages,none,116
150,3,0,0,9.7,2.37,0,45,10.69,29.69,1.81,103.54,rural,homecare,none,26
150,3,0,0,4.59,2.46,0,111,4.06,23.13,0,97.23,suburban,snacks,sports,90
151,4,0,0,4.28,1.61,0,147,3.97,24.25,3.23,102.75,urban,fresh,sports,81
151,4,0,0,3.3,3.38,0,100,3.36,27.13,4,102.36,suburban,fresh,none,100
151,4,0,0,3.3,2.61,0,118,3.83,21.93,0.48,96.56,urban,fresh,none,80
151,4,0,0,5.67,3.9,0,146,5.37,27.27,2.81,100.61,suburban,fresh,festival,72
151,4,0,0,7.66,1.19,0,72,5.57,21.33,14.32,97.98,suburban,homecare,none,21
151,4,0,0,3.18,31.1,0,237,3.62,14.4,0,99.77,rural,beverages,sports,158
151,4,0,0,3.55,22.07,0,119,3.21,25.47,3.21,104.08,urban,personalcare,construction,64
151,4,0,0,3.46,0.26,0,75,3.81,27,14.24,99.31,urban,personalcare,festival,75
151,4,0,0,6.08,10.96,0,138,6.33,19.34,0.38,93.76,suburban,beverages,construction,138
151,4,0,0,5.4,3.03,0,144,6.09,21.34,5.79,96.97,suburban,fresh,festival,144
151,4,0,0,9.88,23.65,0,101,9.15,29.69,4.63,95.29,suburban,homecare,none,89
151,4,0,0,6.43,0.3,0,155,6.54,25.57,3.45,92.55,urban,beverages,festival,155
151,4,0,0,4.74,0.74,1,104,4.96,22.81,1.03,95.3,suburban,beverages,none,104
151,4,0,0,7.12,0,0,116,8.96,18.11,1.37,100.8,urban,personalcare,festival,80
151,4,0,0,3.31,0.86,0,93,3.8,16.7,9.6,106.59,rural,beverages,none,59
151,4,0,0,6.06,2.14,1,100,7.13,19.59,10.81,106.16,rural,snacks,festival,100
151,4,0,0,2.04,0.81,0,139,2.09,20.16,6.32,104.91,urban,beverages,none,99
151,4,0,0,8.04,0.61,0,4,7.27,28.56,4.54,104.32,suburban,homecare,construction,4
151,4,0,0,4.12,2.04,0,65,4.44,18.99,1.81,91.83,rural,fresh,festival,65
151,4,0,0,6.62,5.25,1,82,7.54,26.23,5.39,101.04,suburban,homecare,none,82
151,4,0,0,5.52,1.81,0,97,6.63,19.06,0.35,102.06,urban,fresh,sports,94
151,4,0,0,1.87,0,0,106,2.3,23.48,1.51,108.69,suburban,fresh,none,14
151,4,0,0,3.39,1.18,1,177,3.67,21.9,6.68,103.6,urban,beverages,none,112
151,4,0,0,3.14,19.59,1,130,3.05,25.04,2.78,99.52,suburban,beverages,construction,113
151,4,0,0,5.9,3.6,0,80,5.01,25.5,6.48,100.41,suburban,fresh,construction,71
151,4,0,0,2.62,1.98,0,68,2.51,22.66,1.76,100.13,rural,personalcare,none,19
151,4,0,0,6.17,0,1,196,7.75,28,0.83,104.05,urban,fresh,festival,166
151,4,0,0,6.93,2.23,0,61,6.82,21.82,0,95.15,rural,snacks,none,48
151,4,0,0,2.29,4.18,0,66,2.22,23.71,0,97.86,rural,snacks,none,66
151,4,0,0,4.89,28.19,0,198,5.73,26.36,0,91.99,urban,fresh,sports,181
151,4,0,0,1.9,4.92,0,11,1.79,23.02,5.66,98,suburban,personalcare,construction,11
151,4,0,0,3.98,0.57,1,98,3.98,23.92,6.41,97.71,urban,fresh,none,77
151,4,0,0,8.77,0.33,0,77,9.2,15.49,6.93,94.79,urban,homecare,none,35
151,4,0,0,3.83,2.19,0,143,3.84,24.35,4.11,90.98,urban,beverages,none,114
151,4,0,0,4.85,27.84,1,221,4.96,28.86,0.94,97.85,urban,beverages,none,221
152,5,0,1,8.27,1.55,0,47,7.42,20.41,5.86,107.17,suburban,homecare,sports,3
152,5,0,1,1.18,2.93,0,61,1.26,26.16,5.01,96.9,rural,personalcare,sports,30
152,5,0,1,4.81,3.58,0,102,5.06,17.36,8.71,92.9,suburban,beverages,none,93
152,5,0,1,1.81,0.07,0,104,1.96,21.06,0,102.39,suburban,fresh,none,81
152,5,0,1,4.25,4.44,1,172,4.43,24.64,0.7,106.07,suburban,beverages,none,149
152,5,0,1,8.84,0,1,72,6.45,27.7,0,104.37,urban,homecare,sports,64
152,5,0,1,3.91,23.33,1,152,4.81,20.05,2.2,103.89,urban,personalcare,construction,97
152,5,0,1,2.15,10.86,1,133,2.34,26.79,9.5,94.66,urban,snacks,none,74
152,5,0,1,3.13,3.23,0,118,2.95,19.65,4.05,98.38,suburban,personalcare,sports,64
152,5,0,1,6.24,0,0,4,6.02,23.25,4.83,102.04,rural,fresh,none,4
152,5,0,1,2.41,3.02,0,133,2.33,25.22,11.66,94.79,urban,fresh,none,69
152,5,0,1,7.16,0.22,1,49,7.35,14.27,0,99.03,suburban,homecare,none,49
152,5,0,1,4.78,0,0,137,4.67,22.09,7.78,102.29,urban,snacks,none,105
152,5,0,1,4.3,28.98,0,167,4.36,25.58,0,94.92,suburban,personalcare,festival,120
152,5,0,1,9.5,28.22,0,97,10.1,24.49,5.17,95.38,urban,homecare,none,97
152,5,0,1,4.74,21.75,0,207,4.85,27.76,0,95.93,rural,beverages,none,137
152,5,0,1,4.66,0.36,0,114,4.83,19.28,0,94.7,rural,beverages,none,30
152,5,0,1,3.07,2.68,1,50,3.16,26.87,0,89.19,suburban,snacks,construction,49
152,5,0,1,13.4,2.99,0,10,12.29,23.89,4.43,92.03,suburban,homecare,sports,10
152,5,0,1,5.82,1.97,0,41,6.63,25.22,0.1,96.65,rural,personalcare,festival,41
152,5,0,1,7.7,1.84,1,77,8.34,20.36,2.99,101.06,suburban,homecare,none,59
152,5,0,1,4.86,5.1,1,91,5.56,25.5,0,97.79,suburban,snacks,none,91
152,5,0,1,2.56,0.92,0,136,2.44,23.57,3.41,93.87,rural,beverages,construction,66
152,5,0,1,9.09,5.51,1,102,9.55,23.2,10.89,95.47,urban,homecare,none,64
152,5,0,1,1.96,2.84,1,136,2.02,25.9,0.76,96.56,suburban,personalcare,none,114
152,5,0,1,3.98,39.76,1,174,3.68,26,5.42,93.99,suburban,personalcare,none,136
152,5,0,1,7.89,1.44,0,61,8.87,19.58,6.29,89.93,urban,homecare,none,10
152,5,0,1,6.2,3.68,1,116,6.41,25.65,14.25,102.04,rural,fresh,sports,87
152,5,0,1,4.24,6.16,1,140,4.22,21.66,6.84,106.34,suburban,beverages,none,140
152,5,0,1,6,2.33,1,119,6.62,25.12,6.61,110.1,rural,beverages,none,118
152,5,0,1,5.42,0.13,0,80,6.23,26.82,3.27,97.68,rural,beverages,construction,50
152,5,0,1,1.91,5,0,161,1.77,19.34,0,93.33,suburban,beverages,sports,115
152,5,0,1,5.77,0.37,0,115,6.49,21.1,3.59,99.9,urban,snacks,festival,104
152,5,0,1,4.85,13.01,0,93,4.97,21.1,0,106.13,urban,personalcare,festival,93
152,5,0,1,4.08,2.61,0,142,5,25.23,3.24,94.88,suburban,personalcare,festival,60
153,6,0,1,5.66,1.68,0,129,6.78,27.48,3.61,97.7,suburban,snacks,sports,84
153,6,0,1,5.39,22.4,1,168,4.21,22.43,4.61,90.32,rural,beverages,sports,144
153,6,0,1,4.91,19.65,0,145,4.76,26.18,5.46,101.86,suburban,snacks,none,104
153,6,0,1,4.09,3.7,1,69,3.69,19.31,5.34,95.59,suburban,personalcare,construction,22
153,6,0,1,4.13,3.64,1,95,4.85,28.01,0,106.63,suburban,personalcare,construction,31
153,6,0,1,2.28,2.69,0,118,2.83,24.39,3.82,105.72,suburban,snacks,construction,63
153,6,0,1,4.88,2.41,0,81,5.25,26.04,6.41,103.15,rural,personalcare,construction,21
153,6,0,1,3.63,2.78,0,79,3.55,19.03,6.15,102.08,suburban,beverages,none,79
153,6,0,1,6.4,12.81,0,155,7.51,28.51,7,103.27,urban,fresh,construction,83
153,6,0,1,7.99,0,0,32,6.73,24.36,8.35,91.76,suburban,homecare,none,3
153,6,0,1,4.96,3.59,1,72,4.44,19.01,0,98.62,urban,snacks,none,72
153,6,0,1,3.56,29.65,0,114,2.71,25.03,2.62,80.4,urban,snacks,construction,102
153,6,0,1,2.22,0,0,111,2.52,18.22,5.06,101.57,urban,snacks,none,81
153,6,0,1,4.26,3.29,0,220,5.04,22.79,0,102.25,urban,beverages,festival,173
153,6,0,1,5.61,2.06,1,76,6.37,17.71,0.92,89,urban,personalcare,none,40
153,6,0,1,7.46,3.41,0,129,7.47,20.75,10.85,108.07,rural,beverages,sports,107
153,6,0,1,8.72,14.25,0,72,10.16,13.44,0,88.55,urban,homecare,none,72
153,6,0,1,3.69,0.04,0,142,3.77,23.86,0,102.06,urban,beverages,none,142
153,6,0,1,4.45,1.81,0,96,5.49,20.24,2.73,103.61,suburban,snacks,sports,83
153,6,0,1,3.68,18.78,1,106,3.25,25.1,0.09,104.85,suburban,snacks,none,106
153,6,0,1,3.71,2.22,0,136,4.04,20.1,8.23,100.82,suburban,snacks,sports,88
153,6,0,1,3.17,1.55,0,84,3.6,26.53,1.17,95.44,urban,beverages,none,84
153,6,0,1,8.77,41.25,1,139,10.41,27.37,2.68,99.56,suburban,homecare,festival,139
153,6,0,1,6.59,1.81,0,63,6.68,27.79,5.91,93.71,suburban,snacks,construction,26
153,6,0,1,6.43,3.57,0,79,6.86,23,4.02,96.82,suburban,fresh,none,55
153,6,0,1,1.8,3.26,0,144,1.81,19.51,0,106.25,suburban,beverages,none,117
153,6,0,1,3.77,0,0,155,4.03,26.97,2.23,96.05,urban,beverages,none,91
153,6,0,1,5.87,4.47,1,179,7.08,23.04,0,95.13,suburban,fresh,none,97
153,6,0,1,3.66,1.88,0,72,3.53,23.85,6.15,102.3,suburban,personalcare,none,68
153,6,0,1,2.63,15.01,0,120,2.19,20.85,7.53,93.11,suburban,snacks,none,107
153,6,0,1,1.72,2.06,0,110,1.75,20.43,5.57,94.84,suburban,beverages,construction,91
153,6,0,1,1.85,4.04,0,144,1.75,23.4,0.99,110.1,urban,snacks,none,88
153,6,0,1,1.99,1.68,0,108,2.08,23.09,1.39,105.27,rural,beverages,none,79
153,6,0,1,2.97,0.62,0,62,2.76,25.75,0,106.7,suburban,snacks,construction,53
153,6,0,1,4.46,5.45,1,141,4.79,20.76,3.44,95.49,suburban,beverages,none,103
154,0,0,0,4,5.37,0,156,3.65,21.63,2.4,91.31,urban,beverages,none,71
154,0,0,0,5.48,19.32,1,205,5.64,25.29,0,90.91,urban,beverages,none,85
154,0,0,0,3.52,0.94,0,48,3.87,21.88,13.12,93.99,suburban,snacks,none,44
154,0,0,0,3.6,4.36,1,102,4.94,25.54,9.05,103.23,urban,fresh,festival,102
154,0,0,0,3.33,2.06,1,161,3.07,24.52,0.88,106.35,suburban,fresh,sports,147
154,0,0,0,1.13,0.43,0,119,1.19,23.83,0,95.5,urban,snacks,construction,65
154,0,0,0,4.46,1.33,0,70,5.12,16.84,12.8,97.69,suburban,fresh,none,51
154,0,0,0,4.61,0.14,0,99,4.59,21.38,0,112.92,rural,personalcare,sports,72
154,0,0,0,5.06,0,0,111,4.83,24,4.12,96.93,urban,personalcare,none,59
154,0,0,0,6.5,4.68,1,161,6.81,24.82,5.5,109.95,urban,snacks,none,90
154,0,0,0,4.23,0,0,91,4.08,26.64,1.74,100.93,rural,fresh,festival,53
154,0,0,0,3.97,1.47,0,85,4.71,25.28,0,95.33,urban,fresh,none,85
154,0,0,0,1.1,2.2,0,83,1.04,24.67,0.08,93.66,suburban,snacks,sports,83
154,0,0,0,3.59,2.8,0,111,3.98,26.17,7.79,104.13,suburban,snacks,construction,55
154,0,0,0,3.31,0,0,60,3.58,24.79,3.22,96.78,suburban,personalcare,sports,36
154,0,0,0,7.5,3.73,0,76,7.75,21.85,10.71,98.19,suburban,homecare,sports,76
154,0,0,0,5.67,0.07,0,76,5.7,24.29,9.93,95.22,suburban,personalcare,none,24
154,0,0,0,3.2,21.62,0,210,3.34,18.66,8.6,90.52,urban,fresh,festival,176
154,0,0,0,3.45,13.11,0,101,3.03,28.78,2.88,100.15,urban,personalcare,none,74
154,0,0,0,4.97,1.46,0,132,4.67,20.29,0,110.72,rural,snacks,festival,91
154,0,0,0,3.95,0,0,114,4.31,12.83,0,94.62,urban,fresh,sports,114
154,0,0,0,4.79,11.34,0,96,5.43,27.24,4.79,102.08,rural,fresh,construction,52
154,0,0,0,3.08,1.39,0,157,3.52,24.78,0,104.53,urban,snacks,sports,37
154,0,0,0,4.86,18.24,0,145,4.1,27.52,0.97,96.46,suburban,beverages,construction,93
154,0,0,0,4.85,21.92,0,209,4.24,23.11,4.84,100.58,urban,beverages,construction,194
154,0,0,0,4.63,14.82,1,215,4.7,17.54,3,97.85,suburban,beverages,sports,142
154,0,0,0,4.53,1.28,0,48,5,26.42,1.5,93.27,suburban,snacks,none,48
154,0,0,0,5.11,17.56,1,132,5.45,26.86,9.33,97.13,suburban,personalcare,none,80
154,0,0,0,2.05,1.53,0,44,2.7,25.86,3.96,95.29,rural,personalcare,festival,44
154,0,0,0,5.31,2.97,0,133,6.04,38.04,5.77,94.13,urban,snacks,none,64
154,0,0,0,4.1,1.8,0,84,4.3,24.4,2.65,98.25,suburban,personalcare,construction,33
154,0,0,0,5.09,3,0,21,4.59,22.27,0.18,89.08,rural,fresh,none,21
154,0,0,0,9.41,1.43,0,109,9.93,20.15,7.29,96.28,suburban,homecare,none,25
154,0,0,0,4.8,2.8,1,120,4.34,18.42,0.99,103.66,urban,personalcare,sports,77
154,0,0,0,7.88,4.25,0,112,8.52,22.22,2.93,104.03,suburban,snacks,festival,102
155,1,0,0,4.8,4.7,0,102,5.11,19.86,6.82,100.76,suburban,snacks,none,74
155,1,0,0,3.05,0.81,0,70,2.95,16.08,0.56,103.59,suburban,personalcare,none,48
155,1,0,0,4.74,0,1,138,5.92,22.74,6.63,96.96,rural,beverages,sports,45
155,1,0,0,3.2,2.05,0,29,2.71,19.18,0,102.73,suburban,personalcare,sports,29
155,1,0,0,2.6,0.65,1,140,3.15,27.71,6.97,103.28,rural,beverages,festival,126
155,1,0,0,2.99,2.66,0,121,3.37,21.23,9.77,98.76,urban,beverages,construction,112
155,1,0,0,8.83,1.2,0,72,7.79,20.21,1.72,101.4,urban,homecare,none,54
155,1,0,0,4.34,2.61,1,159,5.18,24.81,5.84,95.97,suburban,beverages,sports,117
155,1,0,0,5.93,0,0,76,6.68,22.47,0.22,97.25,urban,fresh,none,24
155,1,0,0,4.42,2.3,1,92,4.98,15.38,0.67,105.49,urban,snacks,construction,80
155,1,0,0,3.89,0.78,0,122,3.73,22.38,6.39,98.37,suburban,beverages,none,122
155,1,0,0,7.96,1.68,0,58,6.77,16.61,3.31,104.08,rural,homecare,festival,41
155,1,0,0,5.46,16.46,0,156,5.8,20.81,6.55,102.36,suburban,fresh,none,100
155,1,0,0,4.4,0.46,0,145,4.88,23.22,11.29,102.69,suburban,beverages,sports,140
155,1,0,0,4.59,0,0,103,5.66,23.82,2.25,93.36,urban,beverages,none,88
155,1,0,0,2.53,1.66,1,196,2.35,25.77,0.35,97.65,urban,beverages,none,141
155,1,0,0,3.72,26.99,0,197,4.44,17.48,3.16,98,rural,fresh,none,146
155,1,0,0,4.29,0,0,60,4.43,27.43,0,99.08,suburban,fresh,sports,47
155,1,0,0,3.34,16.27,0,154,2.98,24.8,4.84,97.28,urban,snacks,none,94
155,1,0,0,7.59,23.77,0,241,7.95,23.32,4.46,103.82,urban,snacks,none,168
155,1,0,0,8.45,16.42,0,149,9.28,23.26,7.01,101.26,urban,homecare,festival,56
155,1,0,0,4.88,4.56,0,118,5.35,31.5,2.31,105.11,rural,beverages,festival,43
155,1,0,0,4.01,0,0,118,4.13,22.88,6.24,104.81,suburban,personalcare,none,60
155,1,0,0,2.43,3.48,1,150,2.97,21.08,0,97.95,suburban,beverages,none,150
155,1,0,0,3.31,0.48,1,96,3.42,29.41,0,101.27,suburban,beverages,none,82
155,1,0,0,4.75,0,0,77,5.39,23.05,0,95.25,rural,snacks,none,77
155,1,0,0,6.25,3.73,0,105,7.3,23.58,8.98,94.11,suburban,personalcare,none,78
155,1,0,0,5.81,3.71,0,92,6.32,26.65,3.83,96.3,urban,personalcare,none,55
155,1,0,0,3.64,0.37,1,169,3.11,15.2,0.17,102.11,suburban,beverages,none,76
155,1,0,0,5.83,3.26,0,135,6.16,30.48,2.84,100.28,suburban,snacks,festival,115
155,1,0,0,5.52,2.15,0,44,4.69,18.76,0,100.19,suburban,homecare,none,44
155,1,0,0,4.2,1.53,1,178,4.98,27.06,0,91.1,rural,beverages,none,155
155,1,0,0,4.69,0,0,77,5.28,18.6,5.82,106.71,suburban,personalcare,festival,77
155,1,0,0,3.8,27.97,0,214,4.16,18.85,0,100.21,suburban,beverages,sports,124
155,1,0,0,6.78,0,1,90,6.31,18.71,9.51,101.73,urban,homecare,none,25
156,2,0,0,5.93,1.85,0,127,5.81,29.74,8.3,96.22,suburban,beverages,construction,72
156,2,0,0,4.09,4.48,0,112,3.79,16.51,0.67,94.12,suburban,fresh,festival,66
156,2,0,0,5.59,33.03,1,260,6.15,23.67,5.64,105.65,suburban,fresh,sports,260
156,2,0,0,6.22,6.27,0,119,6.12,16.26,1.73,101.95,urban,fresh,none,52
156,2,0,0,3.47,3.59,0,84,2.91,21.74,1.3,98.75,suburban,fresh,sports,84
156,2,0,0,3.8,0,0,158,3.69,23.71,0,98.29,urban,beverages,construction,82
156,2,0,0,3.98,17.31,0,134,4.55,23.01,1.83,91.08,suburban,snacks,none,129
156,2,0,0,1.45,2.09,0,108,1.54,24.34,0,96.86,suburban,fresh,none,43
156,2,0,0,4.47,0.51,1,129,4.2,16.96,0,105.63,rural,snacks,festival,84
156,2,0,0,2.86,3.13,0,180,3.17,27.69,0,97.37,suburban,beverages,none,69
156,2,0,0,4.76,1.03,0,153,4.12,21.35,0,103.27,urban,beverages,sports,89
156,2,0,0,8.37,0.55,0,84,9.3,27.24,7.41,97.06,suburban,beverages,construction,84
156,2,0,0,2.51,12.67,1,144,2.32,28.58,2.56,104.67,suburban,fresh,none,144
156,2,0,0,3.03,0,0,84,3.82,22.64,3.36,105.33,suburban,fresh,festival,81
156,2,0,0,2.86,1.05,0,73,2.95,24.54,0,93.59,urban,snacks,festival,73
156,2,0,0,4.48,17.68,0,146,4.44,20.57,14.51,106.47,urban,snacks,none,96
156,2,0,0,4.48,2.68,0,87,5.19,20.88,3.83,101.97,urban,fresh,sports,87
156,2,0,0,2.62,2.33,1,134,2.63,31.22,1.44,101.8,suburban,beverages,none,133
156,2,0,0,6.19,28.36,0,134,6.68,20.01,0.37,94.29,suburban,snacks,none,134
156,2,0,0,5.93,3.04,0,56,6.45,23.15,5.19,97.39,rural,snacks,none,34
156,2,0,0,5.2,0,0,87,5.52,32.5,2.83,100.63,suburban,fresh,none,58
156,2,0,0,4.4,0,1,112,4.79,22.07,6.17,90.72,urban,beverages,sports,112
156,2,0,0,8.36,1.2,0,28,8.99,17.79,1.53,101.16,suburban,homecare,construction,16
156,2,0,0,3.51,1.75,1,58,3.54,24.61,0,98.77,rural,beverages,none,58
156,2,0,0,2.62,17.07,0,149,2.1,21.23,3.72,103.06,rural,fresh,construction,83
156,2,0,0,3.78,3.1,0,69,4.23,18.34,1.05,102.08,rural,personalcare,sports,69
156,2,0,0,8.24,2.08,0,54,8.69,21.3,2.36,99.72,rural,homecare,festival,18
156,2,0,0,3.01,0.11,0,74,3.88,26.87,3.78,93.03,suburban,beverages,construction,62
156,2,0,0,6.63,3.26,0,93,7.99,27.22,3.12,101.57,rural,homecare,festival,45
156,2,0,0,2.44,1.3,0,81,2.55,20.26,10.61,93.04,urban,fresh,none,38
156,2,0,0,2.68,13.56,0,138,2.91,24.98,1.15,94.72,suburban,snacks,sports,131
156,2,0,0,2.26,2.52,0,110,2.37,22.19,0,92.43,suburban,beverages,none,101
156,2,0,0,2.78,0,0,107,2.68,16.94,1.23,96.48,urban,beverages,construction,57
156,2,0,0,8.33,14.43,0,97,7.15,20.82,0,112.8,suburban,homecare,festival,97
156,2,0,0,4.36,2.44,1,125,5.46,21.24,0,105.48,suburban,fresh,sports,116
157,3,0,0,3.51,1.86,0,193,3.85,22.67,4.05,97.86,suburban,snacks,festival,113
157,3,0,0,2.38,0.5,0,140,2.32,26.46,0,109.96,rural,beverages,none,114
157,3,0,0,10.16,30.03,0,77,11.37,18.57,10.64,109.22,urban,homecare,construction,57
157,3,0,0,4.11,19.68,0,157,4.54,28.98,9.5,98.57,suburban,beverages,none,147
157,3,0,0,4.97,1.77,0,106,4.97,26.17,0,91.15,suburban,beverages,festival,106
157,3,0,0,5.62,0,1,166,7.39,21.92,3.28,97.85,urban,beverages,sports,114
157,3,0,0,4.93,4.26,0,70,4.72,19.84,8.19,100.47,urban,fresh,construction,62
157,3,0,0,4.2,3.55,0,128,4.27,18.95,1.83,104.84,urban,beverages,none,128
157,3,0,0,10.27,0.32,0,49,9.93,24.63,4.26,96.56,rural,homecare,construction,0
157,3,0,0,7.51,5.71,1,57,7.15,20.57,3.53,103.07,suburban,homecare,none,48
157,3,0,0,6.89,1.19,0,120,7.01,23.63,0,98.44,urban,beverages,none,120
157,3,0,0,3.12,1.78,0,133,3.09,15.1,3.88,97.58,suburban,beverages,sports,133
157,3,0,0,4.58,1.13,0,69,4,17.71,0,101.5,suburban,personalcare,none,51
157,3,0,0,3.87,4.38,0,107,4.58,23.36,3.34,109.05,urban,fresh,none,64
157,3,0,0,6.08,5.12,0,101,7.17,19.62,6.33,93.94,suburban,snacks,festival,101
157,3,0,0,4.8,2.67,1,89,4.85,19.72,6.51,90.39,suburban,fresh,none,67
157,3,0,0,2.9,2.29,0,104,2.92,18.51,7.73,96.94,urban,fresh,none,96
157,3,0,0,7.75,18.97,0,234,7.38,17.16,10.89,95.04,urban,beverages,festival,171
157,3,0,0,2.79,0,0,70,2.8,17.58,0,93.29,urban,snacks,festival,70
157,3,0,0,3.32,4.38,0,77,3.45,33.26,6.46,102.5,suburban,personalcare,none,77
157,3,0,0,6.21,3.03,1,144,4.84,27.88,4.67,97.31,suburban,fresh,festival,97
157,3,0,0,6.92,21.94,1,171,7.36,19.51,0,96.98,suburban,snacks,none,166
157,3,0,0,4.07,3.81,0,75,3.71,27.15,0,95.33,rural,personalcare,none,0
157,3,0,0,4.04,2.57,1,181,4.77,25.98,8.76,99.3,urban,beverages,sports,146
157,3,0,0,3.28,25.26,0,226,3.56,23.64,0,96.86,suburban,beverages,none,140
157,3,0,0,3.98,2.54,1,56,3.59,19.96,1.37,92.96,rural,personalcare,construction,30
157,3,0,0,4.23,2.78,0,128,5.1,18.28,1.97,94.08,suburban,snacks,festival,110
157,3,0,0,6.82,1.96,0,79,7.97,20.1,7.57,95.7,suburban,homecare,none,47
157,3,0,0,7.28,2.51,0,69,7.23,22.63,15.47,90.08,rural,homecare,sports,26
157,3,0,0,2.88,15.96,0,171,2.84,25.27,1.58,97.72,suburban,snacks,none,38
157,3,0,0,2.26,4.68,0,4,1.78,18.93,7.79,90.21,rural,personalcare,construction,0
157,3,0,0,2.42,0,0,116,2.51,27.47,12.05,103.39,rural,beverages,none,91
157,3,0,0,6.85,5.08,0,160,7.78,32.25,6.72,99.3,suburban,fresh,festival,91
157,3,0,0,3.59,25.46,0,178,3.48,25.23,8.2,94.34,urban,fresh,none,147
157,3,0,0,7.34,2.95,0,68,5.97,20.04,14.04,103.99,suburban,snacks,festival,68
158,4,0,0,3.78,1.5,1,107,3.75,28.81,3.16,91.69,suburban,snacks,festival,107
158,4,0,0,8.16,1.56,1,204,9.87,20.2,4.7,98.18,urban,beverages,sports,119
158,4,0,0,3.65,4.58,1,141,3.66,25.85,8.82,92.87,suburban,beverages,none,98
158,4,0,0,5.71,2.37,1,180,5.71,23.41,0,106.69,urban,beverages,construction,111
158,4,0,0,1.62,4.34,0,108,1.67,17.92,0,101.44,rural,fresh,sports,84
158,4,0,0,5.84,3.51,0,100,5.8,28.19,10.34,102.62,urban,fresh,sports,59
158,4,0,0,10.34,3.37,0,42,11.87,24.18,3.21,91.21,urban,homecare,construction,42
158,4,0,0,3.67,3.24,0,113,4.07,22.47,0,100.48,urban,snacks,construction,73
158,4,0,0,5.29,10.76,1,117,6.88,13.74,0.7,101.49,suburban,personalcare,none,82
158,4,0,0,3.62,5.09,0,115,3.97,25.87,3.41,98.29,urban,snacks,construction,19
158,4,0,0,5.6,23.25,0,184,5.85,18.02,2.4,92.56,urban,fresh,none,135
158,4,0,0,2.77,2.71,0,193,3.18,18.2,0,93.15,suburban,beverages,none,118
158,4,0,0,3.76,16.48,1,176,3.31,27.21,0,106.97,suburban,beverages,sports,176
158,4,0,0,4.81,1.68,0,194,4.11,27.03,0.94,93.4,urban,beverages,sports,81
158,4,0,0,3.56,1.22,1,80,3.66,22.82,7.12,100.74,rural,snacks,none,80
158,4,0,0,2,0.46,0,40,2.3,23.68,5.57,93.74,rural,fresh,festival,40
158,4,0,0,6.23,22.02,0,204,7.73,18.09,3.58,97.47,suburban,fresh,festival,133
158,4,0,0,7.21,14.16,0,109,8.06,25.35,2.07,106.14,suburban,homecare,none,65
158,4,0,0,3.42,3.87,1,131,3.92,19.97,0,103.77,urban,fresh,none,74
158,4,0,0,6.16,16.83,0,242,6.13,28.12,0,102.15,urban,beverages,sports,191
158,4,0,0,5.2,15.74,0,200,5.58,27.31,5.97,100.83,suburban,beverages,none,170
158,4,0,0,2.66,0.86,0,53,2.58,23.7,3.1,93.15,rural,snacks,construction,30
158,4,0,0,1.17,5.04,1,93,1.02,22.14,0,97.59,urban,personalcare,sports,93
158,4,0,0,3.84,18.36,0,147,3.43,21.04,3.44,102.35,rural,beverages,none,44
158,4,0,0,2.94,3.28,0,78,3.49,24.08,3.43,95.6,suburban,snacks,construction,78
158,4,0,0,5.48,0,0,84,6.21,24.69,6.45,100.95,rural,beverages,none,71
158,4,0,0,6.35,0,1,144,6.54,18.34,0,100.8,urban,personalcare,festival,127
158,4,0,0,5.56,2.78,0,110,5.7,28.67,0,97.58,urban,fresh,none,72
158,4,0,0,2.75,3.67,1,111,3.15,22.06,9.82,96.38,suburban,beverages,none,111
158,4,0,0,3.79,1.54,1,106,3.61,28.29,0,96.3,urban,snacks,none,51
158,4,0,0,3.95,3.45,0,131,3.69,21.48,2.32,102.57,rural,beverages,festival,83
158,4,0,0,2.43,17.67,0,150,2.18,24.12,0.38,99.02,suburban,snacks,none,109
158,4,0,0,2.89,2.93,0,174,2.24,20.8,0.29,101.06,urban,beverages,none,86
158,4,0,0,9.66,0.06,0,90,9.95,31.76,0,99.59,suburban,homecare,festival,63
158,4,0,0,10.06,9.29,0,116,9.6,22.24,10.83,93.3,urban,homecare,none,52
159,5,1,1,4.25,1.16,0,89,4.41,21.09,3.33,98.36,rural,beverages,none,89
159,5,1,1,4.26,2.26,1,147,4.27,25.95,11.72,99.35,suburban,beverages,none,131
159,5,1,1,7.7,18.33,0,146,6.32,27.3,7.72,87.86,urban,homecare,none,105
159,5,1,1,1.78,0.58,1,116,1.95,23.83,9.16,101.41,suburban,snacks,none,89
159,5,1,1,3.88,0.2,0,123,4.38,24.52,10.25,102.45,urban,personalcare,none,44
159,5,1,1,4.6,2.72,1,110,4.23,22.02,6.49,101.05,suburban,personalcare,festival,65
159,5,1,1,2.41,1.38,0,128,2.48,21.97,4.56,106.21,urban,beverages,none,128
159,5,1,1,3.43,26.38,1,197,3.24,11.76,4.62,95.88,urban,snacks,sports,164
159,5,1,1,3.35,17.87,1,194,3.62,29.69,0,102.27,suburban,snacks,festival,122
159,5,1,1,4.98,19.09,0,116,5.3,28.23,16.54,92.87,urban,personalcare,none,68
159,5,1,1,5.97,6.57,0,135,6.03,24.1,10.93,89.19,suburban,snacks,festival,98
159,5,1,1,3.35,2.87,0,165,3.14,19.55,5.82,101.4,suburban,beverages,none,108
159,5,1,1,5.57,16.85,0,93,5.15,27.63,5.64,96.59,suburban,personalcare,sports,93
159,5,1,1,5.23,0.03,0,110,4.31,17.95,0,110.82,urban,snacks,construction,83
159,5,1,1,5.85,0.85,0,104,5.78,20.91,8.31,100.76,suburban,snacks,none,100
159,5,1,1,8.58,3.3,0,60,8.49,27.01,3.31,105.61,rural,homecare,none,33
159,5,1,1,2.92,2.47,0,138,2.9,27.9,5.7,92.96,urban,beverages,none,77
159,5,1,1,8.18,0,0,108,8.91,21.75,2.44,94.69,suburban,homecare,none,53
159,5,1,1,2.62,2.33,0,92,2.33,29.44,0,97.3,rural,fresh,festival,81
159,5,1,1,3.19,3.4,0,103,2.93,24,0,103.72,rural,personalcare,construction,5
159,5,1,1,4.07,12.97,0,110,2.8,22.8,3.65,100.55,rural,snacks,none,50
159,5,1,1,7.48,1,0,67,7.3,25.05,3.38,104.37,rural,homecare,none,44
159,5,1,1,4.6,2.79,1,129,4.41,20.76,1.11,105.56,rural,fresh,none,129
159,5,1,1,5.51,1.26,1,60,5.67,20.59,1.07,96.88,suburban,personalcare,none,60
159,5,1,1,2.7,3.31,1,201,2.1,21.13,3.86,94.96,urban,beverages,festival,173
159,5,1,1,10.63,1.82,0,114,10.44,22.98,0.51,98.95,urban,homecare,festival,102
159,5,1,1,5.79,2.18,0,117,5.48,26.8,7.01,101.62,urban,snacks,none,66
159,5,1,1,2.45,23.83,0,149,2.52,26.63,0,103.55,rural,snacks,sports,149
159,5,1,1,4.71,16.2,0,181,5.94,29.77,4.42,92.29,urban,beverages,none,181
159,5,1,1,6.57,3.49,0,105,6.12,22.81,0,102.48,urban,personalcare,none,63
159,5,1,1,2.83,2.58,1,103,2.95,20.01,6.81,97.05,urban,fresh,none,103
159,5,1,1,6.82,2.06,0,110,6.99,25.23,0.1,85.85,suburban,beverages,none,88
159,5,1,1,10.43,0.57,0,61,10.5,20.34,0,107.5,suburban,homecare,construction,61
159,5,1,1,3.11,3.66,1,168,2.98,22.51,2.85,100.48,rural,beverages,festival,82
159,5,1,1,7.18,2.3,1,110,6.21,21.54,11.77,99.81,suburban,fresh,festival,110
160,6,0,1,4.5,1.02,0,183,5.25,20.99,0,100.14,urban,snacks,festival,119
160,6,0,1,5.56,2.56,0,135,5.94,18.48,4.36,86.13,urban,beverages,none,62
160,6,0,1,2.49,1.81,1,75,2.57,24.96,0.76,102.43,suburban,snacks,construction,75
160,6,0,1,2.61,0,0,55,2.71,29.15,0,103.49,rural,fresh,sports,55
160,6,0,1,3.69,19.78,1,198,3.47,12.62,4.59,109.62,urban,snacks,sports,155
160,6,0,1,5.28,17.9,0,188,4.35,18.17,0,91.4,suburban,beverages,sports,176
160,6,0,1,4.3,22.55,0,81,3.79,15.24,3.59,94.7,rural,snacks,none,81
160,6,0,1,2.79,25.02,0,180,2.74,28.37,0.62,106.19,suburban,snacks,none,159
160,6,0,1,4.97,1.98,0,75,3.37,26.86,10.77,92.41,urban,snacks,sports,66
160,6,0,1,5.63,31.6,0,119,6.13,22.75,9.45,92.5,suburban,personalcare,none,110
160,6,0,1,5.48,0.55,0,135,5.81,24.01,0.09,91.38,rural,snacks,none,108
160,6,0,1,3.19,11.13,0,120,3.02,26.26,5.31,105.25,suburban,fresh,construction,59
160,6,0,1,6.65,2.22,0,48,6.69,23.94,1.81,97.45,suburban,personalcare,none,40
160,6,0,1,2.12,18.68,0,60,2.02,21.12,2.69,101.26,urban,personalcare,none,60
160,6,0,1,6.1,1.49,0,159,6.33,17.21,1.31,101.73,suburban,beverages,none,74
160,6,0,1,4.52,4.89,0,162,4.84,16.65,0.81,99.9,urban,beverages,none,162
160,6,0,1,4.49,2.18,1,128,4.43,29.19,4.65,99.63,suburban,snacks,none,67
160,6,0,1,3.14,3.18,0,131,4.01,14.62,0.03,99.27,suburban,beverages,none,131
160,6,0,1,2.41,21.29,1,229,2.35,23.33,0,97.17,urban,fresh,none,157
160,6,0,1,7.83,34.9,0,51,7,25.42,3.95,108.72,rural,homecare,none,51
160,6,0,1,1.1,19.76,1,221,1.13,16.13,0,92.07,suburban,beverages,none,160
160,6,0,1,9.39,14.68,0,59,7.85,21.87,4.05,97.75,suburban,homecare,festival,59
160,6,0,1,4.83,0,1,104,5.41,25.64,0,97.88,urban,snacks,none,104
160,6,0,1,3.57,1.45,1,116,3.43,26.58,1.23,106.69,suburban,personalcare,none,55
160,6,0,1,2.22,3.52,0,121,1.99,16.68,1.92,94.19,urban,fresh,none,87
160,6,0,1,3.74,21.24,0,136,4.17,19.22,5.12,90.64,suburban,personalcare,none,85
160,6,0,1,3.75,0.09,1,78,4.35,25.87,7.54,90.77,rural,personalcare,none,32
160,6,0,1,5.54,21.94,1,112,5.94,25.05,0,105.48,suburban,personalcare,none,112
160,6,0,1,4.51,1.61,0,143,4.21,29.16,5.56,90.8,suburban,beverages,sports,139
160,6,0,1,3.72,1.64,1,162,3.74,26.83,3.51,90.48,urban,beverages,sports,156
160,6,0,1,4.8,4.97,0,146,5.13,19.07,6.75,104.16,urban,beverages,sports,146
160,6,0,1,3.82,3.66,0,191,4.58,29.03,0,103.02,urban,beverages,sports,191
160,6,0,1,4.71,3.13,1,51,3.84,18.57,0,95.97,urban,snacks,construction,51
160,6,0,1,6.01,5.21,0,159,5.5,18.56,2.17,96.43,suburban,beverages,construction,136
160,6,0,1,4.32,0.09,0,75,4.7,20.11,7.43,96.07,rural,fresh,none,49
161,0,0,0,3.86,1.06,0,19,4.01,13.46,3.97,101.86,rural,fresh,construction,19
161,0,0,0,4.3,0,0,119,4.06,30.56,0,93.11,urban,snacks,festival,75
161,0,0,0,2.99,2.09,1,113,3.45,16.34,10.31,93.31,urban,snacks,sports,113
161,0,0,0,8.22,27.26,1,111,7.15,23.74,0,89.26,urban,homecare,none,98
161,0,0,0,6.78,1.95,1,125,8.81,18.9,0.83,100.2,urban,homecare,none,81
161,0,0,0,3.49,2.52,0,158,4.22,29.06,1.98,96.48,suburban,snacks,festival,108
161,0,0,0,7.28,0,0,69,7.14,30.89,0,99.32,suburban,fresh,none,50
161,0,0,0,3.3,0.01,0,179,3.45,32.37,6.21,102.99,suburban,beverages,festival,167
161,0,0,0,6.92,0,0,75,6.54,22.9,0.64,92.94,suburban,beverages,construction,75
161,0,0,0,9.21,2.81,0,125,9.61,17.54,0,96.07,urban,homecare,festival,125
161,0,0,0,4,20.58,0,126,3.73,28.18,0.77,91.71,suburban,personalcare,none,66
161,0,0,0,7.42,4.21,0,104,6.47,20.49,1.96,99.13,suburban,homecare,none,25
161,0,0,0,2.46,15.6,0,115,2.34,19.86,0,95.33,urban,personalcare,none,56
161,0,0,0,4.55,2.15,0,134,5.06,28.59,8.66,95.3,rural,beverages,festival,111
161,0,0,0,3.48,0.81,0,78,3.08,20.93,0,89.5,urban,fresh,sports,58
161,0,0,0,8.03,3.47,0,93,8.69,22.8,5.72,92.6,suburban,homecare,festival,83
161,0,0,0,2.52,1.76,0,129,3.02,13.02,3.69,96.92,urban,beverages,none,122
161,0,0,0,4.15,23.03,0,181,4.93,16,3.2,101.7,rural,beverages,none,157
161,0,0,0,5.57,2.27,0,152,5.74,17.9,0.96,104.43,suburban,snacks,festival,74
161,0,0,0,6.16,2.61,0,47,4.85,22.75,4.72,107.18,suburban,snacks,none,30
161,0,0,0,4.88,20.19,0,205,5.42,20.11,3.25,95.13,suburban,fresh,sports,181
161,0,0,0,7.7,4.01,1,156,8.52,19.41,0,93.29,suburban,snacks,festival,98
161,0,0,0,5.48,0.84,0,70,4.82,24.56,0.27,102.35,urban,snacks,sports,70
161,0,0,0,3.45,23.71,1,181,4.17,23.63,1.51,101.49,suburban,personalcare,festival,145
161,0,0,0,3.85,2.21,0,80,4.76,22.36,1.73,96.43,rural,beverages,none,80
161,0,0,0,5.63,0.41,0,78,6.92,29.74,5.22,101.1,suburban,fresh,none,71
161,0,0,0,3.34,1.46,0,97,3.22,25,2.15,96.17,rural,snacks,festival,70
161,0,0,0,1.1,1.92,0,101,0.89,20.24,3.65,92.98,suburban,beverages,festival,101
161,0,0,0,1.27,14.65,0,104,1.6,28.1,0,94.23,rural,fresh,none,76
161,0,0,0,2.7,23.15,0,123,2.7,19.16,2.95,104.12,rural,snacks,none,123
161,0,0,0,5.12,24.82,0,158,4.79,30.44,5.03,95.03,suburban,snacks,none,130
161,0,0,0,4.12,3.79,0,118,3.88,24.94,4.82,96.12,suburban,fresh,festival,94
161,0,0,0,3.65,1.09,1,98,4.43,24.22,1.78,100.19,urban,fresh,festival,96
161,0,0,0,4.93,2.22,0,126,5.32,24.31,4.59,98.06,urban,beverages,sports,126
161,0,0,0,4.22,2.21,1,162,3.87,22.01,3.3,105.59,urban,beverages,festival,162
162,1,0,0,9.1,3.12,0,62,8.65,20.72,0,94.82,suburban,homecare,construction,58
162,1,0,0,2.68,18.43,1,163,3.01,22.32,0.81,101.13,suburban,fresh,sports,111
162,1,0,0,6.33,0,0,59,7.48,26.35,0,100.77,urban,homecare,none,12
162,1,0,0,2.28,3.24,0,153,2.46,29.56,6.32,95.84,suburban,fresh,none,46
162,1,0,0,3.23,24.94,0,209,3.51,16.59,1.37,104.5,rural,snacks,none,153
162,1,0,0,3.77,12.22,1,172,3.21,17.79,0,100.77,urban,beverages,construction,172
162,1,0,0,3.96,2.67,0,61,3.94,28.8,5.92,97.67,rural,snacks,sports,61
162,1,0,0,4.82,2.07,0,115,5.28,24.81,4.63,99.44,suburban,beverages,festival,115
162,1,0,0,4.38,2.36,0,94,3.89,27.75,3.34,94.08,suburban,personalcare,sports,58
162,1,0,0,2.86,3.64,0,81,3.33,22.44,5.22,99.52,urban,snacks,festival,81
162,1,0,0,4.21,24.71,0,198,5.05,16.27,0,96.05,suburban,snacks,festival,117
162,1,0,0,3.78,1.67,0,75,4.07,23.14,0,96.29,suburban,beverages,none,75
162,1,0,0,2.9,12.09,1,238,2.69,28.06,9.36,102.2,urban,beverages,none,155
162,1,0,0,7.87,2.86,0,68,9.37,17.05,8.26,97.96,urban,homecare,none,36
162,1,0,0,5.48,3.52,1,172,6.48,24.8,1.73,97.84,suburban,beverages,none,77
162,1,0,0,8.06,3.4,1,57,10.26,18.82,5.77,97.32,suburban,homecare,none,56
162,1,0,0,4.27,2.55,0,160,4.11,20.52,1.76,93.25,rural,beverages,festival,99
162,1,0,0,2.22,10.98,0,170,2.17,26.08,6.56,104.93,urban,beverages,none,170
162,1,0,0,8.5,2.24,0,98,8.69,32.38,0,106.01,suburban,homecare,none,72
162,1,0,0,3.54,4.84,0,105,3.73,12.9,1.26,96.86,urban,fresh,sports,75
162,1,0,0,5.58,5.27,1,131,5.88,25.53,2.93,103.76,urban,snacks,none,85
162,1,0,0,2.09,1.13,1,110,2.26,15.97,0.74,98.14,suburban,personalcare,construction,42
162,1,0,0,3.69,1.25,0,75,4.13,22.27,2.86,96.11,suburban,fresh,construction,47
162,1,0,0,8.11,2.28,0,65,8.72,24.97,6.16,107,rural,homecare,sports,0
162,1,0,0,9.42,4.07,0,95,10.52,32.58,0,95.68,suburban,homecare,none,47
162,1,0,0,4.5,17.42,0,195,5.01,24.3,3.81,107,suburban,fresh,festival,195
162,1,0,0,7.96,4.57,0,77,7.65,18,3.91,102.43,suburban,personalcare,none,55
162,1,0,0,4.18,0.57,1,143,4.53,26.79,3.97,99.98,suburban,snacks,sports,85
162,1,0,0,2.89,23.31,1,207,2.55,18.89,0,95.04,suburban,beverages,construction,180
162,1,0,0,1.7,19.52,0,62,1.67,27.89,10.91,101.03,suburban,personalcare,festival,62
162,1,0,0,2.55,16.05,0,168,2.93,29.29,3.41,96.53,suburban,fresh,none,141
162,1,0,0,4.05,6,0,112,4.58,25.91,2.96,99.37,suburban,fresh,construction,76
162,1,0,0,2.92,2.06,0,78,2.88,25.63,0,89.44,urban,fresh,none,72
162,1,0,0,6.56,0.89,1,170,6.92,19.87,0,94.22,urban,beverages,festival,156
162,1,0,0,2.01,1.99,0,39,2.22,23.48,7.07,89.85,suburban,fresh,sports,39
163,2,0,0,5.91,1.14,0,113,7.47,25.24,5.93,94.6,suburban,beverages,none,113
163,2,0,0,3.38,0,0,143,2.71,23.9,0.86,96.03,suburban,snacks,festival,103
163,2,0,0,5.2,27.32,0,165,5.68,20.62,0.04,100.44,suburban,snacks,none,165
163,2,0,0,3.05,0.4,0,149,3.1,25.57,3.12,88.55,suburban,snacks,festival,62
163,2,0,0,4.74,2.25,0,137,3.95,24.3,2.49,97.46,urban,snacks,none,92
163,2,0,0,3.4,3.61,0,176,3.8,29.12,8.51,88.32,suburban,beverages,festival,104
163,2,0,0,9.75,24.56,1,188,8.57,27.65,4.77,90.9,urban,beverages,construction,179
163,2,0,0,4,0.88,1,131,3.98,23.84,0,104.65,urban,personalcare,none,91
163,2,0,0,5.67,1.25,0,168,6.29,12.72,5.64,107.25,suburban,beverages,sports,100
163,2,0,0,5.89,13.91,0,216,6.62,29.13,0.62,106.07,urban,beverages,none,199
163,2,0,0,3.06,1.3,1,101,3.66,25.61,3.74,105.67,suburban,fresh,construction,68
163,2,0,0,5.72,26.06,0,118,5.2,21.66,2.24,94.18,urban,personalcare,none,65
163,2,0,0,7.98,2.52,0,104,9.16,27.24,5.68,97.72,urban,homecare,festival,48
163,2,0,0,5.66,23.26,0,175,5.26,21.49,1.43,95.93,urban,beverages,none,168
163,2,0,0,6.54,2.12,0,129,6.88,28.21,4.3,103.04,urban,beverages,none,120
163,2,0,0,9.94,9.65,0,99,10.55,19.21,0,102.96,urban,homecare,sports,99
163,2,0,0,4.74,0.91,0,76,4.84,16.56,0,102.92,urban,beverages,sports,76
163,2,0,0,6.87,1.67,0,167,8.61,23.46,2.7,89.61,rural,beverages,none,67
163,2,0,0,6.69,22.05,1,166,6.47,24.18,9.34,100.7,suburban,snacks,none,151
163,2,0,0,5.61,14.69,0,178,6.43,22.3,0,98.3,urban,snacks,sports,116
163,2,0,0,3.94,1.6,0,107,4.5,25.85,7.5,89.55,urban,beverages,none,55
163,2,0,0,1.75,0.8,1,78,1.75,21.7,0,104.08,rural,fresh,none,57
163,2,0,0,6.19,3.08,0,138,6.81,15.45,0,103.47,suburban,snacks,festival,84
163,2,0,0,5.87,4.09,0,137,6.52,22.22,0,94.55,urban,beverages,none,93
163,2,0,0,5.92,12.76,0,149,6.72,26.63,0.94,95.98,urban,snacks,construction,149
163,2,0,0,6.47,8.41,0,127,6.62,32.75,4.52,103.83,rural,beverages,none,111
163,2,0,0,1.99,2.54,0,88,2.17,22.13,5.02,94.74,suburban,personalcare,none,0
163,2,0,0,3.37,13.24,0,153,3.36,17.01,6.3,101.98,suburban,beverages,festival,153
163,2,0,0,6.38,23.23,0,247,7.58,21.88,0,91.5,urban,beverages,none,123
163,2,0,0,4.18,12.67,0,139,3.58,23.25,2.96,98.88,rural,snacks,none,68
163,2,0,0,2.99,2.55,0,120,3.31,23.23,0.38,92.42,suburban,beverages,none,82
163,2,0,0,4.03,0.89,0,49,4.6,23.54,0,100.02,suburban,personalcare,none,49
163,2,0,0,1.6,14.49,0,89,1.71,25.91,5.07,107.52,urban,personalcare,none,80
163,2,0,0,8.86,9.01,0,55,10.15,31.52,6.65,92.86,urban,homecare,sports,55
163,2,0,0,2.23,2.87,1,135,2.41,17.73,4.21,105.15,urban,personalcare,festival,120
164,3,0,0,4.27,16.47,1,243,4.81,22.19,3.65,93.96,urban,beverages,none,176
164,3,0,0,4.64,26.13,0,224,4.8,24.53,2.42,102.99,rural,beverages,construction,180
164,3,0,0,1.82,2.66,0,146,2,19.49,1.93,97.19,urban,beverages,none,113
164,3,0,0,4.74,2.07,0,77,4.32,20.56,1.41,105.79,suburban,personalcare,none,32
164,3,0,0,1.52,3.46,0,140,1.63,24.28,5.38,109.46,suburban,beverages,none,68
164,3,0,0,1.81,0,1,166,1.86,22.35,2.68,98.33,urban,beverages,none,126
164,3,0,0,5.02,4.53,0,142,4.6,26.02,8.66,95.98,suburban,beverages,none,81
164,3,0,0,4.01,0.06,1,98,4.36,21.79,0,96.89,urban,personalcare,sports,54
164,3,0,0,6.34,3.82,0,97,5.05,20.54,3.86,96.29,suburban,fresh,sports,69
164,3,0,0,1.48,2.97,0,64,1.59,19.38,2.54,90.34,suburban,personalcare,sports,55
164,3,0,0,1.1,2.11,0,177,1.24,18.11,1.54,99.69,suburban,beverages,sports,163
164,3,0,0,6.61,6.09,1,101,7.24,18.59,0,104.34,urban,homecare,none,38
164,3,0,0,5.36,9.68,0,131,5.29,25.37,0.64,99.65,suburban,fresh,sports,131
164,3,0,0,4.38,22.99,0,177,4.36,20.76,6.23,98.75,rural,beverages,none,153
164,3,0,0,4.92,1.73,0,182,5.44,27.62,0,104.54,rural,beverages,festival,182
164,3,0,0,10.77,15.08,0,110,11.95,26.48,4.82,106.98,rural,homecare,sports,81
164,3,0,0,3.92,14.6,0,161,4.22,19.14,4.23,93.1,rural,beverages,none,113
164,3,0,0,1.95,20.7,0,175,2.13,22.29,1.74,96.6,suburban,fresh,none,173
164,3,0,0,2.76,8.38,0,125,2.67,22.88,4.27,110.43,suburban,personalcare,none,70
164,3,0,0,1.1,0.89,0,105,0.87,29.8,9.71,96.93,suburban,beverages,none,51
164,3,0,0,6.16,0,0,138,6.48,22.69,0,96.19,urban,beverages,none,108
164,3,0,0,5.36,3.78,0,156,6.96,22.36,11.04,112.52,urban,beverages,none,114
164,3,0,0,4.67,16.89,0,153,4.57,23.11,12.8,89.6,suburban,beverages,none,137
164,3,0,0,3.23,1.44,0,75,3.93,18.44,5.35,108.77,rural,fresh,none,48
164,3,0,0,1.1,25.33,0,192,1.01,25.19,0.6,96.75,rural,beverages,none,90
164,3,0,0,7.58,11.76,0,132,8.8,22.75,0,99.31,rural,beverages,construction,128
164,3,0,0,5.29,14.72,0,112,5.21,21.14,2.49,92.63,suburban,snacks,construction,59
164,3,0,0,4.65,1.31,1,53,5.36,17.99,8.43,94.35,suburban,snacks,none,53
164,3,0,0,6.04,30.49,0,260,6.04,17.12,4.93,97.51,suburban,snacks,none,167
164,3,0,0,4.4,11.29,0,100,4.67,16.24,4.75,84.07,rural,beverages,construction,99
164,3,0,0,5.11,4.63,0,82,5.37,24.66,9.21,91.99,rural,snacks,sports,54
164,3,0,0,2.94,23.53,0,260,2.77,20.64,0,104.91,urban,beverages,festival,228
164,3,0,0,6.09,0,0,132,6.39,27.28,1.23,93.6,urban,snacks,sports,97
164,3,0,0,4.68,0.85,0,85,4.58,21.07,2.84,102.42,urban,personalcare,none,67
164,3,0,0,5.22,2.58,1,114,6.41,21.99,6.13,91.41,urban,personalcare,sports,95
165,4,0,0,6.21,0.41,1,57,6.94,23.67,0.7,94.64,rural,fresh,none,57
165,4,0,0,3.52,3.81,1,121,3.77,23.51,0.01,99.64,suburban,fresh,none,96
165,4,0,0,4.38,14.68,1,170,5.21,24.81,4.06,83.94,suburban,personalcare,sports,58
165,4,0,0,3.03,24.81,0,238,2.9,21.1,0,96.1,urban,beverages,none,168
165,4,0,0,4,11.77,0,144,4.04,28.91,3.05,97.25,rural,beverages,none,111
165,4,0,0,8.6,22.86,0,135,8.55,28.64,5.68,97.81,suburban,homecare,festival,108
165,4,0,0,4.46,26.39,0,156,4.72,14.05,0,96.92,rural,fresh,none,140
165,4,0,0,5.67,1.21,0,4,5.84,26.76,1.7,93.71,rural,homecare,none,0
165,4,0,0,10.14,12.37,1,132,12.2,25.41,0,103.18,suburban,homecare,none,83
165,4,0,0,3.67,0.47,0,77,4.26,21.43,5.73,96.65,rural,personalcare,festival,29
165,4,0,0,5.81,2.88,0,136,4.99,28.41,3.51,99.22,urban,beverages,none,127
165,4,0,0,6.24,2.2,1,126,5.99,16.59,2.92,100.58,suburban,fresh,construction,94
165,4,0,0,4.13,2.34,0,14,4.19,25.77,9,95.76,rural,snacks,none,14
165,4,0,0,6.01,1.49,0,134,6.29,24.83,0,94.3,suburban,beverages,construction,121
165,4,0,0,3.82,3.25,0,88,4.21,19.33,6.49,94.23,suburban,snacks,construction,73
165,4,0,0,4.83,2.26,1,110,5.15,26.46,0.63,93.33,suburban,snacks,none,108
165,4,0,0,5.34,1.5,0,45,6.48,24.32,2.86,88.38,suburban,fresh,festival,45
165,4,0,0,2.47,2.6,1,89,2.54,23.36,0,91.87,suburban,fresh,none,61
165,4,0,0,2.42,1.71,0,4,2.52,24.38,1.49,92.67,rural,personalcare,construction,4
165,4,0,0,5.59,3.26,0,36,6.62,23.26,10.49,90.49,rural,fresh,sports,36
165,4,0,0,4.66,6.28,1,110,4.78,14.9,2.84,89.93,suburban,beverages,construction,110
165,4,0,0,2.26,2.05,1,129,2.49,24.78,0,100.33,urban,snacks,none,114
165,4,0,0,7.09,6.57,0,67,6.66,20.37,10.48,97.2,suburban,homecare,sports,54
165,4,0,0,2.59,1.34,1,26,2.62,27.94,0,98.46,suburban,personalcare,none,26
165,4,0,0,3.64,0.46,1,158,3.43,24.18,2.58,103.45,suburban,beverages,none,158
165,4,0,0,5.15,1.93,0,60,5.47,23.23,5.79,105.24,rural,fresh,none,51
165,4,0,0,2.81,1.76,0,78,3.03,26.11,5.88,97.98,rural,fresh,sports,62
165,4,0,0,4.47,1.02,0,49,3.99,25.99,0,93.33,suburban,snacks,none,16
165,4,0,0,5.15,1.65,0,135,5.46,20.66,0,93.79,urban,snacks,sports,110
165,4,0,0,10.51,2.05,0,144,10.34,20.36,4.68,97.26,suburban,homecare,none,85
165,4,0,0,4.84,15.24,0,188,4.19,22.39,3.02,100.94,urban,snacks,none,118
165,4,0,0,4.55,0.95,1,98,4.63,20.87,2.85,99.05,urban,personalcare,none,91
165,4,0,0,6.57,1.98,0,86,4.65,21.55,2.24,100.48,urban,homecare,none,24
165,4,0,0,1.1,2.65,0,109,1.17,26.36,9.46,105.89,suburban,personalcare,none,17
165,4,0,0,5.18,1.84,0,62,5.86,23.86,1.91,103.09,urban,snacks,construction,62
166,5,0,1,6.31,12.15,1,138,6.62,20.41,7.54,102.3,urban,snacks,sports,109
166,5,0,1,5.01,0.04,1,129,5.48,22.4,3.59,101.63,urban,beverages,none,129
166,5,0,1,4.13,0.07,0,140,4.04,33.05,0,96.56,urban,beverages,none,140
166,5,0,1,5.07,5.88,1,121,5.04,26.19,3.18,93.17,suburban,beverages,none,121
166,5,0,1,3.07,0.3,0,61,3.25,22.86,4.27,100.57,rural,snacks,construction,61
166,5,0,1,2.37,0,0,65,2.29,24.98,14.81,85.86,suburban,fresh,sports,65
166,5,0,1,2.41,2,0,42,2.29,17.84,8.77,106.99,rural,snacks,none,42
166,5,0,1,3.65,14.56,0,149,3.91,26.75,0,94.03,urban,beverages,none,149
166,5,0,1,10.19,0.65,1,130,8.74,24.15,4.07,98.27,urban,homecare,festival,93
166,5,0,1,2.86,9.03,0,126,3.07,19.29,2.23,90.9,suburban,personalcare,none,50
166,5,0,1,4.58,3.86,0,118,4.68,23.6,1.81,94.15,urban,beverages,sports,118
166,5,0,1,2.6,4.31,0,113,2.94,23.73,0.12,104.45,urban,fresh,none,76
166,5,0,1,4.45,2.13,0,149,3.68,21.14,2.84,96.52,urban,beverages,none,92
166,5,0,1,5.9,19.08,0,204,6.39,19.24,3.54,101.28,urban,fresh,none,204
166,5,0,1,2.22,1.85,1,96,2.27,29.58,0.6,99.44,rural,snacks,none,53
166,5,0,1,1.1,4.62,0,127,1.28,16.38,9.65,93.8,urban,fresh,none,82
166,5,0,1,1.5,0.76,1,107,1.69,25.14,0,93.63,suburban,personalcare,construction,61
166,5,0,1,5.69,10.19,1,129,4.98,24.31,6.56,97.77,rural,fresh,none,109
166,5,0,1,1.1,2.05,1,116,1,26.11,3.1,94.86,urban,fresh,festival,110
166,5,0,1,3.87,20.27,0,184,4.78,24.22,0,91.2,suburban,beverages,construction,178
166,5,0,1,2.39,27.93,1,222,2.53,21.1,3.33,90.83,suburban,beverages,none,199
166,5,0,1,5.24,4.12,0,90,5.63,26.17,0,94.82,suburban,personalcare,none,52
166,5,0,1,4.87,4.38,0,163,5.28,23.38,0,96.7,urban,fresh,construction,119
166,5,0,1,7.44,0.46,0,83,6.81,23.21,0.23,90.05,urban,homecare,sports,51
166,5,0,1,4.93,1.11,0,52,6.12,16.97,0.8,99.31,suburban,snacks,none,52
166,5,0,1,3.98,0,0,68,3.73,28.42,9.89,94.79,suburban,fresh,none,68
166,5,0,1,4.57,2.79,0,81,4.1,21.5,1.78,102.21,rural,beverages,construction,46
166,5,0,1,3.93,4.96,0,126,4.03,21.54,7.43,101.54,suburban,beverages,none,101
166,5,0,1,4.73,1.15,0,85,5.17,20.78,0,97.16,rural,fresh,none,58
166,5,0,1,3.61,1.29,1,35,4.32,22.46,0,90.79,suburban,personalcare,construction,35
166,5,0,1,4.82,22.72,0,174,5.51,19.77,2.85,97.51,rural,beverages,none,174
166,5,0,1,5.44,0.7,0,132,6.04,22.78,0,107.01,rural,beverages,construction,105
166,5,0,1,2.8,0.51,0,100,3.98,21.61,0,93.19,urban,personalcare,none,66
166,5,0,1,3.92,1.92,1,106,4.29,21.36,0,94.5,urban,fresh,festival,106
166,5,0,1,6.33,19.78,1,157,5.84,24.99,1.49,107.55,urban,personalcare,festival,129
167,6,0,1,10.26,0,0,4,9,17.72,2.26,96.68,suburban,homecare,sports,4
167,6,0,1,2.33,3.6,0,65,2.45,24.45,10.56,106.35,suburban,fresh,construction,51
167,6,0,1,2.58,1.47,1,89,2.76,27.22,1.33,103.76,rural,beverages,sports,89
167,6,0,1,7.04,3.76,1,54,7.37,21.13,1.3,96.6,urban,homecare,none,54
167,6,0,1,4.92,0.09,0,90,4.95,21.22,1.96,92.19,urban,homecare,none,28
167,6,0,1,3.35,4.34,0,34,3.58,23.58,0,95.18,rural,personalcare,none,34
167,6,0,1,2.37,14.44,1,105,2.46,14.22,2.87,101.14,suburban,personalcare,none,46
167,6,0,1,4.33,8.42,0,148,4.56,20.85,0,100.25,rural,beverages,none,140
167,6,0,1,3.63,1.47,0,63,4.57,16.24,6.44,97.51,urban,fresh,none,61
167,6,0,1,3.91,25.4,0,212,3.11,20.95,6.26,97.32,urban,fresh,construction,144
167,6,0,1,3.28,2.01,1,138,3.39,24.57,5.31,94.21,rural,snacks,none,19
167,6,0,1,1.17,3.54,1,141,1.15,28.59,4.88,102.66,suburban,snacks,none,63
167,6,0,1,5.48,1.95,1,129,5.92,25.36,0,97.5,rural,beverages,sports,121
167,6,0,1,4.41,0,0,144,5.17,20.17,2.12,100.66,urban,beverages,sports,115
167,6,0,1,4.77,1.59,0,69,4.87,13.65,6.22,92.21,suburban,fresh,construction,69
167,6,0,1,4.27,3.97,0,108,5.14,20.02,8.78,96.32,urban,snacks,none,106
167,6,0,1,5.68,2.23,0,95,6.28,24.33,9.53,98.9,rural,personalcare,none,0
167,6,0,1,5.84,2.35,0,105,5.69,21.91,0,100.71,suburban,personalcare,festival,63
167,6,0,1,7.93,4.8,1,117,7.37,23.22,0,99.49,suburban,homecare,none,66
167,6,0,1,7.09,22.15,1,222,7.9,20.37,3.86,96.49,rural,beverages,festival,221
167,6,0,1,2.99,0,1,53,3.24,15.48,0,103.2,urban,beverages,construction,53
167,6,0,1,3.82,1.56,0,113,3.55,22.32,9.09,93.23,urban,beverages,sports,66
167,6,0,1,4.96,1.48,0,21,4.5,22,2.5,99.22,rural,personalcare,construction,21
167,6,0,1,8.02,19.32,1,116,6.56,22.85,11.17,100.4,suburban,homecare,none,44
167,6,0,1,4.68,26.08,1,121,5.61,24.86,0,96.2,urban,personalcare,sports,121
167,6,0,1,3.38,8.76,1,131,3.42,28.91,1.97,103.14,urban,snacks,none,131
167,6,0,1,7.72,2.14,1,88,7.1,27.51,7.52,94.96,urban,homecare,none,38
167,6,0,1,7.46,0,0,111,7.38,26.8,6.22,92.6,suburban,snacks,festival,72
167,6,0,1,5.69,1.98,1,139,6.92,16.59,10.8,103.41,rural,snacks,festival,95
167,6,0,1,1.65,1,0,106,1.22,31.98,1.55,106.84,suburban,beverages,construction,96
167,6,0,1,11.53,2.21,0,17,9.25,33.44,0.86,99.61,rural,homecare,none,17
167,6,0,1,4.85,25.48,0,131,3.75,14.84,0,87.79,urban,snacks,none,107
167,6,0,1,2.68,23.03,0,113,2.14,23.11,3,91.48,suburban,snacks,none,65
167,6,0,1,4.88,2.85,0,162,4.8,22.37,1.61,102.36,urban,fresh,festival,109
167,6,0,1,5.29,3.46,0,160,5.93,24.59,3.09,94.94,urban,beverages,none,112
168,0,0,0,10.3,0,1,57,7.5,22.86,0,88.84,urban,homecare,sports,57
168,0,0,0,5.8,2.31,0,96,5.21,22.03,2.2,97.8,urban,snacks,festival,74
168,0,0,0,2.55,32.84,0,225,3.11,22.73,5.22,88.48,urban,snacks,sports,154
168,0,0,0,5.66,3.64,0,107,5.28,22.86,5.75,83.29,rural,beverages,none,90
168,0,0,0,3.94,4.58,0,77,4.66,28.31,2.57,99.03,urban,personalcare,construction,66
168,0,0,0,6.03,0.64,0,77,5.87,18.79,0.57,101.06,suburban,snacks,none,77
168,0,0,0,5.44,1.48,0,57,6.29,27.09,0,99.8,rural,snacks,sports,57
168,0,0,0,4.17,1.78,0,63,4.48,22.06,8.77,97.85,rural,snacks,festival,56
168,0,0,0,5.72,0,0,162,5.2,29.29,0,93.6,suburban,beverages,none,110
168,0,0,0,7.52,1.44,1,85,6.53,30.53,4.99,100.65,urban,homecare,sports,61
168,0,0,0,4.55,0.54,1,136,4.61,22.41,6.43,103.39,urban,snacks,none,50
168,0,0,0,11.04,6.23,0,42,10.24,20.82,6.8,102.26,suburban,homecare,none,42
168,0,0,0,3.39,13.26,0,191,2.98,20.79,0,100.67,urban,beverages,none,63
168,0,0,0,5.79,1.11,1,67,6.19,24.6,3.13,97.88,rural,snacks,construction,32
168,0,0,0,4.39,4.75,0,186,4.1,21.67,5.94,90.24,suburban,beverages,none,56
168,0,0,0,9.03,29.19,1,117,8.57,19.62,2.5,92.65,rural,homecare,none,52
168,0,0,0,5.26,25.07,0,138,6.55,23.23,1.52,102.05,rural,snacks,none,117
168,0,0,0,4.6,4.64,1,160,5.06,24.14,7.45,90.49,suburban,beverages,none,149
168,0,0,0,5.14,16.28,1,158,5.12,25.28,7.22,98.09,rural,fresh,none,104
168,0,0,0,3.51,32.68,0,203,3.75,24.24,0.76,105.07,rural,snacks,festival,123
168,0,0,0,2.89,0.93,0,48,3,31,0,108.46,rural,personalcare,construction,43
168,0,0,0,2.05,3.62,0,145,1.76,20.98,0,100.03,urban,snacks,festival,145
168,0,0,0,5.92,17.05,1,171,5.56,25.93,0.09,103.68,urban,fresh,none,150
168,0,0,0,4.94,4.76,0,11,3.78,23.19,0,101.53,suburban,personalcare,construction,11
168,0,0,0,2.55,2.75,1,176,2.94,24.53,0,91.99,urban,beverages,festival,176
168,0,0,0,3.72,0,0,69,3.61,20.99,6.14,89.06,suburban,fresh,festival,69
168,0,0,0,1.1,19.53,0,188,1.16,20.95,0,98.7,urban,snacks,festival,105
168,0,0,0,6.04,2.38,0,46,4.51,20.44,0.33,98.76,suburban,snacks,none,46
168,0,0,0,5.91,0.99,0,204,7.47,27.16,0,102.94,urban,beverages,festival,204
168,0,0,0,4.5,0.53,1,165,4.57,23.39,0.67,99.83,suburban,beverages,none,111
168,0,0,0,5.75,20.39,0,131,4.81,20.36,4.94,102.55,urban,snacks,none,88
168,0,0,0,1.34,10.69,0,173,1.32,27.4,4.14,89.62,suburban,beverages,festival,133
168,0,0,0,10.84,0,0,112,9.72,23.66,8.12,92.85,urban,homecare,none,35
168,0,0,0,5.24,25.61,1,158,5.97,23.76,11.53,97.44,suburban,snacks,none,84
168,0,0,0,4.85,1.01,0,159,5.18,22.54,0,89.66,suburban,snacks,sports,113
169,1,0,0,4.15,17.63,0,164,4.79,22.1,1.6,90.63,urban,fresh,none,113
169,1,0,0,5.02,4.06,1,118,5.37,21.18,7.21,102.27,suburban,snacks,none,118
169,1,0,0,5.34,0.9,0,126,5.31,15.63,3.28,83.44,urban,snacks,festival,76
169,1,0,0,4.88,1.72,0,104,4.54,16.45,2.83,93.9,suburban,personalcare,none,24
169,1,0,0,2.96,3.58,0,169,3.25,28.37,3.4,97.78,suburban,fresh,none,72
169,1,0,0,5.93,1.01,0,72,6.41,27.12,5.39,97.5,urban,snacks,none,72
169,1,0,0,9.55,1.32,1,91,10.14,31.39,4.12,98.36,urban,homecare,none,88
169,1,0,0,3.61,25.14,0,183,4,25.31,0,94.8,suburban,beverages,festival,183
169,1,0,0,2.5,4.96,1,104,2.58,26.72,3.72,99.54,suburban,beverages,none,104
169,1,0,0,5.2,3.17,1,130,5.34,26,5.21,95.14,urban,fresh,none,65
169,1,0,0,2.83,0.98,0,112,2.75,18.06,5.35,105.92,suburban,beverages,construction,55
169,1,0,0,5.75,1.86,0,61,5.55,17.5,5.45,87.2,urban,personalcare,construction,50
169,1,0,0,6.4,18.1,0,154,5.86,16.9,5.65,96.9,urban,beverages,construction,106
169,1,0,0,4.17,2.59,0,134,4.64,25.37,0.67,97.52,suburban,snacks,none,96
169,1,0,0,4.33,0.09,0,114,4.65,22.03,0.33,101.88,suburban,snacks,none,84
169,1,0,0,3.85,4.81,0,135,4.16,31.77,3.24,96.21,suburban,snacks,sports,83
169,1,0,0,3.88,0.38,0,162,3.99,23.99,3.01,97.72,suburban,beverages,construction,94
169,1,0,0,3.87,3,0,114,4.84,28.8,0,94.8,suburban,fresh,none,103
169,1,0,0,4.2,1.89,0,125,4.19,23.47,4.12,97.78,suburban,beverages,none,113
169,1,0,0,8.66,11.68,0,109,7.97,25.89,4.28,95.89,rural,homecare,sports,62
169,1,0,0,4.04,2.79,0,99,4.23,22.94,6.9,98.13,rural,beverages,festival,99
169,1,0,0,4.02,2.35,0,72,3.49,28.5,2.5,101.79,urban,personalcare,none,34
169,1,0,0,5.23,0,1,67,5.31,15.45,10.35,101.76,rural,snacks,sports,44
169,1,0,0,9.2,1.98,0,23,9.25,24.28,4.41,106.8,rural,homecare,construction,23
169,1,0,0,5.06,1.37,1,98,4.97,22.76,6.69,98.14,suburban,snacks,none,81
169,1,0,0,6.7,20.66,0,202,6.23,25.35,0,96.02,urban,snacks,sports,160
169,1,0,0,2.61,12.4,1,192,3.15,27.66,3.81,94.87,rural,beverages,none,107
169,1,0,0,4.37,2.75,0,82,4.41,26.17,8.8,99.49,urban,snacks,none,60
169,1,0,0,5.33,0.58,0,36,5.91,19.94,10.45,104.77,suburban,personalcare,construction,18
169,1,0,0,4.36,20.27,0,168,4.66,14.23,0,104.26,suburban,snacks,none,111
169,1,0,0,10.18,2.24,0,42,10.04,28.6,3,99.84,rural,homecare,none,8
169,1,0,0,1.57,27.5,0,194,1.59,27.48,4.34,94.98,suburban,beverages,none,160
169,1,0,0,3.86,1.53,1,134,4.29,30.2,0,97.31,suburban,beverages,none,125
169,1,0,0,2.34,24.54,1,153,2.72,18.78,3.39,86.95,urban,personalcare,none,147
169,1,0,0,5.2,1.04,0,113,5.24,21.04,2.31,99.39,urban,fresh,festival,62
170,2,0,0,1.1,0,0,79,1.24,17.06,2.8,95,suburban,beverages,none,79
170,2,0,0,11.02,1.81,0,103,10.86,23.98,1.48,97.44,suburban,homecare,sports,41
170,2,0,0,2.66,3.32,0,122,2.62,23.46,0,99.89,urban,beverages,festival,122
170,2,0,0,7.92,1.03,0,4,7.17,17.88,0,92.16,suburban,homecare,none,4
170,2,0,0,3.56,3.52,0,154,3.34,16.78,6.39,99.94,suburban,fresh,none,75
170,2,0,0,7.91,1.29,1,41,9.62,20.1,12.09,94.75,suburban,homecare,construction,41
170,2,0,0,5.87,1.37,0,147,6.47,18.57,5.05,93.56,urban,beverages,none,113
170,2,0,0,2.76,0.52,0,46,2.94,28.97,0,93.87,rural,personalcare,none,38
170,2,0,0,1.73,1.96,0,96,1.99,21.01,8.68,100.23,urban,snacks,sports,96
170,2,0,0,5.54,8.25,0,54,5.36,21.09,6.64,95.71,suburban,fresh,none,54
170,2,0,0,4.46,0,0,101,4.59,27.83,4.54,99.4,urban,fresh,none,80
170,2,0,0,5.22,0,0,100,4.95,27.44,0,95.21,suburban,beverages,construction,100
170,2,0,0,10.11,10.62,0,124,10.74,22.21,0,106.93,suburban,homecare,construction,66
170,2,0,0,9.17,0.46,0,108,9.88,20.04,1.28,100.86,suburban,homecare,sports,53
170,2,0,0,12.42,2,1,74,12.4,22.71,1.33,94.23,suburban,homecare,construction,40
170,2,0,0,10.93,1.33,0,67,13.98,18.15,0,90.28,suburban,homecare,construction,25
170,2,0,0,4.73,1.56,1,106,4.58,34.94,0,96.04,rural,beverages,construction,68
170,2,0,0,4.48,1.57,1,157,4.83,25.81,0,107.96,urban,fresh,festival,147
170,2,0,0,6.13,2.94,1,143,4.92,23.83,0,105.9,urban,beverages,construction,107
170,2,0,0,2.81,0.79,0,72,3.22,15.67,0,104.55,suburban,personalcare,none,72
170,2,0,0,4.58,1.72,0,97,5.43,23.16,0,93.3,suburban,beverages,none,51
170,2,0,0,2.87,3.24,1,50,3.05,26.59,2.85,96.45,rural,fresh,festival,50
170,2,0,0,6.52,18.95,1,106,6.17,22.7,7.08,103.1,rural,homecare,sports,90
170,2,0,0,5.14,1.41,0,73,5.19,19.85,3.58,101.8,suburban,snacks,construction,55
170,2,0,0,4.81,4.02,0,121,4.75,18.62,0,97.03,rural,fresh,none,42
170,2,0,0,5.07,3.17,0,122,5.07,16.47,0,100.95,rural,beverages,none,101
170,2,0,0,1.28,13.82,0,203,1.2,23.89,0,100.27,urban,fresh,festival,182
170,2,0,0,4.21,1.94,0,147,3.82,19.19,2.27,95.23,urban,beverages,sports,103
170,2,0,0,6.17,6.14,0,90,7.35,19.28,1.22,92.44,rural,fresh,sports,90
170,2,0,0,2.26,20.7,1,170,2.31,21.98,3.87,105.13,urban,fresh,sports,170
170,2,0,0,4.35,5.58,0,91,4.7,28.76,3.43,97.49,suburban,personalcare,festival,77
170,2,0,0,4.21,20.18,1,173,4.72,23.65,0.18,96.46,rural,fresh,none,134
170,2,0,0,5.18,1.1,1,150,5.71,26.46,5.05,99.71,urban,snacks,none,113
170,2,0,0,9.14,0.42,0,29,10.56,22,0,90.96,urban,homecare,construction,19
170,2,0,0,3.81,15.93,1,126,4.22,21.47,5.64,102.53,urban,personalcare,festival,126
171,3,0,0,9.3,2.4,0,151,9.81,20.94,0,94.94,urban,homecare,festival,86
171,3,0,0,7.83,0.58,0,34,6.93,25.15,0,99.35,suburban,homecare,construction,29
171,3,0,0,2.57,14.94,1,227,2.4,16.73,0,94.09,urban,beverages,construction,114
171,3,0,0,1.18,1,0,142,1.09,16.12,0.28,99.62,suburban,beverages,none,75
171,3,0,0,3.81,1.07,0,102,4.59,22.86,6.22,91.12,urban,fresh,none,97
171,3,0,0,8.97,3.35,0,39,8.13,20.9,3.08,96.6,rural,homecare,none,23
171,3,0,0,6.57,0.34,0,86,6.36,24.11,1.62,93.7,urban,homecare,sports,72
171,3,0,0,3.11,2.19,0,93,2.73,31.61,1.66,91.46,rural,beverages,construction,57
171,3,0,0,2.96,30.16,0,260,2.44,21.82,5.2,97.92,urban,beverages,festival,230
171,3,0,0,8.15,1.43,0,178,8.11,28.33,8.78,91.99,suburban,beverages,construction,81
171,3,0,0,3.05,0.88,1,87,2.84,24.6,11.31,98.75,rural,snacks,festival,67
171,3,0,0,7.64,0,0,115,7.86,19.43,9.83,94.09,suburban,homecare,festival,74
171,3,0,0,5.01,3.06,0,138,5.47,16.8,0,95.39,suburban,beverages,none,99
171,3,0,0,9.53,13.72,0,164,10.54,25.38,7.97,97.83,suburban,homecare,festival,121
171,3,0,0,5.4,21.33,1,184,5.48,26.02,8.53,94.55,rural,fresh,festival,104
171,3,0,0,3.7,31.61,0,218,3.84,16.53,11.41,105.2,urban,snacks,festival,175
171,3,0,0,6.53,24.47,0,143,8.99,24.14,12.77,108.1,rural,homecare,festival,63
171,3,0,0,2.74,21.49,0,202,2.65,22.99,5.58,104.92,suburban,beverages,festival,112
171,3,0,0,4.18,13.62,0,168,3.8,20.69,0,93.76,urban,beverages,sports,168
171,3,0,0,9.6,2.23,0,90,11.22,19.96,6.33,107.47,suburban,homecare,sports,82
171,3,0,0,4.12,1.75,0,34,3.89,25.73,0,94.63,suburban,fresh,none,34
171,3,0,0,6.45,4.75,0,110,8.05,23.45,1.73,92.81,urban,fresh,none,92
171,3,0,0,10.44,4.17,0,32,12.05,24.15,1.67,100.34,urban,homecare,sports,32
171,3,0,0,7.82,1.26,0,75,9.49,19.39,2.37,96.21,urban,fresh,sports,75
171,3,0,0,5.24,5.01,0,90,5.51,20.43,3.22,97.37,urban,snacks,construction,15
171,3,0,0,1.1,1.36,0,67,1.04,17.95,0,104.29,rural,beverages,construction,67
171,3,0,0,5.01,26.73,0,141,5.41,27.77,1.05,98.68,rural,snacks,construction,117
171,3,0,0,1.67,18.95,0,101,2.17,17.59,4.78,101.23,rural,personalcare,construction,46
171,3,0,0,4.7,0.76,1,109,4.04,26.15,13.47,97.25,urban,beverages,sports,94
171,3,0,0,6.18,1.57,0,79,6.88,25.06,0,93.79,suburban,snacks,construction,49
171,3,0,0,5.96,4.13,0,94,6.19,11.13,5.57,101.65,urban,snacks,construction,61
171,3,0,0,2.96,26.69,0,151,2.87,22.07,0,90.71,urban,snacks,none,144
171,3,0,0,8.38,1.61,0,112,9.96,23.65,3.53,98.7,urban,homecare,none,62
171,3,0,0,4.66,24.7,1,254,4.35,31.86,2.19,109.11,urban,fresh,none,198
171,3,0,0,2.9,0,1,147,2.59,23.56,9,87.78,suburban,beverages,none,100
172,4,0,0,4.97,1.01,1,110,5.21,30.92,5.83,100.13,suburban,snacks,none,52
172,4,0,0,2,3.05,0,68,1.92,17.37,0,98.08,suburban,fresh,construction,68
172,4,0,0,2.77,26.47,0,223,2.81,19.64,0,96.65,urban,fresh,none,154
172,4,0,0,2.96,1.45,1,170,2.04,25.28,2.77,94.82,urban,beverages,festival,167
172,4,0,0,8.38,10.74,0,95,7.37,28.13,0,93.55,suburban,homecare,none,61
172,4,0,0,1.73,0,0,62,1.9,21.6,0,100.78,suburban,snacks,construction,62
172,4,0,0,4.97,0.42,0,103,5.59,20.46,2.78,105.59,urban,fresh,construction,27
172,4,0,0,4.52,2.51,0,109,4.77,24.31,0,95.79,urban,fresh,none,54
172,4,0,0,3.23,2.92,0,152,3.7,20.7,4.04,101.66,urban,beverages,festival,152
172,4,0,0,9.69,24.22,1,144,9.67,22.73,5.1,100.49,urban,homecare,none,144
172,4,0,0,3.7,0.73,0,42,4,28.56,1.5,96,suburban,personalcare,sports,42
172,4,0,0,4.55,5.31,0,84,4.92,27.12,1.65,100.01,suburban,personalcare,none,45
172,4,0,0,3.03,24.57,0,254,3.08,20.92,3.69,90.79,urban,beverages,none,150
172,4,0,0,6.96,3.59,1,101,7.27,23.66,4.84,98.42,rural,fresh,none,82
172,4,0,0,2.17,3.01,0,116,2.29,18.33,0,95.54,suburban,fresh,none,79
172,4,0,0,4.55,1.92,0,165,4.45,15.43,3.79,93.96,suburban,beverages,festival,115
172,4,0,0,5.57,1.71,0,112,6.79,22.07,0,100.88,urban,snacks,none,89
172,4,0,0,2.83,0.59,0,146,3.39,26.82,0,92.77,urban,beverages,none,125
172,4,0,0,3.22,1.46,0,85,3.54,26.31,2.23,98.23,urban,snacks,none,85
172,4,0,0,4.43,4.26,1,127,4.05,21.63,3.09,96.94,suburban,snacks,sports,93
172,4,0,0,4.79,3.2,0,85,4.73,21.07,0,105.64,urban,beverages,none,85
172,4,0,0,1.83,22.53,0,167,1.92,27.54,10.31,100.77,suburban,beverages,sports,167
172,4,0,0,4.74,2,0,146,5.38,17.29,0,99.89,urban,beverages,sports,146
172,4,0,0,3.75,9.62,0,105,3.36,20.53,2.31,102.29,urban,fresh,none,105
172,4,0,0,8.28,0.32,1,56,7.99,24.11,3.47,97.39,suburban,homecare,none,56
172,4,0,0,3.42,25.22,0,200,3.54,23.14,4.41,91.62,urban,beverages,none,200
172,4,0,0,8.39,2.33,0,26,9.02,22.62,4.7,103.84,rural,homecare,construction,26
172,4,0,0,2.3,5.78,0,87,2.18,25.03,8.52,95.94,urban,fresh,sports,87
172,4,0,0,5.27,26.84,1,260,6.82,19.45,2.89,96.25,suburban,fresh,festival,194
172,4,0,0,5.55,2.34,1,175,5.65,29.37,4.36,102.13,urban,snacks,festival,108
172,4,0,0,7.68,1.55,0,83,8.74,19.54,6.94,96.66,urban,homecare,none,74
172,4,0,0,3.39,1.1,0,132,3.53,26.93,5.36,105.75,suburban,snacks,festival,62
172,4,0,0,1.48,4.23,1,107,1.47,23.5,0,98.23,urban,fresh,construction,92
172,4,0,0,5.25,6.08,0,47,5.25,23.03,4.6,106.85,suburban,fresh,none,40
172,4,0,0,5.72,0.25,0,71,4.97,17.86,1.58,98.63,suburban,personalcare,none,65
173,5,0,1,5.6,4.03,0,78,5.07,23.56,3.31,89.35,urban,personalcare,construction,39
173,5,0,1,5.61,18.62,1,196,6.33,32.94,2.9,95.51,urban,snacks,festival,194
173,5,0,1,4.67,0.25,0,76,4.96,20.83,1.57,95.54,suburban,snacks,construction,47
173,5,0,1,4.53,0.34,0,80,5.2,31.02,6.83,102.31,suburban,snacks,construction,70
173,5,0,1,3.96,2.31,0,114,3.66,25.23,6.3,104.08,urban,fresh,construction,60
173,5,0,1,3.94,8.41,1,116,3.67,24.66,9.03,107.55,suburban,personalcare,sports,46
173,5,0,1,2.77,0.62,0,58,3.05,16.04,5.29,96.89,suburban,snacks,none,35
173,5,0,1,6.82,2.58,0,171,7.4,15.71,3.35,99.5,suburban,beverages,festival,96
173,5,0,1,3.16,27.28,1,138,2.82,28.12,1.17,92.69,suburban,personalcare,sports,113
173,5,0,1,9.26,27.86,0,136,9.03,23.48,0,104.44,suburban,homecare,festival,97
173,5,0,1,3.6,33.12,0,229,3.12,28.13,11.02,97.04,suburban,snacks,festival,148
173,5,0,1,4.01,1.38,1,90,4.95,26.55,1.78,107.87,suburban,snacks,festival,90
173,5,0,1,3.7,1.28,0,85,4.28,25.31,6.81,97.81,suburban,snacks,none,50
173,5,0,1,4.13,2.91,1,162,3.84,20.95,6.65,99.28,urban,beverages,sports,115
173,5,0,1,7.36,3.55,1,50,7.21,25.1,0,91.7,urban,homecare,construction,40
173,5,0,1,2.82,3.23,1,102,2.93,19.31,1.1,97.79,suburban,beverages,construction,102
173,5,0,1,3.13,3.06,0,79,3,17.45,0,96.9,suburban,snacks,none,79
173,5,0,1,4.77,10.02,1,174,4.56,24.75,0,98.51,rural,snacks,festival,104
173,5,0,1,5.04,23.38,1,159,6.67,20.09,0,89.67,rural,snacks,sports,153
173,5,0,1,2.36,29.98,0,213,2.5,26.45,5.09,89.43,urban,personalcare,none,155
173,5,0,1,4.59,1.64,0,95,5.03,17.07,10.05,95.86,urban,snacks,none,95
173,5,0,1,7.87,1.07,0,47,9.11,24.86,0,97.17,rural,homecare,sports,34
173,5,0,1,6.26,0,1,97,6.43,28.59,0.79,98.06,urban,fresh,none,70
173,5,0,1,4.76,2.8,0,121,5.48,22.97,5.55,107.28,rural,fresh,festival,121
173,5,0,1,4.23,2.8,0,146,4.27,26.59,7.17,92.39,urban,beverages,festival,104
173,5,0,1,5.76,2.06,0,140,6.83,23.22,4.44,86.2,urban,beverages,none,135
173,5,0,1,2.9,0,0,99,2.65,25.88,1.19,102.22,suburban,fresh,construction,48
173,5,0,1,2.74,2.51,0,90,2.74,22.96,3.97,100.18,urban,snacks,none,76
173,5,0,1,7.25,1.01,1,64,8.09,25.55,4.68,97.86,rural,homecare,sports,55
173,5,0,1,2.66,3.13,0,97,2.58,24.96,6.32,96.91,urban,snacks,none,62
173,5,0,1,3.08,18.29,1,136,3,21.18,6.27,96.35,suburban,snacks,none,109
173,5,0,1,9.52,12.08,0,90,7.15,19.44,0,107.95,rural,homecare,sports,56
173,5,0,1,5.63,1.22,0,191,6.88,28.91,0,95.5,urban,beverages,none,131
173,5,0,1,3.95,0,0,93,3.91,24.02,11.34,100.64,rural,beverages,festival,86
173,5,0,1,3.3,20.61,0,182,2.91,20.98,7.08,96.35,urban,fresh,construction,182
174,6,0,1,6.44,3.34,0,135,6.54,25.32,0,100.07,rural,beverages,none,92
174,6,0,1,1.1,1.82,1,111,0.92,33.77,7.37,95.06,suburban,personalcare,none,82
174,6,0,1,3.18,3.82,0,132,3.59,24.78,7.34,99.03,suburban,beverages,construction,104
174,6,0,1,7.19,1.91,0,25,6.75,29.81,5.6,101.09,suburban,personalcare,construction,25
174,6,0,1,2.34,2.07,1,115,2.33,28.06,2.33,96.12,urban,personalcare,none,72
174,6,0,1,6.19,18.07,0,174,6.72,14.47,7.35,94.7,urban,personalcare,festival,87
174,6,0,1,3.58,20.32,0,158,3.54,25.89,0,82.92,urban,snacks,construction,158
174,6,0,1,8.53,2.04,0,120,8.82,22.71,8.01,99.63,suburban,homecare,festival,62
174,6,0,1,4.74,0.42,0,54,4.77,29.77,2.52,104.03,rural,personalcare,none,33
174,6,0,1,5.55,1.37,1,76,5.25,22.74,5.64,102.23,urban,snacks,none,76
174,6,0,1,4.94,3.56,0,48,4.36,10,5.29,104.22,rural,personalcare,none,39
174,6,0,1,4.48,2.9,0,121,5.05,22.78,5.51,93.96,urban,beverages,festival,121
174,6,0,1,5.71,3.51,1,114,6.22,15.03,0.78,107.37,urban,snacks,none,114
174,6,0,1,1.92,1.89,1,140,2.25,17.25,0,85.85,rural,beverages,none,50
174,6,0,1,11.7,3.14,1,49,10.2,22.42,0,98.22,suburban,homecare,none,49
174,6,0,1,5.79,21.45,0,49,5.85,20.7,4.14,96.57,suburban,homecare,construction,49
174,6,0,1,4.15,2.14,0,69,3.56,17.97,3.12,105.38,suburban,fresh,construction,67
174,6,0,1,3.41,4.98,0,144,3.92,24.97,1.91,104.09,suburban,fresh,festival,76
174,6,0,1,6.71,4.45,1,96,6.59,21,1.35,100.27,rural,personalcare,none,70
174,6,0,1,5.05,6.04,0,144,5.33,19.86,1.61,100.94,urban,beverages,construction,97
174,6,0,1,4.99,23.58,1,167,4.12,21.68,0,102.78,suburban,snacks,construction,139
174,6,0,1,3.04,3.09,0,120,3.37,26.24,13.79,94.2,suburban,personalcare,sports,36
174,6,0,1,2.91,2.53,0,49,2.5,26.51,0,99.16,rural,fresh,festival,49
174,6,0,1,1.1,1.86,0,141,1.21,22.27,0.07,97.36,suburban,snacks,none,92
174,6,0,1,5.97,2.58,1,60,5.75,27.77,6.71,95.28,urban,snacks,none,60
174,6,0,1,3.59,22.55,0,216,3.63,27.67,14.92,97.42,urban,beverages,festival,187
174,6,0,1,3.38,10.65,0,187,3.46,24.31,1.85,100.54,suburban,snacks,sports,74
174,6,0,1,4.36,11.36,1,122,4.98,32.07,9.96,100.05,suburban,snacks,construction,122
174,6,0,1,6.57,20.12,0,179,6.95,23.98,0,104.34,urban,fresh,construction,164
174,6,0,1,5.67,17.97,0,77,5.81,24.61,7.05,90.66,suburban,personalcare,construction,30
174,6,0,1,4.88,1.61,0,111,4.36,22.25,5.95,100.81,urban,fresh,none,111
174,6,0,1,4.14,26.62,0,183,3.86,27.29,0.49,91.9,urban,snacks,sports,127
174,6,0,1,5.51,2.38,1,89,5.84,27,6.21,98,rural,beverages,none,89
174,6,0,1,5.43,1.87,0,118,6.22,13.68,6.55,101.49,suburban,fresh,sports,102
174,6,0,1,6.63,3.01,0,111,9.04,31.64,3.49,98.9,urban,snacks,none,99
175,0,0,0,4.07,3.6,0,136,3.99,23.15,6.98,93.35,rural,beverages,sports,84
175,0,0,0,1.79,0,1,101,1.77,18.77,5.22,101.29,suburban,fresh,sports,57
175,0,0,0,4.91,3.57,0,80,5.26,26.83,7.38,96.38,rural,fresh,none,53
175,0,0,0,4.87,25.08,0,197,4.61,26.7,2.34,103.45,urban,fresh,none,197
175,0,0,0,4.62,3.45,1,172,5.37,20.88,0,96.65,suburban,beverages,construction,133
175,0,0,0,8.88,0.8,1,167,11.56,25.5,9.52,108.39,urban,homecare,none,51
175,0,0,0,9.62,1.07,0,25,9.9,23,1.07,91.11,rural,homecare,construction,11
175,0,0,0,3.25,18.98,1,155,2.58,22.95,15.78,91.22,urban,snacks,construction,88
175,0,0,0,7.32,2.4,0,40,7.6,23.06,4.46,98.5,urban,homecare,construction,40
175,0,0,0,3.82,2.32,0,136,3.77,20.27,4.83,98.16,urban,snacks,festival,59
175,0,0,0,5.16,1.31,0,117,5.54,18.52,6.31,90.6,urban,fresh,festival,73
175,0,0,0,6.31,4.14,0,110,4.83,18.51,7.83,104.29,suburban,beverages,construction,98
175,0,0,0,4.57,21.72,0,200,3.97,23.53,0,98.05,urban,fresh,festival,87
175,0,0,0,2.59,3.57,0,157,2.24,15.94,0.02,94.26,suburban,beverages,none,61
175,0,0,0,6.47,13.8,0,174,6.27,21.97,9.17,101.03,urban,beverages,none,165
175,0,0,0,5.24,4.09,0,119,5.17,22.02,8.9,99.12,urban,fresh,none,43
175,0,0,0,3.74,2.17,0,114,4.11,16.57,2.6,107.12,urban,fresh,sports,84
175,0,0,0,3.43,0.06,0,98,3.82,26.04,0,93.53,suburban,fresh,none,78
175,0,0,0,3.89,17.39,0,204,4.39,23.38,15.05,100.8,urban,beverages,sports,204
175,0,0,0,9.06,0.36,0,113,8.7,24.08,2.73,99,suburban,homecare,festival,46
175,0,0,0,3.74,2.51,1,127,3.9,17.84,2,101.28,urban,personalcare,none,82
175,0,0,0,2.09,2.02,0,59,2.13,19.87,11.92,92.4,urban,personalcare,none,59
175,0,0,0,4.57,21.47,0,124,5.64,23.25,2.98,98.83,suburban,snacks,none,121
175,0,0,0,1.1,0.26,0,97,1.2,26.73,5.8,104.86,suburban,snacks,sports,79
175,0,0,0,2.69,1.52,0,127,3.23,17.99,1.08,96.43,rural,beverages,sports,114
175,0,0,0,6.38,6.64,0,109,6.69,24.58,2.95,104.15,suburban,snacks,none,58
175,0,0,0,4.65,3.03,0,94,4.49,26.34,2.26,99.83,rural,personalcare,none,11
175,0,0,0,3.61,29.05,0,192,3.69,22.52,14.52,99.77,urban,snacks,none,192
175,0,0,0,4.85,0.83,0,95,5.25,19,4.07,94.1,urban,personalcare,none,67
175,0,0,0,3.27,21.83,0,165,3.79,25.48,10.22,89.58,urban,beverages,sports,165
175,0,0,0,3.29,4.7,0,115,3.91,24,1.08,100.41,urban,fresh,none,73
175,0,0,0,6.5,0,0,84,6.02,24.73,2.81,91.06,suburban,snacks,sports,45
175,0,0,0,4.16,17.41,0,185,5.48,21.51,6.74,93.87,suburban,personalcare,sports,92
175,0,0,0,4.48,21.59,0,166,4.55,19.49,0,96.15,urban,snacks,none,163
175,0,0,0,3.59,13.98,1,100,4.02,24.4,2.31,94.46,suburban,personalcare,sports,92
176,1,0,0,7.37,1.33,0,105,6.29,19.23,0,104.25,suburban,homecare,none,39
176,1,0,0,4.61,3.17,0,90,4.32,26.54,6.74,103.33,suburban,fresh,sports,90
176,1,0,0,2.69,3.53,0,95,2.81,18.59,0,94.35,suburban,fresh,festival,95
176,1,0,0,4.42,25.36,0,138,4.11,21.58,2.5,96.13,urban,snacks,sports,123
176,1,0,0,7.73,2.1,0,64,8.6,15.11,9.24,104.49,urban,homecare,none,59
176,1,0,0,4.45,3.15,0,77,4.62,33.99,3.27,95.93,urban,personalcare,festival,77
176,1,0,0,3.93,2.55,0,90,4.45,30.97,2.09,99.32,rural,beverages,construction,90
176,1,0,0,3.08,1.83,0,148,2.88,13.06,0,101.46,suburban,beverages,festival,126
176,1,0,0,3.45,4.88,0,115,2.71,22.13,3.5,84.82,urban,beverages,festival,110
176,1,0,0,3.51,17.24,1,162,2.96,21.03,7.22,103.04,rural,fresh,sports,126
176,1,0,0,5.62,1.98,0,33,5.72,28.59,0,102.57,suburban,personalcare,none,23
176,1,0,0,5.85,4.16,0,164,6.58,25.14,1.41,101.85,suburban,beverages,none,134
176,1,0,0,4.84,3.97,0,92,4.77,19.35,9.64,99.63,urban,personalcare,none,66
176,1,0,0,5.52,2.42,0,176,5.37,15.48,0,99.8,suburban,fresh,festival,78
176,1,0,0,3.34,17.03,0,168,3.9,23.47,0,101.9,urban,snacks,sports,168
176,1,0,0,8.02,16.47,0,136,9.84,31.49,9.2,94.69,suburban,homecare,sports,45
176,1,0,0,6.52,0.32,0,83,6.47,21.1,0.42,91.21,rural,personalcare,none,28
176,1,0,0,6.97,0.71,1,98,6.17,21.25,0,109.77,suburban,homecare,festival,74
176,1,0,0,10.22,4,0,105,12.82,18.36,0,96.71,suburban,homecare,none,84
176,1,0,0,5.15,17.45,1,148,5.49,17.12,4.41,91.05,urban,beverages,construction,135
176,1,0,0,4.33,2.3,0,91,4.44,22.06,3.41,106.41,urban,fresh,none,77
176,1,0,0,4.04,6.39,0,149,4.17,31.6,5.17,99.39,suburban,personalcare,none,112
176,1,0,0,7.21,0,0,103,8.97,18.42,0,94.41,urban,homecare,festival,78
176,1,0,0,4.58,4.14,0,140,5.56,24.73,2.79,98.05,suburban,beverages,none,102
176,1,0,0,5.31,2.68,1,104,5.66,18.07,5.53,96.38,rural,beverages,none,81
176,1,0,0,6.44,0,0,123,7.11,21.47,1.16,104.11,suburban,snacks,none,61
176,1,0,0,8.66,3.97,0,84,9.79,27.21,3.02,103.19,suburban,homecare,none,78
176,1,0,0,6.6,22.57,1,135,7.27,25.76,9.25,90.17,urban,homecare,none,97
176,1,0,0,4.31,1.99,0,92,4.35,30.12,0,92.79,rural,beverages,construction,92
176,1,0,0,7.14,2.86,0,61,7.21,25.73,3.67,95.53,suburban,homecare,none,28
176,1,0,0,1.76,3.2,0,120,1.88,24.11,13.33,105.88,urban,beverages,construction,120
176,1,0,0,9.27,0.64,1,127,9.39,25.17,0,92.62,urban,homecare,none,82
176,1,0,0,5.47,17.11,0,88,4.02,23.69,5.56,93.34,suburban,snacks,none,87
176,1,0,0,8.31,3.79,1,103,8.6,20.66,0,108.7,urban,homecare,festival,52
176,1,0,0,3.87,1.1,0,133,3.35,20.14,2.39,89.88,suburban,snacks,festival,96
177,2,0,0,4.07,1.92,0,59,3.32,22.23,3.01,103.41,suburban,fresh,none,59
177,2,0,0,4.3,27.03,0,201,4.75,27.08,0,92.82,suburban,fresh,festival,157
177,2,0,0,4.2,2.25,0,98,4.87,25,1.89,97.43,suburban,personalcare,sports,63
177,2,0,0,4.12,0.86,0,68,4.03,17.72,6.19,92,rural,snacks,construction,56
177,2,0,0,8.79,3.01,0,87,11.56,27.87,0,106.07,urban,homecare,festival,64
177,2,0,0,4.3,0,0,74,3.5,25.51,6.22,102.66,urban,beverages,none,74
177,2,0,0,7.72,0.4,0,70,8.92,13.63,11.27,96.69,rural,snacks,none,42
177,2,0,0,4.31,2,1,81,4.81,26.37,1.85,93.6,rural,beverages,none,81
177,2,0,0,3.63,9.03,0,180,3.58,18.95,3.51,92.28,rural,beverages,sports,88
177,2,0,0,4.64,22.58,0,207,5.21,24.16,7.64,103.18,rural,beverages,none,207
177,2,0,0,8.41,1.21,1,100,9.19,28.84,4.11,96.97,urban,homecare,none,55
177,2,0,0,5.99,1.33,1,91,7.33,20.18,13.04,91.16,urban,snacks,none,91
177,2,0,0,5.62,1.37,1,48,5.91,20.44,1.96,94.32,suburban,fresh,construction,47
177,2,0,0,2.63,11.97,0,174,3.04,23.26,0.88,98.91,urban,fresh,none,102
177,2,0,0,3.77,1.37,1,108,3.71,22.08,3.27,90.62,rural,snacks,none,62
177,2,0,0,5.4,0.3,0,93,4.25,24.71,2.21,104.25,urban,snacks,none,88
177,2,0,0,3.95,16.9,0,152,3.88,21.68,0,93.23,urban,beverages,none,152
177,2,0,0,6.07,6.63,0,42,5.62,28.72,2.59,91.11,suburban,homecare,none,30
177,2,0,0,6.61,26.91,0,139,5.47,25.64,1.22,96.43,suburban,personalcare,none,56
177,2,0,0,4.77,1.32,0,116,5.19,26.34,0.09,98.36,urban,personalcare,none,75
177,2,0,0,2.62,18.32,1,142,2.78,21.63,0,101.2,rural,snacks,none,115
177,2,0,0,2.92,0,0,57,3.55,22.05,0,95.71,urban,personalcare,sports,57
177,2,0,0,2.95,1.07,1,68,3.26,26.17,0,99.04,rural,snacks,none,62
177,2,0,0,6.54,3.27,0,103,7.03,23.54,0.61,99.8,rural,homecare,festival,26
177,2,0,0,5.66,1.76,0,144,5.64,34.14,5.55,99.74,urban,snacks,none,94
177,2,0,0,3.57,17.58,0,147,4.4,15.5,2.5,95.9,urban,personalcare,none,117
177,2,0,0,1.72,13.39,0,141,2.09,20.83,0.71,85.69,urban,snacks,none,80
177,2,0,0,6.05,1.14,0,125,5.74,27.85,6.56,104.72,urban,homecare,none,60
177,2,0,0,2.43,23.74,0,173,2.51,28.12,0.96,101.79,urban,snacks,none,115
177,2,0,0,5.71,2.52,0,154,4.92,29.57,4.42,93.63,urban,beverages,construction,57
177,2,0,0,1.38,9.15,0,162,1.29,20.83,7.53,104.54,urban,beverages,none,145
177,2,0,0,5.68,5.13,1,128,5.64,25.15,0,95.38,rural,fresh,construction,114
177,2,0,0,2.79,22.23,0,177,3.02,23.61,0,98.53,urban,personalcare,festival,142
177,2,0,0,3.58,0.79,1,130,4.36,25.77,3.73,95.06,rural,beverages,none,103
177,2,0,0,6.29,13.51,0,143,6.36,26.23,6.14,101.94,urban,beverages,construction,138
178,3,0,0,5.65,0,0,106,5.72,27.66,4.51,88.8,urban,fresh,sports,51
178,3,0,0,3.66,16.79,0,167,3.48,25.65,3.86,106.34,suburban,snacks,none,90
178,3,0,0,7.15,2.59,0,124,8.13,23.98,6.32,93.55,suburban,beverages,construction,84
178,3,0,0,3.78,3.12,1,130,4.2,22.4,4.24,94.23,rural,beverages,sports,130
178,3,0,0,9.67,25.5,0,98,9.94,21.93,0,93.45,urban,homecare,none,93
178,3,0,0,4.18,1.15,0,71,4.57,22.82,0,90.68,rural,snacks,construction,31
178,3,0,0,9.65,12.86,0,107,11.6,22.68,0,100.65,urban,homecare,none,76
178,3,0,0,6.4,2.23,0,92,8.07,20.99,0,91.51,suburban,personalcare,none,58
178,3,0,0,8.76,4.14,0,93,8.58,27.75,1.68,91.6,suburban,homecare,sports,37
178,3,0,0,3.8,2.52,0,112,3.68,25.49,3,108.05,suburban,beverages,festival,112
178,3,0,0,4.84,20.72,1,194,4.51,16.97,5.17,102.33,suburban,beverages,none,156
178,3,0,0,4.93,1.86,0,199,6.02,15.94,0,95.33,suburban,beverages,festival,105
178,3,0,0,5.2,3.88,0,62,3.97,25.42,8.39,97,suburban,snacks,none,62
178,3,0,0,4.08,1.41,0,163,4.74,17.94,5.95,93.18,suburban,beverages,construction,97
178,3,0,0,5.94,2.56,0,85,5.24,21.55,0,104.61,urban,fresh,construction,53
178,3,0,0,8.4,5.38,0,86,9.96,19.47,0,95.15,rural,fresh,none,50
178,3,0,0,4.33,21.43,1,187,5.38,25.51,6.79,102.53,suburban,personalcare,sports,95
178,3,0,0,4.69,23.63,0,116,4.55,28.86,5.72,93.59,suburban,personalcare,none,45
178,3,0,0,2.92,1.17,0,134,2.89,19.59,0,95.4,suburban,beverages,sports,90
178,3,0,0,4.48,23.53,1,195,4.6,22.85,0,106.21,suburban,fresh,sports,195
178,3,0,0,4.11,1.05,0,140,3.94,25.74,6.11,93.06,urban,fresh,festival,96
178,3,0,0,2.73,3.19,1,138,2.52,27.15,0,102.1,suburban,beverages,construction,138
178,3,0,0,3.16,0,0,97,3.07,23.18,8.77,87.86,suburban,beverages,festival,33
178,3,0,0,2.57,11.71,0,157,3.01,25.07,0,94.56,urban,beverages,none,157
178,3,0,0,7.53,4.1,0,130,9.34,24.66,2.4,99.16,urban,fresh,none,81
178,3,0,0,4.88,3.28,1,183,5.71,19.96,6.63,95.16,suburban,beverages,sports,151
178,3,0,0,4.04,24.5,0,186,4,25.08,13.51,95.54,suburban,beverages,none,139
178,3,0,0,4.22,4.2,0,133,3.85,30.08,2.06,100.36,suburban,beverages,sports,115
178,3,0,0,2.68,20.91,0,116,2.74,25.11,0,95.5,rural,personalcare,festival,102
178,3,0,0,3.5,4.45,0,79,4.02,22.68,1.6,100.84,rural,snacks,none,69
178,3,0,0,5.74,18.32,0,154,5.02,33.8,0.73,97.87,urban,fresh,construction,127
178,3,0,0,5.1,1.07,0,115,5.13,17.19,4.57,94.09,urban,beverages,none,44
178,3,0,0,1.86,0.93,0,117,2.04,23.5,4.35,90.92,urban,snacks,none,56
178,3,0,0,2.61,25.05,1,211,2.6,28.31,2.85,99.79,urban,beverages,none,205
178,3,0,0,1.1,21.05,0,178,1.5,23.79,0,104.67,rural,beverages,sports,178
179,4,0,0,3.38,1.35,0,129,3.21,24.45,0,99.79,suburban,fresh,sports,87
179,4,0,0,3.79,0,0,166,3.55,26.1,0,98.43,urban,beverages,festival,109
179,4,0,0,4.14,1.93,0,111,3.25,25.51,0,90.38,rural,beverages,festival,111
179,4,0,0,4.12,18.76,1,159,4.6,20.72,4.15,105.79,urban,fresh,none,159
179,4,0,0,5.86,16.84,0,164,5.51,23.39,0,91.01,rural,snacks,sports,97
179,4,0,0,4.15,2.07,0,113,3.63,31.64,0.66,102.18,rural,beverages,none,113
179,4,0,0,2.7,5,0,64,2.92,19.7,7.09,93.04,rural,snacks,none,40
179,4,0,0,5.04,10.34,0,62,5.85,15.34,4.77,99.58,suburban,snacks,construction,62
179,4,0,0,1.94,2.37,1,59,2.1,29.59,0,97.9,rural,fresh,construction,29
179,4,0,0,3.37,5.52,1,184,3.64,24.59,0,94.84,urban,beverages,none,170
179,4,0,0,2.66,0,0,88,2.72,24.61,4.78,105.75,urban,snacks,none,70
179,4,0,0,2.83,3.62,0,128,2.58,24.13,0,98.48,suburban,beverages,festival,87
179,4,0,0,7.05,23.19,1,113,7.4,22.71,0,95.48,suburban,homecare,construction,31
179,4,0,0,5.51,0,0,80,5.36,23.49,1.41,101.23,suburban,personalcare,none,60
179,4,0,0,7.03,3.71,0,178,6.04,26.86,8.55,102.47,urban,beverages,none,134
179,4,0,0,4.41,16.57,0,216,5.15,23.86,0,93.37,urban,beverages,none,216
179,4,0,0,3.9,20.55,0,203,3.66,24.22,0,97.92,suburban,beverages,none,139
179,4,0,0,9.33,0,0,89,10.14,24.95,3.36,91.83,suburban,homecare,sports,49
179,4,0,0,3.77,2.58,0,62,4.22,20.87,7.77,93.97,urban,snacks,none,62
179,4,0,0,4.58,4.06,1,94,4.56,24.86,2.41,93.5,urban,snacks,construction,46
179,4,0,0,1.82,21.2,0,96,2.31,21.14,1.07,104.47,suburban,personalcare,construction,73
179,4,0,0,3,3.76,1,140,3.27,17.56,6.09,93.08,suburban,fresh,festival,140
179,4,0,0,4.24,1.15,0,145,4.73,23.47,1.76,99.75,suburban,snacks,sports,92
179,4,0,0,5.7,4.28,0,142,6.78,25.01,0,106.25,rural,beverages,none,97
179,4,0,0,5.36,3.04,0,114,4.67,23.34,0,98.64,urban,snacks,none,69
179,4,0,0,4.26,1.37,0,124,4.52,17.33,3.35,88.05,urban,fresh,festival,104
179,4,0,0,6.3,1.16,0,88,7.08,25.62,0,91.44,suburban,snacks,none,41
179,4,0,0,5.38,3.28,0,201,4.87,23.5,0,98.76,urban,beverages,festival,201
179,4,0,0,6.46,28.07,0,138,7.38,22.11,6.9,95.78,suburban,personalcare,none,117
179,4,0,0,7.64,35.96,0,181,9.03,29.94,7.95,94,rural,snacks,construction,74
179,4,0,0,4.75,0.44,0,129,5.19,19.67,2.33,101.21,suburban,beverages,none,60
179,4,0,0,11.86,0.6,1,118,12.95,22.4,0,106.32,suburban,homecare,none,33
179,4,0,0,3.02,3.17,1,131,3.14,24.6,2.61,101.96,suburban,beverages,none,122
179,4,0,0,5.17,0.85,0,60,5.04,24.7,0,91.85,suburban,beverages,construction,60
179,4,0,0,5.64,2.78,0,157,5.42,22.8,2.75,95.34,suburban,beverages,sports,117
180,5,0,1,4.28,17.35,0,204,3.71,28.9,0,106.19,urban,beverages,none,204
180,5,0,1,4.6,4.9,0,120,5.31,21.86,0,92.98,urban,fresh,none,84
180,5,0,1,5.48,27.23,0,196,6.04,24.72,2.6,102.07,urban,snacks,none,167
180,5,0,1,2.59,2.57,0,54,2.27,20.75,1.91,98.86,urban,personalcare,sports,54
180,5,0,1,6.17,3.93,0,100,7.02,21.05,1.84,101.48,rural,fresh,none,39
180,5,0,1,3.31,3.47,0,159,3.28,20.99,2.26,101.89,suburban,snacks,none,65
180,5,0,1,2.76,3.96,0,121,2.85,22.8,6.31,94.06,suburban,fresh,sports,47
180,5,0,1,4.36,13.35,0,170,4.67,22.16,6.62,103.66,urban,beverages,festival,170
180,5,0,1,4.79,1.88,0,130,5.59,24.18,2.48,101.6,urban,beverages,none,130
180,5,0,1,7.14,25.93,0,142,6.92,18.28,9.1,98.95,suburban,snacks,sports,105
180,5,0,1,3.94,1.91,0,43,3.78,21.32,1.39,95,rural,fresh,festival,43
180,5,0,1,1.54,13.44,0,118,1.37,23.56,4.31,96.16,suburban,snacks,construction,109
180,5,0,1,2.93,0.96,0,107,3.23,21.37,6.66,94.47,rural,beverages,none,59
180,5,0,1,3.58,3.11,0,97,3.89,20.61,7.58,86.23,suburban,personalcare,festival,97
180,5,0,1,2.75,3.88,0,150,3.32,21.48,7.37,90.66,urban,snacks,none,88
180,5,0,1,2.41,2.95,0,81,2.88,15.72,5.12,103.95,suburban,snacks,construction,52
180,5,0,1,3.05,0,1,99,3.42,25.33,0,98.73,suburban,personalcare,construction,28
180,5,0,1,3.72,3.68,0,120,3.26,20.35,5.83,96.61,suburban,fresh,sports,96
180,5,0,1,7.54,18.76,1,119,8.27,29.45,1.99,97.26,urban,homecare,none,112
180,5,0,1,3.09,0.79,0,4,3.09,15.48,11.15,104.77,rural,personalcare,construction,4
180,5,0,1,4.92,3.12,0,139,5.39,21.98,0,95.43,rural,beverages,none,49
180,5,0,1,5.64,13.82,0,142,6.98,24.75,0,92.05,urban,snacks,none,100
180,5,0,1,4.16,1.11,0,95,4.35,27.65,10.09,97.31,suburban,snacks,none,68
180,5,0,1,4.94,2.52,0,73,5.49,28.31,6.75,99.36,urban,snacks,construction,55
180,5,0,1,4.87,3.04,0,141,4.21,19.6,10.81,93.88,urban,beverages,none,118
180,5,0,1,3.75,4.05,1,138,4.22,28.82,2.81,93.55,urban,beverages,none,138
180,5,0,1,2.62,2.65,1,215,2.87,29.62,3.93,99.31,suburban,beverages,festival,183
180,5,0,1,2.81,18.51,0,160,3.12,15.35,12.59,99.08,urban,snacks,construction,123
180,5,0,1,1.96,13.42,1,131,2.48,24.33,5.29,93.18,suburban,snacks,none,89
180,5,0,1,4.13,0,0,26,4.06,26.94,3.76,95.63,urban,snacks,none,26
180,5,0,1,6.08,10.35,1,58,5.19,19.95,2.65,97.33,urban,homecare,none,58
180,5,0,1,9.47,17.86,0,35,9.07,22.97,8.35,96.41,rural,homecare,none,35
180,5,0,1,3.81,16.75,0,161,4.1,22.98,0.61,104.83,urban,beverages,construction,155
180,5,0,1,10.36,0,0,42,11.31,18.06,1.68,95.11,suburban,homecare,construction,5
180,5,0,1,2.48,1.87,0,52,2.22,20.58,0,99.09,rural,beverages,none,52
181,6,0,1,5.33,1.43,1,56,5.46,26.51,2.88,96.78,rural,fresh,none,38
181,6,0,1,5.99,0,0,130,5.87,24.33,3.32,101.75,urban,fresh,festival,83
181,6,0,1,4.25,20.33,0,216,4.12,26.03,4.11,96.29,urban,personalcare,festival,83
181,6,0,1,4.86,0,1,105,5.6,22.59,3.08,105.26,rural,beverages,none,105
181,6,0,1,4.93,3.5,1,94,5.11,13.29,2.69,98.8,rural,beverages,none,94
181,6,0,1,1.72,0.85,0,124,1.88,15.8,1.44,100.64,suburban,fresh,none,83
181,6,0,1,6.32,1.87,0,143,6.71,25.08,10.06,102.01,suburban,fresh,sports,80
181,6,0,1,3.16,18.36,0,137,3.45,29.64,0,98.75,urban,fresh,none,137
181,6,0,1,3.37,20.79,0,213,2.73,24.83,2.67,96.31,urban,snacks,festival,166
181,6,0,1,3.25,2.81,0,85,3.15,21.39,2.71,94.64,urban,snacks,none,85
181,6,0,1,3.99,3.36,0,82,4.7,27.45,9.48,100.52,suburban,fresh,sports,49
181,6,0,1,1.78,0,0,37,1.77,21.72,3.1,95.95,urban,personalcare,none,32
181,6,0,1,5.08,28.16,0,193,5.88,23.39,1.6,95.87,rural,fresh,none,193
181,6,0,1,9.48,3.86,1,76,10.52,30.65,0,89.46,suburban,homecare,construction,49
181,6,0,1,3.88,2.21,1,105,4.06,27.79,1.68,96.29,rural,snacks,none,91
181,6,0,1,8.94,2.38,0,53,9.79,26.89,0,105.03,suburban,homecare,none,53
181,6,0,1,8.46,4.59,1,81,9.45,24.74,1.25,90.78,suburban,homecare,none,43
181,6,0,1,4.15,2.43,1,100,4.21,19.36,1.9,95.76,rural,fresh,none,45
181,6,0,1,6.37,0.76,1,94,6.06,20.44,1.78,98.03,urban,fresh,festival,34
181,6,0,1,5.05,0.51,0,72,4.88,15.94,3.67,89.06,urban,personalcare,sports,57
181,6,0,1,4.28,1.32,0,117,4.89,28.58,1.34,100.79,rural,snacks,none,77
181,6,0,1,4.47,2.47,1,94,4.55,18.5,1.12,93.46,rural,fresh,none,69
181,6,0,1,3.75,2.44,0,118,3.8,21.53,0.56,100.77,urban,snacks,construction,27
181,6,0,1,5.1,5.89,1,139,5.51,21.02,5.59,92.2,suburban,fresh,none,129
181,6,0,1,4.32,1.61,0,56,5.02,24.92,4.77,101.11,rural,fresh,construction,48
181,6,0,1,3.84,4.45,0,106,3.74,20.54,4,100.71,suburban,fresh,festival,106
181,6,0,1,4.54,2.13,0,80,4.29,24.34,9.09,101.93,rural,snacks,none,60
181,6,0,1,5.61,0.9,0,159,6.35,22.95,3.29,105.95,urban,beverages,construction,89
181,6,0,1,7.5,14.93,0,105,6.8,23.11,1.57,103.97,urban,homecare,none,50
181,6,0,1,4.79,3.83,0,124,5.16,24.17,11.32,85.9,urban,snacks,none,77
181,6,0,1,3.21,3.52,1,110,3.21,20.97,11.94,98.95,suburban,snacks,none,92
181,6,0,1,5.48,1.53,0,34,6.84,27.25,9.34,94.51,rural,snacks,sports,34
181,6,0,1,6.36,5.97,0,158,8.02,25.6,0,103.11,urban,fresh,construction,119
181,6,0,1,5.57,5.48,1,152,6.15,24.57,4.32,99.99,urban,fresh,sports,107
181,6,0,1,10.75,3.5,1,4,9.87,20.64,0,98.68,suburban,homecare,construction,4
182,0,0,0,5.7,5.64,1,193,6.28,20.14,0,101.31,urban,beverages,construction,192
182,0,0,0,4.78,0.97,0,25,4.05,24.45,0,102.05,urban,personalcare,construction,5
182,0,0,0,4.47,17.88,0,144,4.65,14.62,2.89,89.84,urban,snacks,none,105
182,0,0,0,7.82,1.37,1,94,7.4,17.29,2.96,97.9,urban,homecare,none,49
182,0,0,0,8.81,0.43,0,31,7.7,22.54,0.39,102.06,rural,homecare,none,0
182,0,0,0,5.35,19.75,1,19,5.09,21.3,1.69,96.83,rural,personalcare,none,19
182,0,0,0,2.39,13.59,1,150,2.41,18.22,9.89,97.63,rural,snacks,festival,103
182,0,0,0,5.52,0.71,1,125,5.04,29.76,2.43,92.52,suburban,personalcare,none,29
182,0,0,0,5.31,7.38,0,141,5.89,11.97,0.18,101.07,rural,beverages,sports,98
182,0,0,0,3.47,2.69,0,95,3.42,24.75,8.77,89.08,urban,snacks,none,71
182,0,0,0,3.08,1.2,0,97,2.61,29.35,1.75,89.77,urban,fresh,none,10
182,0,0,0,2.07,14.9,0,153,1.86,28.69,6.96,96.1,urban,beverages,none,153
182,0,0,0,5.2,2.23,1,178,5.5,23.41,5.52,95.82,suburban,beverages,none,143
182,0,0,0,4.77,19.57,0,149,5.9,19.2,2.64,99.51,rural,snacks,festival,97
182,0,0,0,6.19,2.06,0,41,6.58,25.28,2.7,90.05,suburban,fresh,construction,24
182,0,0,0,5.19,5.07,0,85,5.83,24.8,8.96,97.68,suburban,personalcare,none,77
182,0,0,0,4.24,1.35,0,52,4.08,20.91,0,100.01,suburban,fresh,none,46
182,0,0,0,11.4,0,0,55,13.5,20.75,0.6,87.93,urban,homecare,construction,0
182,0,0,0,4.12,0.71,0,63,4.31,21.07,2.83,100.79,suburban,snacks,sports,63
182,0,0,0,6.58,0.44,0,96,7.02,27.44,7.78,108.68,suburban,fresh,none,65
182,0,0,0,4.19,2.84,0,68,4.18,16.66,0,93.21,suburban,snacks,none,68
182,0,0,0,4.51,4.58,0,131,4.84,20.21,0,99.62,suburban,fresh,festival,106
182,0,0,0,2.13,1.23,1,34,2.1,16.96,4.04,98.41,suburban,snacks,none,34
182,0,0,0,5.94,32.17,1,114,7.44,24.66,5.76,96.48,suburban,homecare,none,93
182,0,0,0,2.72,2.33,0,182,3.29,14.07,7.27,90.87,suburban,beverages,sports,87
182,0,0,0,6.33,2.42,0,45,6.89,20.61,0,98.1,suburban,personalcare,construction,20
182,0,0,0,7.3,2.66,0,81,7.29,18.94,5.94,88.62,suburban,snacks,none,42
182,0,0,0,4.71,3,0,87,4.95,20.59,5.69,105.52,suburban,personalcare,none,72
182,0,0,0,3.17,3.59,1,60,3.55,24.74,0,99.76,urban,personalcare,none,60
182,0,0,0,5.61,1.91,0,82,5.79,15.91,0,90.93,suburban,homecare,construction,20
182,0,0,0,10.75,3.28,0,123,12.77,22.58,2.11,102.61,urban,homecare,none,39
182,0,0,0,3.4,0.63,1,166,4.06,24.16,7.76,102.06,urban,beverages,none,159
182,0,0,0,7.18,1.22,0,106,4.45,17.15,5.81,104.51,suburban,snacks,sports,91
182,0,0,0,4.29,4.79,1,166,3.68,17.98,2.12,98.39,urban,snacks,festival,113
182,0,0,0,4.01,0,0,138,3.82,24.11,11.38,89.37,urban,snacks,sports,69
183,1,0,0,4.26,2.82,0,45,4.39,18.29,8.54,99.31,rural,personalcare,construction,5
183,1,0,0,5.77,16.04,0,187,6.03,16.39,1.93,95.05,urban,fresh,none,92
183,1,0,0,3.18,0.92,0,88,2.75,13.29,3.21,98.67,urban,snacks,none,52
183,1,0,0,8.89,1.6,0,55,8.42,22.39,7.45,100.75,suburban,homecare,none,26
183,1,0,0,3.75,28.94,0,156,4.14,22.54,10.2,101.38,suburban,fresh,construction,156
183,1,0,0,9.64,2.3,1,7,9.28,24.67,5.35,103.2,rural,homecare,none,7
183,1,0,0,9.76,1.74,0,73,9.62,24.46,3.52,95.68,suburban,homecare,festival,73
183,1,0,0,3.27,2.15,0,45,3.81,22.41,0.29,98.82,rural,personalcare,none,0
183,1,0,0,3.99,2.54,0,167,4.26,23.99,0,97.5,suburban,fresh,festival,73
183,1,0,0,7.11,2.58,0,116,6.21,28.83,2.79,93.56,suburban,snacks,festival,55
183,1,0,0,5.4,1.67,0,92,5.32,20.62,0,94.64,urban,fresh,none,25
183,1,0,0,4.12,1.78,0,188,4.36,23.88,0,97.72,suburban,beverages,festival,146
183,1,0,0,3.76,1.56,0,102,3.41,18.65,8.65,96.88,suburban,fresh,none,64
183,1,0,0,2.22,3.56,0,118,2.2,20,0,92.28,urban,fresh,none,64
183,1,0,0,3.61,2.29,0,102,3.67,25.83,0,95.98,rural,fresh,festival,81
183,1,0,0,8.8,1,0,117,9.21,26.25,0,99.6,urban,homecare,festival,68
183,1,0,0,5.06,5.07,0,103,5.66,21.25,3.59,99.29,suburban,personalcare,none,51
183,1,0,0,7.63,0.34,0,84,8,17.56,6.33,88.02,urban,homecare,construction,43
183,1,0,0,3.07,0,0,79,3.58,14.68,7.49,102.37,urban,snacks,none,79
183,1,0,0,8.44,3.29,1,80,8.16,24.6,9.27,101.41,urban,homecare,none,55
183,1,0,0,4.81,1.1,0,99,4.39,24.46,5.79,105.23,rural,beverages,construction,78
183,1,0,0,2.04,20.55,0,182,2.07,16.78,0,97.61,rural,fresh,none,175
183,1,0,0,1.1,0,0,60,0.94,31.51,0,95.72,urban,snacks,construction,60
183,1,0,0,3.17,0.17,0,100,3.15,21.76,5.74,93.33,suburban,fresh,sports,24
183,1,0,0,3.68,10.39,0,176,2.92,28.77,0.94,99.77,suburban,snacks,sports,104
183,1,0,0,8.49,0.28,1,60,8.93,17.6,2.32,109.41,rural,homecare,none,22
183,1,0,0,8.63,0,1,19,7.81,25.43,7.57,96.6,suburban,homecare,none,19
183,1,0,0,4.56,19.49,0,171,3.42,26.63,1,99.5,urban,snacks,festival,171
183,1,0,0,1.1,12.78,0,55,1.34,21.72,1.76,95.06,rural,fresh,construction,55
183,1,0,0,6.14,18.66,1,138,5.39,16.42,6.81,95.63,rural,snacks,none,101
183,1,0,0,4.04,29.36,0,184,5.56,20.36,10.77,101.03,urban,snacks,none,178
183,1,0,0,7.83,2.82,1,140,8.61,22.21,1,109.94,suburban,homecare,sports,86
183,1,0,0,4.03,5.84,0,93,5.27,24.77,12.1,98.61,rural,personalcare,sports,52
183,1,0,0,4.44,0.66,0,95,4.65,24.75,10.22,102.35,rural,snacks,sports,95
183,1,0,0,3.43,29.97,0,165,3.39,23.7,4.54,85.32,urban,snacks,none,94
184,2,0,0,10.52,1.31,1,112,11.97,18.87,0.58,94.28,suburban,homecare,none,48
184,2,0,0,4.61,2.82,1,180,4.79,24.41,7.1,101.02,suburban,beverages,none,133
184,2,0,0,4.81,0,0,62,5.06,25.44,10.93,103.99,suburban,beverages,none,62
184,2,0,0,9.62,0,0,52,8.16,18.82,3.02,95.44,rural,homecare,festival,17
184,2,0,0,5.98,7.27,0,184,5.93,25.92,0,98.96,urban,beverages,construction,169
184,2,0,0,6.14,19.91,0,243,6.48,18.38,0,90.03,urban,beverages,construction,150
184,2,0,0,3.27,2.5,1,155,2.93,21.69,0,92.68,urban,beverages,festival,121
184,2,0,0,8,1.7,1,91,9.56,13.44,4.82,99.2,suburban,homecare,none,54
184,2,0,0,2.55,12.02,0,142,2.59,25.38,2.4,102.18,urban,snacks,none,138
184,2,0,0,8.54,2.48,0,120,11.31,26.71,4.69,96.55,suburban,homecare,festival,70
184,2,0,0,4.12,0.06,0,134,4.67,21.26,2.79,96.3,suburban,snacks,festival,52
184,2,0,0,7.47,3.09,1,139,8.9,23.45,0.4,101.32,suburban,beverages,sports,130
184,2,0,0,2.18,31.02,0,167,2.49,23.89,2.15,99.35,urban,snacks,none,145
184,2,0,0,4.48,1.7,0,69,4.36,22.55,10.45,99.17,suburban,fresh,construction,24
184,2,0,0,2.74,2.39,1,148,3.1,25.52,3.96,96.48,suburban,beverages,construction,89
184,2,0,0,5.53,2.4,1,153,5.32,28.55,3.11,96.86,rural,beverages,none,66
184,2,0,0,3.38,0,0,17,3.73,27.93,5.28,92.98,rural,beverages,construction,17
184,2,0,0,2.79,1.56,1,105,3.16,17.06,3.73,93.36,urban,snacks,construction,100
184,2,0,0,1.53,1.57,0,68,1.91,22.7,4.36,92.04,urban,snacks,none,64
184,2,0,0,4.17,3.57,1,101,4.19,16.56,0,90.16,urban,fresh,none,82
184,2,0,0,3.88,24.49,1,203,4.06,17.44,10.65,99.49,rural,beverages,none,197
184,2,0,0,7.47,2,0,173,7.36,26,0,92.27,suburban,beverages,none,98
184,2,0,0,4.69,1.41,0,66,4.22,30.11,4.4,96.22,suburban,snacks,none,66
184,2,0,0,2.45,1.72,0,71,2.09,22.32,6.13,100.2,urban,fresh,none,70
184,2,0,0,4.03,4.51,0,163,4.46,19.82,2.69,87.29,suburban,beverages,sports,111
184,2,0,0,3.97,1.79,1,147,4.5,21.93,0,104.13,urban,beverages,none,130
184,2,0,0,2.46,1.77,1,118,2.47,19.8,7.85,97.39,rural,beverages,none,104
184,2,0,0,7.28,1.47,0,59,6.2,25.93,2.22,93.1,suburban,snacks,sports,59
184,2,0,0,2.59,13.59,0,182,2.36,23.55,5.68,99.15,urban,beverages,festival,182
184,2,0,0,3.54,1.15,0,123,4.01,28.37,0,95.39,urban,fresh,sports,69
184,2,0,0,6.55,2.28,1,144,6.11,17.74,0.79,103.24,suburban,beverages,none,113
184,2,0,0,6.25,1.02,0,82,6.18,17.84,1.49,99.1,urban,snacks,none,82
184,2,0,0,6.95,0.22,0,137,6.04,17.68,5.53,91.88,urban,beverages,none,121
184,2,0,0,3.44,3.78,0,105,3.1,19.92,2.87,96.88,urban,snacks,sports,105
184,2,0,0,5.24,3.12,0,121,4.73,24.34,0,94.63,suburban,snacks,none,64
185,3,0,0,3.81,1.26,1,85,4.74,16.43,0,103.82,suburban,personalcare,construction,72
185,3,0,0,4.87,3.81,0,82,5.35,19.56,1.35,95.07,rural,beverages,festival,82
185,3,0,0,8.4,0,0,37,7.15,22.37,7.3,87.62,suburban,homecare,none,37
185,3,0,0,5.79,9.4,0,128,6.1,21.07,4.85,99.11,rural,snacks,construction,78
185,3,0,0,6.6,1.1,0,58,5.55,22.32,2.14,94.09,rural,snacks,none,28
185,3,0,0,6.32,17.72,1,126,7.67,22.24,14.26,105.26,urban,personalcare,none,126
185,3,0,0,6.59,0.45,1,70,7.02,25.79,0,94.73,suburban,homecare,construction,59
185,3,0,0,5.57,1.1,1,142,6.42,25.26,8.95,101.1,urban,beverages,sports,142
185,3,0,0,7.38,2.9,1,98,6.84,21.98,5.5,87.61,suburban,homecare,none,51
185,3,0,0,7.75,22.88,0,105,7.47,28.03,0,98.79,rural,homecare,sports,69
185,3,0,0,3.15,0,0,113,3.5,23.38,0.67,93.07,suburban,beverages,sports,99
185,3,0,0,9.71,4.21,0,118,10.65,22.29,0,104.83,urban,homecare,none,58
185,3,0,0,2.7,0,0,114,2.64,21.16,9.27,100.26,suburban,beverages,festival,114
185,3,0,0,9.27,0,0,57,10.53,20.43,1.13,99.48,suburban,homecare,sports,57
185,3,0,0,4.85,23.17,1,228,4.78,23.76,3.99,98.37,urban,beverages,none,187
185,3,0,0,5.36,3.65,0,86,6.09,23.4,3.15,90.03,rural,personalcare,sports,27
185,3,0,0,1.19,1.62,0,58,1.26,23.87,1.25,100.45,suburban,snacks,none,58
185,3,0,0,8.43,2.68,0,79,8.7,23.01,1.26,99.6,rural,homecare,festival,35
185,3,0,0,6.73,0,0,69,5.17,27.24,0,94.27,urban,fresh,sports,58
185,3,0,0,1.8,10.95,0,29,2.12,24.72,10.26,93.49,rural,personalcare,construction,29
185,3,0,0,2.92,2.74,0,183,2.72,28.32,1.71,108.45,suburban,beverages,festival,129
185,3,0,0,4.31,0.95,1,116,5.09,17.34,12.06,98.05,suburban,beverages,none,96
185,3,0,0,4.97,20.98,0,151,4.32,21.18,0,94.87,suburban,fresh,none,103
185,3,0,0,8.14,22,0,83,7.69,24.38,0,94.26,rural,homecare,construction,29
185,3,0,0,2.67,3.69,0,83,2.64,20.36,4.5,108.87,suburban,fresh,festival,83
185,3,0,0,3.14,0.69,0,129,3.13,22.08,5.47,101.02,urban,beverages,none,109
185,3,0,0,3.09,1.78,1,51,3.49,19.53,1.1,98.61,rural,personalcare,sports,51
185,3,0,0,5.3,16.13,0,117,5.54,22.17,5.79,96.48,urban,fresh,festival,108
185,3,0,0,4.42,3.86,1,105,3.46,22.14,0.26,101.22,suburban,snacks,none,105
185,3,0,0,2.11,0,0,106,2.48,29,0,92.99,urban,beverages,construction,58
185,3,0,0,3.46,9.74,1,225,3.08,26.62,4.42,99.73,urban,beverages,festival,225
185,3,0,0,3.68,1.15,0,102,3.59,26.32,0,89.74,urban,beverages,none,87
185,3,0,0,11.78,1.23,0,46,9.79,17.83,12.73,99.62,suburban,homecare,none,15
185,3,0,0,7.19,5.28,0,84,8.9,18.86,5.33,100.88,suburban,beverages,none,80
185,3,0,0,3.99,2.22,0,124,4.31,21.86,10.78,90.52,suburban,beverages,none,90
186,4,0,0,1.81,22.69,0,165,2.37,18.59,4.63,91.11,urban,fresh,sports,165
186,4,0,0,3.63,2.88,0,110,4.02,22.19,0,86.9,suburban,snacks,none,58
186,4,0,0,2.74,3.37,0,126,3.6,21.2,0,93.22,suburban,beverages,sports,113
186,4,0,0,6.36,0.69,0,87,6.33,22.61,10.52,99.74,rural,snacks,sports,27
186,4,0,0,9.32,13.36,1,59,9.9,26.96,1.6,94.44,rural,homecare,none,59
186,4,0,0,5.52,0.73,1,106,5.71,11.88,7.81,97.13,suburban,snacks,none,43
186,4,0,0,3.13,2.36,0,4,3.87,19.24,4.63,91.06,rural,fresh,construction,4
186,4,0,0,5.04,7.65,1,131,4.79,21.97,2.89,95.91,urban,snacks,construction,93
186,4,0,0,2.57,32.79,0,192,2.05,19.36,0,90.16,suburban,snacks,construction,125
186,4,0,0,5.9,20.76,0,174,6.81,28.79,4.3,94.03,suburban,snacks,none,159
186,4,0,0,3.22,1.96,0,117,3.23,27.52,3.41,99.7,suburban,beverages,construction,65
186,4,0,0,4.5,21.59,0,252,4.19,20.33,4.65,102.49,suburban,fresh,sports,109
186,4,0,0,9.35,2.98,0,63,11.86,21.83,0,98.32,suburban,homecare,festival,63
186,4,0,0,4.98,2.99,1,68,6.24,21.96,12.89,97.65,rural,personalcare,none,47
186,4,0,0,3.43,13.43,0,155,4,22.3,8.24,104.97,suburban,beverages,sports,155
186,4,0,0,4.71,0,0,79,5.54,17.46,0,99.38,rural,beverages,construction,49
186,4,0,0,10.11,1.21,0,119,11.19,18.92,1.82,96.65,urban,homecare,festival,86
186,4,0,0,4.8,2.17,0,39,4.18,25.12,0,98.31,rural,snacks,none,8
186,4,0,0,6.29,0,1,97,6.58,20.5,7.56,98.33,suburban,snacks,construction,46
186,4,0,0,6.02,0.01,0,49,7.9,27.47,7.24,94.1,rural,snacks,none,49
186,4,0,0,5.32,4.11,0,142,6.79,25.18,0,97.24,rural,fresh,festival,133
186,4,0,0,5.39,2.92,0,146,5.69,23.77,0,94.36,suburban,snacks,construction,60
186,4,0,0,3.4,22.66,1,203,3.25,23.23,10.38,103.02,urban,beverages,construction,121
186,4,0,0,8.68,25.43,0,115,7.93,11.49,11.08,99.28,urban,homecare,none,79
186,4,0,0,3.18,0,0,111,3.22,23.33,1.75,96.88,urban,personalcare,festival,111
186,4,0,0,10.68,0.23,0,99,13.32,24.01,5.99,91.73,urban,homecare,none,54
186,4,0,0,2.82,3.25,0,80,2.88,22.81,0.28,100.45,suburban,personalcare,none,42
186,4,0,0,9.18,4.39,1,85,8.7,23.55,1.27,110.33,urban,homecare,none,85
186,4,0,0,5.5,4.85,0,156,5.48,22.31,1.67,93.33,urban,snacks,sports,87
186,4,0,0,3.01,25.73,0,126,3.24,18.28,6.27,105.38,rural,snacks,none,76
186,4,0,0,5.64,0.57,0,104,6.02,19.05,6.74,96.98,rural,snacks,sports,64
186,4,0,0,3.81,3.4,0,99,4,26.37,0,92.83,urban,beverages,none,99
186,4,0,0,3.36,1.98,0,121,4.09,15.61,4.9,94.15,urban,beverages,sports,96
186,4,0,0,8.82,2.65,0,95,7.56,18.13,1.58,100.83,rural,homecare,sports,40
186,4,0,0,4.89,1.6,0,72,4.87,26.36,7.92,92.55,urban,homecare,construction,43
187,5,0,1,4.78,1.84,0,116,5.26,31.63,3.89,93.75,rural,beverages,none,103
187,5,0,1,3.73,0,0,134,4,31.54,0,107,urban,beverages,construction,113
187,5,0,1,6.44,2,0,87,5.27,25.27,1.2,88.06,suburban,homecare,sports,44
187,5,0,1,7.85,25.96,0,88,7.38,25.1,0.65,92.71,urban,homecare,none,80
187,5,0,1,4.09,0.79,0,32,4.03,25.67,6.08,96.4,suburban,personalcare,construction,26
187,5,0,1,5.47,2.35,1,141,5.44,23.66,2.75,90.87,suburban,snacks,none,86
187,5,0,1,5.95,2.23,0,139,6.65,23.64,0,93.89,rural,beverages,construction,53
187,5,0,1,4.25,0.06,0,151,4.19,19.47,7.29,93.7,suburban,beverages,sports,103
187,5,0,1,3.62,0.58,0,39,4.22,25.05,4.36,102.13,rural,snacks,construction,23
187,5,0,1,2.91,2.43,1,61,2.75,27.07,6.67,105.25,urban,personalcare,construction,43
187,5,0,1,3.82,28.84,0,260,4.16,24.65,0,104.97,urban,fresh,none,233
187,5,0,1,6.21,1.45,0,91,5.51,17.9,0,109.44,suburban,snacks,none,22
187,5,0,1,8.02,0.29,0,6,7.75,20.33,3.57,95.27,urban,homecare,none,6
187,5,0,1,3.05,3.54,0,136,2.94,20.94,3.65,95.78,urban,fresh,construction,10
187,5,0,1,5.92,3.9,0,150,5.55,25.61,8.5,95.44,urban,beverages,none,138
187,5,0,1,5.62,0.09,0,68,5.66,22.71,0,88.54,urban,fresh,none,62
187,5,0,1,3.61,9.98,1,146,3.85,22.4,0.62,100.63,rural,fresh,festival,146
187,5,0,1,9.59,1.45,1,92,9.81,20.1,0,101.76,suburban,homecare,sports,75
187,5,0,1,4.33,17.72,0,198,4.88,25,0,100.82,rural,beverages,sports,93
187,5,0,1,3.03,4.73,0,139,2.82,25,7.75,99.92,urban,personalcare,none,53
187,5,0,1,4.42,1.57,0,129,4.69,23.06,2.76,92.75,urban,fresh,festival,129
187,5,0,1,5.75,1.16,1,73,6.42,23.28,0,103.53,suburban,fresh,sports,73
187,5,0,1,4.99,1.45,0,140,5.23,24.65,0.31,102.29,urban,beverages,none,106
187,5,0,1,3.45,1.53,0,143,3.62,19.16,0,100.65,urban,snacks,sports,115
187,5,0,1,9.46,0,1,29,9.16,23.16,0,99.28,rural,homecare,none,24
187,5,0,1,5.14,2.66,0,74,5.83,19.49,13.95,93.55,suburban,fresh,none,74
187,5,0,1,5.97,12.99,0,72,6.32,24.3,3.81,101.99,urban,homecare,none,72
187,5,0,1,3,23.63,0,164,2.9,23.28,0.03,113.78,rural,snacks,sports,137
187,5,0,1,2.59,0.92,0,59,3.01,14.32,9.28,98.58,rural,fresh,none,21
187,5,0,1,4.52,3.17,1,104,4.95,24.25,2.69,101.58,suburban,personalcare,none,82
187,5,0,1,5.36,0.17,1,108,6.19,25.69,3.74,93.73,suburban,fresh,sports,57
187,5,0,1,6.76,0.63,0,137,7.86,25.82,4.5,93.5,suburban,snacks,sports,71
187,5,0,1,5.08,0.55,1,144,5.67,21.1,3.7,96.88,suburban,beverages,sports,116
187,5,0,1,7.74,2.52,0,181,6.85,23.31,3.39,105.13,suburban,beverages,festival,101
187,5,0,1,7.3,2.43,0,126,8.77,31.02,1.92,97.79,urban,homecare,none,65
188,6,0,1,7.99,3.15,1,62,8.61,29.26,9.11,96.61,suburban,homecare,none,62
188,6,0,1,5.91,4.38,0,133,4.58,23.93,5.28,91.51,rural,beverages,none,52
188,6,0,1,2.73,0,1,113,3.14,28.37,7.49,103.88,suburban,fresh,none,113
188,6,0,1,2.77,2.53,0,117,2.95,22.92,0,93.99,urban,fresh,none,112
188,6,0,1,10.08,18.29,1,57,9.64,19.15,6.23,103.86,rural,homecare,none,57
188,6,0,1,3.98,0.9,0,60,3.92,18.75,0,93.65,urban,snacks,construction,60
188,6,0,1,5.58,1.6,0,30,5.79,22.55,3.33,98.7,urban,personalcare,none,30
188,6,0,1,3.35,14.41,1,46,3.14,20.59,4.41,89.05,urban,snacks,construction,46
188,6,0,1,6.91,2.27,0,98,8.47,21.63,0,98.92,suburban,personalcare,none,76
188,6,0,1,7.21,26.25,0,204,9.17,25.49,7.35,101.96,urban,personalcare,festival,87
188,6,0,1,9.27,3.21,1,110,9.07,23.45,4.81,95.01,urban,homecare,none,37
188,6,0,1,6.13,16.16,1,141,6.63,20.65,5.14,98.5,suburban,snacks,sports,111
188,6,0,1,3.59,11.65,0,161,4.2,21.63,0.48,98.15,urban,beverages,construction,144
188,6,0,1,5.69,0,0,84,5.45,22.09,0.85,96.29,suburban,snacks,none,33
188,6,0,1,5.39,13.74,0,203,5.86,16.33,0,100.25,urban,beverages,sports,134
188,6,0,1,11.68,2.46,0,59,14.38,21.3,5.54,100.85,suburban,homecare,none,28
188,6,0,1,9.51,0,1,124,8.38,23.71,0,86.96,suburban,homecare,sports,10
188,6,0,1,4.92,22.22,0,177,3.97,24.94,2.2,93.49,urban,snacks,festival,138
188,6,0,1,4.24,2.11,0,100,4.28,22.95,0,100.05,rural,beverages,festival,100
188,6,0,1,6.1,0,0,141,7.45,24.24,1.07,93.08,suburban,beverages,festival,79
188,6,0,1,6.78,3.24,1,152,6.36,25.91,0.05,92.77,urban,beverages,none,116
188,6,0,1,4.67,2.17,0,73,5.32,13.35,1.63,104.99,suburban,personalcare,none,62
188,6,0,1,10.13,0.04,1,79,11.33,25.38,11.29,98.43,rural,homecare,none,36
188,6,0,1,7.46,1.8,0,79,7.6,17.16,0,99.16,rural,homecare,none,1
188,6,0,1,10.8,2.92,0,4,8.15,17.33,0,89.51,rural,homecare,construction,1
188,6,0,1,3.26,16.61,0,232,3.33,26.76,1.1,96.06,urban,snacks,sports,82
188,6,0,1,13.12,0.11,0,68,10,20.86,1.21,99.9,urban,homecare,none,42
188,6,0,1,6.44,1.43,0,82,5.16,18.23,5.63,102.03,suburban,personalcare,none,0
188,6,0,1,4.12,1.3,1,126,4.47,18.68,0,99.29,suburban,beverages,none,125
188,6,0,1,2.19,15.46,0,89,2.06,24.66,5.05,93.5,urban,snacks,construction,70
188,6,0,1,3.6,3.31,0,48,3.44,19.31,4.09,94.87,urban,personalcare,none,30
188,6,0,1,3.39,3.39,1,89,3.49,19.59,0,94.95,suburban,snacks,none,89
188,6,0,1,6.1,23.99,0,245,6.37,25.61,0,83.26,suburban,beverages,festival,185
188,6,0,1,4.96,0.34,0,108,6.73,34.69,6.52,92.72,urban,fresh,none,80
188,6,0,1,4.87,3.32,0,18,5.09,24.82,0,86.83,urban,personalcare,construction,18
189,0,0,0,9.05,3.05,0,93,8.46,23.05,0.72,99.37,suburban,homecare,festival,93
189,0,0,0,5.12,28.88,1,252,6.51,24.36,2.94,100.52,urban,beverages,sports,252
189,0,0,0,4.59,1.35,0,26,4.31,24.92,0.42,89.4,urban,personalcare,none,26
189,0,0,0,4.27,2.37,0,124,4.1,29.82,1.12,91.62,urban,snacks,sports,102
189,0,0,0,1.75,1.96,0,80,1.86,18.31,2.37,87.57,suburban,beverages,none,56
189,0,0,0,7.35,0.99,1,62,7.42,23.13,7.65,95.49,suburban,homecare,none,62
189,0,0,0,4.4,0.7,0,99,5.47,25.76,9.83,98.6,rural,fresh,none,49
189,0,0,0,4.38,1.82,1,145,4.93,26.62,5.73,91.25,rural,snacks,festival,79
189,0,0,0,2.87,2.7,0,63,3.33,28.64,7.24,99.7,urban,fresh,none,63
189,0,0,0,4.13,0,1,126,3.57,24.29,7.05,98.72,urban,snacks,sports,82
189,0,0,0,5.04,1.9,1,159,5.24,24.39,0,98.79,suburban,snacks,festival,95
189,0,0,0,5.6,5.06,0,149,5.22,22.01,0,91.79,suburban,snacks,sports,33
189,0,0,0,5.71,2.5,0,48,6.06,19.05,8.34,94.94,rural,fresh,construction,22
189,0,0,0,9.08,2.18,0,36,7.3,20.07,0.99,103.92,rural,homecare,none,24
189,0,0,0,4.85,3.89,0,87,6.43,18.77,1.95,100.43,suburban,fresh,none,69
189,0,0,0,4.94,4.37,0,73,4.86,22.04,13.74,94.32,suburban,fresh,construction,33
189,0,0,0,8.86,21.66,1,176,11.76,21.3,6.85,97.24,rural,homecare,festival,121
189,0,0,0,3.42,23.94,0,140,3.42,19.96,7.42,97.15,rural,snacks,none,114
189,0,0,0,6.74,0.96,1,136,8.34,17.74,0,100.43,urban,beverages,construction,79
189,0,0,0,9.65,3.98,0,121,10.66,22.42,2.04,100.02,urban,homecare,none,92
189,0,0,0,5.51,38.81,0,202,5.63,18.23,3.27,105.96,suburban,snacks,construction,162
189,0,0,0,3.18,4.82,0,152,3.85,24.03,1.14,102.09,suburban,snacks,sports,89
189,0,0,0,9.15,1.22,0,76,9.59,20.08,2.01,91.65,suburban,homecare,none,29
189,0,0,0,7.03,2.28,1,141,6.59,14.73,0,90.72,suburban,beverages,festival,111
189,0,0,0,6.55,19.42,0,137,6.58,26.45,5.65,100,rural,fresh,none,137
189,0,0,0,4.67,5.82,0,129,4.44,26.07,10.33,94.2,urban,personalcare,none,42
189,0,0,0,5.18,0,0,77,5.65,25.84,10.56,99.39,suburban,snacks,festival,77
189,0,0,0,5.11,0.89,0,10,5.73,17.92,3.54,91.92,suburban,fresh,construction,10
189,0,0,0,9.27,0.6,0,93,10.02,17.72,0,92.57,urban,homecare,construction,8
189,0,0,0,6.42,16.87,0,95,7.54,22.29,5.15,93.29,rural,snacks,none,86
189,0,0,0,5.44,2.34,1,98,5.22,18.93,0,94.71,urban,personalcare,sports,76
189,0,0,0,2.2,3.49,0,169,2.74,22.65,0,106.3,urban,fresh,festival,111
189,0,0,0,5.13,0,1,91,5.51,25.06,8.79,99.06,suburban,fresh,sports,88
189,0,0,0,4.26,3.28,0,108,3.71,16.9,5.82,105.91,suburban,fresh,sports,66
189,0,0,0,4.45,0.39,0,116,4.35,23.66,2.37,93.47,urban,snacks,sports,59
190,1,0,0,4,24.84,0,170,3.9,16.32,5.55,104.49,suburban,snacks,none,159
190,1,0,0,9.81,3.34,1,61,9.25,24.86,4.22,94.34,rural,homecare,construction,0
190,1,0,0,3.5,24.87,0,195,2.66,30.17,9.54,97.34,rural,beverages,festival,91
190,1,0,0,5.45,30.77,0,245,5.69,15.67,1.38,102.54,suburban,beverages,sports,180
190,1,0,0,7.82,4.26,0,67,8.2,15.41,0.49,100.65,urban,homecare,construction,30
190,1,0,0,6.66,1.31,0,81,6.04,21.22,2.29,103.65,suburban,fresh,none,3
190,1,0,0,8.63,13.28,0,133,9.06,20.73,1.3,98.33,suburban,homecare,construction,42
190,1,0,0,6.51,2.28,0,107,7.95,21.72,2.15,100.04,suburban,snacks,none,74
190,1,0,0,2.51,3.37,0,10,2.07,24.71,3.87,93.71,rural,personalcare,construction,10
190,1,0,0,8.41,27.84,1,132,9.81,21.17,0,97.09,urban,homecare,none,91
190,1,0,0,7.3,3.96,1,127,7.44,20.25,0,99.44,rural,fresh,none,34
190,1,0,0,4.08,2.64,1,70,4.51,18.26,5.7,93.95,urban,personalcare,none,54
190,1,0,0,4.97,27,0,223,5.16,26.18,0,104.36,urban,beverages,sports,223
190,1,0,0,5.28,25.33,0,146,4.57,20.12,5.67,99.68,urban,personalcare,none,146
190,1,0,0,9.01,24.18,0,121,9.7,29.55,8.84,97.24,urban,homecare,construction,59
190,1,0,0,4.41,1.78,1,69,4.16,24.01,0.33,97.03,urban,personalcare,none,0
190,1,0,0,1.54,4.76,0,92,1.45,33.48,7.6,96.72,suburban,personalcare,none,84
190,1,0,0,5.33,10.35,0,73,4.67,29.19,1.39,109.48,suburban,personalcare,construction,73
190,1,0,0,5,16.04,0,183,5.02,26.64,0,96.15,suburban,beverages,construction,157
190,1,0,0,3.69,1.71,1,80,4.22,20.11,4.15,99.16,urban,personalcare,construction,26
190,1,0,0,3.16,14.85,1,150,3.21,22.14,4.31,103.88,suburban,personalcare,none,66
190,1,0,0,3.52,2.47,1,147,4.28,31.77,5.51,102.45,suburban,fresh,none,90
190,1,0,0,5.6,3.26,0,136,7.1,23.52,4.23,91.5,rural,beverages,none,136
190,1,0,0,3.27,1.43,0,14,3.32,15.16,2.64,94.71,rural,snacks,none,14
190,1,0,0,3.43,0.62,1,115,3.62,29.76,5.28,94.95,suburban,snacks,festival,45
190,1,0,0,4.05,26.96,0,100,3.99,25.62,0,94.11,rural,personalcare,construction,61
190,1,0,0,3.86,0.63,0,100,3.86,24.52,0,105.47,rural,beverages,sports,100
190,1,0,0,3.61,3.2,0,88,3.58,25.33,3.57,94.08,urban,personalcare,none,33
190,1,0,0,5.27,0,1,65,6.73,26.68,1.66,81.86,suburban,personalcare,none,30
190,1,0,0,1.41,19.49,0,230,1.43,22.22,0,108.99,suburban,beverages,sports,179
190,1,0,0,4.27,1.08,0,70,3.6,14.71,0,102.47,urban,snacks,none,70
190,1,0,0,11.35,1.2,0,78,12.23,17.33,2.93,109.12,urban,homecare,construction,36
190,1,0,0,5.9,9.17,1,58,6.68,21.88,1.5,97.8,suburban,personalcare,none,58
190,1,0,0,7.23,1.96,0,75,6.98,25.55,4.36,103.26,suburban,homecare,none,16
190,1,0,0,5.01,14.47,0,168,4.72,24.99,3.2,93.33,urban,beverages,none,140
191,2,0,0,3.71,8.14,1,85,4.38,32.62,2.71,98.77,rural,personalcare,none,57
191,2,0,0,2.94,0.5,1,75,3.02,16.42,8.98,91.34,suburban,fresh,sports,75
191,2,0,0,4.07,0.02,1,56,4.21,23.2,1.82,97.92,rural,snacks,none,24
191,2,0,0,9.56,17.96,0,84,10.25,26.7,0.36,92.22,urban,homecare,construction,84
191,2,0,0,2.71,2.16,0,178,3.19,10.87,0,98.23,suburban,beverages,festival,86
191,2,0,0,4.04,1.65,0,107,4.31,23.24,5.34,103.52,urban,snacks,sports,107
191,2,0,0,5.16,3.81,0,90,5.6,15.1,11.99,102.31,rural,snacks,none,56
191,2,0,0,5.2,0,1,80,5.67,19.36,0.69,96.35,suburban,personalcare,construction,48
191,2,0,0,3.8,10.53,0,150,3.47,24.1,0.51,98.76,rural,beverages,none,112
191,2,0,0,3.38,14.81,0,127,3.51,18.2,4.99,95.39,rural,fresh,none,99
191,2,0,0,6.07,0,1,140,6.31,24.3,3.86,94.43,suburban,snacks,construction,42
191,2,0,0,5.93,17.95,1,210,5.42,22.7,6.15,97.08,urban,beverages,none,159
191,2,0,0,6.15,5.31,0,92,5.93,17.96,0,103.4,urban,fresh,none,63
191,2,0,0,4.5,21.84,0,164,4.61,21.42,7.9,91.4,rural,beverages,none,106
191,2,0,0,2.5,16.91,1,241,3.32,21.98,0,95.33,suburban,beverages,sports,182
191,2,0,0,9.93,0.41,1,85,10.69,24.23,15.39,102.3,rural,homecare,festival,76
191,2,0,0,5.16,17.01,1,128,5.9,23.03,0,98.96,urban,snacks,none,128
191,2,0,0,4.8,4.74,1,148,5.37,19.28,4.65,101.84,suburban,snacks,construction,81
191,2,0,0,2.67,3.45,1,180,2.7,24.46,0,100.97,urban,snacks,sports,106
191,2,0,0,4.08,2.02,1,128,3.6,27.99,5.56,96.58,rural,beverages,festival,128
191,2,0,0,3.49,0,0,139,5.14,24.69,3.47,100.24,suburban,snacks,festival,87
191,2,0,0,2.95,3.95,0,162,2.78,20.63,2.39,102.8,suburban,beverages,none,95
191,2,0,0,11.18,0.19,0,129,14.86,19.23,4.41,103.28,suburban,homecare,none,62
191,2,0,0,3.88,0.01,0,136,4.33,25.8,0,101.5,urban,beverages,festival,136
191,2,0,0,3.67,12.94,0,136,3.43,15.64,3.41,101.07,suburban,beverages,none,135
191,2,0,0,3.29,2.77,0,58,3.63,22.35,0,102.5,rural,fresh,construction,51
191,2,0,0,5.65,22,0,260,7.19,17.64,4.02,96.82,urban,beverages,none,171
191,2,0,0,3.23,1.44,0,112,3.52,23.59,0,90.06,suburban,beverages,none,96
191,2,0,0,4.49,3.06,0,141,3.75,31.78,0,98.82,urban,snacks,sports,63
191,2,0,0,4.01,2.81,0,95,3.47,21.35,2.3,101.66,urban,beverages,none,95
191,2,0,0,5.65,5.16,0,153,7.01,29.3,0,94.03,urban,fresh,none,38
191,2,0,0,5.68,25.55,0,149,5.02,17.91,0.43,102.42,urban,personalcare,none,88
191,2,0,0,8.17,4.03,0,57,9.67,21.76,0.34,101.55,suburban,homecare,sports,57
191,2,0,0,8.78,2.66,1,90,9.32,20.72,9.94,87.47,suburban,homecare,none,30
191,2,0,0,3.7,5.83,0,158,3.94,28.06,0,99.38,urban,beverages,sports,133
192,3,0,0,5.29,0,0,116,6.16,23.4,4.65,93.17,urban,beverages,none,92
192,3,0,0,3.32,3.94,1,156,2.89,28.4,4.67,97.04,suburban,beverages,none,96
192,3,0,0,3.07,0,0,110,3.24,20.71,6.07,89.44,suburban,snacks,construction,31
192,3,0,0,10.33,0,1,46,9.91,26.79,6.9,105.54,rural,homecare,none,37
192,3,0,0,4.15,4.29,0,158,4.89,24.76,0,89.4,urban,beverages,none,136
192,3,0,0,4.26,13.32,0,107,3.44,23.67,1.05,97.2,suburban,snacks,none,63
192,3,0,0,4.88,21.82,0,231,4.85,25.56,2.01,101.9,urban,beverages,none,225
192,3,0,0,4.54,1.81,0,30,5.1,16.1,1.9,93.06,suburban,personalcare,none,30
192,3,0,0,3.6,1.5,0,101,3.37,19.21,1.61,95.12,urban,snacks,sports,72
192,3,0,0,1.1,1.19,1,108,1.06,25.41,6.04,92.84,urban,beverages,construction,108
192,3,0,0,1.17,25.68,1,189,1.18,25,10.47,100.15,suburban,fresh,none,168
192,3,0,0,2.76,0.04,0,145,2.77,32.54,10.77,94.85,urban,snacks,festival,86
192,3,0,0,2.4,1.65,1,111,2.59,26.24,9.28,82.99,suburban,personalcare,sports,91
192,3,0,0,3.73,0,0,94,3.92,16.45,0,105.63,urban,snacks,sports,94
192,3,0,0,2.66,0.13,1,130,2.46,30.32,4.51,103.64,urban,fresh,festival,83
192,3,0,0,5.18,0.24,1,140,4.56,23.93,0,95.71,suburban,beverages,construction,72
192,3,0,0,3.67,2.72,1,110,4.23,20.14,5.23,93.9,suburban,snacks,sports,110
192,3,0,0,4.56,2.14,0,156,4.98,24.69,5.2,102.77,urban,beverages,none,156
192,3,0,0,2.37,3.12,0,50,2.21,22.43,10,95.71,suburban,personalcare,none,30
192,3,0,0,4.69,1.87,1,90,5.05,22.14,10.26,97.41,suburban,personalcare,festival,48
192,3,0,0,4.27,1.14,0,158,3.88,20.02,5.6,93.43,suburban,beverages,construction,106
192,3,0,0,7.41,2.62,1,83,7.73,25.65,7.96,88.61,rural,beverages,construction,50
192,3,0,0,5.48,0.26,1,156,7.09,16.95,3.67,92.19,urban,beverages,festival,143
192,3,0,0,2.59,13.36,1,131,2.54,29.84,3.43,99.75,rural,fresh,none,115
192,3,0,0,4.32,1.55,0,92,4.53,26.02,1.9,104.91,rural,personalcare,none,23
192,3,0,0,4.31,0.53,1,154,4.28,17.76,0,86.94,urban,fresh,festival,69
192,3,0,0,4.14,2.77,0,102,4.68,21.18,4.48,95.84,urban,fresh,none,86
192,3,0,0,4.75,21.83,0,160,5.11,21.08,5.69,89.43,urban,snacks,none,124
192,3,0,0,6.01,2.48,0,67,6.68,25.8,5.36,93.02,rural,personalcare,construction,2
192,3,0,0,4.16,0,1,71,4.85,17.34,1.93,94.33,urban,personalcare,construction,64
192,3,0,0,5.54,4.19,1,146,6.9,23.05,5.53,93.11,urban,beverages,festival,146
192,3,0,0,3.78,0.52,0,130,4.2,29.8,9.26,95.94,rural,snacks,sports,77
192,3,0,0,5.67,2.04,1,132,5.82,27.26,0.23,87.67,urban,snacks,sports,132
192,3,0,0,5.13,1.92,0,132,6.48,25.16,0,100.42,rural,snacks,festival,104
192,3,0,0,4.74,1.49,0,81,4.73,25.3,5.83,103.73,rural,snacks,none,40
193,4,0,0,6.32,0,0,62,7.51,23.38,0,100.11,suburban,fresh,none,61
193,4,0,0,5.39,0.85,0,65,4.4,20.25,5.78,97.53,suburban,snacks,sports,45
193,4,0,0,6.2,11.73,0,105,5.77,29.3,3.87,98.04,suburban,snacks,festival,63
193,4,0,0,6.06,20.26,0,193,6.04,25.04,0,94.26,suburban,fresh,construction,124
193,4,0,0,9.77,21.07,0,161,10.93,24.55,0,108.33,urban,homecare,festival,142
193,4,0,0,5.6,3.7,1,130,6.22,29.05,9.85,102.53,suburban,beverages,none,130
193,4,0,0,3.64,1.48,1,63,3.4,22.46,7.88,94.35,suburban,fresh,none,41
193,4,0,0,3.32,4.57,0,189,4.09,29.04,0,97.75,suburban,beverages,festival,90
193,4,0,0,5.3,4.19,1,111,4.43,30.73,5.44,98.62,urban,snacks,none,83
193,4,0,0,4.11,24.23,0,148,3.4,19.86,0,91.4,rural,beverages,construction,137
193,4,0,0,6.97,0,0,66,6.45,25.74,0,99.32,urban,homecare,none,66
193,4,0,0,3.82,0,0,119,3.79,18.55,1.41,99.72,suburban,snacks,sports,69
193,4,0,0,5.89,19.13,0,179,5.74,16.58,0,100.18,urban,beverages,none,179
193,4,0,0,3.15,28.22,0,210,4.1,19.67,0,92.41,urban,beverages,none,192
193,4,0,0,6.87,1.65,0,124,6.3,23.8,0.61,90.67,suburban,homecare,none,21
193,4,0,0,6.41,3.32,0,50,8.39,21.06,6,100.87,suburban,personalcare,construction,25
193,4,0,0,6.69,29.27,0,128,7.18,24.31,0.06,92.54,suburban,personalcare,sports,106
193,4,0,0,2.27,1.82,0,132,2.01,21.07,0,97.46,urban,snacks,sports,82
193,4,0,0,4.51,23.21,0,260,5.04,23.65,0,96.4,urban,beverages,sports,198
193,4,0,0,1.63,3.46,0,141,1.89,13.91,1.77,93.1,urban,fresh,festival,128
193,4,0,0,1.11,24.4,0,158,1.21,24.61,3.29,90.2,rural,snacks,festival,74
193,4,0,0,4.13,16.92,1,166,4.21,28.63,8.16,98.13,rural,fresh,festival,83
193,4,0,0,5.7,1.75,0,116,4.97,25.24,0.72,88.73,urban,personalcare,festival,95
193,4,0,0,4.34,1.74,0,131,4.53,24.39,0,95.4,urban,beverages,construction,125
193,4,0,0,4.98,0.78,1,57,4.64,30.28,5.86,101.96,urban,homecare,sports,57
193,4,0,0,7.39,0.04,1,98,7.43,21.87,6.11,92.76,suburban,snacks,none,98
193,4,0,0,10.52,4.74,0,4,11.26,19.63,5,95.5,rural,homecare,sports,4
193,4,0,0,3.14,18.46,1,129,3.56,18.11,0.19,95.88,suburban,fresh,none,129
193,4,0,0,5.21,15.13,0,149,5.88,22.45,5.25,92.41,suburban,snacks,none,123
193,4,0,0,2.52,24.29,0,194,2.75,18.19,8.15,92.22,suburban,beverages,construction,155
193,4,0,0,2.85,17.91,0,135,3.24,19.82,1.4,98.53,suburban,snacks,sports,135
193,4,0,0,2.75,17.54,0,102,2.81,25.23,9.84,99.96,suburban,personalcare,sports,102
193,4,0,0,4.85,3.55,1,147,4.86,22.48,11.66,95.28,urban,beverages,none,118
193,4,0,0,6.86,0.53,0,107,7.02,30.46,6.41,102.73,suburban,snacks,construction,28
193,4,0,0,1.58,4.63,0,141,1.89,19.01,2.4,102.1,urban,snacks,festival,103
194,5,0,1,4.72,0,1,138,4.42,23.76,8.42,102.23,rural,beverages,none,63
194,5,0,1,9.86,1.48,0,81,11.19,21.19,0.85,92.43,suburban,homecare,none,57
194,5,0,1,3.58,3.22,0,133,3.42,26.2,10.88,102.83,urban,snacks,none,43
194,5,0,1,3.21,4.94,0,119,3.52,20.86,0,95.35,suburban,fresh,sports,80
194,5,0,1,9.56,2.75,1,81,10.9,26.76,4.55,105.15,suburban,homecare,festival,81
194,5,0,1,4.16,19.31,0,142,3.74,29.61,0,96.5,suburban,fresh,none,117
194,5,0,1,10.27,3.36,1,77,9.2,20.97,0,88.09,urban,homecare,sports,45
194,5,0,1,5.77,0.62,0,121,6.96,23.39,7.78,90.41,urban,beverages,sports,94
194,5,0,1,2.65,25.5,0,169,2.81,24.05,0,107.43,suburban,snacks,none,97
194,5,0,1,10.13,2.24,1,49,11.79,16.76,1.53,99.92,rural,homecare,construction,29
194,5,0,1,6.96,2.6,0,27,6.55,27.99,5.9,104.44,suburban,fresh,none,27
194,5,0,1,5.83,0.09,0,63,5.47,26.36,0,96.14,rural,fresh,construction,11
194,5,0,1,5.23,2.19,0,41,5.9,23.76,4.79,94.05,suburban,homecare,construction,6
194,5,0,1,2.14,3.39,0,140,2.01,24.43,2.96,87.96,suburban,beverages,none,96
194,5,0,1,5.55,24.88,0,167,6.83,19,6.88,95.14,suburban,snacks,none,138
194,5,0,1,4.97,23.38,0,211,4.69,19.81,0,97.06,urban,personalcare,festival,84
194,5,0,1,3.19,2.58,0,97,3.16,29.44,3.21,100.53,rural,beverages,none,88
194,5,0,1,5.79,19.7,0,237,5.88,23,4.51,88.57,suburban,beverages,sports,178
194,5,0,1,6.14,3.69,0,142,7.02,19.87,0,94.79,suburban,beverages,festival,97
194,5,0,1,7.15,0.99,0,179,7.03,25.22,3.9,95.69,urban,beverages,sports,97
194,5,0,1,4.56,1.6,0,126,3.66,20.58,0,91.25,urban,snacks,construction,58
194,5,0,1,8.64,4.08,0,56,9.48,21.25,0,89.33,rural,homecare,festival,41
194,5,0,1,3.21,0.71,1,145,3.96,23.29,12.1,96.56,urban,personalcare,festival,92
194,5,0,1,8.09,1.36,0,56,7.26,23.68,0,85.97,suburban,homecare,none,20
194,5,0,1,3.8,0.06,0,139,3.87,25.08,7.9,102.8,urban,fresh,none,46
194,5,0,1,6.68,0.4,1,91,6.11,23.53,5.49,90.52,rural,beverages,festival,91
194,5,0,1,6.28,19.23,1,55,5.06,16.14,2.75,102.21,suburban,homecare,none,55
194,5,0,1,4.74,0.73,0,193,5.39,25.36,1.7,96.34,suburban,beverages,construction,113
194,5,0,1,4.31,1.79,1,182,5.22,20.93,0.69,96.21,urban,beverages,none,90
194,5,0,1,2.98,1.74,0,66,3.51,21.09,6.74,96.14,suburban,personalcare,none,27
194,5,0,1,6.5,0.85,1,110,5.24,19.02,1.76,91.22,suburban,fresh,none,58
194,5,0,1,4.96,1.24,1,86,5.06,19.6,5.91,89.06,rural,fresh,none,77
194,5,0,1,3.93,4.02,1,120,3.7,20.36,1.99,88.2,urban,snacks,none,110
194,5,0,1,5.22,3.02,0,84,5.28,16.85,1.13,105,urban,personalcare,none,68
194,5,0,1,3.96,10.71,0,99,4.64,19.2,0.17,98,urban,personalcare,none,78
195,6,0,1,4.44,2.19,0,96,4.27,22.29,11.1,95.32,urban,snacks,none,96
195,6,0,1,3.16,10.81,0,120,3.26,22.1,0,96.13,suburban,snacks,none,90
195,6,0,1,4.63,2.02,0,89,6.02,27.43,0,97.74,suburban,snacks,sports,54
195,6,0,1,2.86,2.82,0,129,3.34,30.7,4.89,87.12,urban,beverages,none,105
195,6,0,1,5.41,2.57,0,28,6.37,20.19,0.75,96.28,suburban,fresh,construction,28
195,6,0,1,5.14,0.43,0,122,5.78,24.26,7.22,93.11,urban,snacks,sports,99
195,6,0,1,5.08,1.66,0,139,5.78,23.14,8.45,95.71,rural,beverages,festival,93
195,6,0,1,8.02,4.25,0,31,8.81,20.94,3.7,100.01,suburban,homecare,none,31
195,6,0,1,3.57,4.04,0,102,3.53,19.46,4.49,92.5,suburban,snacks,none,102
195,6,0,1,1.78,0.35,0,59,2.07,16.43,15.36,98.13,rural,snacks,festival,59
195,6,0,1,3.82,17.2,1,191,4.68,21.88,7.89,93.44,suburban,beverages,none,138
195,6,0,1,6.91,19.84,0,93,9.93,21.4,0,99.69,rural,personalcare,construction,69
195,6,0,1,8.06,0.66,0,81,7.59,21.9,0,100.25,suburban,homecare,sports,57
195,6,0,1,6.11,3.69,0,56,6.02,23.3,2.68,104.85,rural,fresh,none,42
195,6,0,1,3.98,12.04,0,140,4.28,22.36,0.59,91.96,urban,fresh,none,140
195,6,0,1,4.24,0.26,0,171,4.63,23.05,9.42,94.91,urban,beverages,none,83
195,6,0,1,6.02,18.02,1,211,8.32,23.92,0.94,100.73,urban,snacks,none,172
195,6,0,1,9.24,19.5,0,50,7.97,13.81,0,93.34,rural,homecare,festival,50
195,6,0,1,4.43,5.61,0,81,4.49,23.75,2.21,102.27,suburban,fresh,construction,71
195,6,0,1,3.7,15.68,0,139,3.94,23.88,5.28,83.09,rural,beverages,none,128
195,6,0,1,5.36,20.68,0,250,5.38,22.81,1.73,99.37,urban,beverages,none,120
195,6,0,1,6.94,5.55,0,105,7.42,17.24,11.86,101.36,suburban,snacks,none,96
195,6,0,1,4.3,2.56,0,87,4.18,24.01,2.26,94.11,rural,snacks,none,67
195,6,0,1,3.3,18.81,0,168,2.77,22.27,11.56,91.6,urban,fresh,none,168
195,6,0,1,3.04,1.38,0,93,2.83,26.38,4.55,101.55,suburban,snacks,festival,67
195,6,0,1,5,0,0,118,5.34,21.7,2.95,96.47,suburban,beverages,none,118
195,6,0,1,1.29,15.1,0,163,1.49,18.06,0,106.46,suburban,beverages,construction,161
195,6,0,1,6.63,2.18,0,126,8.29,12.59,5.55,103.9,urban,beverages,sports,122
195,6,0,1,7.09,1.56,0,84,8.14,24.8,0,98.45,urban,homecare,construction,39
195,6,0,1,4.47,5.53,0,127,4.29,25.66,3.48,96.95,urban,beverages,none,127
195,6,0,1,6.61,24.35,1,213,7.19,27.08,9.18,90.6,suburban,beverages,sports,134
195,6,0,1,6.75,3.5,0,116,7.37,16.09,0,92.94,urban,beverages,construction,116
195,6,0,1,3.44,36.27,1,248,3.43,21.13,0,94.23,suburban,fresh,none,195
195,6,0,1,10.47,1.81,0,23,13.85,19.7,6.05,97.46,urban,homecare,none,23
195,6,0,1,6.41,21.65,1,240,6.56,15.2,0,92.1,urban,beverages,sports,168
196,0,0,0,3.98,20.22,0,102,4.72,24.89,0,94.47,urban,snacks,construction,102
196,0,0,0,9.25,6.17,0,50,9.77,25.2,5.4,102.68,urban,homecare,none,50
196,0,0,0,8.24,15.4,0,100,8.6,25.06,7.35,92.12,rural,homecare,festival,84
196,0,0,0,3.11,22.83,0,168,3.03,27.15,11.89,99.09,urban,fresh,sports,130
196,0,0,0,5.7,1.57,0,142,6.52,25.78,8.22,94.31,urban,beverages,none,112
196,0,0,0,9.74,12.58,0,93,7.51,22.25,5.66,97.99,suburban,homecare,none,52
196,0,0,0,3.56,0.19,0,58,3.83,28.83,3.38,97.74,rural,fresh,festival,58
196,0,0,0,1.1,0.53,0,163,1.08,23.31,4.59,97.72,suburban,beverages,festival,121
196,0,0,0,8.53,16.39,0,29,8.84,26.19,0,95.87,rural,homecare,festival,29
196,0,0,0,7.96,1.04,0,42,8.64,17.11,7.45,95.95,suburban,homecare,construction,7
196,0,0,0,7.51,23.69,0,161,8.6,24.62,3.64,103.37,suburban,homecare,festival,138
196,0,0,0,4.8,1,0,140,5.66,20.8,10.09,101.81,suburban,beverages,none,140
196,0,0,0,7.02,1.43,0,11,6.86,15.83,10.4,105.21,rural,homecare,none,11
196,0,0,0,4.58,1.29,0,76,4.61,25.97,10.69,99.91,rural,snacks,sports,76
196,0,0,0,3.02,16.7,0,81,3.38,24.57,7.43,105.08,rural,snacks,none,81
196,0,0,0,5.44,2.74,0,22,5.17,17.68,0,97.01,suburban,personalcare,construction,21
196,0,0,0,1.1,11.87,0,188,1.06,15.34,0.22,104.4,urban,fresh,none,89
196,0,0,0,8.49,27.92,1,91,8.59,23.08,5.13,96.88,rural,homecare,festival,91
196,0,0,0,5.82,25.58,1,107,6.17,20.26,10.54,96.2,urban,homecare,sports,107
196,0,0,0,3.32,23.07,1,168,3.88,18.84,4.73,101.8,urban,snacks,festival,168
196,0,0,0,2.94,0,0,37,2.83,21.91,3.51,96.22,rural,fresh,none,34
196,0,0,0,3.72,1.68,0,106,3.48,28.51,1.38,112.36,suburban,fresh,none,76
196,0,0,0,2.28,30.57,0,184,2.42,19.28,6.68,95.81,suburban,fresh,none,184
196,0,0,0,2.6,0.85,0,35,2.05,23.59,0,103.27,rural,beverages,none,35
196,0,0,0,11.13,0,1,56,10.41,15.94,9.95,97.91,suburban,homecare,none,19
196,0,0,0,4.07,1.71,0,66,3.78,15.26,8.7,98.92,rural,beverages,none,32
196,0,0,0,1.4,3.45,1,156,1.72,23.87,4.13,100.05,urban,snacks,festival,125
196,0,0,0,9.49,18.82,1,105,10.2,25.93,8.34,102.13,suburban,homecare,none,105
196,0,0,0,8.16,4.29,0,103,8.74,22.41,0,96.38,suburban,snacks,festival,63
196,0,0,0,8.57,23.51,1,116,8.53,26.74,8.83,95.16,suburban,homecare,none,88
196,0,0,0,3.63,2.41,1,174,3.7,18.55,0,100.05,suburban,snacks,festival,87
196,0,0,0,2.55,23.6,0,170,2.5,20.36,8.2,88.79,rural,beverages,festival,165
196,0,0,0,3.3,22.47,0,152,3.88,22.63,3.51,102.44,suburban,fresh,none,152
196,0,0,0,5.39,12.01,0,95,4.36,16.17,0,87.43,urban,personalcare,festival,42
196,0,0,0,3.36,4.9,1,103,3.66,23.41,2.55,101.8,suburban,beverages,construction,94
197,1,0,0,5.03,16.04,1,129,4.67,25.47,0,88.96,suburban,snacks,none,42
197,1,0,0,4.88,1.04,1,53,3.61,12.12,6.11,103.47,rural,snacks,none,53
197,1,0,0,3.95,16.42,0,134,4.54,15.71,8.21,94.4,urban,snacks,construction,110
197,1,0,0,4.46,4.12,0,85,5.45,23.63,8.03,100.09,rural,beverages,construction,57
197,1,0,0,5.61,0.73,0,134,6.25,17.54,0,99.15,suburban,beverages,none,80
197,1,0,0,7.03,0,0,73,6.21,14.73,0,96.08,suburban,fresh,none,52
197,1,0,0,7.39,5.93,0,78,9.41,20.02,5.36,86.88,urban,homecare,construction,45
197,1,0,0,8.4,0,0,65,8.55,14.28,3.05,100.5,urban,homecare,none,45
197,1,0,0,3.58,5.76,0,105,3.13,26.1,0,93.72,urban,personalcare,none,76
197,1,0,0,2.95,1.85,0,98,2.85,23.89,8.66,92.38,urban,fresh,sports,50
197,1,0,0,3.35,7.96,1,84,3.38,26.97,0,97.89,suburban,snacks,none,84
197,1,0,0,5.41,2.31,0,67,4.44,25.29,5.49,99.54,rural,snacks,none,28
197,1,0,0,2.57,2.21,0,74,2.21,20.89,12.6,96.17,suburban,personalcare,construction,40
197,1,0,0,3.05,1.18,1,138,2.78,24.89,5.25,99.59,suburban,fresh,festival,91
197,1,0,0,6.83,4.94,0,54,7.68,27.46,1.57,91.75,suburban,homecare,none,53
197,1,0,0,3.96,23.82,1,195,3.48,27.59,0,93.03,rural,beverages,none,163
197,1,0,0,5.04,0.86,0,66,5.6,22.32,0,103.91,urban,fresh,none,51
197,1,0,0,4.74,10.16,0,112,4.21,26.72,0,91.8,suburban,personalcare,construction,18
197,1,0,0,3.65,0.99,0,62,3.82,21.19,2.99,90.91,rural,beverages,none,62
197,1,0,0,6.16,0.47,0,112,5.25,22.82,2.45,96.66,urban,snacks,festival,103
197,1,0,0,4.95,1.73,0,141,4.95,23.17,5.38,99.6,rural,beverages,sports,97
197,1,0,0,3.45,3.25,0,145,3.73,17.72,2.9,96.89,urban,beverages,none,78
197,1,0,0,4.65,1.25,1,95,4.89,22.72,3.83,106.26,rural,fresh,festival,60
197,1,0,0,1.98,1.65,1,45,2.26,12.42,0,105.45,suburban,fresh,none,33
197,1,0,0,5.54,6.77,0,126,3.89,18.54,0.56,93.65,suburban,snacks,none,88
197,1,0,0,2.81,1.04,0,55,3.21,21.83,4.73,94.62,urban,personalcare,none,37
197,1,0,0,3.76,2.86,0,91,3.41,17.63,8.55,91.96,urban,personalcare,none,48
197,1,0,0,3.02,1.8,0,37,3.18,17.6,8.47,100.5,suburban,fresh,construction,37
197,1,0,0,6.41,21.15,0,92,7.86,20.73,2.67,91.91,urban,personalcare,none,92
197,1,0,0,2.86,3.18,0,143,3.01,17.22,0,92.25,suburban,fresh,festival,121
197,1,0,0,8.78,1.81,0,71,8.85,21.23,7.59,95.89,suburban,homecare,sports,28
197,1,0,0,1.88,0,0,168,1.98,17.66,3.43,98.22,suburban,beverages,sports,102
197,1,0,0,3.61,21.47,0,89,3.91,23.34,0,96.26,suburban,personalcare,none,89
197,1,0,0,5.61,0.21,0,167,5.32,23.48,5.76,98.44,urban,beverages,sports,103
197,1,0,0,4.75,1.8,0,111,4.53,20.56,2.08,97.75,suburban,snacks,none,111
198,2,0,0,2.75,0.27,0,129,2.5,20.4,0,94.35,urban,beverages,sports,95
198,2,0,0,4.11,3.04,0,51,3.78,17.76,2.53,97.88,urban,snacks,none,51
198,2,0,0,3.66,0.45,0,41,3.55,18.62,0,105.69,suburban,fresh,none,41
198,2,0,0,2.15,27.27,0,239,2.49,20.54,5.65,88.34,urban,beverages,none,239
198,2,0,0,5.52,1.6,0,55,5.93,24.33,3.15,90.15,urban,beverages,construction,55
198,2,0,0,5.36,1.52,0,73,5.23,23.91,1.86,93.11,rural,fresh,none,28
198,2,0,0,4.22,1.44,0,98,3.68,24.19,1.59,97.54,suburban,beverages,construction,66
198,2,0,0,2.35,17.85,1,167,2.16,20.57,1.51,95.93,urban,snacks,none,107
198,2,0,0,5.66,3.8,0,73,5.81,22.32,0.09,99.42,suburban,fresh,none,73
198,2,0,0,9.58,2.75,1,83,7.19,23.91,0,91.47,suburban,homecare,none,51
198,2,0,0,5.12,2.87,0,210,6.09,24.04,2.56,91.73,urban,beverages,sports,165
198,2,0,0,4.87,7.19,0,105,5.11,16.17,4.13,99.16,urban,beverages,none,105
198,2,0,0,8.32,3.79,1,101,10.94,20.15,8.78,97.21,rural,beverages,none,101
198,2,0,0,9.6,0.46,1,60,9.11,13.54,0.69,96.59,rural,homecare,none,47
198,2,0,0,3.87,15.96,0,137,3.45,19.1,4.42,96.28,urban,fresh,sports,137
198,2,0,0,3.46,12.63,0,191,3.33,36.14,0.88,93.31,rural,beverages,sports,147
198,2,0,0,5.07,1.73,0,178,4.1,19.87,2.58,100.59,suburban,beverages,construction,141
198,2,0,0,2.25,0.81,0,136,2.62,20.1,1.7,100.94,rural,beverages,festival,121
198,2,0,0,6.79,6.47,1,69,6.23,21.53,4.28,91.32,suburban,fresh,none,55
198,2,0,0,7.86,0,0,19,7.73,21.39,4.01,91.66,suburban,homecare,sports,0
198,2,0,0,3.13,4.27,0,137,3.01,22.66,0.79,98.55,suburban,beverages,festival,129
198,2,0,0,4.33,2.23,0,110,4.63,23.62,5.2,87.76,suburban,beverages,construction,73
198,2,0,0,7.61,1.26,0,140,7.34,14.07,7.57,95.85,urban,beverages,none,87
198,2,0,0,2.98,2.4,0,128,2.82,17.63,3.85,97.82,urban,snacks,none,88
198,2,0,0,8.59,3.55,0,87,10.82,24.11,4.11,94.01,suburban,homecare,none,57
198,2,0,0,6.7,3.2,0,118,7.59,25.43,0,94.06,suburban,snacks,none,70
198,2,0,0,4.38,6.66,1,128,4.69,21.58,2.67,98.01,urban,personalcare,none,50
198,2,0,0,6.41,3.17,0,104,6.5,25.94,1.82,96.87,urban,homecare,festival,20
198,2,0,0,1.1,22.09,0,200,1.19,11.08,0,104.16,rural,beverages,none,128
198,2,0,0,5.86,4.62,0,183,6.57,18.64,3.01,93.35,rural,beverages,none,86
198,2,0,0,5.38,14.26,0,154,4.71,25.56,3.63,94.3,rural,beverages,none,88
198,2,0,0,4.83,24.39,0,108,4.92,21.82,0,91.03,suburban,personalcare,none,108
198,2,0,0,5.11,3.28,0,95,5.64,20.63,0.8,95.23,suburban,personalcare,none,34
198,2,0,0,7.94,4.29,0,191,8.51,24.62,8.18,93.47,urban,beverages,none,77
198,2,0,0,3.17,27.59,1,196,3.05,30.65,2.9,104.87,urban,fresh,construction,196
199,3,0,0,2.7,0.63,0,100,2.97,17.17,9.9,96.36,suburban,beverages,none,92
199,3,0,0,4.56,9.96,0,168,3.81,21.41,3.29,99.08,suburban,fresh,festival,105
199,3,0,0,1.1,1.37,0,72,1.12,16.87,5.15,97.21,rural,fresh,festival,71
199,3,0,0,4.01,2.88,0,101,5.04,16.85,0,101.88,suburban,fresh,sports,101
199,3,0,0,3.75,3.34,0,76,3.1,16.26,7.11,99.94,rural,snacks,none,50
199,3,0,0,5.47,3.64,0,101,5.35,22.86,7.19,86.92,rural,fresh,none,23
199,3,0,0,2.88,8.76,0,114,2.83,27.17,0,96.46,urban,beverages,none,105
199,3,0,0,5.62,26.56,0,153,6.41,20.22,4.58,96.75,suburban,snacks,none,148
199,3,0,0,3.06,17.4,0,217,3.66,20.96,5.47,98.67,suburban,snacks,festival,131
199,3,0,0,2.2,1.22,0,164,2.9,33.7,5.19,92,urban,snacks,construction,56
199,3,0,0,3.5,24.53,1,153,4,15.38,4.62,96.91,suburban,beverages,none,126
199,3,0,0,5.35,0.86,1,131,5.34,25.05,3.61,94.39,urban,fresh,none,92
199,3,0,0,5.49,20.86,1,196,5.87,18.64,8.11,99.08,suburban,fresh,none,196
199,3,0,0,7.96,2.68,0,57,8.05,19.94,5.17,94.56,suburban,homecare,festival,57
199,3,0,0,7.4,4.19,0,129,8.11,21.35,5.36,94.67,urban,fresh,festival,129
199,3,0,0,3.36,0.41,1,112,4.01,21.12,7.2,104.85,urban,snacks,none,104
199,3,0,0,3.54,17.2,1,115,3.36,22.51,8.88,86.57,urban,personalcare,none,99
199,3,0,0,3.91,0,0,132,3.45,19.64,0,98.58,urban,snacks,none,83
199,3,0,0,5.6,14.43,1,174,6.43,19.58,4.76,94.66,suburban,snacks,sports,114
199,3,0,0,7.17,24.14,1,192,6.59,23.8,1.79,97.79,suburban,fresh,sports,166
199,3,0,0,1.1,3.44,1,190,1.05,18.92,5.27,103.25,urban,beverages,sports,152
199,3,0,0,4.27,18.48,0,135,4.02,20.35,6.78,101.25,urban,personalcare,construction,47
199,3,0,0,4.47,20.02,0,157,4.64,22.6,2.77,102.25,suburban,fresh,none,120
199,3,0,0,3.95,19.02,1,192,5.05,19.17,0.09,100.4,urban,beverages,construction,192
199,3,0,0,4.73,20.62,1,190,4.62,19.3,11.9,88.01,suburban,beverages,none,173
199,3,0,0,7.74,20.64,0,203,9.05,17.54,0,110.34,urban,homecare,festival,112
199,3,0,0,7.8,2.8,0,68,10.93,18.09,11.6,101.79,suburban,homecare,construction,42
199,3,0,0,6.88,0.87,0,118,6.56,21.35,4.54,95.72,suburban,beverages,sports,91
199,3,0,0,4.95,0,0,141,4.83,23.02,3.33,94.45,urban,beverages,festival,141
199,3,0,0,6.2,2.35,0,104,6.34,23.42,0,102.24,suburban,fresh,none,66
199,3,0,0,3.92,5.09,0,127,3.99,16.88,0,91.57,urban,snacks,sports,96
199,3,0,0,3.72,22.97,0,189,2.88,21.36,5.15,104.86,suburban,fresh,none,144
199,3,0,0,4.63,0,1,124,4.29,25.9,4.76,97.82,urban,beverages,none,124
199,3,0,0,7.69,11.04,0,143,7.83,21.52,0.56,105.29,suburban,homecare,festival,77
199,3,0,0,4.19,20.83,0,202,4.55,16.15,0,94.43,rural,beverages,none,195
200,4,0,0,3.36,1.48,1,174,3.62,21.79,3.44,104.81,urban,snacks,sports,76
200,4,0,0,9.29,3.35,0,83,8.35,20.76,3.95,92.37,urban,snacks,sports,67
200,4,0,0,2.46,1.64,1,79,2.55,22.93,6.13,95.15,rural,personalcare,festival,43
200,4,0,0,9.36,17.27,0,75,10.96,16.99,4.76,98.64,urban,homecare,none,75
200,4,0,0,3.56,6.11,1,140,4,20.79,6.77,93.71,suburban,snacks,none,109
200,4,0,0,8.37,21.78,0,87,8.73,22.37,13.33,91.7,urban,homecare,sports,87
200,4,0,0,4.99,12.88,1,147,4.97,19.61,0,97.08,suburban,snacks,construction,126
200,4,0,0,2.04,30.45,0,250,2.56,17.97,3.86,110.21,suburban,beverages,none,232
200,4,0,0,2.17,1.69,0,129,2.06,26.46,1.21,91.53,urban,fresh,festival,94
200,4,0,0,6.06,9.88,0,182,6.69,18.62,0.17,98.38,urban,fresh,festival,103
200,4,0,0,3.4,2.33,1,22,3.89,22.29,5.62,98.9,rural,personalcare,none,22
200,4,0,0,3.47,8.75,0,124,3.19,22.46,2.34,102.89,suburban,snacks,none,118
200,4,0,0,10.53,2.6,0,30,10.32,22.16,1.39,94.75,suburban,homecare,festival,30
200,4,0,0,3.54,12.19,0,121,3.34,22.36,8.27,100.44,suburban,snacks,none,121
200,4,0,0,2.49,2.09,0,106,2.89,27.13,1.34,94.97,rural,beverages,none,88
200,4,0,0,4.97,2.56,1,108,5.89,26.57,2.74,98.05,urban,beverages,none,108
200,4,0,0,6.58,20.25,0,147,6.59,27.65,0,96.45,suburban,snacks,none,77
200,4,0,0,2.91,1.41,0,53,3.09,21.11,0,95.34,suburban,snacks,none,53
200,4,0,0,3.35,1.65,0,39,3.39,21.03,11.31,106.6,rural,snacks,none,39
200,4,0,0,6.46,17.77,0,145,5.96,25.08,2.41,91.05,urban,snacks,sports,145
200,4,0,0,3.94,6.71,1,37,4.24,26.26,0,94.85,rural,personalcare,none,37
200,4,0,0,4.46,1.42,1,135,4.44,22.32,0,93.22,urban,beverages,construction,58
200,4,0,0,4,1.23,1,148,3.69,18.27,11.57,99.11,suburban,beverages,festival,148
200,4,0,0,3.56,11.4,0,174,4.34,13.02,11.26,91.88,urban,beverages,festival,167
200,4,0,0,4.26,13.94,0,139,4.01,16.3,4.98,100.69,suburban,personalcare,none,38
200,4,0,0,3.03,3.3,0,66,3.36,21.81,3.53,98.83,suburban,fresh,none,66
200,4,0,0,9.73,13.16,0,76,10.11,25.2,2.69,97.74,rural,homecare,none,59
200,4,0,0,4.99,28.65,1,167,5.15,21.66,3.87,95.26,rural,snacks,none,167
200,4,0,0,4,2.55,0,86,4.21,23.25,0.81,96.74,urban,personalcare,none,35
200,4,0,0,5.04,1.37,0,34,5.97,19.83,0,93.19,urban,snacks,construction,34
200,4,0,0,3.81,2.37,0,144,3.14,21.81,3.58,96.41,suburban,beverages,festival,144
200,4,0,0,3.78,0,1,125,4.46,16.78,6.65,99.81,urban,beverages,none,106
200,4,0,0,3.64,2.24,0,113,3.34,25.28,9.62,95.35,urban,snacks,none,62
200,4,0,0,4.07,5.88,0,86,4.06,20.01,4.08,89.95,urban,homecare,none,38
200,4,0,0,6.74,1.59,0,113,7.23,20.95,0,101.77,rural,homecare,festival,51
201,5,0,1,6.6,1.16,0,82,5.8,25.04,4.98,93.9,urban,homecare,none,35
201,5,0,1,4.71,1.04,1,144,4.6,22.7,3.39,96.2,urban,beverages,none,104
201,5,0,1,3.14,0.45,1,110,3.68,32.35,7.56,102.46,urban,snacks,construction,9
201,5,0,1,5.77,3.38,0,147,6.67,22.08,0,94.2,urban,fresh,construction,112
201,5,0,1,6.59,20.72,0,193,6.95,22.68,4.95,98.1,suburban,fresh,none,114
201,5,0,1,4.65,2.32,0,124,5.1,21.85,0,101.72,urban,snacks,none,106
201,5,0,1,5.64,24.26,1,150,6.53,24.69,6.93,99.61,suburban,personalcare,none,133
201,5,0,1,1.82,8.82,0,100,2.37,19.83,2.7,89.69,rural,fresh,sports,82
201,5,0,1,7.16,2,0,4,6.95,23.67,3.54,96.42,rural,homecare,none,4
201,5,0,1,5,0.99,0,47,4.3,21.05,4.87,94.19,urban,snacks,construction,47
201,5,0,1,5.34,19.11,0,165,4.21,20.43,9.04,94.63,suburban,snacks,festival,144
201,5,0,1,1.1,12.12,0,160,1.11,25.82,3.7,99.36,urban,snacks,none,100
201,5,0,1,3.23,22.43,1,222,3.09,16.76,2.52,106.86,suburban,beverages,none,125
201,5,0,1,2.37,0,0,132,2.1,27.57,0,90.39,suburban,beverages,none,78
201,5,0,1,4.7,1.06,1,101,4.87,20.19,6.21,95.72,urban,snacks,construction,77
201,5,0,1,1.28,0.73,0,92,1.23,25.62,0,91.79,suburban,personalcare,construction,28
201,5,0,1,8.69,28.54,0,177,10.21,15.92,5.64,103.48,urban,homecare,festival,102
201,5,0,1,4.88,3.77,0,103,4.5,17.94,2.08,101.66,suburban,fresh,construction,64
201,5,0,1,3.78,20.84,0,147,3.75,20.61,0.24,92.66,suburban,snacks,none,81
201,5,0,1,2.22,0,1,29,2.3,20.47,0,106.23,rural,personalcare,construction,29
201,5,0,1,1.7,27.46,0,169,1.75,24.11,8.1,98.58,suburban,beverages,sports,169
201,5,0,1,4.79,2.12,0,78,4.2,27.31,0,90.01,urban,snacks,none,59
201,5,0,1,3.75,16.68,0,247,3.98,22.85,10.22,90.19,suburban,beverages,sports,137
201,5,0,1,3.18,5.06,1,63,3.32,26.17,0,90.69,rural,snacks,none,63
201,5,0,1,2.84,4.23,0,66,2.18,22.26,4.91,103.23,suburban,snacks,none,43
201,5,0,1,2.63,0.98,0,85,2.68,26.76,5.34,102.26,rural,fresh,construction,35
201,5,0,1,3.44,0.84,1,93,3.53,25.07,10.82,95.3,suburban,snacks,none,93
201,5,0,1,4.93,2.05,1,132,4.06,26.06,1.37,88.99,suburban,personalcare,festival,58
201,5,0,1,5.73,3.46,0,94,6.41,24.06,4,98.4,rural,beverages,none,94
201,5,0,1,7.64,0.56,0,41,5.63,25.97,3.82,94.73,suburban,homecare,none,41
201,5,0,1,2.01,2.86,0,168,1.67,18.48,0,91.16,suburban,beverages,none,41
201,5,0,1,4.9,29.69,0,164,4.93,18.32,5.04,96.48,rural,snacks,none,146
201,5,0,1,3.96,13.11,0,123,4.02,21.33,0,106.2,suburban,snacks,none,123
201,5,0,1,9.67,13.36,1,96,9.91,23,0,101.18,urban,homecare,construction,79
201,5,0,1,7.74,0.62,0,64,7.05,20.35,11.76,98.54,urban,homecare,construction,31
202,6,0,1,7.39,15.38,1,227,6.98,27.37,3.02,91.24,urban,fresh,festival,209
202,6,0,1,2.79,0,0,109,2.24,28.1,13.37,94.35,suburban,fresh,sports,63
202,6,0,1,3.42,4.51,1,158,3.96,21.55,4.76,90.98,suburban,beverages,construction,89
202,6,0,1,5.61,0.11,0,112,5.91,22.22,0,102.53,urban,personalcare,festival,76
202,6,0,1,2.18,3.55,1,207,1.89,27.78,1.32,103.09,urban,beverages,none,159
202,6,0,1,7.93,3.26,0,109,9.35,26.63,1.69,99.66,urban,homecare,none,41
202,6,0,1,6.65,5.48,1,81,5.76,29.39,0,94.59,suburban,homecare,sports,1
202,6,0,1,3.05,1.46,0,50,2.97,23.02,4.89,97.96,rural,snacks,none,29
202,6,0,1,6.56,2.6,0,61,6.95,19.46,2.04,103.03,urban,personalcare,sports,61
202,6,0,1,2.61,0.11,0,95,3.35,19.93,3.88,94.31,suburban,fresh,none,47
202,6,0,1,2.96,4.04,0,126,3.02,22.73,4.9,94.08,suburban,beverages,none,126
202,6,0,1,3.88,1.34,1,154,4.25,26.32,4.44,98.47,suburban,snacks,none,108
202,6,0,1,7.6,8.2,0,71,8.3,19.08,2.82,88.27,urban,homecare,sports,71
202,6,0,1,4.9,1.79,0,173,4.53,18.08,0,93.3,suburban,beverages,sports,77
202,6,0,1,5.61,30.46,1,174,6.09,25.07,3.54,102.95,rural,snacks,none,174
202,6,0,1,8.81,0.66,0,87,9.74,22.15,2.11,107.31,suburban,homecare,none,54
202,6,0,1,4.07,19.8,0,121,4.51,19.9,0,95.31,suburban,personalcare,construction,66
202,6,0,1,6.33,15.04,1,129,6.32,21.69,3.48,99.88,urban,personalcare,none,105
202,6,0,1,4.26,2.6,1,152,5.56,8.89,0,97.59,urban,beverages,none,111
202,6,0,1,3.79,4.49,0,107,3.56,24.83,7.65,93.81,urban,snacks,festival,73
202,6,0,1,5.64,2.96,1,130,4.9,19.65,6.7,95.31,urban,beverages,sports,127
202,6,0,1,2.48,2.06,1,83,2.69,22.06,5.12,96.74,suburban,fresh,sports,80
202,6,0,1,5.79,2.47,0,32,6.5,22.65,5.3,93,rural,fresh,none,0
202,6,0,1,5.4,0.63,0,44,5.97,20.54,2.26,85.73,rural,fresh,none,2
202,6,0,1,8.91,1.65,0,133,11.45,21.92,0,104.85,urban,homecare,festival,75
202,6,0,1,7.18,10.98,0,162,6.97,25.72,14.1,98.87,urban,beverages,none,106
202,6,0,1,3.9,3.42,1,126,4.33,23.17,0,102.2,suburban,beverages,sports,124
202,6,0,1,2.77,40.91,0,219,2.55,17.49,6.48,94.64,urban,fresh,sports,219
202,6,0,1,3.74,0.66,0,73,4.16,17.59,4.45,102.37,suburban,snacks,construction,68
202,6,0,1,3.36,1.07,1,102,3.19,22.23,8.69,96.19,suburban,beverages,none,84
202,6,0,1,1.96,17.84,1,123,2.14,16.06,3.89,106.98,rural,personalcare,none,78
202,6,0,1,10.11,0,1,85,10.45,29.83,7.57,103.43,urban,homecare,sports,85
202,6,0,1,6.48,23.64,0,125,5.43,16.39,0,99.33,suburban,homecare,none,57
202,6,0,1,7.04,21.32,0,101,6.92,25.28,0,100.28,urban,personalcare,none,101
202,6,0,1,6.6,11.95,0,159,6.53,16.57,9.67,97.43,urban,beverages,festival,159
203,0,0,0,3.36,1.94,1,111,3.92,18.8,0.69,100.49,suburban,personalcare,construction,37
203,0,0,0,4.81,33.52,0,260,4.26,25.08,3.26,87.34,urban,beverages,festival,220
203,0,0,0,4.04,2.01,0,133,4.77,14.82,0,103.7,suburban,snacks,none,67
203,0,0,0,4.13,12.21,0,61,4.7,26.26,4.33,98.19,rural,snacks,festival,61
203,0,0,0,5.63,2.42,1,64,5.24,13.95,0,91.83,rural,personalcare,none,8
203,0,0,0,5.85,0,0,33,7.9,18.78,6.32,98.43,suburban,homecare,construction,26
203,0,0,0,2.88,2.12,0,125,2.77,20.9,7.64,91.47,urban,snacks,sports,102
203,0,0,0,2.53,18.83,0,161,2.51,26.73,3.77,104.08,urban,snacks,none,110
203,0,0,0,9.79,0.94,0,38,11.35,23.31,5.19,100.59,rural,homecare,festival,38
203,0,0,0,1.49,2.15,0,103,1.7,24.27,3.95,98.6,rural,snacks,sports,14
203,0,0,0,8.43,0.89,0,84,8.59,24.76,1.38,85.93,suburban,homecare,construction,58
203,0,0,0,4.04,1.76,0,138,3.53,14.08,3.35,91.64,urban,personalcare,festival,28
203,0,0,0,3.81,33.96,0,197,4.23,21.97,0,90.53,suburban,beverages,none,197
203,0,0,0,2.92,2.99,1,96,2.78,25.98,2.38,103.49,suburban,fresh,none,77
203,0,0,0,3.03,17.02,0,109,2.89,19.93,5.72,88.02,suburban,personalcare,none,48
203,0,0,0,4.21,14.66,0,122,4.07,20.84,4.34,97.46,urban,snacks,none,122
203,0,0,0,3.5,11.71,1,123,3.93,18.38,12.6,100.35,urban,personalcare,none,78
203,0,0,0,4.51,9.45,0,139,4.59,22.85,5.68,97.76,suburban,beverages,construction,88
203,0,0,0,1.88,1.71,0,164,2.02,26.36,5.52,106.76,urban,beverages,festival,164
203,0,0,0,4.08,10.33,0,89,4.27,19.78,2.56,92.65,rural,snacks,construction,71
203,0,0,0,5.24,3.9,0,119,5.37,15.02,9.05,100.69,urban,snacks,sports,118
203,0,0,0,9.76,0,1,107,11.92,19.05,0,102.94,suburban,homecare,festival,107
203,0,0,0,9.81,8.12,1,81,8.43,18.26,0,98.17,suburban,homecare,none,55
203,0,0,0,8.72,9.48,0,5,7.32,15.01,10.29,100.41,rural,homecare,construction,3
203,0,0,0,4.07,13.14,0,124,3.86,24.06,2.1,89.39,suburban,beverages,none,110
203,0,0,0,1.1,7.71,0,111,1.19,30.16,0,90.4,rural,beverages,festival,111
203,0,0,0,6.36,2.03,0,36,7.65,22.12,11.63,92.45,rural,fresh,sports,36
203,0,0,0,2.01,14.6,0,158,2.06,18.7,0.32,94.1,urban,snacks,none,107
203,0,0,0,5,29.34,0,117,4.4,15.02,1.91,100.6,suburban,snacks,none,117
203,0,0,0,10.43,1.56,0,81,9.94,19.29,4.31,90.59,suburban,homecare,sports,46
203,0,0,0,2.84,1.45,0,106,2.89,18.56,13.24,95.36,urban,beverages,construction,106
203,0,0,0,4.3,1.26,0,51,4.47,13.93,0,94.48,suburban,fresh,none,51
203,0,0,0,5.14,2.36,0,119,4.74,23.81,7.34,91.38,suburban,beverages,none,109
203,0,0,0,5.82,33.48,0,260,6.5,24.92,5,94.78,urban,fresh,none,182
203,0,0,0,9.43,20.4,0,151,8.36,11.61,6.62,101.63,suburban,homecare,none,65
204,1,0,0,5.47,0.99,0,111,5.34,15.17,5.21,97.95,urban,beverages,none,110
204,1,0,0,3.71,0.68,0,111,3.93,17.9,2.08,99.43,suburban,snacks,festival,83
204,1,0,0,7.32,8.31,0,121,7.85,19.05,0,98.68,suburban,homecare,construction,55
204,1,0,0,4.8,2.12,0,116,5.18,25.09,1.05,98.37,suburban,beverages,none,116
204,1,0,0,8.96,3.8,0,77,9.84,16.64,5.08,107,rural,homecare,none,11
204,1,0,0,9.19,20.32,1,63,9.66,13.14,3.4,100.07,urban,homecare,construction,63
204,1,0,0,4.67,3.84,0,86,4.49,24.42,0,102.36,rural,personalcare,none,42
204,1,0,0,6.26,0.82,0,46,6.79,24.53,3.86,95.32,suburban,fresh,none,37
204,1,0,0,3.87,3.3,1,132,4.11,18.48,0.29,92.11,urban,fresh,none,129
204,1,0,0,6.67,26.31,0,183,6.67,18.94,8.03,97.24,urban,snacks,festival,119
204,1,0,0,4.35,0,1,113,4.41,23,1.06,100.45,suburban,snacks,none,86
204,1,0,0,8.94,2.95,1,46,8.57,24.96,0,105.25,suburban,homecare,none,36
204,1,0,0,9.27,4.07,0,94,8.22,17.79,2.75,98.55,suburban,homecare,sports,50
204,1,0,0,11.03,1.94,0,85,12.55,15.73,8.32,101.99,urban,homecare,festival,85
204,1,0,0,3.61,19.08,0,150,3.75,27.36,6.33,101.74,rural,fresh,none,79
204,1,0,0,3.88,24.62,1,141,3.21,20.57,0,106.78,rural,snacks,none,109
204,1,0,0,2.64,2.44,0,160,2.81,24.71,3.52,88.67,urban,snacks,festival,98
204,1,0,0,6.22,2.94,0,145,6.17,20.39,0,94.82,urban,beverages,construction,108
204,1,0,0,4.56,2.84,0,135,4.68,23.43,9.59,103.07,urban,snacks,sports,135
204,1,0,0,2.56,3.8,0,81,2.82,25.4,5.34,88.89,suburban,beverages,none,81
204,1,0,0,5.36,8.54,1,90,6.84,16.9,0,91.07,suburban,snacks,none,90
204,1,0,0,4.96,2.79,1,86,5.42,16.59,0,86.74,urban,snacks,construction,69
204,1,0,0,5.03,2.34,1,180,5.26,19.49,4.52,96.6,urban,beverages,festival,104
204,1,0,0,5.63,1.69,0,103,4.96,20.8,0,96.69,urban,beverages,construction,103
204,1,0,0,5.57,2.54,0,26,5.92,22.02,3.34,98.22,suburban,personalcare,none,26
204,1,0,0,3.47,19.68,0,131,3.62,19.96,8.83,99.19,urban,snacks,none,116
204,1,0,0,6.73,22.67,0,143,6.66,19.49,0,98.37,rural,fresh,none,114
204,1,0,0,4.87,4.48,1,139,5.43,15.26,0,98.04,urban,snacks,none,78
204,1,0,0,4.86,1.81,0,23,5.52,20.52,0.03,95.01,suburban,fresh,construction,23
204,1,0,0,5.17,1.99,0,81,5.56,18.57,1.4,95.11,suburban,personalcare,none,49
204,1,0,0,3.56,1.81,1,195,3.83,18.41,0,101.84,suburban,beverages,construction,103
204,1,0,0,3.73,2.52,1,182,4.34,24.74,0.04,93.42,urban,beverages,none,137
204,1,0,0,2.61,1.54,0,78,2.98,18.72,0.69,98.21,rural,snacks,sports,78
204,1,0,0,3.78,27.56,0,177,3.57,22.96,9.77,99.82,urban,fresh,construction,157
204,1,0,0,4.65,10.37,0,135,5.32,20.17,11.84,94.71,urban,fresh,festival,106
205,2,0,0,2.47,19.65,0,163,3.09,21.75,0.63,94.88,suburban,snacks,festival,159
205,2,0,0,8.19,13.88,0,98,11.26,22.5,8.27,88.54,urban,homecare,construction,60
205,2,0,0,7.52,1.63,0,156,8.05,21.9,0,100.96,suburban,beverages,none,89
205,2,0,0,6.8,0,0,118,6.29,25.21,7.63,85.78,suburban,homecare,festival,47
205,2,0,0,2.77,6.37,0,136,3.14,18.87,2.16,101.37,rural,beverages,none,68
205,2,0,0,5.48,8.95,0,180,6.59,22.25,0,94.88,suburban,beverages,none,127
205,2,0,0,3.91,10.82,1,221,3.98,21.14,3.3,100.55,suburban,beverages,festival,216
205,2,0,0,5.81,25.57,1,179,5.57,24.48,7.66,90.14,rural,fresh,none,105
205,2,0,0,4.73,3.41,1,88,5.07,23.76,6.24,91.35,urban,personalcare,none,80
205,2,0,0,4.44,24.15,0,206,5.09,12.11,6.14,94.76,urban,beverages,none,206
205,2,0,0,5.4,1.16,1,120,4.88,16.85,2.99,95.91,urban,fresh,none,78
205,2,0,0,4.49,4.37,1,74,4.23,29.48,0.68,95.15,urban,fresh,construction,33
205,2,0,0,3.92,1.28,0,152,4.44,20.53,0,92.71,suburban,beverages,festival,118
205,2,0,0,5.74,7.63,1,178,6.1,22.96,0,101.89,urban,beverages,none,125
205,2,0,0,6.32,1.37,1,138,5.94,23.73,9.9,94.85,rural,fresh,festival,97
205,2,0,0,5.19,9.48,0,117,4.11,16.61,5.45,101.48,suburban,beverages,none,102
205,2,0,0,3.69,3.3,0,119,4.2,26.2,10,99.87,suburban,snacks,none,57
205,2,0,0,9.86,22.34,0,132,9.09,18.16,3.3,95.57,suburban,homecare,sports,60
205,2,0,0,5.8,0.53,1,131,6.98,21.9,0,98.68,urban,beverages,none,131
205,2,0,0,3.1,31.96,1,74,3.15,25.62,1.8,92,suburban,personalcare,none,74
205,2,0,0,4.2,18.31,0,194,4.76,13.43,6.7,96.38,suburban,beverages,sports,194
205,2,0,0,2.89,2.94,0,110,2.67,14.98,2.82,102.15,urban,snacks,sports,90
205,2,0,0,3.16,3.23,1,89,3.04,22.44,1.16,105.58,suburban,personalcare,none,72
205,2,0,0,3.01,0,1,80,3.33,19.65,3.44,101.27,suburban,fresh,construction,57
205,2,0,0,6.6,15.2,1,199,7.41,21.48,0,96.92,urban,beverages,none,123
205,2,0,0,4.34,24.07,0,166,4.9,17.88,0,108.37,urban,personalcare,none,88
205,2,0,0,5.38,1.91,0,59,5.07,25.48,0,94.05,urban,beverages,none,59
205,2,0,0,3.8,0.67,1,183,3.32,25.2,0,94.1,suburban,beverages,festival,135
205,2,0,0,3.32,4.5,1,124,3.21,14.7,1.5,92.31,suburban,snacks,none,68
205,2,0,0,3.03,0.86,0,76,2.9,24.27,4.27,98.39,urban,snacks,none,56
205,2,0,0,4.55,0,0,139,4.85,22.84,3.65,94.69,suburban,beverages,festival,118
205,2,0,0,5.61,17.59,0,187,5.77,16.65,0.13,94.51,rural,beverages,festival,151
205,2,0,0,4.7,3.24,1,120,4.5,22.18,1.32,91.79,urban,beverages,none,120
205,2,0,0,6.6,3.45,0,126,7.88,22.12,1.62,103.89,urban,fresh,festival,126
205,2,0,0,6.32,0.5,0,119,7.38,22.33,4.26,100.3,suburban,snacks,none,95
206,3,0,0,4.48,16.71,1,114,4.51,18.34,0.11,90.29,rural,snacks,none,92
206,3,0,0,7.06,2.33,0,62,7.93,23.43,2.96,92.97,suburban,homecare,none,55
206,3,0,0,9.1,19.8,0,96,8.26,24.87,6.32,110,rural,homecare,none,55
206,3,0,0,8.48,17.5,0,122,7.98,25.07,2.06,98.52,urban,homecare,sports,77
206,3,0,0,6.92,13.19,1,96,8.07,27.38,5.47,96.69,urban,homecare,none,96
206,3,0,0,5.58,19.69,0,178,6.29,18.12,0,101.8,rural,beverages,none,178
206,3,0,0,6.48,12.55,0,136,7.76,27.61,3.83,81.85,urban,fresh,none,134
206,3,0,0,7.42,0,1,115,7.58,23.76,1.44,101.7,urban,homecare,construction,19
206,3,0,0,4.42,18.95,0,232,5.05,22.14,0,96.38,suburban,beverages,none,182
206,3,0,0,7.48,2.05,1,127,9.18,21.04,3.61,93.19,rural,fresh,none,16
206,3,0,0,6.6,3.44,1,140,7.87,20.71,1.42,105.39,suburban,snacks,sports,120
206,3,0,0,4.89,2,1,119,4.25,20.71,8.59,94.16,urban,snacks,construction,80
206,3,0,0,4.19,1.87,0,71,3.82,16.39,2.66,98.69,suburban,personalcare,none,48
206,3,0,0,8.84,4.24,0,126,8.93,24.47,4.14,101.75,urban,homecare,festival,71
206,3,0,0,4.5,3.15,0,145,3.71,26.83,1.97,93.17,urban,beverages,none,89
206,3,0,0,3.94,1.21,1,108,4.36,22.88,0,100.04,rural,fresh,festival,44
206,3,0,0,5.35,2.09,0,119,5.07,15.2,0,97.89,urban,snacks,construction,86
206,3,0,0,5.69,31.82,1,260,6.56,15.23,0,98.57,rural,beverages,none,194
206,3,0,0,3.44,2.42,1,86,3.26,20.93,0,96.38,suburban,snacks,none,86
206,3,0,0,8.13,2.25,1,86,7.87,24.02,1.1,96.24,suburban,homecare,festival,86
206,3,0,0,7.42,1.52,0,141,8.24,22.67,0,91.55,suburban,snacks,none,89
206,3,0,0,2.89,18.44,0,78,3.99,22.4,3.17,93.93,suburban,personalcare,sports,78
206,3,0,0,10.41,3.26,1,131,11.42,22.05,5.08,103.66,urban,homecare,none,120
206,3,0,0,5.92,3.87,0,122,6.19,18.87,0,103.52,suburban,beverages,none,122
206,3,0,0,1.81,25.15,0,118,1.78,22.45,0,79.52,urban,snacks,none,115
206,3,0,0,3.95,3.97,0,115,4.3,20.13,0.61,97.74,suburban,beverages,sports,115
206,3,0,0,5.16,2.47,1,199,5.81,23.95,3.05,105.79,suburban,beverages,festival,137
206,3,0,0,4.15,1.32,0,114,4.29,22.57,0,85.63,urban,snacks,festival,96
206,3,0,0,3.28,1.17,0,89,3.31,12.64,5.67,99.52,urban,personalcare,sports,40
206,3,0,0,3.52,2.28,0,103,3.74,22.7,0,84.24,rural,snacks,none,44
206,3,0,0,4.96,0.52,0,123,5.18,21.08,3.51,98.23,rural,beverages,festival,93
206,3,0,0,1.38,1.33,0,122,1.6,22.4,1.77,94.88,suburban,beverages,none,81
206,3,0,0,2.57,0.36,0,117,2.9,19.32,4.03,94.38,suburban,personalcare,festival,68
206,3,0,0,5.59,1.4,1,68,6.09,16.72,10.64,101.69,urban,snacks,construction,68
206,3,0,0,2.57,0.05,0,60,2.86,14.81,0.07,91.94,suburban,personalcare,none,50
207,4,0,0,4.67,1.27,1,122,4.8,17.1,8.96,92.14,urban,personalcare,none,57
207,4,0,0,6.86,3.78,0,38,7.17,20.23,13.33,99.43,rural,homecare,none,4
207,4,0,0,3.92,22.93,0,172,4.56,18.53,2.07,101.81,urban,personalcare,sports,123
207,4,0,0,5.05,0.89,0,64,5.93,21.24,0.41,92.92,rural,snacks,none,59
207,4,0,0,5.91,11.53,0,165,5.46,23.25,4.09,96.85,urban,beverages,festival,120
207,4,0,0,2.31,3.7,0,74,2.42,29.17,2.39,92.42,suburban,fresh,none,71
207,4,0,0,9.22,3.12,1,68,8.49,22.6,0,107.74,suburban,homecare,none,68
207,4,0,0,4.41,21.89,0,219,5.46,23.72,1.35,93.47,urban,beverages,none,219
207,4,0,0,5.81,0,0,140,6.89,18.13,1.24,90.14,urban,fresh,none,73
207,4,0,0,5.58,1.91,1,85,6.07,22.7,2.37,99.9,rural,homecare,none,51
207,4,0,0,3.03,3.38,0,24,2.26,15.47,0,106.54,rural,personalcare,none,18
207,4,0,0,7.93,1.73,0,142,8.1,19.07,0,95.11,urban,homecare,festival,90
207,4,0,0,2.07,8.31,0,149,2.15,23.26,3.44,95.83,urban,beverages,sports,149
207,4,0,0,10.94,20.22,0,133,11.91,22.68,10.34,103.24,suburban,homecare,none,54
207,4,0,0,5.06,3.05,0,121,6.34,19.14,2.92,105.99,suburban,personalcare,none,70
207,4,0,0,4.1,3.02,0,61,3.56,25.99,3.54,92.52,rural,fresh,construction,17
207,4,0,0,3.38,4.89,1,157,3.22,19.14,6.56,97.48,urban,beverages,none,144
207,4,0,0,4.9,2.44,0,137,4.84,22.23,2.97,104.17,suburban,beverages,sports,109
207,4,0,0,3.57,18.4,1,185,4.05,17.24,2.18,97.21,suburban,fresh,sports,164
207,4,0,0,5.8,2.78,0,177,5.2,21.42,3.78,96.81,rural,beverages,sports,117
207,4,0,0,4.77,17.35,1,196,4.87,20.52,0,93.73,suburban,beverages,none,96
207,4,0,0,5.95,1.47,0,93,4.23,23.1,0.04,96.21,rural,beverages,construction,48
207,4,0,0,9.83,4.43,1,67,10.99,22.33,0,94.59,suburban,homecare,sports,67
207,4,0,0,5.66,0.92,0,80,5.76,31.04,5.84,112.11,urban,snacks,festival,80
207,4,0,0,3.77,27.66,0,150,3.49,18.84,5.99,99.62,suburban,personalcare,construction,53
207,4,0,0,7.3,2.97,0,95,6.36,15.85,3.51,90.8,urban,fresh,sports,43
207,4,0,0,3.24,15.47,0,200,3.23,20.61,0,99.75,suburban,beverages,none,125
207,4,0,0,3.8,16.15,0,128,4.1,11.59,10.29,104.37,rural,beverages,none,128
207,4,0,0,5.18,4.89,0,80,4.3,16.89,2.88,94.37,suburban,snacks,none,80
207,4,0,0,2.85,2.39,0,62,3.18,22.62,7.08,87.64,suburban,snacks,sports,62
207,4,0,0,3.92,23.9,0,109,3.03,24.71,3.76,92.71,suburban,snacks,none,109
207,4,0,0,4.66,25.21,0,181,4.71,17.42,0,98.34,suburban,snacks,sports,168
207,4,0,0,4.46,0,1,94,5.09,23.46,2.7,99.9,suburban,snacks,construction,76
207,4,0,0,7.02,3.17,0,98,8.67,15.09,0.41,98.82,suburban,beverages,sports,98
207,4,0,0,5.52,2.54,0,89,5.9,27.75,0,99.94,suburban,personalcare,festival,89
208,5,0,1,4.33,2.84,0,54,3.66,11.3,1.13,92.53,urban,personalcare,sports,44
208,5,0,1,6.46,12.06,0,191,7.18,23.49,0.28,99.73,urban,beverages,construction,156
208,5,0,1,4.28,0.33,0,132,4.33,20.6,2.78,104.72,suburban,beverages,none,109
208,5,0,1,3.57,0.88,0,64,2.59,20.01,0,105.24,suburban,snacks,none,64
208,5,0,1,2.07,17.06,1,187,2.03,21.71,2.66,92.22,suburban,snacks,none,104
208,5,0,1,8.99,3.51,0,50,9.84,23.69,2.8,86.96,suburban,homecare,construction,0
208,5,0,1,7.83,0,1,17,8.77,21.76,7.39,102.58,suburban,homecare,none,17
208,5,0,1,11.29,9.02,0,74,12.15,26.88,2.56,99.78,suburban,homecare,none,65
208,5,0,1,5.04,2.36,0,94,5.43,11.5,0.59,94.07,suburban,fresh,sports,94
208,5,0,1,4.2,2.34,0,80,4.45,18.14,6.91,100.98,urban,snacks,sports,80
208,5,0,1,8.2,0,1,57,7.64,18.57,4.77,94.77,rural,homecare,sports,31
208,5,0,1,3,3.8,1,97,3.3,19.52,3.85,102.29,rural,personalcare,festival,74
208,5,0,1,3.58,20.87,0,151,3.27,20.87,7.43,102.1,urban,fresh,none,151
208,5,0,1,4.09,2.47,0,88,4.44,26.81,10.63,89.82,rural,beverages,festival,78
208,5,0,1,5.45,3.25,0,48,5.39,18.1,5.72,104.18,suburban,personalcare,sports,48
208,5,0,1,4.38,0.02,1,118,5.48,13.39,2.57,96.29,urban,beverages,none,76
208,5,0,1,5.04,29.27,0,190,6.22,22.84,4.48,101.22,suburban,snacks,none,137
208,5,0,1,5.22,4.94,1,110,4.62,21.53,7.22,99,suburban,personalcare,sports,35
208,5,0,1,7.94,1.24,0,53,6.18,21.62,0,107.27,urban,homecare,none,38
208,5,0,1,3.22,13.06,1,209,2.7,15.98,0,101.2,suburban,beverages,festival,155
208,5,0,1,1.45,27.34,1,208,1.39,17.64,8.57,93.23,urban,snacks,none,93
208,5,0,1,3.71,0.02,0,88,3.65,14.81,10.74,103,suburban,beverages,none,85
208,5,0,1,4.71,2.38,0,20,4.42,19.02,3.17,96.13,rural,snacks,none,20
208,5,0,1,3.77,3.22,0,66,3.22,19.96,5.97,96.13,rural,snacks,festival,45
208,5,0,1,5.79,10.21,0,185,7.68,21.52,0,96.84,urban,beverages,festival,176
208,5,0,1,3.31,2.93,0,104,3.55,21.59,0,98.28,suburban,beverages,sports,104
208,5,0,1,6.38,0.9,0,111,6.73,24.02,10.91,88.02,urban,snacks,festival,111
208,5,0,1,6.85,0.73,0,39,6.93,22.94,3.13,89.69,suburban,homecare,none,27
208,5,0,1,2.69,1.73,0,103,3.08,21.3,4.64,102.12,rural,snacks,festival,103
208,5,0,1,2.3,4.02,1,90,1.94,15,6.26,98.19,rural,beverages,none,90
208,5,0,1,4.93,2.43,0,132,5.63,19.93,7.15,112.37,suburban,beverages,none,113
208,5,0,1,5.19,2.94,0,124,5.48,15.44,0,86.57,suburban,fresh,construction,52
208,5,0,1,7.33,18.1,0,71,6.27,20.48,0,107.48,urban,homecare,none,59
208,5,0,1,5.48,2.98,0,78,6.25,13.09,0.54,95.36,rural,snacks,none,47
208,5,0,1,2.37,24.72,0,230,2.32,30.18,0,96.88,suburban,beverages,none,193
209,6,0,1,6.4,0,0,49,5.78,16.91,0.27,92.92,suburban,beverages,none,49
209,6,0,1,4.85,3.36,0,244,6.3,19.68,5.75,100.17,urban,beverages,festival,141
209,6,0,1,2.01,17.05,1,121,2.3,24.81,5.32,104.66,suburban,personalcare,sports,87
209,6,0,1,4.35,15.34,0,155,4.65,24.51,2.2,106.21,suburban,snacks,none,120
209,6,0,1,9.41,13.97,0,31,9.95,12.89,9.94,89.26,suburban,homecare,none,31
209,6,0,1,4.98,1.57,0,100,5.01,23.42,4.77,95.4,rural,fresh,festival,72
209,6,0,1,6.03,1.64,0,141,6.27,18.88,4.59,89.69,suburban,beverages,sports,100
209,6,0,1,2.36,3.66,1,193,2.12,26.18,8.86,103.83,urban,beverages,sports,158
209,6,0,1,5.24,0.62,0,120,5.6,23.17,8.32,101.85,suburban,fresh,festival,86
209,6,0,1,4.03,1.87,0,62,4.92,17.86,0,99.87,suburban,fresh,none,30
209,6,0,1,2.03,28.67,0,189,2.1,19.46,9.16,102.05,suburban,beverages,none,167
209,6,0,1,2.14,32.52,0,202,2.38,16.99,0,96.26,rural,beverages,construction,176
209,6,0,1,5.77,16.59,0,130,5.55,20.34,1.31,98.04,rural,snacks,none,83
209,6,0,1,3.47,0.48,0,48,3.4,26.24,5.89,98.77,rural,fresh,construction,24
209,6,0,1,5.87,2.14,1,121,5.61,13.69,5.2,93.29,urban,beverages,none,107
209,6,0,1,8.33,3.34,0,36,8.25,20.86,2.37,97.67,suburban,homecare,none,27
209,6,0,1,6.55,21.56,1,239,7.16,16.55,0,101.88,rural,fresh,festival,99
209,6,0,1,3.42,2.21,0,102,3.61,17.71,3.2,102.22,urban,snacks,none,102
209,6,0,1,4.18,2.03,0,58,3.84,22.23,4.39,100.32,suburban,personalcare,none,27
209,6,0,1,4.24,3.76,0,64,4.18,21.54,0,95.56,suburban,personalcare,none,41
209,6,0,1,1.6,1.55,0,142,1.5,23.4,11.1,98.19,suburban,beverages,sports,57
209,6,0,1,5.69,1.32,0,115,4.18,25.84,0.25,100.29,urban,fresh,sports,65
209,6,0,1,4.41,3.85,0,76,4.01,24.48,5.03,98,urban,snacks,construction,43
209,6,0,1,3.01,2.48,1,113,2.85,13.76,2.28,91.15,suburban,beverages,none,113
209,6,0,1,2.16,27.82,0,166,1.97,25.1,2.01,106.77,suburban,snacks,none,66
209,6,0,1,5.54,0,0,145,6.82,19.24,0,95.42,suburban,beverages,sports,88
209,6,0,1,3.34,1.82,0,130,3.87,23.97,2.48,103.65,urban,fresh,none,96
209,6,0,1,3.2,5.4,0,102,2.89,22.41,4.11,92.98,suburban,snacks,none,92
209,6,0,1,2.91,30.42,1,229,3.02,25.04,1.9,96.51,urban,snacks,none,126
209,6,0,1,7.97,2.56,0,82,6.96,17.49,0,94.01,urban,fresh,none,55
209,6,0,1,1.1,2.08,0,104,1.33,21.28,0,100.59,urban,snacks,none,92
209,6,0,1,6.83,25.62,0,56,6.25,25.34,0.69,98.43,urban,homecare,construction,52
209,6,0,1,7.8,11.71,0,109,6.84,21.03,4.59,96.81,rural,homecare,construction,16
209,6,0,1,9.61,0,1,85,10.21,19.98,6.24,101.87,urban,homecare,none,43
209,6,0,1,4.9,2.72,0,117,5.12,19.84,0,90,urban,personalcare,festival,75
210,0,0,0,3.9,0.04,0,116,4.84,21.1,4.88,98.55,rural,fresh,sports,0
210,0,0,0,2.33,0.62,1,175,2,24.7,2.09,98.98,suburban,beverages,festival,140
210,0,0,0,6.29,1.59,0,105,6.04,20.09,7.19,98.79,suburban,snacks,sports,100
210,0,0,0,5.62,34.17,0,229,4.12,25.27,2.19,96.14,urban,beverages,festival,229
210,0,0,0,7.39,6.2,0,138,6.48,19.85,8.63,89.69,urban,beverages,festival,138
210,0,0,0,1.47,11.78,1,137,1.64,17.87,5.67,89.18,suburban,snacks,none,134
210,0,0,0,5.74,2.38,0,105,6.19,19.01,2.9,96.46,urban,snacks,sports,105
210,0,0,0,3.08,3.63,1,150,3.57,26.21,4.13,101.29,urban,fresh,none,114
210,0,0,0,4.98,0.84,0,143,6.65,28.4,0,94.68,suburban,beverages,none,98
210,0,0,0,5.79,0.73,0,129,6.22,20.52,3.15,107.25,suburban,beverages,construction,61
210,0,0,0,5.49,0.6,0,103,6.02,17.77,2.03,95.1,suburban,fresh,none,44
210,0,0,0,1.99,2.27,1,97,2.25,22.33,0,96.73,suburban,beverages,construction,97
210,0,0,0,7.58,0.1,0,4,8.56,25.69,8.58,101.46,rural,homecare,sports,4
210,0,0,0,6.84,0.62,1,76,6.29,25.94,12.41,102.27,suburban,beverages,construction,76
210,0,0,0,4.82,3.17,0,162,6.29,17.1,2.78,96.18,urban,snacks,sports,108
210,0,0,0,7.6,3.66,0,52,7.88,21.77,10.52,93.72,urban,homecare,none,52
210,0,0,0,3.97,3.15,0,153,3.6,20.5,7.09,99.13,suburban,beverages,none,50
210,0,0,0,2.83,2.87,0,131,2.83,20.72,0,94.99,urban,fresh,none,65
210,0,0,0,3.25,25.46,0,160,3.31,22.76,0.2,95.12,suburban,beverages,none,160
210,0,0,0,4.54,2.19,0,76,4.86,13.19,0,106.1,rural,snacks,construction,46
210,0,0,0,4.84,22.95,1,245,5,24.74,0.27,103.19,urban,beverages,construction,167
210,0,0,0,7.83,0.58,0,38,8.11,20.47,6.9,92.85,suburban,homecare,none,6
210,0,0,0,5.8,3.02,1,91,4.78,20.86,5.64,97.39,suburban,fresh,none,59
210,0,0,0,4.19,0,0,47,4.22,18.68,2.56,93.73,rural,fresh,none,15
210,0,0,0,1.1,2.68,0,86,1.35,28.49,4.93,86.78,suburban,snacks,sports,50
210,0,0,0,5.47,8.74,1,182,6.81,27.81,6.32,99.91,suburban,snacks,sports,120
210,0,0,0,3.86,4.08,0,70,3.94,21.89,5.38,90.78,urban,fresh,construction,60
210,0,0,0,7.63,25.45,0,184,9.12,22.32,6.82,93.73,rural,snacks,festival,184
210,0,0,0,5.37,11.94,0,80,4.71,23.29,0,93.2,suburban,personalcare,construction,37
210,0,0,0,1.1,25.52,1,157,1.17,21.23,7,96.42,rural,snacks,none,96
210,0,0,0,3.99,20.38,0,115,4.24,22.8,0,98.44,suburban,snacks,none,115
210,0,0,0,3.78,0,0,44,4.63,14.44,0.37,96.36,rural,fresh,none,44
210,0,0,0,2.7,22.1,0,158,3.28,19.3,0,98.32,urban,snacks,none,158
210,0,0,0,4.47,12.19,0,114,4.96,27.33,11.74,92.71,suburban,snacks,construction,87
210,0,0,0,1.5,3.7,1,103,1.53,21.67,5.1,97.98,suburban,snacks,sports,103
211,1,0,0,4.73,0.46,1,83,4.49,14.38,1.49,103.96,suburban,beverages,none,83
211,1,0,0,7.6,21.41,0,180,9.16,22.62,7.57,91.81,urban,snacks,festival,161
211,1,0,0,5.34,0.96,1,111,4.92,16.99,0,94.17,urban,beverages,festival,98
211,1,0,0,4.3,34.56,0,159,4.7,19.31,0,88.1,suburban,snacks,construction,159
211,1,0,0,4.35,1.14,0,163,4.53,20.56,3.25,97.18,suburban,beverages,sports,117
211,1,0,0,6.42,22.53,1,182,7.72,17.5,6.5,99.11,urban,fresh,construction,182
211,1,0,0,4.91,1.94,0,98,4.94,11.51,0,103.74,urban,beverages,sports,98
211,1,0,0,6.12,1.88,0,122,6.32,24.21,3.05,103.6,urban,snacks,none,69
211,1,0,0,4.62,3.47,0,108,4.52,25.43,2.18,92.87,urban,snacks,sports,106
211,1,0,0,8.52,2.33,0,62,8.24,21.93,3.29,93.34,suburban,homecare,sports,35
211,1,0,0,6.2,20.03,0,44,5.69,15.54,5.75,103.31,suburban,personalcare,none,44
211,1,0,0,3.21,0.61,0,100,3.13,14.41,4.81,91.11,rural,personalcare,festival,58
211,1,0,0,2.99,3.66,0,120,3.55,23.63,1.74,100.08,urban,fresh,none,87
211,1,0,0,4.74,15.83,0,117,5.39,24.76,1.36,89.61,urban,snacks,construction,109
211,1,0,0,5.15,1.05,0,116,4.6,20.23,5.02,98.97,urban,beverages,none,116
211,1,0,0,2.64,6.71,1,118,2.51,23.82,6.44,93.03,suburban,beverages,none,118
211,1,0,0,3.97,1.79,0,116,4.53,18.24,3.95,99.04,suburban,beverages,festival,116
211,1,0,0,2.6,19.4,0,99,2.75,18.96,8.8,98.71,urban,snacks,construction,99
211,1,0,0,2.87,3.2,0,108,2.84,15.01,2.81,96.87,rural,beverages,festival,103
211,1,0,0,5.21,0,0,171,5.07,18.94,5.73,100.29,urban,beverages,sports,93
211,1,0,0,7.62,0.23,1,41,6.79,11.13,0.26,88.35,rural,homecare,construction,41
211,1,0,0,7.25,3.06,0,92,8.17,18.81,0,99.21,urban,homecare,none,72
211,1,0,0,4.2,4.61,0,170,4.37,17.88,5.3,98.46,suburban,beverages,sports,78
211,1,0,0,2.34,7.42,1,178,2.28,20.74,0.36,89.48,urban,personalcare,none,88
211,1,0,0,2.86,1.5,0,136,2.79,22.4,0,100.29,urban,snacks,sports,109
211,1,0,0,4.53,3.51,0,94,4.87,10.57,4.56,104.44,suburban,beverages,construction,94
211,1,0,0,3.48,0.22,0,159,3.82,22.34,3.1,92.01,urban,beverages,festival,60
211,1,0,0,4.23,0.91,1,100,4.48,18.33,0,106.88,urban,fresh,none,100
211,1,0,0,1.4,0,0,90,1.47,27.28,3.56,103.04,suburban,beverages,none,90
211,1,0,0,3.45,17.68,0,177,2.82,24.72,1.49,103.3,urban,personalcare,sports,0
211,1,0,0,3.05,1,0,81,3.54,20.02,0,99.02,rural,snacks,none,63
211,1,0,0,5.32,0,1,91,5.34,21.67,0,95.66,rural,personalcare,none,36
211,1,0,0,2.35,1.07,0,111,2.4,24.44,0,94.99,urban,beverages,none,94
211,1,0,0,3.25,2.17,1,52,3.22,25.37,3.66,98.94,suburban,snacks,construction,50
211,1,0,0,10.24,0.82,0,45,9.3,25.89,8.89,96.2,suburban,homecare,festival,33
212,2,1,0,7.27,2.38,0,173,7.12,20.65,0.92,98.04,urban,homecare,festival,40
212,2,1,0,7.29,18.31,0,131,8.02,21.47,16.68,95.43,urban,homecare,construction,114
212,2,1,0,2.85,1.67,1,150,3.08,17.21,0.98,112.64,urban,beverages,construction,59
212,2,1,0,9.06,1.71,0,130,8.71,17.74,3.36,100.87,urban,homecare,festival,54
212,2,1,0,5.45,2.05,1,95,5.79,20.49,0,94.58,suburban,homecare,sports,95
212,2,1,0,3.81,2.98,0,144,3.81,18.01,1.52,99.81,suburban,beverages,none,129
212,2,1,0,3.51,3.24,0,142,3.62,21.03,4.05,103.75,urban,beverages,sports,142
212,2,1,0,4.54,0,0,106,5.14,17.77,0,95.76,urban,fresh,none,54
212,2,1,0,4.98,10.66,0,186,4.96,29.3,0.93,91.38,urban,beverages,construction,186
212,2,1,0,3.01,2.26,1,99,2.81,25.76,0,107.02,urban,personalcare,construction,86
212,2,1,0,4.74,5.37,0,172,4.15,21.08,0,101.4,urban,beverages,sports,172
212,2,1,0,3.04,12.55,0,90,2.72,18.88,1.49,100.14,suburban,personalcare,festival,90
212,2,1,0,2.84,3.95,0,175,2.88,26.18,1.41,100.71,suburban,fresh,sports,84
212,2,1,0,4.72,0.62,0,157,4.75,26.24,0.18,98.2,rural,beverages,festival,148
212,2,1,0,4.56,23.11,0,207,4.33,18.9,4.41,95.22,urban,beverages,sports,207
212,2,1,0,3.12,2.61,0,186,3.46,23.45,0,93.98,urban,beverages,festival,152
212,2,1,0,4.85,1.09,1,105,6.74,19.02,0,97.79,rural,personalcare,none,65
212,2,1,0,3.36,0.8,0,186,3.1,28.37,8.49,96.44,urban,beverages,none,139
212,2,1,0,3.48,1.47,1,109,3.84,21.59,0,82.53,rural,snacks,sports,96
212,2,1,0,6.32,26.86,0,152,5.98,19.55,0,103.88,suburban,personalcare,sports,152
212,2,1,0,5.59,13.6,0,160,6.44,22.31,4.27,109.58,rural,fresh,none,112
212,2,1,0,1.49,0.75,1,165,1.51,19.24,0,99.73,rural,fresh,festival,72
212,2,1,0,3.04,26.54,0,211,3.74,16.94,8.22,98.01,urban,beverages,sports,211
212,2,1,0,6.06,20.68,0,246,5.39,21.09,0,93.62,urban,beverages,festival,167
212,2,1,0,2.67,0.61,0,126,2.38,23.19,2.15,88.5,suburban,snacks,none,95
212,2,1,0,5.23,0.31,1,215,5.84,23.63,0,96.04,urban,beverages,festival,172
212,2,1,0,5.8,18.46,0,169,6.23,24.75,7.13,94.77,urban,snacks,none,153
212,2,1,0,2.55,1.55,0,136,2.93,17.81,0,96.41,urban,beverages,none,85
212,2,1,0,3.47,0.86,0,118,3.49,13.97,9.98,85.07,suburban,beverages,sports,118
212,2,1,0,5.56,3.43,0,187,4.89,21.27,0,97.55,suburban,beverages,sports,62
212,2,1,0,4.97,0.52,0,90,5.11,15.6,1.86,84.49,suburban,fresh,festival,61
212,2,1,0,4.16,1.47,1,162,3.66,19.39,4.47,96.11,urban,beverages,construction,142
212,2,1,0,6.03,4.18,1,177,6.39,17.6,1.48,105.52,suburban,beverages,festival,97
212,2,1,0,4.92,1.63,1,163,4.24,20.28,5.16,96.1,urban,personalcare,festival,77
212,2,1,0,7.76,0.8,0,101,8.49,18.29,6.46,93.48,suburban,homecare,construction,37
213,3,0,0,8.06,0.5,1,83,8.54,22.31,7.4,94.25,urban,homecare,festival,80
213,3,0,0,7.51,1.13,0,55,8.68,24.96,3.3,97.42,rural,personalcare,sports,30
213,3,0,0,7.73,0.98,0,24,8.74,13.51,3.1,95.82,urban,homecare,none,19
213,3,0,0,4.92,3.49,0,83,4.87,28.09,7.94,94.59,suburban,snacks,sports,83
213,3,0,0,4.19,2.78,1,213,4.59,21.49,6.24,96.6,urban,beverages,festival,130
213,3,0,0,5.42,14.53,0,93,6.9,18.3,1.58,100.21,suburban,snacks,none,93
213,3,0,0,4.92,0.02,1,117,5.52,21.12,9.65,103.31,urban,snacks,construction,117
213,3,0,0,8.29,2.41,0,73,9.36,22.62,6.43,102.85,rural,homecare,festival,50
213,3,0,0,4.15,0,0,33,3.49,22.59,3.96,101.58,suburban,personalcare,none,33
213,3,0,0,5.39,3.42,0,157,5.9,16.99,8.63,94.25,urban,snacks,sports,110
213,3,0,0,3.41,2.56,0,87,3.38,23.75,4.51,105.87,suburban,snacks,festival,79
213,3,0,0,10.51,0.59,1,101,8.96,26.48,4.2,102.49,urban,homecare,none,59
213,3,0,0,5.88,2.8,0,60,6.3,22.54,9.09,87.23,suburban,personalcare,sports,43
213,3,0,0,3.52,25.55,0,205,3.76,17.71,0,97.35,urban,snacks,sports,146
213,3,0,0,4.18,3.18,0,171,4.76,19.85,1.74,91.9,suburban,beverages,none,84
213,3,0,0,8.02,0,0,61,9.75,21.52,0,98.17,urban,homecare,none,56
213,3,0,0,8.08,2.58,0,61,9.48,13.26,0,92.58,urban,homecare,none,42
213,3,0,0,6.19,16.55,0,140,5.09,16.33,0,103.8,urban,snacks,festival,66
213,3,0,0,4.87,2.14,1,151,4.89,16.73,0,97.52,suburban,beverages,sports,137
213,3,0,0,6.9,35.51,0,247,7.18,22.31,6.51,101.29,suburban,beverages,none,218
213,3,0,0,4.36,0.33,0,81,4.77,18.85,7.71,101.02,suburban,snacks,none,60
213,3,0,0,8.56,1.35,0,51,7.67,26.92,3.41,97.4,suburban,homecare,none,17
213,3,0,0,4.87,19.77,1,211,4.07,19.49,6.04,105.4,urban,beverages,construction,149
213,3,0,0,5.24,2.48,1,203,4.69,22.84,1.18,94.72,urban,snacks,festival,88
213,3,0,0,3.75,2.35,0,93,4.83,15.3,16.75,100.35,suburban,beverages,none,93
213,3,0,0,8.77,3.12,0,26,8.63,16.71,1.64,100.63,rural,homecare,festival,26
213,3,0,0,6.89,0,0,141,6.14,24.82,4.44,91.78,urban,beverages,none,129
213,3,0,0,4.9,1.34,1,118,5.39,22.23,5.45,92.3,urban,fresh,construction,72
213,3,0,0,8.56,4.22,0,83,7.19,22.54,0,97.54,urban,homecare,none,13
213,3,0,0,5.18,8.9,1,89,5.41,25.87,4.31,90.63,urban,homecare,festival,89
213,3,0,0,3.59,3.39,0,84,3.34,20.31,7.21,100.27,suburban,fresh,festival,84
213,3,0,0,4.14,3.77,0,68,3.95,18.27,0,93.57,rural,snacks,festival,63
213,3,0,0,1.1,1.69,0,76,1.11,16.22,0,96.72,suburban,fresh,construction,41
213,3,0,0,3.59,0.55,0,48,3.37,23.29,2.44,98.26,urban,beverages,festival,48
213,3,0,0,3.04,20.86,1,119,2.8,22.13,5.41,103.53,suburban,snacks,none,119
214,4,0,0,5.95,0.03,0,131,5.97,23.83,10.64,98,urban,snacks,festival,117
214,4,0,0,2.38,3.03,0,119,2.06,26.24,3.94,93.94,suburban,beverages,none,119
214,4,0,0,3.45,1.9,0,124,4,24.52,0,94.21,urban,snacks,none,99
214,4,0,0,4.74,1.93,0,80,4.74,21.04,0,86.95,urban,fresh,construction,75
214,4,0,0,3.03,2.25,0,186,3.42,19.46,4.09,97.6,urban,fresh,festival,72
214,4,0,0,5.5,3.56,1,175,6.33,9.8,0.64,104.16,suburban,beverages,none,118
214,4,0,0,2.64,1.28,1,62,2.75,24.9,2.26,95.85,suburban,personalcare,none,62
214,4,0,0,5.7,1.59,1,138,7.2,20.3,0,101.15,urban,personalcare,none,100
214,4,0,0,7.03,9.71,0,93,6.43,13.63,0,95.63,suburban,homecare,sports,37
214,4,0,0,9.6,29.34,0,110,9.05,16.46,5.13,93.08,urban,homecare,none,86
214,4,0,0,4.24,1.61,0,44,5,8.75,5,87.34,urban,personalcare,none,44
214,4,0,0,5.19,18.35,1,173,4.9,18.22,10.2,95.43,urban,snacks,none,109
214,4,0,0,3.57,11.17,0,107,4.88,27.2,0.08,93.73,suburban,fresh,none,57
214,4,0,0,5.45,0,1,158,5.58,24.12,7.48,96.46,urban,beverages,construction,127
214,4,0,0,5.09,0,0,37,6.28,14.77,1.03,105.17,rural,beverages,none,37
214,4,0,0,8.88,0,0,96,7.95,18.15,8.36,101.25,urban,homecare,festival,42
214,4,0,0,6.68,22.15,0,193,6.72,24.09,0,95.63,urban,fresh,none,59
214,4,0,0,5.35,0.46,0,102,4.34,14.66,0.45,96.97,suburban,fresh,sports,94
214,4,0,0,5.62,26.62,0,194,5.82,20.13,1.15,89.43,urban,fresh,construction,185
214,4,0,0,5.47,0.83,0,102,6.44,15.15,3.53,101.63,urban,fresh,festival,100
214,4,0,0,4.99,0.22,0,134,5.73,18.84,3.78,100.03,urban,snacks,festival,102
214,4,0,0,3.91,0.72,0,106,2.83,16.61,6.93,90.26,suburban,snacks,festival,67
214,4,0,0,4.19,2.8,0,91,4.46,23,4.76,94.31,urban,personalcare,none,57
214,4,0,0,3.79,3.95,0,125,4.51,19.91,0,96.74,urban,snacks,none,69
214,4,0,0,12.01,3.32,0,11,10.02,19.44,4.56,98.26,urban,homecare,construction,11
214,4,0,0,4.37,0.42,0,60,4.46,28.6,0,100.77,suburban,fresh,none,60
214,4,0,0,9.41,4.84,0,75,10.39,23.82,2.81,94.26,urban,homecare,none,36
214,4,0,0,1.41,2.56,1,74,1.31,22.06,0,104.03,urban,snacks,sports,67
214,4,0,0,6.62,0.76,0,29,5.93,15.88,1.27,94.75,urban,homecare,none,29
214,4,0,0,4.13,1.85,0,153,4.3,24.34,1.66,103.97,urban,snacks,construction,102
214,4,0,0,3.67,1.9,0,47,4.3,18.57,3.21,106.77,suburban,fresh,none,47
214,4,0,0,3.87,14.03,0,156,3.28,23.38,5.53,92.82,urban,snacks,construction,107
214,4,0,0,2.63,2.22,0,162,2.75,14.91,1.43,92.7,suburban,beverages,none,73
214,4,0,0,2.67,1.96,1,67,2.52,16.92,1.1,96.19,suburban,fresh,none,62
214,4,0,0,4.61,12.26,0,93,4.99,20.6,0.87,96.09,rural,fresh,festival,93
215,5,0,1,5.19,4.32,0,40,5.93,16.54,0,91.18,rural,snacks,none,25
215,5,0,1,3.58,1.61,0,66,3.72,17.43,0,88.21,suburban,personalcare,none,7
215,5,0,1,10.09,29,1,115,10.58,27.87,3.21,102.87,suburban,homecare,festival,115
215,5,0,1,3.41,0.65,1,135,3.7,20.16,1.34,99.98,suburban,beverages,sports,135
215,5,0,1,6.91,0,0,148,6.55,27.72,0,100.23,urban,beverages,none,108
215,5,0,1,7.26,0,0,97,7.33,15.5,0,101.73,suburban,fresh,none,47
215,5,0,1,2.94,0.35,0,119,3.03,25.46,0,96.62,suburban,fresh,construction,65
215,5,0,1,3.79,17.33,0,126,4.06,26.24,0,94.11,suburban,personalcare,none,37
215,5,0,1,4.21,16.34,0,184,4.8,14.66,0,96.22,suburban,beverages,none,138
215,5,0,1,3.11,32,0,146,3.61,28.86,0,93.66,rural,snacks,sports,146
215,5,0,1,5.55,20.81,1,198,5.45,22.73,0.52,95.19,urban,beverages,none,119
215,5,0,1,5.47,4.39,1,76,5.87,19.09,4.13,94.68,suburban,snacks,sports,76
215,5,0,1,6.94,1.45,1,145,8.05,20.34,0,93.73,suburban,beverages,construction,119
215,5,0,1,8.05,4.06,0,37,8.69,28.43,2.12,102.93,urban,homecare,construction,27
215,5,0,1,3.31,17.42,0,190,3.75,18.34,0.16,102.2,suburban,beverages,sports,178
215,5,0,1,6.19,0.32,0,95,6.5,17.47,5.33,97.23,suburban,fresh,none,19
215,5,0,1,6.06,18.23,0,45,6.75,12.62,2.73,91.14,urban,homecare,construction,45
215,5,0,1,9.39,23.69,1,117,9.44,27.19,0.7,96.46,suburban,homecare,none,84
215,5,0,1,4.5,4.9,0,118,3.64,24.82,0.59,102.15,suburban,fresh,none,68
215,5,0,1,3.18,32.64,0,153,3.68,17.74,8.06,94.19,suburban,personalcare,none,119
215,5,0,1,5.14,3.02,0,157,5.68,23.62,5.92,94.28,suburban,beverages,construction,78
215,5,0,1,5.45,2.83,0,129,5.99,18.18,0.65,99.1,suburban,snacks,none,95
215,5,0,1,6.86,4.07,1,130,7.32,20.76,0,93.99,suburban,homecare,festival,91
215,5,0,1,2.78,2.34,1,181,2.62,12.47,1.32,87.32,urban,beverages,festival,142
215,5,0,1,1.57,2.65,0,54,1.63,17.02,7.04,103.32,rural,fresh,none,54
215,5,0,1,6.95,1.69,0,121,7.09,18.03,2.28,93.22,urban,snacks,none,65
215,5,0,1,3.34,1.03,0,48,3.32,29.4,0.22,93.36,suburban,personalcare,construction,8
215,5,0,1,1.55,2.07,1,45,1.49,13.67,0,97.88,suburban,fresh,none,40
215,5,0,1,5.93,17.9,0,215,6.09,22.16,0,94.96,urban,fresh,none,79
215,5,0,1,6.51,0,1,117,6.09,21.11,4.08,104.04,suburban,homecare,none,47
215,5,0,1,3.72,3.89,0,51,5.03,17.96,11.25,103.07,suburban,fresh,construction,51
215,5,0,1,2.54,0.86,0,99,2.78,16.96,0.3,101.66,suburban,fresh,festival,61
215,5,0,1,1.29,2.33,1,69,1.19,25.38,0,95.79,rural,personalcare,none,62
215,5,0,1,8.55,1.1,0,67,8.12,16.5,0,101.72,suburban,personalcare,construction,27
215,5,0,1,1.62,3.32,0,95,1.83,26.31,1.68,97.74,rural,snacks,sports,95
216,6,0,1,8.77,1.16,0,72,8.97,30.32,5.01,102.03,urban,homecare,none,48
216,6,0,1,2.05,0,0,117,1.98,22.55,6.7,102.13,suburban,beverages,sports,97
216,6,0,1,3.86,1.73,1,74,3.72,22.05,1.91,98.44,rural,beverages,construction,74
216,6,0,1,4.73,2.82,1,94,4.98,23,7.28,98.25,suburban,beverages,sports,53
216,6,0,1,3.43,2.03,1,96,3.52,28.93,0,85.6,suburban,snacks,none,88
216,6,0,1,3.05,10.75,0,173,3.62,24.52,7.1,95.26,urban,beverages,construction,91
216,6,0,1,4.99,1.95,0,86,4.81,14.52,5.62,94.98,suburban,beverages,none,73
216,6,0,1,9.2,0.85,0,59,8.15,22.3,4.74,98.31,suburban,homecare,festival,46
216,6,0,1,3.61,1.77,0,132,3.23,21.34,0,102.05,suburban,fresh,festival,95
216,6,0,1,4.67,0.59,0,36,6.17,11.53,0,101.26,rural,personalcare,construction,1
216,6,0,1,1.1,19.95,0,169,1.1,21.37,13.31,100.2,urban,fresh,construction,90
216,6,0,1,4.82,30.41,0,169,4.71,22.77,5,105.35,rural,snacks,festival,112
216,6,0,1,4.22,22.4,0,125,4.93,13.21,0,104.5,suburban,snacks,construction,125
216,6,0,1,10.53,6.2,1,100,10.13,17.15,0,88.96,rural,homecare,construction,56
216,6,0,1,5.47,2.04,1,94,6.27,16.66,7.51,87.78,urban,snacks,none,75
216,6,0,1,5.59,18.35,1,80,6.94,19.96,3.52,98.01,rural,personalcare,none,80
216,6,0,1,4.98,4.59,0,133,4.89,20.24,3,97.49,urban,beverages,none,130
216,6,0,1,4.53,17.85,0,175,4.84,19.32,3.6,103.41,suburban,fresh,none,110
216,6,0,1,7.61,0.9,0,80,8.44,20.24,0,94.36,suburban,homecare,sports,28
216,6,0,1,2.33,6.12,1,115,2.09,15.55,10.78,100.59,suburban,fresh,construction,87
216,6,0,1,3.3,1.87,0,79,3.52,15.47,0,93.43,suburban,personalcare,none,19
216,6,0,1,3.75,32.29,0,258,4.1,22.18,7.36,97.58,urban,beverages,sports,179
216,6,0,1,5.26,2.64,1,101,4.72,19.01,0,97.34,urban,personalcare,none,77
216,6,0,1,6.48,0.41,0,84,6.28,25.8,11.79,95.15,urban,fresh,none,73
216,6,0,1,6.84,0.94,0,86,7.26,17.83,7.38,101.01,suburban,beverages,none,77
216,6,0,1,1.75,7.26,0,114,1.8,18.48,6.56,96.99,suburban,beverages,construction,106
216,6,0,1,2.9,4.34,1,131,2.95,19.69,0,85.73,urban,beverages,none,131
216,6,0,1,9.29,35.38,0,91,8.05,25.21,1.31,109.1,suburban,homecare,sports,91
216,6,0,1,7.02,2.71,0,26,7.23,23.15,2.79,86.5,rural,homecare,construction,0
216,6,0,1,3.89,0,0,78,3.31,20.64,2.03,102.07,rural,beverages,sports,78
216,6,0,1,3.21,3.51,0,19,3.38,18.91,0,92.25,rural,snacks,construction,19
216,6,0,1,5.21,4.14,0,87,5.4,20.53,0,96.57,urban,fresh,sports,76
216,6,0,1,1.91,0.3,0,155,1.46,13.65,6.89,99.87,suburban,beverages,festival,66
216,6,0,1,4.33,1.06,0,54,4.58,23.4,0,99.92,rural,fresh,none,47
216,6,0,1,6.51,25.17,0,243,6.83,18.55,4.67,95.56,suburban,beverages,none,180
217,0,0,0,2.59,0.9,1,114,2.88,18.49,13.51,91.62,suburban,beverages,none,93
217,0,0,0,5.98,9.49,0,77,6.12,18.01,8.09,99.15,suburban,snacks,none,54
217,0,0,0,4.69,2.8,0,148,4.74,24.01,0,97.49,suburban,beverages,sports,72
217,0,0,0,3.31,2.8,0,157,2.98,15.01,3.52,98.81,suburban,beverages,sports,141
217,0,0,0,3.23,0.06,0,18,3.38,24.34,0.73,88.08,suburban,personalcare,none,18
217,0,0,0,2.63,0.67,0,137,2.61,18.75,7.31,93.7,suburban,snacks,festival,94
217,0,0,0,3.44,0,0,62,2.87,14.86,1.83,103.78,urban,personalcare,none,35
217,0,0,0,3.78,1.29,0,90,5.26,17.45,2.94,91.86,urban,beverages,construction,90
217,0,0,0,3,0.67,1,105,3.25,21.88,4.9,107.27,suburban,snacks,none,63
217,0,0,0,8.73,0.62,1,75,9.85,14.07,1.22,97.16,suburban,homecare,none,72
217,0,0,0,5.04,2.97,0,67,5.33,19.84,4.51,95.54,suburban,personalcare,none,44
217,0,0,0,2.77,4.35,0,115,2.29,20.33,5.96,101.09,suburban,snacks,none,43
217,0,0,0,1.1,13.64,0,185,1.13,12.64,5.69,94.65,urban,snacks,none,121
217,0,0,0,4.32,0,0,128,4.27,13.66,4.04,96.21,urban,snacks,sports,40
217,0,0,0,5.61,0,1,120,6.35,17.25,0,99.03,urban,snacks,sports,89
217,0,0,0,4.29,21.28,0,142,4.31,22.55,5.68,98.57,urban,snacks,none,142
217,0,0,0,2.33,1.25,0,118,2.47,18.54,6.42,99.35,suburban,beverages,construction,105
217,0,0,0,3.53,5.88,0,102,3.34,22.56,0,110.46,rural,beverages,none,84
217,0,0,0,7.41,2.02,0,133,7.95,20.64,0,94.98,suburban,beverages,none,128
217,0,0,0,2.23,0.97,1,123,2.36,23.1,4.93,94.45,suburban,beverages,sports,117
217,0,0,0,2.64,24.01,0,133,2.82,14.38,0,95.27,suburban,personalcare,festival,102
217,0,0,0,5.64,8.7,0,98,5.65,16.59,5.72,103.1,suburban,beverages,none,98
217,0,0,0,5.36,1.98,1,129,5.58,20.33,0.59,98.36,urban,beverages,construction,91
217,0,0,0,5.07,18.75,0,187,4.96,15.16,11.4,99.34,urban,fresh,none,57
217,0,0,0,5.9,5.94,0,82,6.08,18.29,5.88,96.04,suburban,personalcare,none,27
217,0,0,0,3.79,1.58,0,67,4.2,15.6,5.57,95.96,urban,fresh,construction,29
217,0,0,0,4.38,2.17,0,103,4.6,23.25,6.24,98.81,suburban,beverages,none,69
217,0,0,0,3.14,3.26,0,109,2.74,10.56,3.78,104.02,urban,beverages,construction,80
217,0,0,0,2.93,1.71,1,52,3.47,18.42,11.08,95.49,rural,snacks,none,52
217,0,0,0,3.19,2.4,0,50,3.48,17.71,2.25,94.23,rural,fresh,none,36
217,0,0,0,3.02,1.07,0,90,3.45,23.45,10.16,99.34,urban,snacks,none,78
217,0,0,0,6.12,21.9,0,203,6.15,24.46,0,98.84,suburban,snacks,none,133
217,0,0,0,4.91,0.77,0,124,5.05,17.5,4.66,96.94,urban,personalcare,festival,45
217,0,0,0,4,10.18,0,185,3.96,19.76,4.11,96.2,suburban,beverages,sports,143
217,0,0,0,4.42,19.09,0,108,4.72,23.36,5.67,91.93,urban,beverages,none,108
218,1,0,0,10.81,15.28,0,128,11.36,16.05,6.73,99.11,suburban,homecare,sports,79
218,1,0,0,3.1,0.01,0,111,3.74,17.47,0,98.52,urban,beverages,none,69
218,1,0,0,2.49,2.21,0,110,2.48,17.02,9.95,91.63,suburban,personalcare,festival,48
218,1,0,0,3.77,3.94,0,55,4.09,23.2,2.29,97.33,rural,snacks,construction,0
218,1,0,0,5.67,2.99,0,86,6.73,18.32,0,98.04,suburban,personalcare,sports,79
218,1,0,0,2.59,4.87,0,55,2.86,16.63,6.03,105.87,suburban,snacks,sports,55
218,1,0,0,8.12,21.63,0,131,8.32,14.66,2.36,97.71,urban,homecare,sports,111
218,1,0,0,5.03,0.36,1,96,5.15,18.81,3.43,99.39,suburban,beverages,construction,90
218,1,0,0,3.77,1.51,1,32,4.62,16.1,0,101.12,suburban,personalcare,none,32
218,1,0,0,5.19,4.16,0,156,5,23.37,3,94.66,urban,beverages,none,128
218,1,0,0,3.57,22.39,0,183,3.88,20.04,8.74,97.22,urban,beverages,construction,183
218,1,0,0,6.57,1.97,0,59,7.42,26.54,1.64,95.62,rural,homecare,none,30
218,1,0,0,1.65,2.85,1,135,1.75,14.03,1.32,96.23,urban,snacks,none,78
218,1,0,0,2.3,12.29,1,102,2.55,25.04,3.69,98.23,urban,snacks,sports,102
218,1,0,0,2.63,2.7,0,110,2.7,15.48,5.79,101.33,rural,snacks,festival,87
218,1,0,0,6.13,0.47,0,56,4.98,27.43,3.35,93.47,suburban,beverages,none,56
218,1,0,0,4.72,21.39,1,117,4.65,4.48,4.95,100.06,suburban,snacks,construction,117
218,1,0,0,5.39,1.42,0,73,4.87,27.63,3.88,106.62,suburban,personalcare,festival,34
218,1,0,0,3.53,3,1,147,4.54,20.51,6.91,91.35,urban,fresh,none,110
218,1,0,0,2.85,2.8,0,118,2.6,23.09,1.04,85.39,suburban,fresh,none,20
218,1,0,0,4.9,34.46,0,100,5.27,26.68,2.35,93.19,urban,personalcare,construction,100
218,1,0,0,8.57,0,0,77,7.64,25.19,1.95,100.87,suburban,homecare,none,52
218,1,0,0,3.15,1.59,0,83,3.75,17.62,0,92.44,urban,fresh,construction,76
218,1,0,0,5.22,0,0,92,5,21.17,6.86,91.59,suburban,beverages,none,74
218,1,0,0,4.08,1.91,0,105,3.5,23.3,0,98.66,suburban,snacks,none,80
218,1,0,0,4.42,6.2,0,82,3.8,22.55,0.43,91.93,rural,snacks,construction,40
218,1,0,0,2.4,1.97,0,89,2.46,18.37,1.18,91.21,urban,beverages,none,67
218,1,0,0,2.81,33.12,0,209,3.08,20.04,0,101.28,suburban,snacks,festival,188
218,1,0,0,1.1,3.62,0,155,1.16,16.83,3.13,92.17,urban,snacks,festival,135
218,1,0,0,5.5,2.32,0,111,5,24.95,0,99.49,urban,snacks,sports,81
218,1,0,0,9.53,12.55,0,80,9.25,11.22,0,101.59,urban,homecare,festival,53
218,1,0,0,5.74,0,0,4,5.06,19.97,7.71,99.5,urban,personalcare,none,4
218,1,0,0,1.1,3.39,0,203,1.19,22.27,0,98.07,urban,beverages,none,150
218,1,0,0,4.2,1.04,0,88,4.72,20.37,0.26,97.16,suburban,beverages,sports,88
218,1,0,0,1.1,1.1,0,94,1.11,18.74,4.16,99.62,urban,fresh,festival,94
219,2,0,0,4.81,4.22,1,92,5.08,22.35,5.14,104.9,rural,snacks,none,86
219,2,0,0,2.21,14.17,0,156,2.58,19.56,6.94,92.16,rural,beverages,none,142
219,2,0,0,5.46,20.7,0,163,5.22,16.59,0.63,93.15,rural,beverages,none,142
219,2,0,0,3.39,14.44,0,199,3.83,20.34,0.86,102.94,rural,beverages,none,108
219,2,0,0,6.5,0.32,0,84,7.18,18.64,3.19,102.18,suburban,snacks,sports,84
219,2,0,0,3.1,4.69,0,206,3.79,19.7,3.25,89.44,urban,fresh,none,68
219,2,0,0,6.59,0.85,0,112,5.86,20.33,0.44,101.76,rural,beverages,none,112
219,2,0,0,6.38,3.01,0,96,6.02,22.75,2.68,94.04,urban,snacks,none,72
219,2,0,0,9.34,14.43,0,35,8.01,23.06,0.53,91.72,rural,homecare,none,19
219,2,0,0,7.17,2.08,0,42,6.52,21.8,0,92.87,rural,homecare,construction,9
219,2,0,0,4.43,1.21,1,121,4.68,19.36,0.93,102.27,urban,snacks,none,100
219,2,0,0,4.77,5.65,0,95,5.01,17.04,8.51,99.3,urban,beverages,none,86
219,2,0,0,6.48,13.31,0,128,6.06,23.23,3.63,91.22,suburban,fresh,construction,91
219,2,0,0,4.74,1.84,1,64,5.46,26.59,0.47,103.18,rural,personalcare,none,64
219,2,0,0,5.75,3.41,1,75,5.21,22.25,6.89,93.71,suburban,fresh,construction,50
219,2,0,0,4.93,2.58,0,90,4.64,17.64,1.36,96.71,rural,beverages,sports,90
219,2,0,0,2.73,1.08,1,95,3.14,19.4,0,89.66,suburban,fresh,construction,67
219,2,0,0,2.07,1.15,0,79,1.92,18.93,0.67,99.56,urban,fresh,none,79
219,2,0,0,8.99,15.87,1,44,8.41,17.72,6.57,94.46,rural,homecare,none,44
219,2,0,0,8.85,1.64,0,62,10.17,18.34,0,93.61,suburban,homecare,festival,52
219,2,0,0,4.05,0,0,101,4.33,19.21,3.13,94.73,urban,fresh,sports,101
219,2,0,0,3.02,2.26,0,150,2.99,22,0,99.65,suburban,beverages,none,94
219,2,0,0,2.18,18.42,1,127,2.35,14.77,9.07,100.56,rural,fresh,construction,67
219,2,0,0,7.07,19.13,1,72,6.31,18.81,4.59,100.52,rural,homecare,construction,43
219,2,0,0,1.63,2.98,0,148,1.58,21.35,0.49,105.13,urban,beverages,none,132
219,2,0,0,6.6,2.85,1,139,5.6,22.1,4.22,92.94,suburban,beverages,construction,71
219,2,0,0,4.93,18.31,1,111,5.85,20.51,0,105.22,rural,personalcare,construction,75
219,2,0,0,7.85,30.88,0,141,6.77,24.91,8.3,96.39,urban,homecare,festival,57
219,2,0,0,3.79,26.93,0,175,3.9,21.35,13.67,96.02,suburban,snacks,none,121
219,2,0,0,4.1,3.52,0,133,4.09,22.01,5.01,93.99,suburban,beverages,festival,133
219,2,0,0,6.56,11.09,1,97,6.87,15.68,2.96,94.94,rural,homecare,none,45
219,2,0,0,3.18,5.27,0,86,3.47,26.91,13.98,101.41,urban,snacks,sports,86
219,2,0,0,3.29,0,0,102,3.76,13.92,3.99,89.99,urban,snacks,none,0
219,2,0,0,4.32,13.33,0,158,4.35,19.72,0,87.5,urban,snacks,none,114
219,2,0,0,3.4,1.23,0,107,3.84,20.95,4.4,96.12,rural,beverages,construction,59
220,3,0,0,3.7,1.08,1,111,3.9,17.25,0,96.51,urban,fresh,festival,85
220,3,0,0,5.94,3.72,0,77,6.28,13.87,2.21,99.39,suburban,snacks,sports,77
220,3,0,0,3.18,3.86,0,75,3.33,26.41,3.33,87.93,rural,fresh,sports,58
220,3,0,0,3.03,11.33,0,137,2.98,29.39,4.1,94.86,rural,fresh,festival,53
220,3,0,0,5.92,5.58,0,98,4.9,16.93,0.02,92.77,rural,fresh,festival,92
220,3,0,0,2.09,1.87,0,96,2.45,15.25,3.98,104.19,suburban,fresh,none,56
220,3,0,0,7.49,1.28,0,84,7.61,19.48,10.14,100.24,suburban,homecare,festival,48
220,3,0,0,6.73,24.8,0,202,6.82,23.84,0,105.41,suburban,fresh,festival,202
220,3,0,0,4.75,1.77,0,52,4.78,19.07,0.96,98.79,rural,fresh,festival,44
220,3,0,0,9.09,3.65,0,71,9.62,14.56,5.19,97.9,urban,homecare,none,12
220,3,0,0,3.8,3.84,0,183,4.31,22.91,7.01,99.02,urban,beverages,none,61
220,3,0,0,6.57,3.21,0,49,6.8,20.93,5.02,96.09,suburban,homecare,none,35
220,3,0,0,2.37,1.58,1,168,2.67,21.08,0,89.52,urban,beverages,none,168
220,3,0,0,5.34,3.7,0,57,5.4,16.1,4.84,101.13,suburban,personalcare,none,57
220,3,0,0,3.8,4.42,0,84,3.75,24.83,0,93.06,urban,personalcare,none,65
220,3,0,0,2.69,12.14,0,65,3.07,23.01,9.48,99.54,suburban,fresh,none,65
220,3,0,0,10.52,20.58,0,130,11.52,26.74,0,92.49,urban,homecare,sports,74
220,3,0,0,5.13,2.87,1,89,5.78,23.21,0,99.82,rural,personalcare,festival,88
220,3,0,0,2.42,4.84,0,71,2.22,19.38,4.55,101.31,rural,beverages,construction,71
220,3,0,0,3.62,13.24,0,132,3.19,19.47,0,83.33,suburban,snacks,none,106
220,3,0,0,8.44,21.4,1,139,7.84,8.26,9.9,96.21,suburban,homecare,none,62
220,3,0,0,8.83,0,1,20,9.34,17.47,7.26,90.38,rural,homecare,none,20
220,3,0,0,4.39,7.31,1,75,5.16,16.81,1.95,109.48,rural,snacks,construction,75
220,3,0,0,5.11,2.7,1,103,5.09,16.03,5.18,97.5,urban,fresh,sports,102
220,3,0,0,3.84,14.28,0,136,4.27,21.57,0,96.71,suburban,beverages,none,136
220,3,0,0,3.98,1.23,0,135,3.88,12.2,3.63,93.85,urban,snacks,sports,69
220,3,0,0,5.31,2.08,0,142,5.51,18,0.95,102.37,suburban,snacks,festival,71
220,3,0,0,3.7,2.3,0,131,3.11,24.15,6.75,93.49,rural,beverages,none,103
220,3,0,0,6.44,15.58,0,47,6.33,21.99,2.59,91.61,rural,snacks,none,47
220,3,0,0,2.35,17.57,0,203,2.68,20.87,0,101.09,suburban,beverages,construction,143
220,3,0,0,7.79,0.26,0,90,6.21,19.08,0,88.07,urban,homecare,none,47
220,3,0,0,4.54,2.15,0,64,4.84,17.99,0,104.69,suburban,snacks,construction,64
220,3,0,0,4.69,0.85,0,79,4.01,28.02,0.51,103.16,urban,personalcare,none,53
220,3,0,0,1.89,9.34,0,131,2.1,21.1,0,98.52,urban,snacks,festival,131
220,3,0,0,1.1,12.14,0,131,0.99,16.78,4.65,103.9,suburban,fresh,sports,114
221,4,0,0,5.09,3.77,1,161,5.71,17.4,5.31,96.49,rural,beverages,none,131
221,4,0,0,2.34,1.94,1,137,2,24.14,2.59,91.23,rural,beverages,festival,107
221,4,0,0,2.07,20.22,0,157,2.52,20.98,3.43,99.65,rural,snacks,festival,81
221,4,0,0,6.42,0,0,114,7.22,17.91,0.06,99.41,urban,snacks,construction,40
221,4,0,0,2.48,0.12,0,92,2.73,21.15,4.48,92.22,rural,beverages,festival,78
221,4,0,0,3.21,0.62,0,71,3.39,19.52,5.54,105.44,urban,snacks,construction,71
221,4,0,0,3.95,0,1,60,4.03,22.18,3.72,104.2,urban,personalcare,none,50
221,4,0,0,4.06,5.43,1,204,4.8,21.45,0,99.39,urban,beverages,festival,133
221,4,0,0,10.41,2.07,0,70,11.41,23.32,2.79,103.64,suburban,homecare,none,59
221,4,0,0,6.06,2.23,0,111,7.58,17.9,7.17,93.1,urban,fresh,none,74
221,4,0,0,3.45,18.84,1,187,3.15,23.18,0,96.81,urban,snacks,sports,142
221,4,0,0,1.75,1.6,0,45,1.99,15.89,7.99,92.88,rural,snacks,none,15
221,4,0,0,3.26,1.12,0,114,3.22,11.52,7.52,96.79,urban,fresh,construction,29
221,4,0,0,6.2,20.39,0,229,7.04,17.58,0.03,98.86,suburban,beverages,none,112
221,4,0,0,11.1,0.91,0,56,11.44,16.78,10.65,101.33,suburban,homecare,construction,56
221,4,0,0,5.66,3.45,1,150,6.3,21.82,11.12,97.2,urban,snacks,none,94
221,4,0,0,6.44,2.31,1,4,6.71,15.78,8.81,97.94,rural,homecare,construction,4
221,4,0,0,2.1,2.35,0,15,2.17,17.55,0.52,91.78,rural,fresh,construction,13
221,4,0,0,2.38,3.08,0,67,2.27,24.42,0,98.05,urban,beverages,none,67
221,4,0,0,8.38,1.89,0,47,11.3,22.21,9.33,89.88,suburban,homecare,construction,0
221,4,0,0,1.1,28.26,0,204,0.99,25.99,2.5,97.96,urban,fresh,none,204
221,4,0,0,5.83,0,0,74,7.19,20.17,0.01,89.08,suburban,fresh,construction,16
221,4,0,0,5.4,3.18,1,179,6.4,18.21,0,99.02,suburban,fresh,sports,88
221,4,0,0,7.88,0,1,71,9.75,19.64,1.97,91.05,rural,homecare,construction,19
221,4,0,0,6.09,2.1,1,100,7.04,10.86,4.53,104.47,rural,beverages,none,59
221,4,0,0,3.1,5.92,0,87,3.23,16.96,2.18,101.67,suburban,snacks,none,87
221,4,0,0,5.06,6.07,0,120,4.94,22.65,3.69,95.49,suburban,beverages,none,79
221,4,0,0,5.42,5.2,0,126,6.24,17.8,6.91,97.87,urban,beverages,none,126
221,4,0,0,4.85,1.43,0,134,4.36,14.11,9.84,98.24,urban,snacks,sports,110
221,4,0,0,1.1,3.82,0,151,1.05,16.56,0,92.58,suburban,beverages,none,97
221,4,0,0,5.16,2.93,0,81,5.21,18.81,0,101.42,suburban,snacks,construction,55
221,4,0,0,7.85,0.95,0,52,7.33,18.5,0,94.68,rural,homecare,none,11
221,4,0,0,3.58,17.74,0,85,3.76,19.37,0,94.54,rural,snacks,none,85
221,4,0,0,5.12,13.11,0,94,5.55,21.05,4.61,101.38,rural,fresh,none,94
221,4,0,0,6.05,1.22,1,71,5.1,19.81,0,87.21,urban,snacks,construction,70
222,5,0,1,5.58,23.28,0,192,6.33,15.07,2.55,100.24,urban,snacks,none,90
222,5,0,1,6.51,18.8,0,143,6.73,21.86,5.15,97.48,urban,beverages,construction,143
222,5,0,1,5.07,1.76,0,74,6.03,16.09,0,84.86,rural,fresh,none,38
222,5,0,1,7.8,4.79,0,70,7.76,28.94,0.98,101.94,urban,homecare,construction,15
222,5,0,1,4.31,18.93,1,160,4.35,14.19,8.71,97.91,urban,beverages,none,102
222,5,0,1,3.31,2.72,0,23,3.68,20.44,4.53,90.84,suburban,personalcare,construction,23
222,5,0,1,6.04,3.35,1,107,6.14,17.4,0,97.11,urban,personalcare,none,60
222,5,0,1,3.36,22.5,0,229,3.11,21.75,8.02,97.27,urban,fresh,festival,210
222,5,0,1,8.46,28.44,0,131,9.23,18.08,4.01,98.73,urban,homecare,festival,109
222,5,0,1,9.51,20.61,0,77,8.82,14.55,8.32,100.2,urban,homecare,sports,77
222,5,0,1,10.19,23.51,0,134,10.95,22.42,0,101.48,suburban,homecare,festival,134
222,5,0,1,3.02,2.98,0,161,3.28,18.15,4.05,104.9,suburban,beverages,none,44
222,5,0,1,2.89,1.95,0,49,3.04,21.32,11.19,92.17,rural,fresh,none,32
222,5,0,1,3.4,1.03,0,97,3.39,17.28,3.15,97.96,urban,snacks,sports,97
222,5,0,1,4.72,4.48,1,46,5.14,17.69,0,80.33,suburban,personalcare,construction,46
222,5,0,1,3.38,35.95,1,243,3.93,16.75,0,91.86,suburban,fresh,construction,181
222,5,0,1,3.86,18.2,0,179,4.06,22.53,0.13,93.5,urban,snacks,none,63
222,5,0,1,5.14,18.81,1,149,5.63,13.46,5.52,83.4,urban,snacks,sports,73
222,5,0,1,5.12,22.97,1,126,4.62,27.4,0.84,106.34,rural,personalcare,none,92
222,5,0,1,8.63,5.73,1,117,6.95,14.99,0,96.85,suburban,homecare,sports,93
222,5,0,1,4.19,12.46,0,169,5.13,20.45,3.4,91.54,urban,fresh,none,105
222,5,0,1,6.53,1.28,1,122,6.15,15.54,9.88,98.8,suburban,fresh,festival,116
222,5,0,1,2.74,1.52,1,69,2.26,12.63,2.56,89.55,suburban,personalcare,construction,45
222,5,0,1,2.67,0.33,0,115,2.88,26.8,5.23,101.28,urban,snacks,sports,70
222,5,0,1,4.34,3.01,1,107,4.08,15.91,0,95.09,suburban,fresh,festival,107
222,5,0,1,3.1,6.79,0,117,2.62,16.4,3.09,100.63,rural,snacks,sports,89
222,5,0,1,8.64,1.59,0,4,7.95,22.05,7.1,89.76,suburban,homecare,none,4
222,5,0,1,2.35,2.12,1,88,2.71,15.65,0,92.58,urban,personalcare,construction,53
222,5,0,1,3.97,2.22,0,117,4.24,22.34,5.38,91.47,rural,beverages,none,117
222,5,0,1,5.9,2.32,0,172,6.04,20.02,0,91.89,urban,fresh,sports,72
222,5,0,1,9.47,3.61,1,96,10.6,15.61,0.06,106.59,urban,homecare,construction,59
222,5,0,1,3.42,0,0,69,4.13,22.98,0,97.55,rural,beverages,none,69
222,5,0,1,4.55,27.19,0,186,4.66,25.85,0,100.14,suburban,beverages,construction,168
222,5,0,1,6.23,3.33,0,121,6.48,13.2,0,88.65,urban,snacks,festival,61
222,5,0,1,5.9,1.36,0,102,5.94,19.89,7.67,94.06,urban,beverages,none,102
223,6,0,1,8.36,16.93,1,135,10.8,22.33,2.98,93.01,suburban,homecare,none,87
223,6,0,1,7.64,3.28,0,161,6.02,20.46,0.42,102.98,suburban,fresh,none,61
223,6,0,1,2.52,0,0,82,2.4,14.76,0.98,95.04,urban,beverages,sports,82
223,6,0,1,3.23,1.7,0,211,3.24,22.36,6.54,95.8,urban,snacks,festival,88
223,6,0,1,1.81,31.08,1,160,2.26,21.65,7.77,91.89,suburban,personalcare,none,99
223,6,0,1,2.05,0.18,0,97,2.02,24.35,0,101.74,urban,personalcare,none,63
223,6,0,1,2.4,22.18,0,179,2.13,17.74,8.95,92.88,suburban,beverages,festival,140
223,6,0,1,6.79,3.36,0,58,7.05,22.36,0,97.62,urban,homecare,sports,16
223,6,0,1,4.02,1.7,1,139,5.19,16.31,3.46,98.34,suburban,snacks,festival,55
223,6,0,1,4.31,4.39,0,101,4.03,18.23,1.48,99.67,urban,snacks,none,101
223,6,0,1,2.9,21.59,1,130,2.48,22.27,4.66,111.65,rural,snacks,construction,91
223,6,0,1,4.57,0.11,1,124,4.85,16.3,8.38,92.63,urban,snacks,sports,73
223,6,0,1,4.57,3.65,0,87,5.06,21.32,0,97.07,urban,personalcare,none,60
223,6,0,1,6.71,1.24,0,61,8.46,22.95,1.3,97.76,suburban,homecare,sports,45
223,6,0,1,5.09,0,0,63,4.69,18.69,0.35,107.4,suburban,snacks,none,63
223,6,0,1,3.09,30.11,0,175,3.35,17.29,0,98.17,suburban,beverages,construction,147
223,6,0,1,6.1,0.61,0,134,6.8,12.04,4.85,97.46,suburban,personalcare,festival,80
223,6,0,1,4.13,0.52,1,71,4.35,17.32,1.76,102.77,rural,snacks,sports,71
223,6,0,1,2.69,1.56,0,50,2.64,20.68,0,99.89,suburban,personalcare,none,50
223,6,0,1,3.6,3.99,0,105,4.17,7.57,14.46,94.23,rural,fresh,festival,88
223,6,0,1,4.42,0.68,1,99,4.15,23.07,1.11,99.67,rural,beverages,none,54
223,6,0,1,6.43,2.33,0,115,6.53,20.77,2.01,98.77,rural,personalcare,sports,35
223,6,0,1,3.57,22.23,0,86,4.24,21.8,1.88,88.34,suburban,personalcare,festival,62
223,6,0,1,5.18,1.17,0,104,5.45,23.77,4.06,93.48,urban,beverages,none,104
223,6,0,1,3.16,0,1,55,3.33,21.96,7.12,97.22,suburban,snacks,construction,55
223,6,0,1,4.94,1.02,0,78,5.01,19.95,2.39,96.41,urban,fresh,none,64
223,6,0,1,5.46,1.93,0,59,5.83,24.77,3.91,104.3,suburban,personalcare,none,49
223,6,0,1,4.5,14,1,98,4.11,19.37,0,95.77,urban,personalcare,construction,63
223,6,0,1,6.45,8.07,1,184,6.63,21.18,4.92,88.07,rural,beverages,none,117
223,6,0,1,1.8,3.48,0,165,2.08,14.26,0,109.02,urban,beverages,festival,154
223,6,0,1,3.33,4.13,1,126,3.81,14.36,7.35,94.14,urban,snacks,sports,126
223,6,0,1,5.11,4.96,0,139,5.1,19.01,2.82,89.68,urban,beverages,sports,122
223,6,0,1,3.72,2.59,1,85,3.83,11.35,5.53,88.69,rural,fresh,none,54
223,6,0,1,4.98,28.86,1,138,6.07,20.37,1.91,98.36,urban,personalcare,sports,138
223,6,0,1,4.46,3.23,0,63,4.9,20.79,0.26,96.87,suburban,fresh,none,63
224,0,0,0,8.17,3.58,0,65,7.72,13.15,0.62,99.64,suburban,homecare,sports,61
224,0,0,0,2.88,1.33,1,103,2.76,23.12,2.62,103.67,urban,snacks,none,103
224,0,0,0,3.72,10.57,1,162,2.77,18.12,4.38,97.64,suburban,fresh,festival,93
224,0,0,0,6.44,4.52,0,156,7.62,16.26,5.27,108.73,urban,beverages,construction,105
224,0,0,0,4.49,27.31,0,202,4.18,15.07,8.22,95.56,urban,beverages,none,198
224,0,0,0,6.42,0.3,0,21,7.36,23.31,0.48,94.78,suburban,fresh,construction,21
224,0,0,0,4.64,3.21,1,138,4.33,19.05,4.4,97.74,suburban,snacks,none,108
224,0,0,0,1.1,4.82,0,61,1.22,22.52,0,102.4,suburban,personalcare,none,61
224,0,0,0,3.6,3.91,1,131,3.91,13.12,0.31,98.2,suburban,fresh,none,37
224,0,0,0,5.37,3.01,1,145,5.18,16.99,0,95.54,urban,fresh,none,76
224,0,0,0,3.87,2.05,0,90,4.6,19.66,4.08,91.39,suburban,snacks,none,64
224,0,0,0,3.04,1.16,0,100,2.65,18.98,3.85,100.53,suburban,beverages,none,100
224,0,0,0,4.51,1.01,1,137,5.33,23.72,0,97.52,suburban,beverages,construction,137
224,0,0,0,6.48,33.85,0,256,7.5,20.21,5.02,101.36,suburban,fresh,none,236
224,0,0,0,4.24,3.31,0,112,4.89,14.2,7.3,92.65,suburban,snacks,sports,54
224,0,0,0,4.87,12.65,0,130,5.95,28.67,1.3,104.27,suburban,fresh,sports,130
224,0,0,0,4.58,4.03,0,159,5.17,16.89,0,107.41,urban,beverages,none,159
224,0,0,0,8.51,3.77,1,79,9.25,15.82,6.25,93.8,suburban,homecare,festival,79
224,0,0,0,2.88,3.94,0,114,2.94,26.94,4.22,90.76,suburban,snacks,sports,30
224,0,0,0,4.77,12.88,0,113,5.11,19.66,5.06,102.13,suburban,personalcare,festival,87
224,0,0,0,4.62,23.68,0,126,5.13,20.81,0,91.17,rural,snacks,sports,126
224,0,0,0,2.71,3.78,1,192,3.17,23.98,3.41,104.12,suburban,beverages,none,113
224,0,0,0,3.06,2.28,1,108,3.38,15.45,2.37,92.61,suburban,snacks,sports,73
224,0,0,0,3.26,21.85,0,182,3.22,21.6,0,90.07,suburban,beverages,none,153
224,0,0,0,3.59,18.97,0,97,3.62,26.68,3.99,98.62,urban,personalcare,none,83
224,0,0,0,6.31,24.31,0,136,7.08,21.98,0,104.66,suburban,homecare,none,71
224,0,0,0,4.83,30.93,1,212,6.08,26.16,14.82,97.42,urban,fresh,none,212
224,0,0,0,5.05,14.21,0,184,4.37,21.59,2.65,101.81,urban,fresh,none,102
224,0,0,0,4.51,3.26,0,91,5.22,8.8,3.99,94.78,rural,beverages,none,60
224,0,0,0,3.79,3.34,1,103,3.83,26.62,0,108.44,rural,beverages,construction,103
224,0,0,0,4.04,1.05,0,110,3.79,13.47,0.78,99.28,suburban,beverages,construction,103
224,0,0,0,3.4,1.1,1,97,3.12,13.08,2.38,96.7,urban,fresh,none,95
224,0,0,0,6.94,16.9,0,89,6.27,14.36,3.48,95.34,urban,beverages,none,89
224,0,0,0,7.64,0.56,1,210,8.25,19.7,0,99.08,urban,beverages,none,85
224,0,0,0,5.95,0.88,0,57,6.59,19.69,2.51,100.47,suburban,fresh,sports,37
225,1,0,0,2.04,3.93,1,202,1.63,11.76,6.68,96.06,urban,beverages,festival,184
225,1,0,0,2.75,9.22,1,135,2,22.76,0,103.38,urban,snacks,sports,103
225,1,0,0,6.46,21.9,0,235,6.84,20.76,2.5,93.23,urban,fresh,none,102
225,1,0,0,2.69,0.92,0,71,2.75,16.81,5.97,95.15,suburban,fresh,none,51
225,1,0,0,3.46,2.56,1,138,3.72,18.05,3.73,98.72,urban,beverages,none,130
225,1,0,0,4.08,24.47,0,195,3.87,12.94,4.97,94.63,suburban,beverages,none,195
225,1,0,0,3.92,22.82,0,205,3.5,21.31,2.51,105.07,suburban,snacks,none,134
225,1,0,0,6.01,19.74,1,128,5.81,20.58,1.1,102.73,rural,fresh,none,112
225,1,0,0,5.26,2.43,0,111,5.09,22.01,0.96,96.15,suburban,beverages,none,111
225,1,0,0,7.16,3.97,0,46,8.49,11.03,13.96,96.02,rural,homecare,festival,46
225,1,0,0,12.02,2.85,0,52,12.97,17.81,1.45,99.23,urban,homecare,none,48
225,1,0,0,4.84,4.71,1,150,4.42,18.13,0,100.78,urban,fresh,none,86
225,1,0,0,5.28,12.57,0,158,4.57,17.71,8.2,99.68,urban,beverages,none,73
225,1,0,0,4.39,10.11,0,161,4.6,23.05,0,94.47,urban,fresh,none,111
225,1,0,0,6.13,1.34,0,135,7.33,22.27,2.66,100.23,urban,beverages,none,99
225,1,0,0,3.09,2.21,0,86,2.92,19.99,13.17,99.1,suburban,snacks,none,27
225,1,0,0,4.27,24.68,0,110,4.47,16.85,4.33,97.25,urban,personalcare,none,110
225,1,0,0,4.17,3.54,0,36,4.02,13.86,7.53,97.15,rural,beverages,construction,36
225,1,0,0,4.49,0.41,1,91,4.83,18.08,0,98.42,urban,personalcare,sports,91
225,1,0,0,4.91,4.32,0,85,4.64,19.54,1.14,92.01,suburban,fresh,sports,28
225,1,0,0,2.08,0.38,0,73,2.24,18.28,1.32,101.2,suburban,snacks,construction,62
225,1,0,0,4.79,3.22,0,103,4.96,24.45,0.29,91.71,rural,beverages,sports,103
225,1,0,0,2.69,0,0,103,3.01,15.42,0,94.84,suburban,beverages,sports,79
225,1,0,0,6.62,1.38,1,56,5.77,19.42,5.86,99.28,urban,personalcare,construction,56
225,1,0,0,4.95,0.78,0,50,5.42,20.61,0,91.12,urban,snacks,construction,50
225,1,0,0,3.76,1.56,1,117,3.91,16.7,0,92.85,suburban,beverages,none,110
225,1,0,0,6.21,24.23,0,161,6.2,14.66,5.63,96.79,rural,fresh,none,138
225,1,0,0,2.14,2.93,0,95,2.19,22.15,3.78,97.37,suburban,beverages,construction,89
225,1,0,0,6.33,22.47,0,90,6.07,11.83,0,93.16,rural,homecare,none,5
225,1,0,0,5.18,15.53,1,187,6.08,23.39,0.22,94.72,urban,beverages,construction,159
225,1,0,0,4.32,18.04,1,208,4.32,23.13,6.28,96.68,urban,beverages,sports,194
225,1,0,0,5.43,3.55,0,92,4.94,13.68,4.95,93.62,rural,fresh,construction,15
225,1,0,0,3.92,0,0,182,3.71,25.79,5.47,92.57,suburban,beverages,sports,122
225,1,0,0,4.27,0.51,0,153,4.33,21.36,0.26,97.88,urban,fresh,festival,68
225,1,0,0,5.34,2.12,0,122,5.44,15.47,3.16,96.27,suburban,beverages,none,109
226,2,0,0,4.35,2.57,0,54,3.85,19.95,2.88,101.18,rural,beverages,construction,54
226,2,0,0,3.53,19.34,0,75,3.39,13.79,0.88,97.48,suburban,personalcare,construction,63
226,2,0,0,4.14,34.65,1,260,5.01,26.42,2,99.32,suburban,beverages,construction,222
226,2,0,0,4.08,0.44,0,95,3.94,21.37,8.75,99.69,suburban,fresh,none,32
226,2,0,0,6.3,2.13,0,166,6.26,22.12,3.6,97.61,suburban,beverages,none,81
226,2,0,0,3.16,1.83,0,45,3.44,24.75,4.07,100.16,rural,snacks,none,45
226,2,0,0,1.2,15.35,0,138,1.13,17.89,4.04,96.79,suburban,beverages,none,133
226,2,0,0,4.96,3.04,0,103,5.06,11.34,9.24,96.92,urban,snacks,festival,80
226,2,0,0,3.99,17.13,0,171,5.26,12.18,3.77,101.69,rural,fresh,construction,111
226,2,0,0,4.81,3.48,0,96,4.25,18.25,6.11,93.2,urban,beverages,construction,36
226,2,0,0,2.63,0.01,0,84,2.95,19.16,6.6,96.87,urban,personalcare,none,31
226,2,0,0,5.07,1.34,0,92,5.93,19.02,0,105.69,rural,snacks,none,60
226,2,0,0,2.56,0.73,0,95,3.2,17.54,6.54,102.35,urban,snacks,none,55
226,2,0,0,3.33,14.16,1,167,3.15,25.38,1.72,91.18,suburban,beverages,none,144
226,2,0,0,3.37,2.6,1,25,3.3,14.71,9.86,100.43,suburban,personalcare,none,25
226,2,0,0,8.98,0,0,55,10.89,23.82,2.5,96.17,urban,homecare,sports,55
226,2,0,0,2.62,1.1,1,106,3.13,15.95,3.09,100.39,urban,fresh,none,56
226,2,0,0,4.04,3.58,0,110,4.06,18.97,4.42,95.39,urban,snacks,none,64
226,2,0,0,5.1,1.48,1,155,4.83,16.54,9.92,97.99,urban,snacks,sports,114
226,2,0,0,1.8,3.45,0,131,2.39,17.91,0,96.73,urban,fresh,none,83
226,2,0,0,2.83,3.22,0,104,2.56,18.21,5.92,93.56,urban,beverages,none,104
226,2,0,0,5.76,0,1,86,3.23,21.3,0,95.98,rural,snacks,none,52
226,2,0,0,3.59,2.16,0,140,3.57,24.34,6.87,101.42,suburban,fresh,festival,81
226,2,0,0,3.6,3.15,0,68,2.82,21.24,1.88,96.18,rural,fresh,construction,37
226,2,0,0,7.19,15.65,1,114,7.72,21.21,1.77,104.32,urban,homecare,none,103
226,2,0,0,2.45,16.41,0,202,2.6,14.31,2.4,95.86,urban,fresh,sports,179
226,2,0,0,4.13,2.61,1,134,4.25,17.94,0,98.54,suburban,snacks,none,134
226,2,0,0,3.96,2.43,1,161,3.91,18.67,0,95.96,urban,beverages,construction,143
226,2,0,0,3.43,1.7,0,64,2.85,20.88,0,92.68,suburban,fresh,festival,64
226,2,0,0,4.57,23.49,0,202,5.13,20.26,3.83,95.4,urban,fresh,none,47
226,2,0,0,3.51,0.67,1,138,3.63,25.69,0,96.28,urban,beverages,none,125
226,2,0,0,8.42,4.33,1,90,8.17,17.01,0,97.81,suburban,homecare,festival,83
226,2,0,0,5.08,2.9,1,100,5.62,23.78,4.21,95.05,rural,snacks,sports,69
226,2,0,0,4.47,21.26,0,123,4.12,17.2,3.19,97.72,rural,personalcare,none,30
226,2,0,0,8.04,2.41,1,151,7.33,17.58,6.6,109.71,urban,fresh,none,86
227,3,0,0,2.12,0.8,1,178,1.83,24.13,1.47,104.3,urban,beverages,sports,148
227,3,0,0,4.41,0.41,1,132,4.91,20.3,0,95.19,suburban,snacks,none,47
227,3,0,0,3.65,21.64,0,167,3.57,16.63,7.81,98.19,rural,beverages,none,122
227,3,0,0,5.11,14.86,0,156,5.79,15.42,14.26,98.02,suburban,beverages,sports,135
227,3,0,0,7.38,4.04,0,37,6.9,17.65,3.16,91.54,rural,homecare,none,23
227,3,0,0,5.55,1.06,1,110,5.62,13.94,4.75,95.1,urban,snacks,sports,86
227,3,0,0,3.76,0,0,69,4.47,18.81,1.4,98.81,urban,beverages,construction,69
227,3,0,0,7.25,11.19,0,117,6.89,23.53,0,96.09,suburban,snacks,none,99
227,3,0,0,5.87,6.3,0,67,6.49,11.4,0,95.79,suburban,personalcare,construction,19
227,3,0,0,1.42,2.33,0,119,1.4,13.58,0,102.05,urban,fresh,sports,60
227,3,0,0,3.31,1.67,0,86,3.91,20.43,10.05,102.06,suburban,fresh,festival,66
227,3,0,0,1.1,3.22,0,107,1.22,14.73,3,94.48,rural,snacks,none,107
227,3,0,0,3.86,21.49,0,189,4.45,19.84,7.63,90.6,suburban,snacks,festival,189
227,3,0,0,1.1,2.28,0,91,1.17,21.96,0,97.43,urban,snacks,construction,68
227,3,0,0,6.72,3.94,0,128,6.85,9.47,1.95,106.78,suburban,homecare,festival,49
227,3,0,0,4.51,2.11,0,128,3.59,15.25,3.14,92.37,urban,beverages,none,89
227,3,0,0,2.37,4.44,0,106,2.98,18.43,0,95.71,urban,beverages,construction,106
227,3,0,0,6.03,1.03,0,30,6.43,21.46,2.75,92.3,urban,personalcare,construction,27
227,3,0,0,4.57,1.84,1,162,4.89,20.83,3.56,91.12,urban,beverages,festival,162
227,3,0,0,7.13,11.22,1,86,6.44,20.82,3.96,93.1,urban,homecare,festival,86
227,3,0,0,7.53,25.77,0,143,8.85,18.87,3.25,100.74,urban,homecare,construction,92
227,3,0,0,5.69,0.26,1,97,5.63,25.83,0,91.21,suburban,fresh,festival,62
227,3,0,0,3.68,16.52,0,134,3.94,21.68,0,89.1,suburban,fresh,none,117
227,3,0,0,5.93,2.15,0,147,6.23,26.73,7.37,99.33,urban,snacks,festival,97
227,3,0,0,12.22,2.07,1,70,11.81,27.68,0,92.35,urban,homecare,construction,19
227,3,0,0,5.24,3.18,1,129,5.89,19.94,0.79,96.52,urban,personalcare,none,98
227,3,0,0,5.83,2.94,0,23,5.63,20.05,6.05,93.29,suburban,snacks,construction,23
227,3,0,0,5.36,32.32,1,152,5.49,18.33,3.04,102.51,urban,personalcare,sports,139
227,3,0,0,6.79,5.78,0,129,6.69,18.51,4.37,85.05,suburban,beverages,festival,129
227,3,0,0,5.55,5.96,0,106,4.91,18.66,2.32,100.72,urban,snacks,none,86
227,3,0,0,5.41,2.96,0,94,5.74,19.03,0,95.76,urban,personalcare,festival,67
227,3,0,0,1.7,33,1,245,1.66,12.52,4.51,99.25,suburban,beverages,none,227
227,3,0,0,3.13,27.96,0,189,3.16,20.49,1.24,99.89,suburban,fresh,none,189
227,3,0,0,7.21,1.51,0,65,8.42,14.21,0.76,94.68,rural,homecare,none,42
227,3,0,0,10.71,2.53,0,85,11.83,20.2,0,100,suburban,homecare,none,50
228,4,0,0,7.07,16.82,0,167,7.85,17.03,1.54,91.98,suburban,snacks,festival,122
228,4,0,0,3.41,3.23,0,98,4.2,15.21,0,96.98,suburban,beverages,none,98
228,4,0,0,3.8,2.44,0,139,3.54,19.41,0,93.57,urban,snacks,sports,57
228,4,0,0,8.66,5.99,0,60,9.9,15.88,8.65,101.03,suburban,homecare,none,60
228,4,0,0,4.8,0,0,78,5.06,16.85,4.51,96.61,rural,beverages,none,56
228,4,0,0,6.86,29.45,0,237,7.95,20.57,0,93.05,urban,fresh,none,204
228,4,0,0,8.57,0.74,0,39,8.01,12.29,0,101.08,suburban,homecare,construction,22
228,4,0,0,10.69,2.2,0,53,11.38,24.37,2.1,91.49,rural,homecare,none,0
228,4,0,0,3.14,16.01,0,207,2.77,14.74,0,95.3,suburban,beverages,sports,149
228,4,0,0,4.7,3.2,0,108,5.61,12.73,6.02,98.13,urban,personalcare,none,95
228,4,0,0,3.2,3.93,0,94,3.62,17.51,4.01,90.05,suburban,snacks,none,70
228,4,0,0,5.05,1.49,0,98,5.47,13.24,2.72,92.4,urban,beverages,none,98
228,4,0,0,7.24,1.02,1,90,7.53,18.82,5.39,97.13,urban,homecare,none,26
228,4,0,0,1.3,7.31,0,114,1.41,15.02,0,94.96,urban,fresh,construction,18
228,4,0,0,5.83,38.17,1,260,6.97,20.2,0,94.32,urban,fresh,construction,225
228,4,0,0,3.52,1.56,0,78,3.2,24.86,4,95.87,rural,snacks,festival,78
228,4,0,0,5.71,1.88,0,32,7.25,21.89,0,95.67,urban,snacks,construction,32
228,4,0,0,6.77,33.33,0,260,6.69,10.14,0,93.86,urban,beverages,none,196
228,4,0,0,4.53,21.57,1,170,5.67,14.28,8.7,101.46,urban,beverages,construction,167
228,4,0,0,3.78,2.69,0,107,3.6,10.79,8.16,95.41,suburban,beverages,none,48
228,4,0,0,5.02,0,0,102,4.41,22.81,0.14,107.45,rural,fresh,none,51
228,4,0,0,2.26,12.84,0,153,2.38,17.9,9,99.48,urban,snacks,none,83
228,4,0,0,1.49,4.49,1,139,1.69,16.01,3.76,98.12,urban,snacks,none,86
228,4,0,0,6.89,2.92,1,59,7.6,20.06,11.19,104.83,suburban,personalcare,festival,59
228,4,0,0,2.97,1.17,0,135,2.86,21.09,0,94.57,suburban,beverages,none,119
228,4,0,0,6.81,1.83,0,91,7,8.7,0.35,94.08,suburban,beverages,none,52
228,4,0,0,6.47,1.79,0,134,6.09,12.76,3.73,92.24,suburban,beverages,none,61
228,4,0,0,3.6,20.36,0,187,3.87,18.58,3.13,93.76,rural,beverages,festival,163
228,4,0,0,3.84,2.11,1,122,4.28,20.7,0,98.74,suburban,snacks,construction,43
228,4,0,0,4.3,36.1,0,131,3.88,16.82,0,98.85,suburban,personalcare,construction,108
228,4,0,0,3.56,0.65,0,94,3.54,20.06,9,103.19,suburban,snacks,none,50
228,4,0,0,1.97,2.48,0,122,1.93,18.58,7.13,98.7,urban,beverages,none,122
228,4,0,0,6.28,1.14,0,128,6.79,14.15,4.64,91.94,rural,beverages,festival,104
228,4,0,0,2.91,2.55,1,75,2.01,15.47,2.82,97.07,suburban,personalcare,none,52
228,4,0,0,6.63,0.19,0,157,6.37,29.53,2.62,94.71,suburban,beverages,sports,112
229,5,0,1,5.55,1.17,0,113,6.32,18.7,0,102.13,urban,personalcare,festival,52
229,5,0,1,4.17,0.15,0,150,4.44,17.85,0,99.3,suburban,beverages,festival,135
229,5,0,1,6.28,0.41,0,83,6.13,24.19,2.52,102.54,rural,beverages,construction,66
229,5,0,1,2.29,1.93,0,73,2.35,13.79,3.35,106.04,rural,personalcare,festival,69
229,5,0,1,3.58,2.22,0,97,3.8,18.54,1.23,95.31,suburban,snacks,sports,94
229,5,0,1,2.8,29.11,0,105,3.13,16.31,0,96.56,suburban,personalcare,festival,105
229,5,0,1,4.36,0.96,1,86,3.96,8.57,6.9,94.32,rural,fresh,none,32
229,5,0,1,5.56,3.46,0,87,6.24,15.28,4.72,94.28,urban,personalcare,festival,59
229,5,0,1,2.26,2.54,0,33,2.35,16,2.22,96.37,suburban,snacks,construction,33
229,5,0,1,4.79,1.06,1,43,5.27,16.43,5.12,95.1,rural,personalcare,none,18
229,5,0,1,5.67,0.04,0,118,5.39,21.14,0,105.42,urban,homecare,sports,68
229,5,0,1,3.39,2.86,0,36,2.85,25.72,0,90.61,rural,snacks,none,36
229,5,0,1,7.53,1.76,0,116,8.68,17.77,0,93.64,suburban,homecare,none,32
229,5,0,1,5.51,0.15,0,116,6.67,8.9,3.82,104.23,urban,fresh,sports,79
229,5,0,1,4.82,2.61,0,75,5.16,17.83,4.78,101.27,urban,fresh,construction,68
229,5,0,1,9.61,26.42,0,108,10.25,27.64,6.9,102.22,suburban,homecare,festival,68
229,5,0,1,3.56,25.3,0,229,3.69,13.33,0,91.95,suburban,beverages,construction,155
229,5,0,1,10.02,2.3,0,139,10.39,15.82,2.74,102.34,urban,homecare,sports,62
229,5,0,1,9.77,1.3,0,63,9.74,17.98,11.57,98.65,rural,homecare,none,0
229,5,0,1,5.23,2.93,0,76,5.18,16.07,1,92.91,suburban,fresh,none,32
229,5,0,1,5.43,1.16,0,131,6.52,19.81,0,94.03,urban,fresh,none,47
229,5,0,1,3.91,1.43,1,117,3.86,18.59,0,97.62,suburban,beverages,sports,96
229,5,0,1,3.81,0.56,0,86,4.92,11.47,0,104.03,urban,personalcare,none,71
229,5,0,1,3.52,3.41,1,137,3.66,17.52,6.67,96.64,suburban,fresh,sports,109
229,5,0,1,3.2,15.6,1,134,3.25,18.44,2.57,112.82,rural,snacks,festival,104
229,5,0,1,3.34,11.58,1,126,3.29,21.3,7.43,100.02,rural,beverages,sports,126
229,5,0,1,4.22,5.41,0,134,4.14,25.87,0,98.58,suburban,beverages,none,134
229,5,0,1,4.43,10.79,0,119,4.86,23.16,0,105.54,suburban,snacks,none,102
229,5,0,1,3.86,20.63,0,178,4.21,21.98,1.9,89.54,urban,fresh,none,178
229,5,0,1,3.69,3.11,0,68,4.01,15.77,2.21,91.75,suburban,snacks,none,68
229,5,0,1,2.25,23.34,1,223,2.34,21.35,1.18,98.67,suburban,snacks,sports,149
229,5,0,1,4.21,0,0,94,3.83,13.22,10.16,101.35,suburban,personalcare,sports,71
229,5,0,1,6.97,1.84,0,146,6.77,12.15,2.96,102.87,suburban,beverages,none,65
229,5,0,1,3.46,3.18,0,90,3.22,13.23,5.95,87.5,rural,fresh,construction,35
229,5,0,1,3.47,2.64,0,118,3.3,13.93,3.18,92.1,urban,personalcare,none,51
230,6,0,1,10.08,34.59,0,128,10.97,21.36,10.75,100.7,suburban,homecare,construction,86
230,6,0,1,4.21,3.15,0,81,3.61,20.23,0.03,92.02,suburban,snacks,none,71
230,6,0,1,2.94,4.33,1,138,2.79,19.48,4.24,92.85,urban,fresh,festival,126
230,6,0,1,9.73,9.27,0,30,10.3,26.44,0,97.45,suburban,homecare,none,30
230,6,0,1,3.34,1.26,0,132,4,21.02,0,103.16,suburban,beverages,none,44
230,6,0,1,4.93,0,0,116,4.52,23.3,0,97.56,suburban,beverages,none,59
230,6,0,1,9.69,2.28,0,63,10.27,17.73,2.8,100.24,urban,homecare,none,52
230,6,0,1,1.44,3.67,1,80,1.31,20.16,6.75,90.22,urban,fresh,none,80
230,6,0,1,2.48,2.82,1,107,2.73,17.82,1.76,98.94,rural,snacks,sports,79
230,6,0,1,7.96,2.56,0,94,9.13,15.18,0,100.57,suburban,homecare,festival,66
230,6,0,1,5.91,0.24,0,128,6.67,17.62,2.69,107.05,suburban,beverages,none,115
230,6,0,1,2.74,21.26,1,120,2.55,17.39,1.25,100.7,suburban,snacks,construction,120
230,6,0,1,6.11,1.79,1,148,7.13,19.34,0,106.69,urban,beverages,sports,130
230,6,0,1,8.39,15.47,1,112,10.08,28.75,0,98.21,suburban,homecare,none,96
230,6,0,1,9.23,0.87,0,108,7.7,23.47,0,84.2,urban,beverages,none,108
230,6,0,1,4.04,6.95,0,44,4.21,16.75,2.63,104.68,suburban,personalcare,none,42
230,6,0,1,2.41,1.88,0,66,2.89,11.24,6.05,94.48,urban,snacks,none,63
230,6,0,1,6.05,29.67,0,177,5.23,17.59,0,93.32,suburban,beverages,none,177
230,6,0,1,1.6,23.97,0,253,1.65,25.09,0,100.01,urban,beverages,festival,250
230,6,0,1,5.56,2.18,1,159,5.6,18.02,4.8,91.32,rural,snacks,festival,51
230,6,0,1,4.1,19.21,1,149,4.06,22.88,3.33,93.24,rural,beverages,none,126
230,6,0,1,1.82,2.66,1,33,2.33,15.02,0,91.47,suburban,personalcare,construction,33
230,6,0,1,2.24,19.15,0,168,2.21,16.76,2.64,94.27,urban,beverages,none,168
230,6,0,1,3.72,3.23,0,95,4.32,14.81,0,94.36,urban,personalcare,none,22
230,6,0,1,7.67,15.92,0,103,8.22,15.58,5.73,96.65,rural,homecare,sports,44
230,6,0,1,4.04,0,1,170,3.57,17.22,3.16,88.74,urban,snacks,festival,141
230,6,0,1,8.21,2.87,0,56,9.32,20.65,5.27,92.12,suburban,homecare,none,24
230,6,0,1,6.09,29.56,0,149,6.85,14.41,0,94.06,rural,snacks,construction,119
230,6,0,1,4.95,20.04,0,191,4.53,15.88,2.76,104.3,urban,beverages,sports,179
230,6,0,1,5.83,6.4,0,104,7.74,19.34,5.28,97.8,urban,homecare,construction,72
230,6,0,1,3.54,24.17,1,206,3.26,21.72,2.06,95.44,urban,fresh,sports,176
230,6,0,1,2.99,0,1,107,2.72,18.56,0.65,101.05,urban,beverages,none,107
230,6,0,1,2,0,0,113,2,13.48,0,99.41,urban,beverages,none,90
230,6,0,1,7.79,5.43,0,55,7.91,17.53,0.61,98.17,urban,homecare,none,55
230,6,0,1,4.2,2.85,0,113,5.31,15.16,3.3,86.08,suburban,personalcare,none,38
231,0,0,0,5.68,1.36,0,64,6.58,28.08,0,97.25,suburban,fresh,none,64
231,0,0,0,6.05,2.69,1,74,7.37,17.94,4.88,96.78,rural,beverages,none,74
231,0,0,0,4.7,4.05,1,171,4.96,25.41,3.06,95.92,suburban,beverages,none,90
231,0,0,0,5.54,1.54,0,97,5.78,13.53,4.45,105.85,urban,homecare,sports,62
231,0,0,0,3.17,0.18,0,79,2.72,20.67,0,100.23,rural,personalcare,festival,43
231,0,0,0,5.44,0.6,0,77,6.93,11.84,0,93.74,suburban,beverages,none,77
231,0,0,0,3.31,13.71,0,190,3.18,17.87,0,95.38,suburban,beverages,none,106
231,0,0,0,1.72,3.43,1,58,1.88,13.68,4.48,97.73,rural,snacks,festival,58
231,0,0,0,8.92,0,0,92,9.87,21.06,1.52,90.29,suburban,homecare,none,43
231,0,0,0,10.28,22.82,1,88,12.21,15.28,4.02,94.25,urban,homecare,festival,88
231,0,0,0,3.66,3.74,0,84,3.42,12.85,3.16,95.46,suburban,snacks,none,53
231,0,0,0,5.24,15.41,0,120,5.98,21.29,8.34,90.26,rural,personalcare,none,101
231,0,0,0,6.89,3.74,0,111,7.39,24.76,3.97,92.33,urban,fresh,none,97
231,0,0,0,3.94,0,0,160,4.88,17.03,6.64,93.73,urban,beverages,none,126
231,0,0,0,8.8,1.6,1,27,8.82,22.34,0.97,99.38,rural,homecare,sports,27
231,0,0,0,3.37,1.94,0,126,3.79,24.79,8.08,95.29,rural,beverages,none,53
231,0,0,0,5.25,17.44,0,131,4.92,20.68,0,101.45,suburban,snacks,none,119
231,0,0,0,4.23,2.1,0,120,4.08,17.23,0,103.59,suburban,beverages,construction,67
231,0,0,0,4.19,0,0,45,3.93,17.88,0.57,88.73,suburban,snacks,none,45
231,0,0,0,4.57,0.27,0,148,4.6,18.89,1.49,99.5,suburban,beverages,none,103
231,0,0,0,1.27,11.43,0,117,1.62,14.6,0,94.4,suburban,snacks,none,102
231,0,0,0,4.12,7.85,1,137,3.65,21.57,6.17,104.32,urban,fresh,construction,89
231,0,0,0,3.39,0.57,0,153,3.88,18.65,4.42,90.62,suburban,beverages,none,108
231,0,0,0,4.16,0.29,0,64,4.01,14.31,0,89.89,urban,beverages,none,64
231,0,0,0,5.38,3.69,0,67,6.28,17.3,0,86.03,suburban,fresh,none,67
231,0,0,0,7.04,0.86,1,59,6.6,18.38,4.92,96.03,urban,homecare,none,59
231,0,0,0,3.09,2.82,0,87,3,15.79,3.34,104.53,suburban,snacks,festival,78
231,0,0,0,5.23,15.22,0,168,5.42,10.13,4.71,100.42,suburban,beverages,construction,168
231,0,0,0,1.86,2.49,0,182,2.24,14.6,1.44,100.67,urban,beverages,none,129
231,0,0,0,4.18,3.32,1,181,4.66,16.37,0.81,102.86,urban,fresh,festival,81
231,0,0,0,3.82,2.21,0,69,4,16.39,7.76,89.45,urban,fresh,none,69
231,0,0,0,7.47,0,0,50,9.07,15.59,4.17,98.38,urban,homecare,none,50
231,0,0,0,4.89,8.2,1,225,5.52,21.24,7.64,99.61,suburban,beverages,construction,69
231,0,0,0,4.63,3.55,1,200,5.02,24.16,0,99.69,suburban,beverages,sports,140
231,0,0,0,1.1,2.74,0,100,1.08,12.89,1.79,102.11,urban,fresh,construction,100
232,1,0,0,3.47,8.63,0,156,2.47,18.64,7.81,96.66,suburban,beverages,festival,106
232,1,0,0,7.6,3.55,1,99,8.62,18.33,0,98.83,rural,homecare,none,34
232,1,0,0,6.32,0.38,0,88,6.45,18.72,1.27,99.33,suburban,beverages,construction,75
232,1,0,0,4.63,17.6,0,134,4.46,15.38,0,100.84,suburban,personalcare,none,54
232,1,0,0,4.97,0.44,0,99,5.22,21.9,2.37,99.6,suburban,beverages,none,99
232,1,0,0,6.88,0,0,69,8.29,20.63,5.77,98.21,suburban,fresh,none,36
232,1,0,0,5.3,15.8,0,161,5.61,21.22,3.09,93.78,suburban,snacks,sports,78
232,1,0,0,3.99,28.05,0,260,4.09,20.48,3.85,94.81,suburban,beverages,festival,213
232,1,0,0,1.71,3.93,0,111,2.11,16.38,8.96,96.5,rural,beverages,festival,111
232,1,0,0,3.36,19.94,0,123,3.83,15.69,7.49,98.88,rural,personalcare,none,70
232,1,0,0,2.79,1.89,0,5,2.76,23.79,6.05,95.35,suburban,personalcare,construction,5
232,1,0,0,10.35,3.01,0,61,11.14,22.19,0.23,91.95,rural,homecare,none,28
232,1,0,0,11.25,3.32,1,96,13.35,20.84,1.6,94.87,suburban,homecare,sports,0
232,1,0,0,5.32,3.26,0,127,4.94,17.79,0,97.09,urban,personalcare,sports,63
232,1,0,0,2.42,15.96,0,193,2.24,26.27,2.35,103.06,suburban,personalcare,festival,81
232,1,0,0,1.1,6.62,1,179,0.87,14.32,6.89,93.59,urban,snacks,none,100
232,1,0,0,10.1,0.71,0,63,9.72,10.39,9.16,100.75,rural,homecare,none,0
232,1,0,0,5.73,12.76,0,123,5.39,17.88,0,92.31,suburban,personalcare,none,26
232,1,0,0,5.81,31.05,0,69,6.28,17.2,6.75,100.44,rural,homecare,festival,69
232,1,0,0,3.91,8.6,1,169,3.86,20.35,9.13,95.96,urban,fresh,sports,124
232,1,0,0,6.05,16.48,0,191,5.65,13.87,2.06,94.15,urban,fresh,none,190
232,1,0,0,6.75,2.14,0,70,8.16,17.76,11.81,97.32,suburban,personalcare,festival,70
232,1,0,0,6.72,24.31,0,155,7.31,20.87,0,102.82,rural,snacks,festival,139
232,1,0,0,3.79,0,0,87,3.81,22.58,0,96.81,urban,fresh,none,87
232,1,0,0,4.53,11.5,1,147,4.48,17.83,0,98.86,rural,beverages,festival,147
232,1,0,0,6.68,1.12,1,107,7.99,16.84,1.19,96.7,urban,fresh,none,102
232,1,0,0,2.7,1.18,0,138,2.86,19.32,7.34,99.79,urban,beverages,none,92
232,1,0,0,5.05,0.61,0,65,5.69,14.24,3.33,100.78,rural,fresh,sports,52
232,1,0,0,2.93,16.72,0,193,2.96,10.76,5.48,101.23,suburban,beverages,none,119
232,1,0,0,6.74,4.36,0,108,6.4,27.67,2.26,87.61,urban,personalcare,construction,44
232,1,0,0,2.97,21.85,0,156,2.92,16.53,5.4,97.74,suburban,fresh,sports,114
232,1,0,0,1.93,11.32,1,140,1.81,12.72,8.19,95.85,urban,snacks,none,139
232,1,0,0,3.47,2.57,0,114,3.69,14.47,0,102.64,urban,fresh,none,68
232,1,0,0,7.03,0.07,1,93,7.93,16.08,5.02,91.99,suburban,homecare,none,48
232,1,0,0,5.7,3.32,0,64,4.92,14.03,4.62,100.37,suburban,fresh,none,59
233,2,0,0,5.53,18.4,1,155,5.72,18.51,7.47,107.17,rural,snacks,construction,134
233,2,0,0,3.13,2.91,0,71,3.15,16.55,0,104.89,rural,snacks,none,52
233,2,0,0,2.06,1.97,0,65,2.32,23,1.96,92.41,urban,personalcare,none,65
233,2,0,0,4.7,2.14,1,161,4.18,18.86,1.11,88.83,urban,snacks,festival,130
233,2,0,0,5.04,3.38,0,103,5.27,17.79,0,96.83,rural,snacks,none,11
233,2,0,0,2.04,18.07,0,239,2.98,21.28,1.97,97.31,urban,beverages,none,204
233,2,0,0,2.09,3.09,0,164,1.77,13.11,3.18,93.26,suburban,beverages,sports,107
233,2,0,0,4.19,18.07,1,146,4.07,7.75,0,94.17,urban,fresh,construction,146
233,2,0,0,9.23,0,0,135,8.64,18.65,0,98.19,urban,homecare,none,84
233,2,0,0,6.56,31.63,0,179,7.29,23.95,0,104.29,rural,fresh,sports,167
233,2,0,0,2.42,3.78,0,109,2.52,16.61,1.52,99.52,suburban,snacks,sports,109
233,2,0,0,4.6,16.87,0,74,4.42,14.05,0,100.23,urban,personalcare,sports,74
233,2,0,0,3.24,3.72,1,122,4.01,14.89,9.59,89.09,suburban,beverages,none,52
233,2,0,0,2.13,5.14,0,67,1.98,13.92,1.28,99.11,suburban,personalcare,none,40
233,2,0,0,11.84,22.55,1,80,11.43,17.83,3.51,95.53,urban,homecare,construction,70
233,2,0,0,1.1,23.8,1,184,1.14,14.4,0,102.32,rural,fresh,none,139
233,2,0,0,1.27,3.24,0,114,1.38,17.78,2.43,89.95,suburban,beverages,none,68
233,2,0,0,4.74,2.29,0,110,4.3,21.08,0,96.06,suburban,fresh,sports,58
233,2,0,0,6.01,2.58,1,132,6.43,20.44,3.4,88.7,suburban,beverages,construction,103
233,2,0,0,8.22,0.85,0,78,8.07,14.45,2.02,96.93,urban,homecare,none,0
233,2,0,0,8.48,2.2,0,79,8.94,23.47,0,96.93,suburban,homecare,sports,14
233,2,0,0,4.37,2.28,0,98,4.39,21.79,1.33,96.84,suburban,snacks,none,98
233,2,0,0,3.56,13.36,1,129,2.88,25.77,1.11,102.39,urban,snacks,festival,129
233,2,0,0,2.51,1.99,0,87,2.93,22.43,5.69,89.68,suburban,snacks,festival,71
233,2,0,0,5.42,0.34,0,160,6.08,12.14,2.69,90.43,urban,beverages,none,68
233,2,0,0,2.07,20.03,0,106,2.36,14.18,2.71,95.41,suburban,personalcare,festival,106
233,2,0,0,4.64,5.24,0,130,5.06,13.75,9.24,95.61,suburban,beverages,sports,130
233,2,0,0,3.93,1.5,0,105,4.18,13.37,0,97.78,suburban,beverages,none,96
233,2,0,0,4.49,2.04,0,148,4.45,22.34,1.36,102.47,urban,beverages,festival,101
233,2,0,0,3.94,0.5,1,90,3.73,13.51,0,94.36,urban,personalcare,none,57
233,2,0,0,4.75,0.3,1,98,4.59,14.85,8.06,102.42,suburban,snacks,none,43
233,2,0,0,3.12,15.74,0,178,2.71,15.79,4.63,93,urban,beverages,sports,155
233,2,0,0,5.22,28.81,0,127,4.41,16,6.26,94.78,rural,snacks,none,127
233,2,0,0,5.93,0.68,1,92,5.41,21.64,3.66,107.53,rural,fresh,sports,75
233,2,0,0,7.86,0,0,125,8.39,13.85,0,102.15,suburban,snacks,none,67
234,3,0,0,4.91,2.47,0,92,4.61,19.61,11.72,101.09,suburban,snacks,sports,38
234,3,0,0,4.56,1.63,0,123,5.45,10.42,7.08,104.5,urban,fresh,sports,33
234,3,0,0,4.83,0,0,169,4.68,14.71,8.04,101.07,suburban,beverages,none,79
234,3,0,0,6.89,3.11,1,68,7.31,19.09,3.16,98.06,suburban,personalcare,none,68
234,3,0,0,4.87,1.51,0,116,5.05,13.5,4.88,95.52,urban,snacks,sports,95
234,3,0,0,4.01,0.69,0,110,4.92,12.87,7.85,102.2,urban,beverages,construction,74
234,3,0,0,5.84,2.32,0,39,5.74,13.93,5.21,100.88,rural,fresh,none,39
234,3,0,0,3.96,22.38,0,139,3.57,17.66,0,106,urban,snacks,sports,117
234,3,0,0,1.38,19.74,1,171,1.49,15.88,0,104.27,suburban,beverages,sports,161
234,3,0,0,3.87,14.86,0,179,4.58,26.79,0,102.55,suburban,beverages,sports,161
234,3,0,0,3.4,25.11,0,181,3.76,18.46,6.37,99.12,suburban,fresh,construction,178
234,3,0,0,2.32,10.35,0,148,2.42,20.45,0,98.19,rural,beverages,festival,117
234,3,0,0,4.31,0.74,0,43,5.11,20.41,0.25,93.56,suburban,personalcare,none,43
234,3,0,0,2.16,2.66,0,38,2.24,22.91,5.31,101.44,rural,fresh,none,18
234,3,0,0,4.93,2.51,0,67,4.62,17.19,10.01,95.74,urban,snacks,construction,59
234,3,0,0,3.65,0,0,132,3.67,28.83,7.98,106.55,suburban,beverages,sports,132
234,3,0,0,10.72,3.08,1,82,11.97,10.6,0.22,102.63,suburban,homecare,none,59
234,3,0,0,4.9,2.26,0,50,4.69,18.43,0,96.39,suburban,snacks,none,50
234,3,0,0,4.63,22.39,1,179,4.81,19.01,0,98.06,urban,snacks,none,179
234,3,0,0,3.39,0,0,88,3.92,4.3,3.55,91.05,suburban,beverages,none,88
234,3,0,0,13.07,18.46,1,53,12.8,17.53,0.37,91.29,suburban,homecare,none,53
234,3,0,0,2.24,2.15,0,149,2.62,15.55,3.9,95.32,urban,fresh,sports,88
234,3,0,0,6.04,2.23,0,46,6.97,10.89,1.76,101.64,suburban,snacks,construction,46
234,3,0,0,8.37,0.52,0,19,9.66,17.68,0,105.66,rural,homecare,construction,5
234,3,0,0,4.53,3.77,1,84,4.18,16.76,5.22,92.8,suburban,snacks,none,84
234,3,0,0,4.9,1.81,0,85,4.91,23.46,7.85,91.07,suburban,snacks,none,64
234,3,0,0,7.34,1.76,0,98,6.74,15.63,7.14,95.32,suburban,homecare,festival,47
234,3,0,0,6.43,2.92,0,76,7.42,16,0,102.19,rural,personalcare,none,38
234,3,0,0,3.06,0,0,73,2.66,18.62,2.1,99.18,rural,fresh,none,16
234,3,0,0,4.7,2.31,1,118,5.05,19.38,1.68,99.81,urban,snacks,sports,94
234,3,0,0,5.88,1.93,0,93,6.44,25.6,0.62,103.4,suburban,snacks,none,73
234,3,0,0,5.13,0,0,81,5.67,14.63,1.57,100.79,suburban,personalcare,construction,48
234,3,0,0,6,0.33,0,77,5.62,17.84,0,104.72,suburban,snacks,none,46
234,3,0,0,2.46,5,0,103,2.91,12.57,0,106.41,suburban,fresh,festival,97
234,3,0,0,1.75,7.35,1,135,2.06,11.6,2.23,103.27,suburban,beverages,none,115
235,4,0,0,7.23,1.77,0,65,8.35,16.64,8.27,103.66,suburban,homecare,none,53
235,4,0,0,8.17,22.5,0,63,9.45,13.5,0,98.72,rural,homecare,construction,33
235,4,0,0,4.8,0.61,1,95,6.13,14.07,0.82,97.44,suburban,snacks,none,61
235,4,0,0,7.63,0,1,118,7.73,22.7,2.39,99.64,suburban,homecare,none,36
235,4,0,0,3.91,2.89,1,132,3.72,18.85,0,95.69,suburban,snacks,festival,64
235,4,0,0,4.33,12.98,1,150,4.71,14.64,3.77,105.96,rural,snacks,none,80
235,4,0,0,3.75,24.94,0,168,3.8,18.38,0,101.19,rural,snacks,sports,110
235,4,0,0,5.83,0.47,0,81,4.46,19.4,11.27,100.38,rural,fresh,festival,48
235,4,0,0,4.63,0,0,49,4.76,11.62,0,93.78,suburban,fresh,none,49
235,4,0,0,6.56,9.79,0,37,6.64,12.57,4.49,96.49,rural,personalcare,sports,37
235,4,0,0,3.6,0.67,1,142,4.07,19.27,1.97,102.1,suburban,fresh,none,66
235,4,0,0,8.91,2.5,0,82,10.57,18.72,0,92.27,suburban,homecare,construction,56
235,4,0,0,5.65,0,0,180,6.69,17.29,5.49,102.8,urban,snacks,festival,119
235,4,0,0,5.29,0.71,1,136,5.51,17.38,2.33,88.69,suburban,beverages,sports,136
235,4,0,0,8.11,27.39,1,142,8.9,16.24,2.11,97.6,suburban,homecare,none,66
235,4,0,0,4.32,0.56,0,71,3.87,18.88,2.11,94.48,suburban,personalcare,festival,26
235,4,0,0,4.05,0.64,0,127,4.31,16.89,0,97.56,suburban,beverages,none,42
235,4,0,0,5.98,2.01,1,127,5.35,19.01,0,98.79,rural,beverages,none,83
235,4,0,0,3.81,6.73,0,116,4.11,24.1,0,94.9,suburban,snacks,festival,116
235,4,0,0,4.96,2.45,1,137,4.8,9.85,9.24,94.07,suburban,snacks,festival,82
235,4,0,0,3.73,3.53,0,99,3.12,10.27,0,99.9,rural,beverages,none,99
235,4,0,0,8.04,4.5,0,60,8.64,14.49,3.71,91.35,urban,homecare,none,55
235,4,0,0,1.4,2.99,0,93,1.2,13.6,4.77,99.85,suburban,fresh,none,66
235,4,0,0,3.68,3.99,1,76,3.28,20.18,0,91.71,urban,fresh,none,72
235,4,0,0,4.23,29.94,0,147,3.95,18.74,5.33,94.19,urban,personalcare,none,75
235,4,0,0,10.16,19.66,0,94,11.78,19.34,2.13,105.67,suburban,homecare,none,42
235,4,0,0,1.74,4.46,0,93,2.09,15.27,0,93.82,suburban,snacks,none,39
235,4,0,0,1.72,0,0,142,1.88,14.27,1.53,96.91,rural,fresh,festival,55
235,4,0,0,7.63,3.82,1,49,7.65,16.74,4.16,102.14,suburban,homecare,none,35
235,4,0,0,1.36,16.65,1,175,1.73,19.58,2.98,104.97,urban,fresh,none,148
235,4,0,0,3.35,2.64,0,79,3.13,13.97,5.05,98.57,suburban,beverages,none,79
235,4,0,0,7.49,3.07,0,102,6.59,11.49,8.47,104.59,urban,homecare,festival,48
235,4,0,0,3.3,2.24,0,141,3.63,24.11,2.14,103.16,rural,snacks,festival,43
235,4,0,0,3.22,15.7,0,109,3.91,21.51,4.59,94.8,urban,personalcare,sports,109
235,4,0,0,5.78,1.68,1,145,5.9,14.06,4.39,93.7,urban,snacks,festival,143
236,5,0,1,6.44,19.74,0,143,7.33,17.51,4.48,98.14,urban,snacks,none,131
236,5,0,1,5.59,0,0,190,6.73,11.92,0,96.51,suburban,fresh,festival,93
236,5,0,1,7.04,17.04,1,123,7.32,16.16,3.29,101.74,urban,homecare,none,123
236,5,0,1,7.36,4.94,1,99,9.13,15.17,0,102.65,suburban,homecare,none,46
236,5,0,1,4.65,2.23,0,65,5.6,18.62,1.86,97.59,rural,fresh,sports,59
236,5,0,1,8.66,12.17,1,161,9.49,10.12,1.22,96.04,rural,homecare,festival,113
236,5,0,1,4.23,13.14,0,109,3.47,14.58,3.77,94.15,suburban,personalcare,none,104
236,5,0,1,2.13,12.22,1,131,2.4,18.54,1.17,100.83,rural,snacks,none,87
236,5,0,1,3.34,4.57,0,112,3.24,17.25,6.79,99.84,urban,beverages,none,112
236,5,0,1,5.44,1.5,1,115,4.96,21.58,0.38,101.15,rural,fresh,none,61
236,5,0,1,3.96,8.65,1,112,3.58,19.61,5.73,100.53,suburban,fresh,none,71
236,5,0,1,5.03,2.96,1,111,5.96,22.2,2.75,101.56,suburban,personalcare,festival,51
236,5,0,1,1.1,4.24,0,79,1.14,16.86,6.45,103.2,suburban,beverages,none,79
236,5,0,1,4.4,15.3,0,179,4.56,13.29,0,101.03,suburban,beverages,none,177
236,5,0,1,2.18,0,0,82,2.47,19.58,0,92.48,suburban,snacks,festival,52
236,5,0,1,3.34,14.57,0,87,3.57,21.11,0,93.81,rural,snacks,festival,87
236,5,0,1,8.54,26.06,0,127,8.57,17.67,0,99.88,rural,beverages,construction,127
236,5,0,1,2.95,2.18,1,88,3.32,20.13,0,93.33,urban,snacks,construction,88
236,5,0,1,4.57,1.83,1,75,4.77,16.69,1.77,94.67,urban,fresh,construction,75
236,5,0,1,8.01,16,0,145,8.48,13.29,0,93.73,suburban,beverages,none,115
236,5,0,1,3.79,0,1,118,4.81,14.69,0,94.81,urban,snacks,none,108
236,5,0,1,3.28,3.98,1,85,3.08,11.29,0,104.98,suburban,personalcare,construction,68
236,5,0,1,5.85,0,0,108,6.78,16.7,3.17,98.1,urban,snacks,sports,79
236,5,0,1,5.58,2.98,0,125,6.07,17.05,0.06,97.6,urban,snacks,none,117
236,5,0,1,8.58,2.73,0,57,7.62,12.43,4.84,93.07,rural,homecare,none,0
236,5,0,1,8.08,17.24,0,66,7.3,14.82,5.11,98.8,suburban,homecare,construction,20
236,5,0,1,4.76,1.4,0,85,4.88,15.42,4.61,94.63,rural,snacks,festival,32
236,5,0,1,4.38,1.44,0,73,4.33,16.53,2.54,95.94,suburban,personalcare,none,50
236,5,0,1,4.39,1.42,0,156,4.75,19.2,0,104.35,suburban,beverages,construction,40
236,5,0,1,2.3,3.02,0,104,2.25,17.98,1.16,96.47,urban,fresh,construction,95
236,5,0,1,3.75,2.04,0,71,4.7,23.35,9.42,97.05,suburban,fresh,none,69
236,5,0,1,3.86,22.43,1,204,4,13.28,2.58,90.26,urban,fresh,festival,204
236,5,0,1,5.38,7.01,0,151,5.41,11.92,3.51,93.07,suburban,fresh,construction,62
236,5,0,1,5.23,2.43,0,127,4.72,15.38,0.38,94.87,urban,snacks,none,127
236,5,0,1,7.72,1.46,0,8,6.86,16.81,4.23,102.67,urban,personalcare,none,8
237,6,0,1,5.08,2.11,1,53,5.54,15.28,7.41,92.71,rural,fresh,construction,53
237,6,0,1,3.76,3.95,0,54,3.33,14.14,11.03,89.49,suburban,snacks,none,48
237,6,0,1,3.64,1.93,0,96,3.78,26.49,4.35,103.04,suburban,snacks,none,89
237,6,0,1,6.95,0.81,1,107,6.97,11.29,0,87.9,suburban,homecare,festival,77
237,6,0,1,5.3,28.43,1,173,5.51,20.45,0,106.61,urban,fresh,none,151
237,6,0,1,3.61,0,1,126,3.68,17.34,3.82,91.43,suburban,beverages,none,101
237,6,0,1,1.64,3.23,0,129,1.5,14.62,0,97.78,suburban,personalcare,none,12
237,6,0,1,2.24,2.99,0,90,2.34,15.41,4.85,98.08,urban,beverages,construction,83
237,6,0,1,5.84,0.09,0,76,6.53,19.37,0,86.17,urban,personalcare,construction,24
237,6,0,1,4.2,0.54,0,166,3.83,14.48,5.98,101.11,urban,beverages,festival,118
237,6,0,1,3.81,9.01,0,157,3.95,20.82,2,91.46,suburban,beverages,festival,140
237,6,0,1,9.46,1.22,0,60,10.19,17.72,4.36,91.1,urban,homecare,festival,60
237,6,0,1,4.24,0.52,0,113,4.74,21.8,1.61,107.89,rural,fresh,festival,113
237,6,0,1,2.87,3.95,1,104,2.5,21.81,11.22,95.31,suburban,beverages,none,76
237,6,0,1,6.5,0,0,104,7.5,18.45,0.42,91.67,suburban,homecare,sports,46
237,6,0,1,7.35,4.72,0,103,7.35,21.5,2.65,99.67,urban,fresh,none,31
237,6,0,1,6.03,1.63,1,171,5.83,19.52,2.53,97.53,urban,beverages,construction,95
237,6,0,1,3.91,0,0,121,4.5,22.92,11.84,94.81,urban,beverages,none,108
237,6,0,1,5.02,3.4,0,129,4.53,14.7,0.9,112.64,suburban,snacks,sports,80
237,6,0,1,7.6,2.17,0,97,8.28,17.53,0.4,97.63,urban,snacks,none,71
237,6,0,1,6.22,2.86,0,105,7.37,19.17,0,95.55,urban,homecare,construction,53
237,6,0,1,4.94,4.78,1,116,5.7,25.45,3.46,97.06,urban,fresh,sports,108
237,6,0,1,2.09,6.2,1,169,2.18,16.62,0,105.49,suburban,beverages,sports,102
237,6,0,1,4.93,8.02,0,95,4.87,19.92,0,86.51,urban,personalcare,none,55
237,6,0,1,5.59,23.31,0,171,5.36,20.43,0.24,99.68,suburban,snacks,none,134
237,6,0,1,3.03,16.66,0,71,3.56,14.92,5.25,103.34,suburban,personalcare,construction,58
237,6,0,1,3.93,2.54,0,114,4.96,17.79,0,101.18,urban,fresh,none,100
237,6,0,1,2.57,3.35,1,115,2.23,12.59,2.85,95.56,urban,beverages,none,112
237,6,0,1,3.77,0.29,0,73,3.54,9.72,0,102.65,suburban,snacks,festival,73
237,6,0,1,5.95,25.56,0,164,7.03,17.69,5.73,86.11,suburban,snacks,festival,164
237,6,0,1,3.42,0.89,0,91,3.12,15.08,3.71,110.46,urban,snacks,none,64
237,6,0,1,2.48,3.37,0,141,3.31,15.67,0,99.71,suburban,beverages,none,138
237,6,0,1,5.45,3.83,1,101,5.26,17.94,0.66,95.27,urban,snacks,none,69
237,6,0,1,5.14,8.9,0,127,5.11,9.79,0,100.57,urban,fresh,construction,123
237,6,0,1,2.67,12.8,0,85,2.88,17.41,0,99.62,suburban,snacks,construction,75
238,0,0,0,5.29,18.92,0,150,5.7,19.48,4.1,92.72,suburban,beverages,construction,124
238,0,0,0,3.34,4.41,0,99,3.12,20.36,0,103.16,suburban,fresh,festival,73
238,0,0,0,3.41,2.71,1,194,3.04,23.77,4.97,101.57,urban,beverages,festival,157
238,0,0,0,7.64,17.12,1,174,8.55,11.1,5.15,106.94,urban,homecare,none,88
238,0,0,0,4.34,0.92,0,112,4.07,23.07,9.06,100.84,rural,beverages,none,33
238,0,0,0,3.54,2.97,0,96,3.79,15.41,0,96.74,suburban,personalcare,none,57
238,0,0,0,4.28,0,1,76,4.15,15.25,5.91,89.25,urban,snacks,none,76
238,0,0,0,3.96,2.36,0,11,4.69,21.16,2.74,95.77,rural,personalcare,none,11
238,0,0,0,3.2,2.69,0,33,2.89,9.14,8.43,90.46,urban,personalcare,none,31
238,0,0,0,2.09,8.18,1,109,2.53,13.21,0,101.6,urban,beverages,construction,79
238,0,0,0,3.29,2.57,0,112,2.61,22.3,1.63,103.16,urban,fresh,sports,97
238,0,0,0,7.64,22.66,1,139,10.23,20.13,3.58,99.54,suburban,homecare,construction,111
238,0,0,0,7.63,0.88,0,30,6.69,16.4,0,97.59,urban,homecare,none,14
238,0,0,0,1.85,20.93,0,170,1.57,14.6,1.73,91.79,suburban,fresh,none,124
238,0,0,0,3.85,1.93,0,102,4.38,12.9,4.78,99.12,suburban,fresh,sports,41
238,0,0,0,8.18,0.08,0,90,9.24,21.06,1.67,106.04,urban,personalcare,construction,43
238,0,0,0,7.14,3.8,0,68,7.62,10.36,0,95.37,rural,fresh,sports,68
238,0,0,0,7.08,1.96,0,31,7.76,10.99,0.41,103.93,suburban,personalcare,construction,31
238,0,0,0,5.07,2.24,0,146,4.81,25.01,6.93,103.22,urban,snacks,construction,85
238,0,0,0,3.11,2.21,1,62,3.22,13.98,11.25,93.6,rural,beverages,none,62
238,0,0,0,5.3,7.43,0,88,6.2,14.84,0,98.65,suburban,snacks,sports,88
238,0,0,0,5.09,21.76,0,190,4.41,12.64,0,105.31,urban,beverages,sports,169
238,0,0,0,1.4,2.26,0,57,1.45,13.95,5.87,100.01,rural,beverages,none,39
238,0,0,0,3.26,2.8,0,169,4,17.09,5.57,101.25,urban,beverages,none,135
238,0,0,0,3.07,1.81,0,90,3.81,11.22,3.94,87.83,suburban,personalcare,none,30
238,0,0,0,7.23,2.55,1,139,8.12,13.33,0,94.85,suburban,snacks,festival,96
238,0,0,0,2.33,1.46,0,108,2.36,16.01,6.52,97.89,urban,snacks,none,108
238,0,0,0,3.84,1.43,1,102,3.82,15,11.1,97.02,rural,snacks,festival,53
238,0,0,0,6.5,13.45,0,145,5.75,15.39,1.73,91.83,urban,snacks,festival,145
238,0,0,0,3.56,0,1,191,3.88,21,0,105.29,urban,snacks,festival,75
238,0,0,0,9.64,29.97,0,45,10.75,20.71,5.83,92.64,suburban,homecare,construction,45
238,0,0,0,7.68,1.33,0,91,6.39,14.17,0.8,107.9,urban,personalcare,sports,83
238,0,0,0,2.65,2.36,0,112,2.77,14.93,0,90.27,urban,snacks,none,76
238,0,0,0,1.14,16.49,0,103,1.14,17.22,2.04,93.59,suburban,snacks,construction,72
238,0,0,0,3.27,0,1,113,3.09,17.55,2.97,91.48,suburban,fresh,sports,86
239,1,0,0,3.75,31.07,1,232,3.86,12.45,0,108.32,rural,beverages,none,177
239,1,0,0,4.94,0.99,0,118,5.93,4.1,0.49,91.86,urban,beverages,construction,86
239,1,0,0,5.93,2.15,1,94,7.27,23.89,11.01,96.67,urban,personalcare,construction,68
239,1,0,0,4.36,23.9,0,192,4.22,19.48,10.5,95.64,urban,beverages,sports,159
239,1,0,0,9.13,8.12,0,138,11.08,12.39,1.17,104.38,suburban,homecare,none,58
239,1,0,0,3.04,2.08,1,99,2.96,21.58,1.88,95.91,urban,personalcare,none,39
239,1,0,0,3.7,4.57,0,167,4.39,6.25,4.46,95.21,urban,snacks,festival,110
239,1,0,0,6.37,12.42,0,142,6.59,18.36,16.84,106.28,rural,beverages,none,93
239,1,0,0,5.35,1.27,0,142,5.05,11.81,6.96,93.45,suburban,beverages,none,99
239,1,0,0,4.77,1.75,1,62,4.78,8.7,0,100.35,rural,snacks,none,58
239,1,0,0,4.68,1.92,0,106,5.91,19.39,10.64,100.28,urban,personalcare,none,57
239,1,0,0,3.67,14.59,0,86,3.53,11.43,7.51,103.11,suburban,personalcare,none,55
239,1,0,0,4.2,3.87,0,156,3.56,27.06,0.35,97.26,rural,fresh,sports,64
239,1,0,0,2.18,1.41,0,64,2.48,20.18,3.7,96.7,suburban,fresh,none,64
239,1,0,0,6.82,0.94,0,115,6.96,18.09,0,110.52,suburban,beverages,none,94
239,1,0,0,9.86,2.26,0,52,9.85,18.2,10.42,100.37,urban,homecare,sports,52
239,1,0,0,3.75,2.33,1,90,3.73,10.69,5.85,100.35,rural,fresh,none,49
239,1,0,0,4.56,0.09,0,116,5.32,16.13,0,95.07,urban,snacks,festival,116
239,1,0,0,7.04,26.77,0,126,7.76,15.3,4.43,100.91,suburban,homecare,none,91
239,1,0,0,5.03,5.66,0,93,5.16,16.07,0.24,99.89,suburban,beverages,construction,69
239,1,0,0,5.6,7.41,1,128,4.93,15.75,0,101.09,rural,snacks,none,48
239,1,0,0,2.98,3.18,1,105,3.04,11.9,0,98.76,suburban,snacks,none,62
239,1,0,0,4.31,3.82,0,158,4.93,22.27,5.3,101.02,urban,beverages,construction,130
239,1,0,0,3.55,23.31,0,141,4.07,11.02,7.95,97.72,urban,snacks,construction,90
239,1,0,0,3.01,2.93,0,81,2.57,15.35,0,93.82,suburban,personalcare,none,29
239,1,0,0,4.97,0.12,0,93,4.21,18.33,4.65,100.63,suburban,beverages,construction,72
239,1,0,0,4.19,3.51,1,115,4.9,11.14,5.45,102.33,suburban,fresh,none,94
239,1,0,0,2.49,1.08,0,74,2.7,19.48,0,93.89,rural,fresh,none,29
239,1,0,0,5.45,2.09,1,107,4.8,13.29,1.2,106.17,urban,snacks,festival,107
239,1,0,0,4.7,2.6,0,151,4.98,18.74,2.8,96.54,urban,fresh,festival,84
239,1,0,0,2.96,1.35,0,161,3.15,10.32,5.43,97.93,urban,snacks,festival,115
239,1,0,0,5.4,3.97,0,132,7,15.72,3.56,97.61,urban,snacks,construction,44
239,1,0,0,3.64,3.3,0,48,3.8,16.55,4.61,114.04,urban,personalcare,none,48
239,1,0,0,2.84,0,0,93,3.36,21.46,2.72,98.79,urban,snacks,none,55
239,1,0,0,2.33,2.38,1,155,2.06,24.09,8.93,98.66,urban,beverages,festival,155
240,2,0,0,5.4,0.47,0,116,5.69,17.87,11.3,92.59,suburban,beverages,none,63
240,2,0,0,3.92,2.35,1,118,3.92,13.91,6.25,109.52,rural,fresh,festival,42
240,2,0,0,6.63,2.33,1,85,6.97,17.22,0,93.54,suburban,snacks,festival,85
240,2,0,0,5.35,0.15,1,110,5.02,15.27,2.54,98.34,suburban,snacks,festival,75
240,2,0,0,7.07,2.74,0,55,7.3,16.77,6.37,108.28,rural,homecare,none,31
240,2,0,0,6.09,3.96,1,74,6.62,12.31,5.82,98.34,suburban,fresh,none,52
240,2,0,0,6.25,1.62,0,105,6.97,4.27,4.58,103.99,suburban,beverages,none,89
240,2,0,0,2.73,9.04,0,122,2.87,13.28,7.96,98.1,suburban,beverages,none,97
240,2,0,0,1.1,5.53,1,97,1.02,11.37,6.8,97.74,urban,fresh,construction,87
240,2,0,0,4.77,1.7,0,136,5.81,13.49,0.16,93.37,urban,beverages,none,106
240,2,0,0,2.59,19.84,0,162,3.1,16.03,0.46,106.02,urban,fresh,construction,82
240,2,0,0,3.43,16.59,0,169,4.18,19.52,1.29,107.23,suburban,beverages,none,132
240,2,0,0,4.4,2.72,0,44,4.95,17.25,6.84,99.47,urban,personalcare,none,27
240,2,0,0,3.56,21.75,1,189,3.17,11.36,0,90.5,urban,beverages,sports,177
240,2,0,0,4.04,2.43,0,47,4.82,16.01,11.7,101.77,rural,beverages,none,47
240,2,0,0,2.49,18.8,0,210,2.67,10.58,3.8,105.47,suburban,beverages,sports,115
240,2,0,0,8.47,1.09,0,74,9.41,14.71,0,97.7,urban,homecare,none,58
240,2,0,0,4.71,2.75,0,74,4.01,5.84,9.51,97.87,suburban,beverages,none,30
240,2,0,0,5.11,3.05,1,119,3.82,18.89,7.39,93.44,suburban,beverages,none,54
240,2,0,0,4.47,26.25,0,210,4.47,18.75,1.29,98.07,suburban,beverages,construction,129
240,2,0,0,1.53,30.7,0,207,1.65,11.39,0,100.04,suburban,beverages,none,196
240,2,0,0,6.26,1.88,0,56,4.73,14.42,0,98.94,rural,homecare,none,18
240,2,0,0,5,31.97,0,203,4.19,17.23,6.26,96.32,urban,snacks,none,102
240,2,0,0,4.38,3.65,0,91,4.59,18.95,0,91.45,urban,beverages,none,91
240,2,0,0,4.98,15.01,0,139,5.13,19.54,5.82,100.63,rural,beverages,construction,92
240,2,0,0,2.79,24.51,0,176,3.1,21.11,1.22,91.59,rural,beverages,festival,167
240,2,0,0,7.32,29.36,0,165,9.13,7.71,3.64,94.54,rural,fresh,none,155
240,2,0,0,2.51,2.9,0,84,2.98,14.96,0.46,93.06,rural,snacks,festival,84
240,2,0,0,4,20.11,0,140,3.94,26.21,4.93,97.31,rural,fresh,none,118
240,2,0,0,3.88,25.05,0,196,3.7,15.71,5.35,100.6,suburban,beverages,construction,134
240,2,0,0,4.33,0,0,48,4.76,12.4,0.1,100.23,rural,snacks,construction,39
240,2,0,0,4.14,0.22,0,194,4.68,18.8,0,98.98,urban,beverages,sports,117
240,2,0,0,3.78,13.31,0,97,3.74,14.74,0,93.28,suburban,snacks,none,89
240,2,0,0,4.14,1.8,0,98,3.51,9.79,0,103.55,suburban,snacks,none,42
240,2,0,0,4.62,1.45,0,113,4.59,12.15,2.52,99.87,urban,fresh,festival,82
241,3,0,0,5.67,25.99,0,71,5.69,13.7,6.16,100.16,urban,homecare,construction,65
241,3,0,0,2.73,27.33,1,176,2.66,20.48,0,93.78,suburban,snacks,construction,167
241,3,0,0,3.47,2.94,1,143,3.55,13.2,7.66,91.29,urban,snacks,construction,82
241,3,0,0,5.41,0.2,0,40,5.39,16.1,7,106.85,suburban,fresh,none,40
241,3,0,0,9.61,3.63,0,53,9.4,12.05,1.89,90.83,suburban,homecare,none,40
241,3,0,0,3.34,2.28,1,125,3.54,14.89,1.03,99,suburban,fresh,festival,59
241,3,0,0,4.66,12.53,0,87,4.22,15.47,4.02,96.79,urban,snacks,none,87
241,3,0,0,6.82,1.99,0,101,6.94,17.87,5.62,97.9,suburban,homecare,festival,23
241,3,0,0,7.35,6.08,1,108,7.96,13.3,0,98.15,urban,personalcare,none,91
241,3,0,0,3.15,0.03,0,86,3.33,14.47,0,98.88,suburban,snacks,sports,64
241,3,0,0,4.41,10.64,0,111,4.41,18.25,9.29,95.89,urban,fresh,sports,110
241,3,0,0,3.78,3.63,1,137,4.37,14.25,5.04,94.46,urban,personalcare,none,73
241,3,0,0,3.58,1.03,0,94,3.96,4.73,0,106.09,urban,beverages,sports,93
241,3,0,0,1.36,2.71,0,135,1.62,14.78,0,96.01,urban,snacks,none,79
241,3,0,0,6.31,15.88,0,163,5.84,17.47,2.43,96.34,urban,snacks,festival,112
241,3,0,0,4.7,22.2,0,167,4.81,17.49,0,96.28,suburban,snacks,none,103
241,3,0,0,8.34,2.86,0,27,9.5,15.12,11.53,98.03,suburban,homecare,none,27
241,3,0,0,3.88,29.09,0,179,3.4,16.37,3.29,101.41,suburban,snacks,none,160
241,3,0,0,4.69,1,0,4,5.2,22.96,4.05,99.89,suburban,fresh,sports,4
241,3,0,0,6.25,15.81,0,184,7.28,22.08,2.79,89.78,suburban,snacks,none,67
241,3,0,0,2.84,2.24,0,98,3,18.7,0.45,100.88,suburban,beverages,festival,98
241,3,0,0,1.1,0.35,0,87,1.31,11.87,0,100.89,rural,beverages,construction,63
241,3,0,0,6.46,17.96,0,68,6.22,21.6,4.01,99.38,rural,homecare,festival,68
241,3,0,0,4.94,13.21,1,247,5.53,21.93,0,102.42,suburban,fresh,none,101
241,3,0,0,3.68,0.16,0,52,4.18,10.24,1.47,96.58,suburban,fresh,sports,52
241,3,0,0,3.63,3.59,1,38,3.78,13.86,0,93.27,suburban,snacks,sports,38
241,3,0,0,2.06,0.89,0,151,2.3,19.63,3.67,99.96,urban,beverages,none,131
241,3,0,0,3.39,17.86,0,151,3.6,14.15,11.26,107.17,urban,beverages,festival,151
241,3,0,0,2.6,5.54,1,144,2.48,14.49,6.16,100.36,urban,snacks,festival,118
241,3,0,0,4.23,23.22,0,166,4.5,17.36,1.49,89.51,rural,snacks,festival,118
241,3,0,0,5.15,1.33,0,68,6.02,12.74,1.2,99.91,suburban,fresh,none,68
241,3,0,0,9.19,0.8,0,81,9.41,13.83,2.05,104.14,suburban,homecare,festival,81
241,3,0,0,8.11,1.39,0,40,8.22,20.74,5.63,90.08,urban,homecare,none,28
241,3,0,0,4.64,2.85,0,96,4.87,18.29,8.04,100.6,suburban,beverages,none,90
241,3,0,0,4.41,0.5,0,64,3.8,10.79,6.22,103.74,urban,beverages,none,64
242,4,0,0,4.72,2.72,0,106,4.54,11.26,1.25,102.03,urban,personalcare,festival,91
242,4,0,0,1.56,0.47,0,70,1.57,14.3,0,95.5,suburban,snacks,sports,49
242,4,0,0,4.27,1.7,0,111,5.17,13.34,0,98.26,rural,fresh,sports,89
242,4,0,0,3.48,22.58,0,141,3.16,13.63,5.93,97.31,urban,snacks,none,141
242,4,0,0,10.63,21.41,0,118,10.17,16.68,0,95.55,suburban,homecare,none,65
242,4,0,0,3.79,28.46,0,215,3.16,13.57,2.69,99.68,urban,fresh,festival,215
242,4,0,0,6.27,11,0,57,6.86,21.75,0.43,90.18,urban,homecare,none,57
242,4,0,0,3.11,2.45,0,87,3.79,4.72,0,98.72,rural,beverages,none,53
242,4,0,0,5.23,3.81,0,54,4.64,15.76,3.53,109.11,suburban,fresh,construction,54
242,4,0,0,3.13,4.84,0,117,3.45,14.89,3.14,94.94,urban,beverages,none,88
242,4,0,0,3.08,3.6,1,84,3.39,12.56,9.16,99.93,rural,snacks,sports,56
242,4,0,0,4.32,0.02,1,124,4.09,17.62,0,97.72,urban,snacks,festival,124
242,4,0,0,2.36,24.98,1,260,2.34,15.2,4.16,97.53,urban,beverages,festival,260
242,4,0,0,4.29,5.12,0,143,5.02,16.84,2.58,99.82,suburban,snacks,festival,71
242,4,0,0,4.43,9.61,0,164,5,21.05,5.21,93.83,urban,fresh,sports,103
242,4,0,0,6.47,3.12,1,88,6.2,14.64,0,95.54,urban,snacks,none,78
242,4,0,0,5.74,0.57,0,104,5.37,15.95,0.37,94.85,urban,snacks,sports,82
242,4,0,0,4.01,1.66,1,140,4.67,11.21,0,92.5,urban,beverages,none,77
242,4,0,0,3.5,3.94,0,122,3.43,17.7,5.48,100.41,suburban,beverages,sports,122
242,4,0,0,3.96,13.76,0,43,3.62,13.8,3.97,98.71,rural,personalcare,festival,43
242,4,0,0,1.85,28.06,0,194,2.24,19.28,9.44,98.71,rural,beverages,sports,194
242,4,0,0,1.1,18.65,0,113,1.09,19.93,0,92.28,suburban,fresh,sports,113
242,4,0,0,3.08,1.73,0,71,3.3,25.46,0.19,92.4,suburban,beverages,construction,71
242,4,0,0,3.45,36.61,0,153,3.03,10.61,0,106.64,urban,snacks,construction,112
242,4,0,0,7.11,4.32,1,103,6.43,16.01,11.63,88.37,rural,beverages,none,77
242,4,0,0,3.68,0.14,1,135,3.94,19.65,5.32,91.19,suburban,beverages,sports,90
242,4,0,0,8.39,10.54,0,110,9.53,13.42,9.27,93.23,suburban,homecare,none,73
242,4,0,0,3.36,1.43,0,40,3.4,7.68,0,103.81,rural,snacks,construction,40
242,4,0,0,9.01,1.01,0,23,8.51,18.93,6.31,96.83,suburban,homecare,none,23
242,4,0,0,3.69,23.52,0,136,3.06,13.72,5.16,97.4,urban,snacks,construction,121
242,4,0,0,5.74,18.45,0,160,5.48,16.48,0.46,92.59,rural,beverages,none,103
242,4,0,0,2.75,0.2,0,125,2.38,18.87,3.01,90.37,urban,beverages,none,90
242,4,0,0,8.94,0,0,77,9.29,19.75,0,102.54,urban,homecare,none,51
242,4,0,0,7.32,19.53,0,143,8.13,17.35,0,102.88,urban,homecare,none,72
242,4,0,0,6.49,2.27,1,79,7.15,9.45,12.37,99.28,rural,personalcare,none,12
243,5,0,1,4.15,2.33,1,145,4.36,9.87,8.61,98.79,suburban,beverages,none,87
243,5,0,1,5.1,22.85,0,87,4.24,10.04,0,93.11,urban,personalcare,none,69
243,5,0,1,8.25,4.15,0,81,9.11,16.96,0.45,98.27,rural,homecare,none,43
243,5,0,1,11.46,6.55,0,53,13.96,20.45,3.4,99.73,rural,homecare,sports,0
243,5,0,1,4.35,1.81,0,98,4.84,17.39,0,96.57,urban,snacks,festival,98
243,5,0,1,5.71,4.57,0,138,5.15,9.95,8.97,96.04,urban,beverages,festival,131
243,5,0,1,2.17,3.95,0,129,1.8,13.18,0.4,99.5,suburban,snacks,construction,57
243,5,0,1,4.89,0.78,0,4,5.35,14.13,0.55,93.6,suburban,personalcare,construction,4
243,5,0,1,7.72,9.59,0,80,9.07,10.36,4.64,98.18,urban,beverages,none,80
243,5,0,1,4.2,7.03,1,85,5.19,21.72,3.56,103.7,rural,fresh,sports,85
243,5,0,1,8.74,0,1,112,8.91,10.97,1.05,94.23,suburban,homecare,construction,20
243,5,0,1,5.44,1.49,1,100,5.91,17.5,8.6,97.81,urban,homecare,none,56
243,5,0,1,8.15,13.13,0,60,9.21,26.53,1.4,92.99,rural,homecare,none,3
243,5,0,1,3.95,29.37,0,152,3.15,10.69,10.93,106.06,suburban,personalcare,none,82
243,5,0,1,3.43,3.21,0,113,3.82,19.8,0.43,97.64,urban,personalcare,none,26
243,5,0,1,6,16.23,0,113,6.44,16.15,0.44,110.03,urban,personalcare,none,104
243,5,0,1,3.6,25.02,1,165,3.61,18.32,8.49,97.9,rural,snacks,none,164
243,5,0,1,4.73,4,0,82,6.19,15.49,2.94,96.76,rural,personalcare,festival,78
243,5,0,1,5.44,1.62,0,76,5.03,20.77,3.9,97.83,suburban,beverages,none,76
243,5,0,1,3.57,1.36,0,97,3.8,16.55,0,100.05,suburban,fresh,none,58
243,5,0,1,7.51,1.04,0,181,9,12.53,8.82,94.37,urban,beverages,none,121
243,5,0,1,9.93,10.37,0,40,10.89,10.56,6.31,92.01,suburban,homecare,none,40
243,5,0,1,6.25,11.57,1,209,7.34,18.84,8.21,98.54,urban,snacks,festival,72
243,5,0,1,5.55,17.69,1,163,5.65,18.93,1.56,92.55,suburban,snacks,festival,152
243,5,0,1,2,26.56,1,247,1.7,17.96,3.55,93.23,urban,beverages,none,130
243,5,0,1,2.03,0.99,0,108,2.1,17.07,0,84.71,rural,beverages,sports,45
243,5,0,1,4.09,18,0,146,4.67,7.8,7.18,98.87,suburban,fresh,construction,90
243,5,0,1,2.21,1.37,0,94,2.44,15.41,1.28,100.54,suburban,beverages,sports,71
243,5,0,1,3.61,0.23,0,96,4.01,20.18,13.82,102.01,rural,snacks,festival,96
243,5,0,1,5.62,9.52,1,129,6.48,16.32,10.83,101.19,urban,beverages,none,129
243,5,0,1,5.1,1.74,0,60,5.64,11.88,0,102.44,suburban,personalcare,none,60
243,5,0,1,7.43,6.7,0,46,7.89,25.09,9.25,112.54,suburban,homecare,construction,6
243,5,0,1,4.26,18.55,0,183,4.57,16.42,1.77,96.28,urban,fresh,none,183
243,5,0,1,7.27,2.6,0,81,7.03,22.83,0,95.49,suburban,snacks,none,21
243,5,0,1,3.88,21.51,1,141,4.15,15.82,5.47,96.64,rural,fresh,none,53
244,6,0,1,5.72,0.33,0,52,6.84,21.8,0,96.11,rural,snacks,none,43
244,6,0,1,5.57,3.44,1,92,5.05,11.04,0,99.41,suburban,fresh,none,92
244,6,0,1,8.45,2.99,0,120,8.19,16.26,10.33,101.07,urban,homecare,none,34
244,6,0,1,2.31,0.88,0,78,1.92,14.3,7.5,102.86,rural,beverages,construction,62
244,6,0,1,6.38,3.83,1,145,6.69,15.3,2.16,96.77,suburban,beverages,festival,99
244,6,0,1,6.33,1.69,0,141,6.24,8.99,5.16,92.24,urban,beverages,construction,55
244,6,0,1,8.53,28.18,0,125,8.77,16.77,1.22,93.2,urban,homecare,sports,114
244,6,0,1,3.55,6.21,0,77,4.32,21.4,1.24,89.33,urban,personalcare,sports,51
244,6,0,1,3.74,4.37,0,77,4.27,15.3,0.99,92.02,suburban,beverages,none,77
244,6,0,1,4.77,1.08,0,109,5.07,18.9,8.71,93.59,urban,beverages,festival,57
244,6,0,1,6.58,0.12,1,93,5.74,11.82,4.93,112.33,rural,beverages,sports,93
244,6,0,1,9.87,3.05,0,94,9.61,14.25,0,107.67,urban,homecare,sports,2
244,6,0,1,4.23,2.17,0,121,3.82,12.23,0,98.68,suburban,beverages,none,69
244,6,0,1,8.52,4.02,0,72,7.62,8.1,0,96.03,suburban,homecare,none,22
244,6,0,1,2.83,1.17,0,96,3.52,19.65,0,85.51,suburban,fresh,none,53
244,6,0,1,6.24,0.21,1,139,6.25,12.77,6.53,102.99,urban,beverages,construction,120
244,6,0,1,5.31,0.1,0,83,4.77,17.18,0,95.16,suburban,beverages,festival,33
244,6,0,1,3.01,2.15,0,116,2.9,15.05,0,104.39,urban,fresh,sports,105
244,6,0,1,4.13,3.28,1,88,4.29,17.64,5.27,98.52,suburban,fresh,construction,70
244,6,0,1,9.29,14.25,0,105,10.26,17.23,6.23,95.49,rural,homecare,festival,60
244,6,0,1,2.82,0,0,136,2.97,6.55,7.2,99.4,suburban,beverages,festival,67
244,6,0,1,4.6,0.96,0,92,4.58,11.23,1.75,102.77,urban,snacks,none,47
244,6,0,1,6.93,10.21,0,104,7.03,19.38,0,99.6,suburban,personalcare,festival,55
244,6,0,1,5.9,0,0,18,5.96,18.49,5.79,97.55,rural,snacks,none,9
244,6,0,1,3.04,22.59,1,127,3.01,13.32,0,105.07,rural,beverages,construction,95
244,6,0,1,2.87,3.53,1,49,3.54,20.89,10.71,93.26,rural,snacks,none,49
244,6,0,1,4.23,2.32,1,144,4.61,18.23,2.92,94.59,urban,fresh,none,65
244,6,0,1,1.61,2.16,1,116,1.63,15.42,0,91.9,suburban,fresh,none,114
244,6,0,1,3.21,2.23,0,63,3.15,11.77,1.91,92.38,urban,personalcare,construction,43
244,6,0,1,8.98,0,0,51,8.36,17.48,0,99.77,suburban,homecare,none,7
244,6,0,1,5.74,2.53,0,138,6.09,18.32,2.77,95.87,urban,homecare,festival,109
244,6,0,1,7.84,2.36,0,34,8.29,16.74,0,95.81,suburban,homecare,none,34
244,6,0,1,6.13,0,0,94,6.95,21.3,3.93,91.47,urban,homecare,construction,22
244,6,0,1,1.1,1.12,1,111,1.28,12.55,3.07,101.3,urban,beverages,none,87
244,6,0,1,2.27,18.71,0,160,2.5,10.74,0.59,102.43,rural,snacks,construction,61
245,0,0,0,2.86,2.89,0,113,3.18,15.61,2.19,93.46,suburban,fresh,sports,67
245,0,0,0,7.1,29.51,0,172,8.4,19.16,11.08,102.06,urban,homecare,festival,120
245,0,0,0,5.78,0.15,0,171,5.14,14.54,5.16,93.83,suburban,beverages,festival,107
245,0,0,0,5.42,2.18,0,77,6,16.76,0,93.68,suburban,snacks,none,39
245,0,0,0,3.85,4.12,0,158,3.73,10.44,0,103.12,suburban,beverages,none,65
245,0,0,0,6.1,2.67,0,122,6.82,18.72,0.21,100.86,urban,beverages,festival,122
245,0,0,0,5.03,0,1,45,4.8,14.33,0,97.45,suburban,snacks,construction,40
245,0,0,0,6.08,18.86,1,82,5.34,16.23,6.13,93.92,rural,snacks,construction,77
245,0,0,0,4.4,16.61,0,158,4.62,11.25,6.89,94.84,urban,fresh,construction,47
245,0,0,0,2.72,16.65,1,114,3.35,16.26,9.28,100.36,urban,personalcare,none,114
245,0,0,0,4.67,22.5,0,165,4.37,7.22,5.26,95.37,suburban,beverages,construction,126
245,0,0,0,4.86,1.8,1,97,5.51,15.72,0.8,93.13,rural,snacks,festival,90
245,0,0,0,4.18,4.34,0,103,4.67,14,8.71,100.86,urban,snacks,none,90
245,0,0,0,3.54,2.15,0,86,4.64,15.97,0.07,98.91,suburban,fresh,none,59
245,0,0,0,3.06,1.53,1,153,3.15,17.99,0,94.13,suburban,beverages,sports,139
245,0,0,0,2.96,24.79,0,118,3.25,19.59,2.62,105.33,suburban,snacks,none,118
245,0,0,0,3.01,1.79,0,96,3.11,15.8,11.01,98.6,urban,snacks,construction,49
245,0,0,0,4.85,0.14,0,79,5.23,13.3,0,101.46,suburban,snacks,construction,70
245,0,0,0,9.5,20.83,1,42,9.9,14.79,0,97.26,rural,homecare,sports,42
245,0,0,0,6.73,3.54,0,88,6.8,12.72,0,101.59,rural,personalcare,construction,29
245,0,0,0,2.89,2.8,1,88,3.05,9.86,2.13,93,rural,snacks,none,26
245,0,0,0,4.84,1.92,0,64,4.8,15.68,0.52,96.27,suburban,beverages,none,64
245,0,0,0,5.56,3.85,0,116,6.84,11.58,1.38,105.23,suburban,snacks,construction,63
245,0,0,0,3.85,2.6,1,126,4.24,9.76,1.22,98.73,urban,beverages,none,77
245,0,0,0,5.43,1.93,0,148,5.66,13.16,6.67,95.07,suburban,snacks,none,49
245,0,0,0,3.61,1.32,1,130,3.21,21.83,1.45,97.07,urban,snacks,none,93
245,0,0,0,4.1,1.03,0,83,4.49,19.35,0,96.44,suburban,fresh,none,65
245,0,0,0,1.56,21.18,1,157,1.67,23.12,9.01,100.59,suburban,snacks,none,132
245,0,0,0,7.03,2.94,0,131,6.38,17.3,4.17,102.99,suburban,beverages,none,97
245,0,0,0,5.63,12.69,1,144,4.88,15.34,10.53,90.95,suburban,snacks,sports,82
245,0,0,0,3.53,2.39,1,67,3.85,13.2,14.37,104.98,rural,beverages,none,67
245,0,0,0,4.57,0.71,0,80,4.48,15.71,0,98.55,rural,fresh,none,58
245,0,0,0,3.46,3.68,0,175,3.98,15.23,3.76,98.42,suburban,beverages,none,100
245,0,0,0,6.56,15.13,0,90,5.62,17.15,4.65,100.28,suburban,homecare,festival,63
245,0,0,0,4.15,21.62,0,161,4.88,15.32,0,97.32,suburban,fresh,none,118
246,1,0,0,9.55,15.75,0,78,8.95,15.09,3.57,107.05,suburban,homecare,sports,52
246,1,0,0,1.47,17.81,0,166,1.54,17.23,0,101.79,suburban,beverages,none,166
246,1,0,0,6.66,23.21,0,168,7.3,18.66,5.1,104.37,urban,snacks,construction,152
246,1,0,0,2.72,2.47,0,87,2.83,16.07,5.91,98.86,suburban,personalcare,construction,50
246,1,0,0,3.07,4.2,1,196,2.52,14.75,8.83,95.62,suburban,beverages,sports,139
246,1,0,0,5.51,21.79,0,205,6.18,18.32,2.77,111.83,suburban,beverages,festival,170
246,1,0,0,4.9,29.87,0,176,4.93,17.87,6.33,97,rural,beverages,none,176
246,1,0,0,5.17,9.72,0,77,4.86,18.5,1.35,89.76,suburban,snacks,none,26
246,1,0,0,5.6,3.53,1,122,5.89,19.31,0,99.31,suburban,snacks,festival,107
246,1,0,0,9.97,16.88,0,73,13.11,18.03,3.35,99.8,suburban,homecare,none,56
246,1,0,0,4.12,0.87,0,64,5.36,15.54,6.31,94.08,urban,snacks,none,64
246,1,0,0,4.69,3.55,0,85,4.87,14.61,5.79,95.76,urban,snacks,none,85
246,1,0,0,6.94,3.25,0,61,6.5,16.04,0,90.84,urban,homecare,none,35
246,1,0,0,9.29,18.54,1,89,9.59,13.8,5.97,103.61,rural,homecare,none,77
246,1,0,0,1.43,11.54,0,104,1.37,13.05,0.29,99.33,suburban,fresh,festival,104
246,1,0,0,2.21,4.24,0,94,2.18,17.95,5.77,110.82,urban,snacks,none,94
246,1,0,0,7.36,0.78,0,70,8.13,14.94,6.63,95.29,urban,homecare,none,0
246,1,0,0,2.74,1.46,1,108,2.64,16.08,1.6,103.34,urban,snacks,sports,106
246,1,0,0,4.03,4.18,1,158,3.57,8.83,4.61,102.43,urban,snacks,festival,115
246,1,0,0,3.81,26.5,1,173,4.16,10.93,7.94,99.18,urban,snacks,none,161
246,1,0,0,4.97,14.53,0,186,5.38,11.86,2.57,97.17,suburban,beverages,sports,186
246,1,0,0,2.59,15.58,0,126,3.22,20.66,0,97.19,suburban,personalcare,sports,52
246,1,0,0,5.41,21.89,0,136,7,15.66,11.6,105.07,urban,personalcare,construction,86
246,1,0,0,2.54,19.12,0,130,2.94,17.59,1.03,105.77,urban,beverages,construction,130
246,1,0,0,4.5,2.14,0,111,6.04,13.99,9.58,94.07,urban,snacks,festival,111
246,1,0,0,3.9,18.08,1,91,4.87,12.1,11.62,105.38,urban,personalcare,none,91
246,1,0,0,3.06,18.16,0,167,2.8,20.65,0,103.13,suburban,fresh,none,144
246,1,0,0,8.53,15.14,1,153,8.98,21.67,3.92,93.37,rural,beverages,sports,116
246,1,0,0,4.16,3.69,0,68,4.75,25.47,5.42,104.47,rural,snacks,none,38
246,1,0,0,4.18,4.26,0,125,3.58,13.96,4.35,104.17,suburban,beverages,none,101
246,1,0,0,3.71,1.81,0,73,4.03,8.14,14.05,102.21,suburban,snacks,construction,36
246,1,0,0,2.16,4.47,0,75,2.56,19.55,2.87,95.47,suburban,personalcare,construction,52
246,1,0,0,3.5,10.55,1,121,3.83,17.49,5.16,99.9,suburban,snacks,construction,67
246,1,0,0,3.62,3.24,0,138,3.89,17.34,0,99.63,suburban,beverages,festival,104
246,1,0,0,6.89,0,0,102,8.93,17.47,0,100.35,suburban,snacks,festival,100
247,2,0,0,4.18,0.02,0,77,4.11,15.23,5.89,94.8,suburban,beverages,construction,33
247,2,0,0,3.5,2.54,0,110,3.7,12.8,1.74,101.04,urban,beverages,construction,78
247,2,0,0,3.13,1.03,0,105,3.07,14.05,4.26,100.9,urban,fresh,none,80
247,2,0,0,3.83,0.36,0,130,3.74,15.07,0,108.22,urban,beverages,festival,130
247,2,0,0,5.63,4.81,0,42,5.58,13.3,1.45,98.51,suburban,personalcare,none,30
247,2,0,0,4.37,2.26,0,78,4.56,19.14,8.77,97.26,urban,snacks,none,62
247,2,0,0,3.63,15.64,1,135,3.24,16.27,0.23,92.56,urban,personalcare,sports,131
247,2,0,0,3.05,0,1,99,3.23,16.26,4.75,106.19,suburban,beverages,construction,99
247,2,0,0,5.63,12.72,0,105,6.38,16.73,4.81,93.93,rural,fresh,none,78
247,2,0,0,5.02,1.34,1,55,5.81,17.31,0,93.92,rural,snacks,none,39
247,2,0,0,5.14,8.93,0,132,5.17,14.77,2.7,94.54,rural,fresh,sports,86
247,2,0,0,6.48,3.4,0,139,6.48,13.55,0,101.92,suburban,beverages,sports,95
247,2,0,0,3.68,15,0,114,3.72,16.81,1.46,109.79,suburban,personalcare,festival,83
247,2,0,0,4.33,1.3,0,129,5.16,16.55,1.48,94.34,urban,beverages,none,87
247,2,0,0,6.59,4.15,0,128,6.05,8.3,3.9,90.94,suburban,homecare,festival,24
247,2,0,0,5.57,1.72,1,132,4.64,13.58,6.28,107.52,suburban,snacks,sports,81
247,2,0,0,3.58,12.74,0,156,3.6,9.51,1.39,97.45,urban,beverages,construction,147
247,2,0,0,2.25,28.77,1,179,2.39,11.67,5.76,99.32,urban,snacks,sports,123
247,2,0,0,9.11,11.23,0,105,7.57,13.28,5.1,104.91,suburban,homecare,none,20
247,2,0,0,3.31,0.6,1,123,3.23,18.41,0,92.92,suburban,snacks,none,87
247,2,0,0,4.79,9.02,0,163,5.12,16.37,5.7,100.36,urban,fresh,construction,96
247,2,0,0,5.99,2.07,1,114,7.27,11.78,2.29,107.34,rural,beverages,none,41
247,2,0,0,5.9,4,0,8,6.87,10.96,0.43,96.5,rural,homecare,construction,6
247,2,0,0,4.17,0,1,26,3.56,17.15,6.45,90.59,rural,personalcare,construction,4
247,2,0,0,5.53,1.06,1,53,6.24,12.23,8.76,96.78,suburban,homecare,none,53
247,2,0,0,5.04,1.35,1,149,6.29,16.45,0,96,suburban,beverages,none,119
247,2,0,0,4.24,0.77,0,95,5.09,18.42,1.29,101.88,urban,personalcare,none,75
247,2,0,0,5.56,0.63,1,32,5.91,17.1,11.65,95.59,suburban,snacks,none,32
247,2,0,0,11.74,2.07,1,84,12.81,16.71,2.37,88.79,suburban,homecare,festival,57
247,2,0,0,4.25,0,1,146,4.54,16.63,0,95.83,urban,beverages,none,95
247,2,0,0,3.5,1.63,1,90,4.26,20.16,3.77,100.68,rural,snacks,festival,77
247,2,0,0,3.95,1.06,0,104,4.23,16.38,0,96.89,rural,beverages,none,18
247,2,0,0,3.53,0,0,74,3.43,21.99,7.68,98.38,urban,snacks,sports,74
247,2,0,0,3.39,10.88,0,125,2.22,14.74,1.53,99.65,suburban,beverages,sports,125
247,2,0,0,7.04,2.2,1,136,7.55,14.22,0,91.29,suburban,fresh,sports,49
248,3,0,0,4.51,4.26,1,121,4.78,13.2,1.92,100.41,urban,fresh,none,47
248,3,0,0,5.33,3.4,0,126,5.27,17.54,0,101.94,rural,beverages,none,54
248,3,0,0,2.23,32.8,0,174,2.16,14.02,1.13,94.32,rural,snacks,none,114
248,3,0,0,4.3,1.95,0,121,4.1,10.7,1.48,106.76,urban,snacks,festival,121
248,3,0,0,7.66,20.56,0,102,7.02,9.71,6.9,93.04,urban,homecare,sports,102
248,3,0,0,4.53,3.62,1,39,4.15,12.88,5.52,97.44,rural,personalcare,none,21
248,3,0,0,7.88,10.73,0,77,7.04,16.37,0,100.04,urban,homecare,none,71
248,3,0,0,5.09,1.85,1,123,5.66,23.62,0,98.74,urban,fresh,none,74
248,3,0,0,4.78,3.15,0,126,4.72,23.02,5.82,103.91,urban,fresh,sports,58
248,3,0,0,7.06,22.01,0,96,6.28,12.71,7.55,93.59,suburban,homecare,none,36
248,3,0,0,3.9,0.41,0,59,4.6,19.76,0.58,94.43,suburban,snacks,none,59
248,3,0,0,1.8,20.5,0,155,1.86,10.17,0,102.71,suburban,fresh,festival,155
248,3,0,0,11.53,0,1,77,13.54,20.2,2.02,106.06,suburban,homecare,construction,71
248,3,0,0,5.93,0,0,34,6.05,10.05,6.38,98.62,rural,snacks,none,34
248,3,0,0,3.99,0,0,78,4.14,18.12,0,98.79,rural,personalcare,none,15
248,3,0,0,6.79,1.65,0,102,6.85,14.58,8.14,96.42,suburban,fresh,none,57
248,3,0,0,4.89,15.41,0,95,5.43,21.04,0.76,103.79,urban,personalcare,festival,52
248,3,0,0,4.65,1.43,0,109,4.85,20.31,8.46,106.6,urban,snacks,none,89
248,3,0,0,4.28,21.71,0,137,4.5,19.37,0,101.09,suburban,snacks,none,71
248,3,0,0,2.9,17.44,1,167,3.24,17.78,3.77,93.8,suburban,snacks,none,126
248,3,0,0,2.15,3.75,0,81,1.62,11.44,0.59,94.8,urban,snacks,none,81
248,3,0,0,10.21,0,1,68,8.81,13.79,2.27,104.1,suburban,homecare,none,38
248,3,0,0,3.72,0.69,0,89,3.56,14.55,0,100.75,rural,fresh,none,38
248,3,0,0,9.9,1.61,0,50,8.97,12.11,1.28,94.77,suburban,homecare,none,34
248,3,0,0,6.62,16.03,0,87,8.95,20.47,1.63,105.45,rural,personalcare,sports,60
248,3,0,0,6.52,0.81,1,61,7.26,17.71,5.07,99.9,urban,snacks,construction,61
248,3,0,0,5.22,2.05,0,146,6.09,18.77,2.85,101.2,urban,beverages,none,101
248,3,0,0,6,1.83,1,121,5.77,14.56,0,102,suburban,personalcare,none,68
248,3,0,0,3.25,3.09,1,137,3.2,10.73,4.39,100.03,suburban,beverages,sports,106
248,3,0,0,4.11,2.96,0,32,4.01,14.08,11.68,91.52,rural,personalcare,sports,28
248,3,0,0,8.23,1.33,0,4,7.82,18.94,0.12,101.84,rural,homecare,none,4
248,3,0,0,4.2,2.19,0,77,4.44,11.56,5.35,96.15,suburban,snacks,none,37
248,3,0,0,5.92,2.01,0,118,6.12,20.2,0.83,106.17,urban,beverages,none,70
248,3,0,0,5.2,10.96,0,93,6.83,19.77,11.97,96.95,suburban,fresh,none,93
248,3,0,0,11.37,14.62,0,68,12.86,25.18,10.75,94.32,suburban,homecare,construction,40
249,4,0,0,5.09,24.71,0,155,6.53,13.75,4.93,112.46,suburban,snacks,none,155
249,4,0,0,8.07,20.33,0,94,8.65,16.56,8.05,95.08,suburban,homecare,none,84
249,4,0,0,4.32,0,0,163,4.2,14.36,3.38,109.8,urban,fresh,festival,81
249,4,0,0,2.85,3.59,0,115,2.78,13.94,2.39,94.6,urban,beverages,none,103
249,4,0,0,4.28,3.6,0,119,4.08,16.68,14.69,95.87,suburban,fresh,sports,36
249,4,0,0,3.58,1.6,1,123,3.84,8.04,3.19,98.73,urban,fresh,none,27
249,4,0,0,4.04,1.01,0,138,4.29,16.26,2.21,89.55,rural,beverages,festival,79
249,4,0,0,3.67,2.01,0,89,3.76,16.55,5.08,108.91,rural,beverages,none,72
249,4,0,0,2.75,3.53,0,175,2.9,18.93,0,97.65,suburban,beverages,festival,117
249,4,0,0,5.43,0.3,0,83,6.22,12.96,4.75,92.64,suburban,beverages,none,83
249,4,0,0,5.16,0.89,0,22,6.3,6.21,2.37,94.06,urban,fresh,construction,22
249,4,0,0,5.85,3.39,0,123,6.52,11.92,1.88,107.47,urban,snacks,sports,92
249,4,0,0,7.62,5.16,0,98,8.85,14.58,8.72,92.61,suburban,homecare,festival,80
249,4,0,0,5.18,1.64,0,72,5.76,20.27,0.62,98.12,suburban,beverages,construction,72
249,4,0,0,2.53,3.12,1,134,2.46,10.8,0,99.08,urban,fresh,none,78
249,4,0,0,9.01,0,0,53,8.55,13.12,0,102.73,suburban,homecare,sports,27
249,4,0,0,5.48,18.6,1,121,5.08,9.75,3.21,101.05,urban,personalcare,sports,121
249,4,0,0,4.9,0,0,99,5.72,11.63,0,102.08,suburban,fresh,festival,99
249,4,0,0,4.72,4.14,1,108,5.57,10.79,0,98.95,suburban,fresh,none,82
249,4,0,0,3.01,3.03,1,124,3.17,8.36,0,101.97,urban,fresh,sports,99
249,4,0,0,3.28,2.58,0,106,2.98,15.05,6.59,102.8,urban,fresh,sports,70
249,4,0,0,4.86,25.93,1,184,4.35,17.39,6.41,96.5,suburban,fresh,construction,184
249,4,0,0,7.21,4.78,0,40,8.31,19.55,7.63,94.86,rural,homecare,none,40
249,4,0,0,2.79,13.59,0,156,2.72,14.64,1.42,103.55,suburban,beverages,festival,150
249,4,0,0,4.35,3.2,0,155,4.83,13.35,7.05,95.44,suburban,beverages,none,109
249,4,0,0,5.46,0,1,110,5.46,22.03,6.99,96.25,suburban,beverages,none,74
249,4,0,0,7.73,2.71,0,94,8.24,22.4,6.92,102.63,urban,homecare,none,28
249,4,0,0,8.32,0,0,151,7.26,9.9,4.82,104.74,urban,beverages,none,51
249,4,0,0,3.14,4.23,0,113,2.89,15.23,1.82,93.42,suburban,beverages,none,92
249,4,0,0,4.38,2.04,0,101,5.17,14.43,2.37,105.56,rural,beverages,construction,56
249,4,0,0,3.57,28.15,1,206,4.14,18.8,5.71,97.33,suburban,fresh,none,173
249,4,0,0,5.24,0.94,1,168,5.77,14.07,2.87,93.92,suburban,beverages,sports,105
249,4,0,0,3.67,26.93,1,139,3.14,12.66,0,100.49,suburban,snacks,none,139
249,4,0,0,3.43,2.05,0,132,3.69,10.58,0,96.57,urban,beverages,construction,68
249,4,0,0,4.23,4.54,0,103,4.19,20.29,2.4,93.23,urban,beverages,none,69
250,5,0,1,8.16,13.91,0,70,8,20.82,0.01,95.73,suburban,homecare,none,39
250,5,0,1,3.4,0,0,127,3.59,8.73,0,103.31,suburban,fresh,none,60
250,5,0,1,4.97,1.47,1,88,4,15.67,9.67,95.9,suburban,personalcare,none,55
250,5,0,1,5.15,3.22,0,58,4.9,14.28,5.1,94.38,urban,fresh,none,58
250,5,0,1,5.8,2.17,0,94,6.17,24.04,5.87,97.15,urban,homecare,none,66
250,5,0,1,2.29,3.05,0,159,2.39,11.05,0.51,101.85,suburban,beverages,none,73
250,5,0,1,2.86,0,0,80,2.63,16.47,7.8,97.47,suburban,snacks,none,45
250,5,0,1,9.4,3.01,0,112,9.18,8.86,1.69,109.99,suburban,homecare,festival,112
250,5,0,1,1.92,1.77,0,161,2.12,19.71,4.6,91.03,urban,snacks,festival,107
250,5,0,1,3.38,12.01,0,159,3.42,12.74,7.67,101.03,rural,fresh,construction,71
250,5,0,1,8.51,0.52,1,105,8.67,13.74,4.26,96.36,rural,homecare,none,32
250,5,0,1,4.09,1.82,0,127,4.63,17.35,3.47,96.55,urban,beverages,none,70
250,5,0,1,3.42,3.49,0,188,3.51,14.61,4.87,94.71,suburban,beverages,festival,74
250,5,0,1,5.32,0.23,0,133,5.97,13.13,6.03,93.91,suburban,snacks,festival,105
250,5,0,1,3.6,1.97,0,61,3.64,18.67,0,92.79,suburban,snacks,sports,61
250,5,0,1,6.14,2.42,0,25,6.18,9.47,6.82,99.07,urban,fresh,none,25
250,5,0,1,1.1,14.03,1,178,1,9.63,14.1,100.47,rural,beverages,none,88
250,5,0,1,1.35,0.96,1,81,1.2,14.11,0,96.63,rural,snacks,sports,0
250,5,0,1,3.81,23.65,0,97,4.01,17.47,1.15,103.22,suburban,personalcare,none,94
250,5,0,1,2.87,20.17,0,180,2.77,17.81,0,97.41,suburban,beverages,sports,176
250,5,0,1,3.65,3.15,0,93,2.11,18.56,3.03,107.02,rural,snacks,construction,28
250,5,0,1,3.46,4.01,0,59,4.2,14.2,0,102.92,urban,personalcare,construction,59
250,5,0,1,9.3,3.4,1,70,8.83,15.78,2.62,93.37,suburban,homecare,none,23
250,5,0,1,3.96,3.77,0,108,4.06,10.47,1.95,102.93,urban,snacks,none,23
250,5,0,1,4.54,3,0,102,4.99,16.48,12.81,96.2,suburban,personalcare,festival,96
250,5,0,1,4.21,32.48,1,147,4.37,14.68,0.59,96.15,rural,personalcare,sports,147
250,5,0,1,3.23,0.84,0,34,3.07,11.9,5.21,94.35,urban,personalcare,construction,4
250,5,0,1,4.42,1.46,0,114,4.69,18.48,0,94.02,urban,beverages,none,74
250,5,0,1,4.34,1,0,104,4.65,12.76,0,98.96,suburban,beverages,sports,104
250,5,0,1,3.47,3.99,0,81,3.45,13.64,5.57,99.53,rural,fresh,none,56
250,5,0,1,9.99,0.19,0,42,9.7,15.86,4.76,92.88,suburban,homecare,none,33
250,5,0,1,1.57,2.75,1,108,1.92,14.31,8.46,102.32,urban,beverages,sports,105
250,5,0,1,3.88,4.62,0,154,3.23,15.14,0,100.64,suburban,beverages,none,94
250,5,0,1,3.46,22.89,0,143,3.38,14.42,0,90.28,rural,beverages,construction,134
250,5,0,1,4.38,16.34,0,72,4.57,13.08,3.83,92.3,suburban,snacks,sports,72
251,6,0,1,4.81,0.86,1,148,6.61,17.5,7.08,103.55,urban,fresh,festival,80
251,6,0,1,3.65,1.46,0,114,4.16,11.57,1.76,93.53,rural,beverages,sports,105
251,6,0,1,1.69,20.01,1,123,1.77,11.52,4.99,95.02,urban,snacks,festival,123
251,6,0,1,6.2,2.64,1,79,5.5,9.78,3.59,104.43,rural,homecare,festival,69
251,6,0,1,5.5,1.44,0,73,4.69,16.39,0,102.43,rural,snacks,construction,51
251,6,0,1,6.13,16.65,0,162,5.17,15.4,10.43,103.28,suburban,beverages,none,96
251,6,0,1,4.32,2.81,1,86,4.43,18.17,0,102.62,urban,personalcare,none,41
251,6,0,1,10.04,18.37,0,106,8.84,16.99,3.64,102.1,rural,homecare,festival,66
251,6,0,1,5.4,2.68,0,165,4.35,20.88,0,100.94,urban,beverages,none,100
251,6,0,1,3.26,1.6,0,169,3.24,11.55,0.32,97.74,suburban,beverages,festival,126
251,6,0,1,3.71,0,0,134,3.82,17.69,7.4,101.01,rural,beverages,festival,67
251,6,0,1,4.85,0.47,1,51,4.05,11.45,0.11,100.36,rural,personalcare,none,38
251,6,0,1,3.26,15.04,1,143,3.49,14.13,0,98.68,rural,beverages,none,128
251,6,0,1,8.5,1.01,0,43,9.21,19.7,0,93.34,urban,homecare,none,43
251,6,0,1,1.24,0.06,0,83,1.3,9.97,1.66,94.55,suburban,fresh,none,15
251,6,0,1,3.4,24.66,0,127,3.57,20.72,15.47,104.33,suburban,personalcare,none,107
251,6,0,1,2.15,3.81,1,193,2.17,11.38,9.91,97.44,urban,snacks,festival,103
251,6,0,1,7.2,15.52,0,113,8.6,13.43,1.96,102.02,suburban,homecare,sports,108
251,6,0,1,1.32,0.89,0,84,1.4,10.84,4.99,99.29,suburban,snacks,none,56
251,6,0,1,7.03,2.13,1,90,6.93,8.45,0,98.27,rural,homecare,sports,31
251,6,0,1,2.76,3.53,0,48,2.55,18.89,7.09,88.66,suburban,snacks,none,38
251,6,0,1,3.25,3.22,1,143,3.69,16.68,10.29,86.55,urban,personalcare,festival,90
251,6,0,1,9.54,2.7,0,65,8.94,12.23,0,108.59,rural,homecare,none,0
251,6,0,1,3.75,3.88,1,125,3.89,5.02,4.45,94.52,suburban,beverages,construction,15
251,6,0,1,8.13,1.85,0,39,11.51,5.3,0,98.3,suburban,homecare,construction,38
251,6,0,1,5.47,1.98,1,133,4.82,18.74,1.14,97.93,suburban,beverages,construction,95
251,6,0,1,3.5,0.55,0,81,3.11,13.01,1.23,107.54,urban,snacks,none,81
251,6,0,1,10.94,0,0,69,9.62,13.78,7.83,98.82,suburban,homecare,construction,4
251,6,0,1,5.1,20.63,0,136,4.5,9.44,7.85,113.43,urban,snacks,none,56
251,6,0,1,5.3,3.15,1,145,6.46,17.03,3.92,100.46,suburban,snacks,sports,55
251,6,0,1,5.67,1.65,0,123,6.26,11.35,4.9,90.21,urban,beverages,sports,123
251,6,0,1,8.61,13.37,0,85,8.46,10.72,3.83,101.27,suburban,homecare,none,53
251,6,0,1,11.28,2.15,0,14,12.58,18.41,3.64,108.95,suburban,homecare,none,14
251,6,0,1,6.33,0.66,0,113,6.02,5.08,9.36,99.54,rural,beverages,none,25
251,6,0,1,4.21,0.35,0,4,4.56,15.46,2.37,96.11,rural,personalcare,none,0
252,0,0,0,3.37,2.23,0,138,3.58,10.63,0,99.24,suburban,fresh,festival,75
252,0,0,0,7.92,0.77,0,176,9.25,17.38,5.1,98.93,suburban,beverages,festival,132
252,0,0,0,7.02,3.57,0,118,7.23,13.37,0,107.5,urban,snacks,festival,118
252,0,0,0,3.86,0,0,69,3.58,9.76,0,100.66,suburban,snacks,construction,51
252,0,0,0,3.29,3.52,0,88,3.82,17.43,3.67,95.18,urban,fresh,festival,88
252,0,0,0,1.27,18.84,0,132,1.22,13.77,8.11,100.14,urban,snacks,festival,106
252,0,0,0,4.93,3.13,1,129,5.21,13.99,11.31,100.65,suburban,beverages,construction,101
252,0,0,0,5.11,2.44,0,107,6.05,6.99,8.61,91.3,urban,fresh,none,60
252,0,0,0,9.04,1.72,0,24,8.38,7.95,0,110.78,urban,homecare,none,24
252,0,0,0,2.7,2.96,1,150,2.59,15.68,0,102.47,urban,fresh,sports,58
252,0,0,0,6.54,40.13,0,213,6.03,14.86,0.18,105.6,suburban,snacks,sports,205
252,0,0,0,4.62,1.35,0,119,5.15,13.42,5.86,96.09,rural,snacks,none,18
252,0,0,0,2.75,3.23,0,42,2.36,7.6,14.51,86.07,rural,snacks,none,42
252,0,0,0,4.38,0.62,0,103,4.42,11.09,0,95.11,rural,fresh,festival,26
252,0,0,0,2.09,13.48,0,136,1.9,16.99,1.6,100.06,urban,snacks,festival,81
252,0,0,0,4.31,21.14,0,159,5,12.38,13.88,97.63,urban,snacks,construction,85
252,0,0,0,2.41,3.11,0,82,2.92,14.64,2.84,100.12,urban,fresh,none,62
252,0,0,0,4.11,0,0,90,4.32,16.03,0,97.56,urban,fresh,none,74
252,0,0,0,6.99,20.88,0,136,8.3,11.24,0,94.78,urban,homecare,construction,83
252,0,0,0,3.11,2.28,0,170,3.93,25.09,6.36,105.65,suburban,beverages,none,115
252,0,0,0,3.38,24.54,0,152,2.97,9.99,11.87,96.68,urban,fresh,none,152
252,0,0,0,3.53,3.67,0,115,3.53,13.79,5.03,85.98,suburban,beverages,none,55
252,0,0,0,9.45,4.1,0,33,7.35,21.73,10.86,94.15,urban,homecare,sports,13
252,0,0,0,9.54,0.13,0,78,9.93,12.7,0,105.35,rural,homecare,none,29
252,0,0,0,3.08,0,0,81,2.82,16.15,2.7,103.28,suburban,snacks,none,39
252,0,0,0,4.32,0.57,0,158,4.01,8.74,0,95.7,urban,beverages,none,108
252,0,0,0,4.31,4.09,0,78,4.38,9.02,0,102.93,suburban,fresh,construction,49
252,0,0,0,5.38,2.36,0,105,6.49,9.44,4.48,89.8,suburban,snacks,sports,105
252,0,0,0,4.42,15.1,1,186,4.48,21.46,2.55,98.63,rural,beverages,none,114
252,0,0,0,5.19,17.01,0,174,6.03,16.03,0,100.41,suburban,personalcare,none,69
252,0,0,0,3.4,2.41,0,80,3.53,8.51,0.8,103.88,rural,beverages,festival,80
252,0,0,0,6.61,3.32,1,87,7,9.02,2.76,105,rural,snacks,sports,82
252,0,0,0,4.35,3.16,0,4,4.45,13.99,3.4,99.17,suburban,fresh,festival,4
252,0,0,0,2.36,1.66,0,86,2.45,15,7.17,99.02,suburban,snacks,sports,86
252,0,0,0,7.42,3.36,0,100,9.27,20.64,1.43,93.14,urban,homecare,sports,34
253,1,0,0,7.05,3.95,1,75,6.11,11.19,6.15,99.17,suburban,snacks,none,42
253,1,0,0,5.18,0,0,62,5.76,13.69,7.8,93.4,urban,beverages,none,62
253,1,0,0,3.23,0.21,0,46,3.19,7.79,12.26,104.48,suburban,fresh,none,22
253,1,0,0,3.75,3.5,0,93,2.96,16.58,0.81,95.27,rural,beverages,festival,85
253,1,0,0,3.72,0.42,0,154,4.67,19.56,0,99.32,urban,snacks,construction,62
253,1,0,0,3.25,12.38,0,99,3.27,15.51,5.97,99.14,suburban,fresh,sports,99
253,1,0,0,10.13,2.07,0,36,10.04,13.64,5.34,98.27,rural,homecare,none,22
253,1,0,0,3.69,5.47,0,102,4.09,11.78,0.77,97.48,suburban,personalcare,festival,57
253,1,0,0,9.68,0,1,65,10.25,19.86,4.45,99.59,rural,homecare,none,40
253,1,0,0,6.39,14.36,0,123,6.11,21.06,1.12,100,urban,snacks,none,108
253,1,0,0,5.43,2.88,1,97,5.32,15.46,0.11,96.24,urban,personalcare,none,47
253,1,0,0,1.67,14.99,1,129,1.72,13.77,3.7,105.63,rural,beverages,none,88
253,1,0,0,2.34,3.89,1,154,2.37,19.18,2.49,102.19,urban,beverages,none,86
253,1,0,0,3.1,14.09,0,91,3.67,11.49,0,98.44,urban,personalcare,festival,91
253,1,0,0,4.65,0,0,76,4.77,10.09,3.66,100.35,suburban,fresh,none,71
253,1,0,0,3.64,3.92,0,134,3.36,12.33,0,99.02,urban,beverages,construction,85
253,1,0,0,4.8,1.09,0,81,5.9,17.23,3.32,108.95,rural,fresh,none,44
253,1,0,0,2.94,1.09,0,123,2.8,15.69,3.1,91.75,suburban,fresh,none,33
253,1,0,0,2.15,26.74,1,260,2.38,16.01,4.94,95.51,urban,fresh,festival,206
253,1,0,0,4.57,1.17,1,80,5.3,13.84,3.22,99.25,rural,fresh,festival,80
253,1,0,0,2.1,1.02,0,96,2.31,12.77,0,98.01,suburban,snacks,none,47
253,1,0,0,2.94,2.25,1,175,3.15,16.91,1.41,95.55,urban,snacks,none,77
253,1,0,0,5.11,3.76,0,50,4.44,15.85,8.43,86.72,suburban,personalcare,festival,50
253,1,0,0,4.38,2.6,0,116,3.52,15.1,3.38,104.34,suburban,beverages,sports,91
253,1,0,0,3.72,0,1,151,3.69,17.63,9.22,97.7,rural,fresh,festival,43
253,1,0,0,3.32,22.44,1,169,3.66,15.16,9.62,91.26,urban,snacks,sports,117
253,1,0,0,5.42,17.53,0,172,5.64,7.13,0.95,104.75,rural,beverages,none,142
253,1,0,0,4.98,1.58,0,88,5.3,14.78,2.66,102.17,rural,beverages,none,86
253,1,0,0,3.58,16.01,0,138,3.36,18.6,6.71,97.01,urban,fresh,none,69
253,1,0,0,5.5,2.69,0,63,5.88,18.21,7.22,99.92,urban,personalcare,sports,63
253,1,0,0,5.94,1.48,1,97,6.42,5.97,0,96.2,suburban,beverages,sports,97
253,1,0,0,4.95,4.69,0,100,5.93,10.58,0,105.38,urban,fresh,none,70
253,1,0,0,5.13,1.74,0,48,5.94,12.79,7.51,96.59,suburban,fresh,none,24
253,1,0,0,3.82,15.05,0,84,3.78,13.74,2.91,95.13,rural,snacks,none,84
253,1,0,0,4.37,4.07,0,118,3.49,9.29,13.38,94.51,suburban,beverages,construction,59
254,2,0,0,7.57,0,1,89,6.91,10.54,2.82,99.81,urban,homecare,construction,27
254,2,0,0,3.35,0,0,78,3.68,13.2,4.01,102.08,urban,personalcare,construction,48
254,2,0,0,3.91,1.71,1,112,2.95,10.6,1.09,96.38,suburban,beverages,festival,112
254,2,0,0,4.48,4.85,1,114,5.38,3.08,0,92.96,urban,beverages,none,107
254,2,0,0,6.3,14.96,0,170,6.91,14.38,0,93.19,rural,fresh,none,124
254,2,0,0,5.05,4.32,0,58,4.93,16.95,0,103.73,suburban,fresh,none,58
254,2,0,0,4.2,36.77,0,181,3.65,11.66,0,99.48,suburban,snacks,none,123
254,2,0,0,6.66,2.12,1,56,6.9,15.57,6.6,97.98,urban,homecare,none,51
254,2,0,0,4.69,11.81,0,130,5.37,6.59,6.16,100.63,rural,beverages,sports,98
254,2,0,0,7.92,10.7,0,67,8.97,20.71,0,97.75,urban,homecare,festival,67
254,2,0,0,3.11,1.53,1,72,3.58,17.06,3.79,96.81,rural,fresh,none,39
254,2,0,0,9.46,1.44,0,90,9.52,7.94,8.52,89.61,urban,homecare,sports,34
254,2,0,0,1.29,17.88,0,114,1.35,12.42,7.56,98.04,urban,snacks,construction,114
254,2,0,0,4.16,3.72,0,81,4.97,15.52,3.8,105.68,rural,snacks,none,58
254,2,0,0,4.01,1.31,0,98,5.21,7.84,0,99.65,urban,beverages,none,95
254,2,0,0,2.86,28.85,0,191,2.36,21.74,8.42,103.56,urban,personalcare,festival,161
254,2,0,0,4.67,0,0,112,5.43,12.16,0,106,suburban,fresh,sports,60
254,2,0,0,2.32,0.41,0,140,2.17,13.86,3.91,101.72,urban,beverages,none,89
254,2,0,0,10.1,5.47,0,61,8.37,4.31,5.74,99.68,suburban,homecare,none,18
254,2,0,0,2.82,4.5,1,149,2.34,14.79,0,91.32,suburban,beverages,sports,132
254,2,0,0,5.1,0,0,34,4.64,15.18,2.26,89.46,urban,snacks,none,34
254,2,0,0,3.51,2.67,0,147,3.58,11.69,0.56,92.61,urban,beverages,sports,89
254,2,0,0,5.19,0.3,0,4,5.03,9.91,11.31,94.8,rural,snacks,none,4
254,2,0,0,3.26,2.8,1,113,2.69,18.05,0.44,97.68,rural,snacks,festival,16
254,2,0,0,4.15,0,0,66,4,13.12,10.18,95.31,suburban,snacks,construction,47
254,2,0,0,3.5,0,0,77,3.69,16.52,1.17,96.71,rural,fresh,none,0
254,2,0,0,5.18,0.98,0,40,4.51,12.03,0,86.33,suburban,snacks,none,40
254,2,0,0,2.36,23.82,0,91,2.5,13.27,0,101.54,suburban,snacks,none,76
254,2,0,0,3.85,2.79,0,130,3.87,16.4,0,98.08,urban,beverages,none,57
254,2,0,0,5.89,18.48,0,176,5.01,12.69,0.37,95.55,urban,fresh,construction,128
254,2,0,0,5.16,1.1,1,30,4.08,10.3,3.63,88.9,rural,personalcare,none,18
254,2,0,0,8.18,4.16,0,38,7.68,12.65,3.66,93.84,suburban,homecare,none,4
254,2,0,0,6.4,4.29,1,181,6.19,18.44,5.77,98.61,urban,beverages,festival,103
254,2,0,0,6.9,27.53,1,135,7.63,13.55,5.39,93.98,urban,homecare,none,106
254,2,0,0,6.24,3.7,0,130,6.07,19.05,0,107.2,rural,beverages,festival,125
255,3,0,0,3.28,21.07,0,152,3.38,14.49,2.71,102.6,suburban,snacks,none,152
255,3,0,0,2.92,2.18,0,145,2.59,15.69,5.92,95.65,urban,beverages,festival,112
255,3,0,0,4.48,4.96,0,144,4.94,13.18,0.3,100.39,urban,beverages,none,113
255,3,0,0,3.85,1.82,0,76,3.46,16.58,8.97,102.45,suburban,beverages,none,72
255,3,0,0,1.1,3.32,0,100,0.93,14.25,5.04,100.67,suburban,beverages,none,100
255,3,0,0,3.3,4.2,0,138,3.46,16.23,0,93.53,urban,snacks,none,43
255,3,0,0,4.57,0,0,60,4.91,12.21,5.3,96.39,urban,snacks,none,60
255,3,0,0,3.87,1.41,0,85,3.04,14.05,1.62,92.29,urban,beverages,none,63
255,3,0,0,4.65,24.66,0,245,5.35,16.62,6.62,101.31,suburban,fresh,none,170
255,3,0,0,5.41,2.13,0,72,4.36,16.61,0,105.84,suburban,snacks,festival,72
255,3,0,0,3.78,16.46,0,165,4.66,7.51,4.15,106.37,urban,beverages,sports,153
255,3,0,0,6.63,4.25,1,91,6.69,23.98,7.6,91.93,urban,homecare,sports,91
255,3,0,0,8.35,12.26,0,76,7.19,10.51,8.72,98.89,suburban,homecare,festival,70
255,3,0,0,4.38,24.92,0,150,4.02,7.21,9.79,107.95,rural,beverages,none,137
255,3,0,0,5.25,1.99,0,118,6.71,11.23,0.6,101.47,rural,beverages,sports,66
255,3,0,0,6.06,1.9,0,116,7.45,13.7,5.06,103.22,urban,beverages,sports,116
255,3,0,0,4.42,1.71,1,133,4.47,21.73,0.86,100.51,urban,snacks,construction,72
255,3,0,0,6.04,1.38,1,70,4.75,17.14,0,97.94,rural,snacks,festival,46
255,3,0,0,2.68,2.7,0,116,2.28,9.85,7.84,99.12,suburban,beverages,festival,98
255,3,0,0,3.37,9.19,0,127,3.12,12.83,0,106.62,suburban,personalcare,none,104
255,3,0,0,3.66,22.48,0,77,3.15,12.42,7.51,106.17,suburban,personalcare,none,77
255,3,0,0,6.57,1.44,0,142,7.13,16.85,0,94.1,urban,beverages,none,79
255,3,0,0,4.23,4.24,0,113,4.6,11.73,0.72,95.64,urban,beverages,festival,113
255,3,0,0,5.44,18.99,0,245,6.8,15.94,1.97,96.53,urban,beverages,none,165
255,3,0,0,2.6,25.66,1,202,3.15,20.42,1.22,110.05,rural,fresh,festival,191
255,3,0,0,4.86,5.15,0,68,4.96,16.57,0.12,96.98,urban,fresh,construction,68
255,3,0,0,4.59,12.41,0,90,3.52,19.79,1.68,91.48,suburban,fresh,none,69
255,3,0,0,5.21,25.64,0,209,4.23,8.2,4.19,96.17,urban,fresh,none,143
255,3,0,0,4.96,0.72,0,65,5.43,12.71,0.51,96.54,suburban,snacks,construction,14
255,3,0,0,3.53,1.28,1,37,3.81,11.25,0,97.75,suburban,personalcare,none,35
255,3,0,0,6.14,0.69,1,117,5.98,17.19,0,97.53,suburban,fresh,festival,75
255,3,0,0,3.99,23.95,1,184,3.51,12.78,8.88,98.94,urban,fresh,none,156
255,3,0,0,2.2,1.81,0,106,2.42,6.29,3.9,96.23,suburban,snacks,none,55
255,3,0,0,3.83,1.4,0,34,4.25,12.3,0,101.21,rural,snacks,construction,34
255,3,0,0,5.57,3.29,0,82,5.55,11.26,1.77,104.46,urban,beverages,none,82
256,4,0,0,6.66,4.88,0,150,5.49,13.37,0,103.56,suburban,beverages,none,72
256,4,0,0,3.96,0,1,173,3.97,15.15,8.74,95.38,urban,beverages,sports,126
256,4,0,0,4.73,34.19,0,158,4.86,8.64,0.62,107.36,suburban,snacks,none,158
256,4,0,0,2.26,5.09,0,89,2.79,15.27,4.99,91.15,urban,snacks,none,62
256,4,0,0,4.46,13.83,0,114,4.44,11.53,0,93.02,suburban,personalcare,festival,57
256,4,0,0,2.61,4.17,0,16,3.02,13.07,0.24,93.46,rural,personalcare,construction,10
256,4,0,0,3.36,8.47,0,125,3.45,18.09,0,91.92,suburban,personalcare,festival,35
256,4,0,0,3.56,16.41,0,127,3.85,11.03,2.55,100.41,rural,personalcare,festival,51
256,4,0,0,4.32,3.82,0,154,5.33,18.56,0.72,101.09,urban,snacks,festival,98
256,4,0,0,3.31,0.57,1,99,3.19,13.35,2.56,99.99,suburban,beverages,none,99
256,4,0,0,3.82,2.62,1,54,3.6,8.66,0,104.85,rural,personalcare,none,32
256,4,0,0,9.64,20.66,0,75,9.05,15,0,101.14,suburban,homecare,none,75
256,4,0,0,7.9,3.77,0,4,7.95,16.84,6.65,104.92,rural,homecare,construction,3
256,4,0,0,2.7,25.04,0,76,2.46,12.18,1.82,102.79,suburban,personalcare,none,76
256,4,0,0,4.6,0,1,98,3.78,11.43,1.35,95.73,urban,beverages,construction,88
256,4,0,0,1.1,3.32,0,62,1.12,9.68,7.3,99.96,suburban,snacks,none,62
256,4,0,0,6.57,2.44,1,71,7.19,12.66,4.09,96.63,urban,snacks,none,71
256,4,0,0,4.14,16.3,0,165,4.24,16.18,1.91,95.6,suburban,beverages,none,135
256,4,0,0,4.76,4.02,0,139,5.04,9.14,0,92.64,urban,beverages,sports,85
256,4,0,0,5.43,0,0,147,5.6,13.4,4.76,101.26,urban,beverages,none,94
256,4,0,0,3.84,1.6,0,82,4.38,10.2,0.94,90.01,urban,snacks,sports,82
256,4,0,0,5.92,22.85,0,208,5.23,13.51,0,93.39,urban,beverages,none,139
256,4,0,0,4.45,2.4,0,123,3.63,19.14,7.08,100.74,rural,beverages,construction,63
256,4,0,0,3.73,0.37,0,65,4.5,10.66,0,103.69,rural,snacks,none,60
256,4,0,0,5.8,3.76,0,93,6.71,9.4,0.62,101.05,suburban,personalcare,none,75
256,4,0,0,3.81,0,0,65,3.64,18.5,1.83,92.58,urban,fresh,none,24
256,4,0,0,3.7,2.08,1,113,3.35,15.48,5.22,98.47,suburban,snacks,none,71
256,4,0,0,8.14,13.53,0,54,7.81,14.69,0,106.89,rural,homecare,construction,50
256,4,0,0,1.73,3.56,1,90,1.93,10.95,2.14,99.77,urban,fresh,sports,90
256,4,0,0,8.01,2.57,0,71,7.42,15.94,3.08,95.74,urban,homecare,sports,54
256,4,0,0,3.44,4.01,0,76,3.79,16.62,1.07,98.25,rural,snacks,festival,76
256,4,0,0,5.37,2.98,0,82,5.75,13.24,0,106.18,rural,fresh,none,36
256,4,0,0,8.47,8.52,0,94,7.37,8.9,5.05,112.64,suburban,homecare,sports,38
256,4,0,0,4.39,0.75,0,114,4.07,11.01,0,95.34,suburban,beverages,none,47
256,4,0,0,2.63,3.32,0,143,2.92,15.06,5.03,100.64,rural,beverages,sports,62
257,5,0,1,8.78,0.22,0,76,9.5,9.48,6.08,96.96,suburban,homecare,none,27
257,5,0,1,3.01,23.42,0,140,4.08,9.95,6.33,103.5,suburban,beverages,construction,140
257,5,0,1,3.02,4.93,0,97,2.95,22.49,6.97,100.98,suburban,fresh,none,82
257,5,0,1,8.03,2.83,0,47,8.94,15.64,0,104.63,rural,homecare,sports,47
257,5,0,1,6.7,17.9,0,48,6.44,12.94,4.36,95.09,rural,snacks,none,48
257,5,0,1,9.87,3.24,0,60,9.89,18.18,0,91.32,urban,homecare,construction,60
257,5,0,1,8.47,19.01,1,87,8.57,14.91,0,99.17,urban,homecare,sports,87
257,5,0,1,1.34,1.98,0,102,1.28,10.04,1.68,102.01,urban,personalcare,none,78
257,5,0,1,4.31,3.1,0,130,4.81,9.14,5.68,108.51,suburban,snacks,sports,86
257,5,0,1,8.62,27.46,0,111,9.14,11.12,6.46,109.24,suburban,homecare,none,111
257,5,0,1,3.91,0.44,0,4,4.51,17.08,6.7,108.67,rural,personalcare,none,4
257,5,0,1,5.25,0,1,103,5.7,11.9,2.8,103.33,urban,snacks,none,83
257,5,0,1,1.93,2.05,0,117,2.13,12.76,7.3,109.1,suburban,fresh,sports,74
257,5,0,1,3.45,0.16,0,96,3.79,6.6,1.23,101.81,rural,fresh,none,15
257,5,0,1,5.23,1.99,1,87,4.9,12.97,2.65,100.51,urban,beverages,none,87
257,5,0,1,3.58,2.51,0,173,3.77,9.52,0,93.95,urban,beverages,construction,90
257,5,0,1,4.42,0.46,0,131,4.18,14.94,0,102.85,suburban,fresh,festival,67
257,5,0,1,5.02,2.34,0,107,5.88,10.3,3.03,99.44,urban,fresh,none,103
257,5,0,1,6.52,17.27,1,76,7.45,19.89,0,100.42,suburban,homecare,construction,75
257,5,0,1,4.37,1.57,1,71,4.89,10.6,10.15,93.42,rural,personalcare,none,1
257,5,0,1,4.9,33.75,0,144,4.66,18.68,0,106.1,rural,snacks,construction,116
257,5,0,1,3.68,1.26,0,110,4.47,13.1,3.46,107.07,suburban,snacks,none,64
257,5,0,1,2.99,2.96,0,130,3.59,9.41,1.12,96.77,suburban,fresh,none,55
257,5,0,1,1.28,0,0,74,1.46,15.76,1.29,90.29,urban,personalcare,construction,8
257,5,0,1,6.92,0,1,89,6.04,14.65,4.89,96.94,rural,fresh,none,35
257,5,0,1,3.45,3.25,0,146,3.4,6.91,1.71,96.48,suburban,fresh,festival,111
257,5,0,1,7.38,3.68,0,64,7.1,12.01,6.09,101.61,urban,homecare,none,11
257,5,0,1,2.2,5.64,0,104,2.24,15.88,12.82,91.67,rural,beverages,festival,68
257,5,0,1,6.51,21.41,0,99,7.6,15.15,1.18,97.29,urban,personalcare,none,99
257,5,0,1,4.89,6.71,0,38,4.64,10.36,0,98.09,suburban,personalcare,none,38
257,5,0,1,6.63,16.23,0,172,7.21,14.49,3.43,97.14,urban,beverages,none,172
257,5,0,1,4.01,1.54,0,109,4.39,12.09,0.97,104.76,rural,personalcare,sports,64
257,5,0,1,7.13,24.44,0,120,7.32,14.04,5.59,101.22,urban,homecare,sports,95
257,5,0,1,1.54,14.43,0,58,1.54,10.97,2.14,91.77,suburban,snacks,none,58
257,5,0,1,5.15,2.45,0,56,5.56,15.42,9.29,98.08,urban,personalcare,construction,43
258,6,0,1,2.85,2.43,0,27,2.55,14,10.02,94.88,rural,snacks,construction,7
258,6,0,1,5.32,0.98,0,111,4.39,11.27,9.38,101.18,rural,snacks,sports,73
258,6,0,1,4.55,3.13,0,103,5.54,19.06,0,91.87,suburban,snacks,festival,103
258,6,0,1,3.47,1.93,0,117,3.84,19.17,4.86,95.61,urban,snacks,sports,106
258,6,0,1,8.44,25.25,0,186,9.77,11.8,1.96,111.91,urban,homecare,festival,123
258,6,0,1,9.69,3.04,0,42,11.02,11.17,0,102.91,rural,homecare,construction,29
258,6,0,1,10.13,4.12,0,8,11.22,11.33,0,101.79,rural,homecare,construction,8
258,6,0,1,2.79,10.52,0,122,3.3,16.98,0.77,103.54,suburban,fresh,none,104
258,6,0,1,4.34,3.58,0,60,4.14,11.28,10.66,102.03,urban,personalcare,none,44
258,6,0,1,3.81,4.29,0,104,3.91,19.15,5.63,96.33,suburban,snacks,none,41
258,6,0,1,3.09,2.14,1,93,2.92,8.3,3.37,103.44,suburban,snacks,none,70
258,6,0,1,5.23,0.84,0,94,6.21,13.52,3.29,105.26,urban,fresh,construction,60
258,6,0,1,4.87,20.97,1,154,5.17,12.37,0.31,101.31,suburban,snacks,none,88
258,6,0,1,5.41,0,1,103,5.16,11.55,2.07,100.76,suburban,snacks,sports,72
258,6,0,1,3.84,0.58,0,131,4.61,12.76,0,104.57,suburban,beverages,none,91
258,6,0,1,3.95,4.61,0,57,4.05,20.86,0,97.41,urban,personalcare,none,0
258,6,0,1,3.79,1.11,1,109,4.27,7.74,4.74,99.3,urban,beverages,none,109
258,6,0,1,5.31,0.26,0,97,5.73,12.72,1.44,109.51,suburban,fresh,none,97
258,6,0,1,1.74,3.51,1,31,1.32,16.89,0.19,95.59,rural,personalcare,none,23
258,6,0,1,1.76,3.04,0,134,1.64,14.45,0,98.07,urban,beverages,festival,97
258,6,0,1,3.08,22.54,0,166,3.35,7.36,4.91,102.82,suburban,fresh,none,141
258,6,0,1,5.85,28.27,0,222,5.3,16.89,0,103.06,rural,fresh,festival,123
258,6,0,1,5.67,1.75,1,121,6.16,8.51,1.6,90.54,urban,snacks,sports,81
258,6,0,1,3.46,4.28,0,133,4.06,13.87,0,94.5,suburban,beverages,none,114
258,6,0,1,6.82,2.35,0,47,6.83,19.86,4.06,102.1,urban,homecare,none,44
258,6,0,1,3.46,0,0,91,2.81,14.9,3.36,99.45,urban,fresh,festival,91
258,6,0,1,5.28,11.7,0,119,5.74,6.53,0,92.57,rural,beverages,none,27
258,6,0,1,8.94,3.55,0,154,10.88,13.75,4.91,107.89,urban,homecare,festival,104
258,6,0,1,5.69,2.76,0,113,7.01,13.43,3.15,104.71,urban,personalcare,sports,77
258,6,0,1,4.2,1.43,0,105,4.13,18.43,4.52,93.71,rural,beverages,construction,50
258,6,0,1,3.44,4.94,1,116,2.84,17,11.88,96.17,suburban,personalcare,festival,38
258,6,0,1,3.54,1.86,0,95,3.91,13.99,5.93,99.27,suburban,snacks,none,69
258,6,0,1,5.66,2.22,0,73,5.46,8.16,5.68,103.63,suburban,snacks,none,73
258,6,0,1,3.96,31.23,0,209,3.75,12.05,0,105.11,urban,fresh,none,159
258,6,0,1,5.96,16.5,0,114,6.03,14.13,0,95.56,suburban,fresh,construction,81
259,0,0,0,3.59,3.26,1,74,3.83,17.2,0,104.53,rural,snacks,sports,68
259,0,0,0,2.11,19.18,0,82,2.36,6.67,5.95,104.86,suburban,snacks,construction,43
259,0,0,0,3.97,1.48,0,35,3.99,7.8,8.86,100.7,suburban,personalcare,none,35
259,0,0,0,3.91,12.29,0,114,4,17,0,101.54,rural,fresh,festival,110
259,0,0,0,6.22,3.24,0,36,7.89,12.89,0.06,102.42,rural,homecare,none,34
259,0,0,0,4.72,0,0,13,4.6,12.59,0.38,100.57,urban,personalcare,construction,13
259,0,0,0,5.33,0.72,0,95,6.28,15.74,0,93.45,urban,snacks,none,95
259,0,0,0,7.77,2.44,0,78,7.23,13.33,9.39,87.62,rural,fresh,none,21
259,0,0,0,6.86,1.61,1,98,8.64,14.53,4.93,94.12,urban,personalcare,none,44
259,0,0,0,1.12,4.62,0,134,1.13,18.99,6.1,100.14,urban,fresh,festival,65
259,0,0,0,2.73,4.43,1,95,2.58,13.26,1.5,98.66,urban,beverages,construction,95
259,0,0,0,3.14,2.14,0,95,3.35,18.11,4.89,100.65,rural,snacks,construction,33
259,0,0,0,4.08,3.17,0,61,4.09,14.04,0,102.32,suburban,beverages,construction,45
259,0,0,0,6.23,0,1,53,5.62,13.85,10.47,99.14,suburban,fresh,sports,53
259,0,0,0,7.05,4.51,0,89,7.06,17.95,0,97,urban,homecare,sports,0
259,0,0,0,4.02,0.93,1,71,3.72,13.37,7.32,103.29,suburban,snacks,none,56
259,0,0,0,3.35,0,0,100,3.07,18.31,4.81,99.45,urban,snacks,sports,56
259,0,0,0,4.8,3.11,1,121,4.99,8.91,0.23,93.85,suburban,beverages,none,84
259,0,0,0,6.73,0.29,1,80,6.73,20.31,0,91.56,urban,homecare,construction,27
259,0,0,0,3.48,0.07,0,70,3.64,13.74,0,94.56,urban,snacks,none,50
259,0,0,0,5.59,19.32,0,154,6.41,11.56,8.06,96.54,urban,fresh,sports,134
259,0,0,0,2.83,0.87,0,155,3.02,15.13,1.81,103.64,suburban,beverages,none,52
259,0,0,0,2.29,2.73,1,75,2.65,9.99,0,101.06,suburban,fresh,none,28
259,0,0,0,4.35,0.44,1,107,4.13,17.02,3.01,99.96,suburban,fresh,sports,37
259,0,0,0,11.09,13.85,0,72,11.84,17.63,0,104.2,suburban,homecare,none,40
259,0,0,0,7.59,11.71,0,138,7.58,20.3,2.86,110.99,suburban,beverages,none,138
259,0,0,0,7.56,3.72,0,64,7.32,14.98,2.2,99.36,suburban,homecare,none,32
259,0,0,0,5.8,1.57,1,122,7.06,15.54,3.85,107.54,suburban,beverages,sports,89
259,0,0,0,2.6,3.89,1,111,2.77,14.46,3.93,97.48,suburban,fresh,construction,35
259,0,0,0,3.44,0.76,0,75,3.41,15.83,3.5,100.44,rural,beverages,none,65
259,0,0,0,3.11,15.4,0,161,3.91,16.96,0,95.61,urban,snacks,sports,108
259,0,0,0,8.16,3.46,0,103,8.85,13.39,0.16,100.43,urban,homecare,none,71
259,0,0,0,6.98,1.42,0,73,7.83,14.54,2.18,94.81,suburban,personalcare,none,0
259,0,0,0,5.35,0.85,0,70,6.17,12.76,0,97.1,suburban,fresh,festival,70
259,0,0,0,7.46,2.69,0,110,8.96,17.81,3.29,99.99,rural,personalcare,none,19
260,1,0,0,1.67,0,1,126,2.03,14.53,0,102.01,urban,snacks,sports,50
260,1,0,0,3.74,3,0,110,3.72,4.95,0,106.72,suburban,snacks,none,59
260,1,0,0,4.39,4.01,1,165,3.51,14.89,4.59,98,rural,beverages,sports,117
260,1,0,0,5.61,1.16,0,51,6.32,10,9.89,89.64,urban,personalcare,none,21
260,1,0,0,5.24,12.63,1,95,5.53,12.3,0,98.59,rural,snacks,none,65
260,1,0,0,6.37,29.72,1,235,6.65,4.15,1.93,109.96,suburban,beverages,none,216
260,1,0,0,3.35,2.92,0,35,3.45,7.7,5,91.02,suburban,snacks,sports,35
260,1,0,0,3.88,6.18,0,45,4.12,8.32,0,99.57,rural,personalcare,festival,45
260,1,0,0,3.65,0,1,105,3.49,16.24,1.81,105.95,rural,beverages,festival,97
260,1,0,0,3.73,9.09,0,125,3.5,14.38,6.17,97.97,suburban,snacks,none,42
260,1,0,0,4.46,26.77,1,202,4.54,10.94,6.35,100.44,urban,snacks,none,173
260,1,0,0,3.76,1.26,0,164,4.37,12.24,0,99.69,urban,beverages,none,120
260,1,0,0,2.36,0.27,0,129,2.93,5.61,0,99.94,rural,beverages,none,36
260,1,0,0,3.87,16.21,1,188,5.03,13.03,0,99.2,urban,personalcare,none,97
260,1,0,0,2.75,14.44,0,81,3.04,11.04,11.01,110.21,urban,snacks,sports,81
260,1,0,0,4.67,0,0,132,4.45,9.36,0,102.86,rural,beverages,none,63
260,1,0,0,6.49,1.97,0,105,7.94,21.39,0.74,103.12,urban,fresh,construction,47
260,1,0,0,8.85,23.03,0,75,9.19,10.22,17.07,93.07,suburban,homecare,sports,75
260,1,0,0,4.84,0.73,0,114,5.41,10.59,8.26,101.86,suburban,fresh,festival,88
260,1,0,0,4.06,1.85,0,91,4.64,13.6,4.37,98.98,suburban,beverages,construction,47
260,1,0,0,4.18,1.44,0,70,4.26,22.46,5.2,103.01,suburban,fresh,none,70
260,1,0,0,5.21,0,1,95,5.2,12.14,0,108.66,suburban,fresh,none,95
260,1,0,0,7.31,11.3,0,123,8.34,12.86,0,101.36,suburban,homecare,none,64
260,1,0,0,4.3,22.18,0,117,4.86,13.67,0,95.66,suburban,beverages,construction,117
260,1,0,0,5.97,2.88,1,92,5.59,17.01,1.75,109.18,suburban,personalcare,festival,92
260,1,0,0,5.97,1.48,0,57,6.87,13.42,4.53,101.89,rural,snacks,none,41
260,1,0,0,2.13,23.94,1,221,2.26,11.38,1.38,107.7,suburban,beverages,construction,159
260,1,0,0,5.46,3.36,1,31,5.19,14.63,3.08,101.25,suburban,snacks,none,31
260,1,0,0,4.21,5.72,0,97,3.75,11.28,3.03,95,suburban,snacks,festival,56
260,1,0,0,5.6,0.85,1,66,5.64,18.26,11.93,107.86,suburban,fresh,none,52
260,1,0,0,3.09,14.81,1,135,3.87,12.9,6.94,99.42,suburban,personalcare,festival,123
260,1,0,0,1.1,18.09,0,67,1.09,20.4,4.86,97.77,rural,fresh,none,66
260,1,0,0,4.02,4.21,0,50,4.18,8.78,0,90.76,rural,fresh,none,50
260,1,0,0,4.02,0,0,68,3.79,14.25,0.65,98.71,rural,snacks,none,30
260,1,0,0,1.74,15.23,1,163,2.04,21.29,0,98.51,suburban,snacks,none,163
261,2,0,0,3.5,1.5,0,99,3.21,8.61,0,93.68,rural,beverages,sports,51
261,2,0,0,6.13,17.32,0,195,6.3,13.22,1.83,100.88,urban,snacks,none,136
261,2,0,0,2.54,11.28,0,21,2.17,13.05,0,99.73,suburban,personalcare,festival,21
261,2,0,0,3.69,1.49,1,142,3.59,5.25,1.62,106.51,suburban,snacks,none,63
261,2,0,0,3.53,2.58,0,78,3,15.03,2.66,104.23,urban,fresh,none,74
261,2,0,0,2.68,0.24,0,106,3.04,13.42,0,92.8,urban,snacks,none,66
261,2,0,0,3.88,1.22,0,4,4.08,14.82,0,92.43,suburban,fresh,none,4
261,2,0,0,5.19,3.36,0,145,6.26,17.21,14.28,95.85,suburban,beverages,none,110
261,2,0,0,4.51,0.24,0,68,4.34,23.67,2.23,93.05,rural,snacks,construction,52
261,2,0,0,2.6,2.56,1,119,2.51,17.21,0.17,97.62,urban,fresh,none,111
261,2,0,0,5.95,2.96,1,67,3.95,12.4,1.25,100.64,suburban,fresh,festival,67
261,2,0,0,8.86,23.65,0,165,8.88,12.63,2.82,100.9,urban,homecare,none,106
261,2,0,0,5.71,4.15,0,169,6.59,13.76,4.95,100.44,suburban,beverages,none,90
261,2,0,0,4.01,0,1,144,4.46,7.18,10.03,103.27,urban,snacks,sports,110
261,2,0,0,4.94,1.16,0,88,6,13.42,0.01,99.22,rural,fresh,none,11
261,2,0,0,5.27,1.29,0,123,5.84,4.51,11.42,105.53,urban,fresh,sports,108
261,2,0,0,2,1.89,0,112,2.03,13.58,7.11,107.08,rural,fresh,sports,46
261,2,0,0,1.1,10.3,0,133,1.06,2.92,0,99.26,suburban,beverages,none,133
261,2,0,0,4.81,13.1,0,117,5.4,14.6,8.06,102.63,urban,fresh,construction,117
261,2,0,0,2,0,0,31,2.14,17.49,8.02,98.59,rural,snacks,sports,31
261,2,0,0,10.45,2.96,0,70,11.73,16.62,1.98,90.7,urban,homecare,festival,70
261,2,0,0,6.46,2.62,0,90,6.8,17.57,0,98.73,urban,snacks,none,90
261,2,0,0,3.78,1.57,0,70,3.59,12.37,7.26,101.09,rural,snacks,none,38
261,2,0,0,3.66,3.98,0,147,3.83,15.28,2.72,99.66,suburban,beverages,festival,94
261,2,0,0,8.89,3.02,0,85,10.14,7.65,11.94,94.25,urban,homecare,none,58
261,2,0,0,5.74,2.67,0,139,6.49,13.56,4.7,93.01,urban,snacks,none,114
261,2,0,0,5.24,8.95,0,127,4.9,19.82,0,101.39,urban,beverages,none,127
261,2,0,0,4.11,0.13,0,84,4.47,8.4,12.56,100.17,suburban,personalcare,sports,69
261,2,0,0,2.36,1.26,0,49,2.09,14,3.31,100.37,suburban,beverages,construction,49
261,2,0,0,7.25,16.75,0,175,8.08,19.08,2.93,104.75,suburban,snacks,none,153
261,2,0,0,4.44,3.78,0,91,4.48,9.23,0,100.43,suburban,snacks,none,54
261,2,0,0,2.65,2.47,0,42,2.81,18.18,0,97.24,urban,personalcare,none,42
261,2,0,0,3.19,1.84,1,114,3.03,7.41,2.86,96.3,urban,snacks,none,97
261,2,0,0,6.08,1.41,0,87,6.09,6.56,5.59,106,suburban,snacks,sports,46
261,2,0,0,5.58,18.28,1,150,6.38,13.98,0.99,98.01,suburban,snacks,none,146
262,3,0,0,5.65,3.23,0,102,6.27,14.19,0,99.17,suburban,fresh,none,41
262,3,0,0,3.82,2.25,0,45,4.19,18.3,5.53,96.73,suburban,beverages,none,45
262,3,0,0,3.32,19.56,0,167,2.95,15.09,7.06,106.07,urban,snacks,festival,141
262,3,0,0,8.26,0.45,0,91,7.8,9.63,3.82,101.58,rural,homecare,festival,64
262,3,0,0,1.71,9,0,124,1.67,13.62,0,102.25,urban,snacks,none,122
262,3,0,0,3.44,1.77,1,148,3.63,8.68,7.84,92.79,urban,snacks,sports,121
262,3,0,0,3.66,15.72,1,210,3.53,12.24,1.65,104.93,suburban,beverages,construction,97
262,3,0,0,5.73,8.33,1,138,5.82,21.11,7.96,90.64,urban,snacks,construction,61
262,3,0,0,4.04,3.58,0,117,3.88,23.47,8.75,94.92,urban,beverages,construction,90
262,3,0,0,2.69,0,1,55,3.4,10.12,4.49,93.03,rural,beverages,sports,55
262,3,0,0,5.12,22.22,1,215,4.94,19.68,2.05,102.17,suburban,fresh,sports,137
262,3,0,0,3.21,13.66,0,84,2.78,17.35,6.71,95.63,suburban,fresh,none,66
262,3,0,0,5,11.18,1,81,5.26,12.37,3.95,101.64,urban,snacks,construction,81
262,3,0,0,3.66,4.34,1,147,4.13,14.12,9.84,102.61,suburban,beverages,none,91
262,3,0,0,2.95,33.38,0,218,2.78,13.31,3.09,100.01,suburban,beverages,construction,218
262,3,0,0,4.52,2.06,0,66,3.83,16.31,2.82,99.59,suburban,fresh,none,44
262,3,0,0,5.16,22.46,1,204,4.89,12.54,6.21,98.67,suburban,snacks,festival,117
262,3,0,0,2.76,0.92,0,98,2.9,6.28,7.29,97.35,suburban,beverages,none,75
262,3,0,0,4.17,1.29,0,97,5.07,23.72,4.01,98.13,suburban,personalcare,construction,0
262,3,0,0,6.28,1.15,1,64,7.18,12.27,0,93.78,rural,homecare,none,48
262,3,0,0,6.23,1.67,0,58,5.98,10.31,5.69,103.63,suburban,snacks,none,56
262,3,0,0,7.42,1.37,1,19,6.26,19.1,11.49,109.12,suburban,homecare,none,19
262,3,0,0,5.19,17.57,0,114,5.92,10.51,3.51,101.09,urban,personalcare,none,84
262,3,0,0,2.89,0,0,160,3.17,15.73,5.67,100.11,urban,beverages,none,91
262,3,0,0,9.8,32.24,0,119,9.85,14.77,3.36,105.56,rural,homecare,none,83
262,3,0,0,4.43,6.1,0,49,4.27,14.15,3.36,91.35,suburban,snacks,none,49
262,3,0,0,5.68,11.82,0,115,6.46,14.89,0,102.82,suburban,fresh,none,115
262,3,0,0,3.93,20,1,224,3.02,7.72,5.35,99.58,suburban,fresh,festival,155
262,3,0,0,4,18.42,1,227,3.91,13.21,9.26,93.64,urban,snacks,festival,177
262,3,0,0,3.98,0,0,108,4.06,8.44,2.33,94.46,suburban,beverages,none,49
262,3,0,0,6.96,24.92,0,208,8.34,8.98,7.7,99.34,urban,beverages,sports,208
262,3,0,0,3.16,29.94,0,203,3.33,14.69,0,102.52,urban,snacks,none,122
262,3,0,0,4.95,1.1,0,4,5.1,6.42,6.25,104.45,urban,personalcare,construction,4
262,3,0,0,3.53,3.99,0,128,3.11,12.85,0.46,106.56,urban,personalcare,festival,120
262,3,0,0,3.98,14.56,0,156,3.78,14.4,10.06,98.63,urban,snacks,none,92
263,4,0,0,9.41,3.52,0,89,11.49,17.08,2.32,101.43,suburban,homecare,sports,68
263,4,0,0,3.61,13.1,0,161,3.37,15.55,0,102,rural,beverages,festival,108
263,4,0,0,3.75,0.39,1,127,4.25,16.92,5.13,96.21,rural,beverages,none,84
263,4,0,0,3.2,12.12,1,111,3.34,15.98,6.18,99.62,suburban,snacks,festival,101
263,4,0,0,3.1,2.44,0,70,3.87,-0.32,2.27,107.88,urban,fresh,construction,70
263,4,0,0,7.72,0.3,1,95,8.72,10.76,2.71,93.4,urban,beverages,construction,56
263,4,0,0,5.47,3.14,0,82,6.32,14.23,8.55,98.32,urban,fresh,construction,82
263,4,0,0,5.81,2.8,0,105,5.41,13.07,2.48,103.95,urban,snacks,festival,105
263,4,0,0,7.67,0.67,0,72,8.57,15.25,3.82,91.86,urban,fresh,none,69
263,4,0,0,3.39,1.07,0,130,3.97,18.82,4.26,113.5,urban,personalcare,sports,74
263,4,0,0,3.59,3.48,0,44,3.49,16.9,3.25,89.94,urban,personalcare,construction,11
263,4,0,0,3.22,0,1,107,2.87,11.88,4.13,97.48,suburban,snacks,sports,62
263,4,0,0,4.1,2.94,0,18,3.84,13.34,4.36,97.48,rural,beverages,construction,18
263,4,0,0,6.3,1.64,0,4,6.89,15.49,3.2,101.31,rural,personalcare,construction,0
263,4,0,0,2.58,2.74,0,123,3.11,6.24,0,106.91,rural,snacks,none,32
263,4,0,0,2.71,1.02,0,111,2.58,19.5,2.54,98.41,suburban,beverages,festival,111
263,4,0,0,3.8,2.44,1,109,3.51,9,2.58,102.82,suburban,personalcare,festival,109
263,4,0,0,5.11,1.17,0,121,5.39,10.5,0.9,101.29,urban,snacks,none,69
263,4,0,0,5.52,1.77,0,72,5.03,21.37,1.58,93.03,suburban,snacks,none,57
263,4,0,0,2.46,2.82,1,107,2.2,16.52,0.78,101.26,urban,fresh,construction,73
263,4,0,0,1.85,1.48,0,72,2,9.37,10.85,106.09,urban,fresh,none,72
263,4,0,0,2.2,1.57,0,168,2.21,10,0.65,94.33,suburban,beverages,festival,99
263,4,0,0,3.75,3.43,1,148,3.8,10.11,10.88,95.4,suburban,fresh,festival,106
263,4,0,0,4.78,4.39,0,153,5.35,7.53,0,99.08,suburban,beverages,none,94
263,4,0,0,8.71,2.04,1,80,9.41,19.1,0,104.6,urban,homecare,construction,46
263,4,0,0,9.5,16.23,1,72,8.62,15.13,1.15,96.25,rural,homecare,festival,58
263,4,0,0,4.95,11.35,0,180,5.46,8.17,8.01,88.46,urban,beverages,sports,92
263,4,0,0,4.12,23.48,0,140,3.53,3.24,0,95.33,suburban,beverages,none,122
263,4,0,0,5.87,19.1,0,88,4.97,11.43,6.95,100.67,urban,homecare,none,54
263,4,0,0,9.58,16.05,1,43,9.4,4.02,1.57,98.05,urban,homecare,none,43
263,4,0,0,2.64,1,1,65,2.57,17.02,4.07,94.18,suburban,snacks,construction,48
263,4,0,0,4.74,0,0,104,3.67,8.78,8.44,93.54,urban,fresh,none,39
263,4,0,0,5.09,4.03,1,95,5.52,9.34,10.81,100.89,rural,fresh,sports,59
263,4,0,0,2.57,3.29,0,36,2.76,11.97,3.22,99.67,suburban,personalcare,construction,5
263,4,0,0,3.94,0.03,0,95,3.88,16.56,0,89.34,suburban,personalcare,none,70
264,5,0,1,6.04,34.76,1,112,6.4,12.8,2.84,106.18,suburban,personalcare,construction,112
264,5,0,1,5.78,3.34,0,77,5.86,8.25,4.03,96.63,rural,personalcare,none,20
264,5,0,1,9.01,2.91,0,73,8.32,12.45,8.12,91.8,suburban,homecare,none,31
264,5,0,1,4.83,0.81,0,98,5.71,13.28,9.62,90.34,suburban,beverages,none,55
264,5,0,1,5.52,3.89,0,190,5.93,15.69,1.19,96.98,urban,beverages,none,106
264,5,0,1,2.95,22.27,1,125,2.84,18.33,6.95,89.02,urban,personalcare,sports,125
264,5,0,1,6.54,3.67,1,85,6.56,11.35,0,101.6,urban,homecare,construction,56
264,5,0,1,5.35,22.32,1,193,6.1,12.95,0,93.86,urban,beverages,none,193
264,5,0,1,5.57,0,0,87,5.52,11.86,4.95,101.56,rural,beverages,none,65
264,5,0,1,3.39,0,0,59,3.2,10.38,0,98.14,rural,fresh,none,14
264,5,0,1,3.97,26.66,0,207,3.52,10.3,0.45,105.86,suburban,fresh,none,138
264,5,0,1,6.06,3.62,0,171,6.18,10.85,12.73,110.48,suburban,beverages,none,69
264,5,0,1,2.65,3.6,0,41,2.96,5.6,0,111.3,rural,personalcare,festival,41
264,5,0,1,5.12,1.97,0,5,5.58,16.73,4.57,99.54,rural,homecare,sports,5
264,5,0,1,5.28,1.26,0,96,5.12,14.26,11.94,103.37,suburban,beverages,none,61
264,5,0,1,2.89,19.2,0,136,2.77,8.65,2.57,93.45,rural,snacks,none,107
264,5,0,1,6.11,26.37,0,88,6.57,8.41,4.27,94.89,urban,homecare,none,66
264,5,0,1,4.19,16.65,0,157,4.32,11.59,1.18,106.99,suburban,beverages,none,157
264,5,0,1,6.27,17.84,1,145,5.12,11.43,8.9,98.83,rural,fresh,festival,115
264,5,0,1,4.1,2.73,1,28,4.62,9.94,6.13,106.97,suburban,personalcare,none,28
264,5,0,1,1.1,2.78,0,52,1,10.74,1.46,93.23,suburban,personalcare,construction,20
264,5,0,1,5.63,0.83,0,88,5.88,12.69,2.96,95.2,suburban,personalcare,sports,60
264,5,0,1,2.63,32.28,1,217,2.68,14.44,1.91,95.99,suburban,beverages,construction,217
264,5,0,1,3.91,4.93,1,135,5.19,8.77,5,102.29,urban,fresh,construction,94
264,5,0,1,3.02,23.86,0,149,3.5,14.4,0,91.45,rural,snacks,sports,101
264,5,0,1,3.56,12.69,0,127,4.2,1.56,8.94,102.68,urban,fresh,construction,103
264,5,0,1,4.45,30.9,0,158,4.62,11.77,4.99,105.47,suburban,personalcare,festival,154
264,5,0,1,3.25,2.55,0,73,3.09,20.07,3.3,105.79,urban,fresh,none,73
264,5,0,1,6.12,2.02,0,93,7.39,12.38,1.77,99.09,urban,snacks,sports,93
264,5,0,1,5.56,25.82,1,214,5.66,12.62,0,98.23,urban,snacks,sports,202
264,5,0,1,6.92,4,0,88,6.29,16.43,7.24,94.18,suburban,fresh,sports,79
264,5,0,1,4.13,0,0,11,4.86,6.75,0.91,106.07,rural,personalcare,construction,11
264,5,0,1,3.29,10.35,0,153,3.74,12.29,4,93.88,suburban,beverages,sports,76
264,5,0,1,7.78,4.35,0,44,7.09,15.34,2.99,97.8,suburban,homecare,sports,44
264,5,0,1,3.55,4.7,0,139,3.28,10.78,1.66,98.1,suburban,beverages,festival,139
265,6,1,1,5.38,1.5,0,70,5.97,13.44,8.81,96.93,rural,fresh,construction,0
265,6,1,1,5.65,16.17,0,156,5.38,16.2,0,104.1,suburban,personalcare,festival,100
265,6,1,1,3.86,20.58,0,171,4.08,7.79,3.73,90.47,suburban,beverages,construction,148
265,6,1,1,3.63,22.55,0,129,4.68,8.06,0,94.48,urban,personalcare,none,129
265,6,1,1,5.18,0.55,0,138,6.36,18.09,0,100.56,suburban,fresh,sports,71
265,6,1,1,6.68,0,0,73,7.71,10.44,6.88,91.77,suburban,beverages,construction,54
265,6,1,1,4.35,0,0,167,4.01,7.81,8.02,108.24,urban,beverages,construction,62
265,6,1,1,1.1,3.13,0,125,1.11,18.79,1.12,96.7,urban,fresh,sports,80
265,6,1,1,8.42,0.3,1,111,8.11,6.82,4.39,102.39,urban,homecare,none,72
265,6,1,1,4.76,4.72,0,54,4.28,14.36,12.07,97.92,suburban,fresh,none,54
265,6,1,1,4.07,4.15,1,123,4.37,13.24,6.69,93.68,urban,personalcare,construction,35
265,6,1,1,3.87,3.34,0,76,4.01,7.78,3.79,99.06,urban,snacks,none,33
265,6,1,1,3.35,2.77,0,158,3.13,7.09,1.78,93.77,urban,beverages,none,103
265,6,1,1,4.48,3.26,1,104,4.86,11.69,1.98,101.37,rural,personalcare,none,57
265,6,1,1,2.79,1.53,0,163,3,14.79,5.93,99.64,suburban,beverages,festival,141
265,6,1,1,5.3,3.82,0,140,5.47,14.47,4.11,98.55,suburban,beverages,sports,125
265,6,1,1,5.22,1.72,1,112,4.16,0.9,3.85,103.17,urban,snacks,none,103
265,6,1,1,3.6,0,0,112,3.92,10.07,6.87,91.1,suburban,fresh,none,79
265,6,1,1,4.37,16.73,0,195,4.17,20.73,3.29,109.65,suburban,beverages,festival,195
265,6,1,1,2.61,3.1,1,183,2.54,14.95,1.58,99.47,urban,fresh,festival,109
265,6,1,1,8.37,0.65,0,37,8.42,19.11,6.22,103.36,rural,homecare,none,9
265,6,1,1,1.35,3.25,0,96,1.47,12.12,0,98.49,suburban,snacks,none,84
265,6,1,1,3.8,3.89,0,159,4.68,8.05,2.5,103.22,urban,fresh,sports,106
265,6,1,1,6.04,1.26,1,125,5.8,15.42,2.53,93.16,urban,snacks,none,110
265,6,1,1,4.96,2.2,1,87,5.86,19.89,1.39,96.09,suburban,fresh,sports,87
265,6,1,1,3.04,2.34,1,82,3.07,19.36,7.97,100.24,suburban,personalcare,none,22
265,6,1,1,3.6,2.87,0,133,3.53,6.53,7.84,100.98,urban,personalcare,sports,55
265,6,1,1,4.24,2.27,1,80,4.02,14.24,6.43,101.76,suburban,personalcare,construction,23
265,6,1,1,6.66,1.44,0,63,8.71,10.97,3.35,92,suburban,homecare,none,24
265,6,1,1,6.09,20.33,1,257,6.72,13.51,0.36,98.63,urban,snacks,sports,169
265,6,1,1,2.59,3.27,0,78,2.62,15.23,0,101.49,suburban,beverages,none,78
265,6,1,1,5.54,31.7,0,204,5.75,17.96,15.24,105.47,rural,beverages,sports,204
265,6,1,1,4.84,0.13,1,106,5.12,14.13,0,91.17,urban,beverages,sports,106
265,6,1,1,8.95,2.24,1,69,10.56,16.35,0,90.96,suburban,homecare,none,41
265,6,1,1,4.59,16.52,0,151,4.62,12.61,4.99,99.78,suburban,snacks,construction,78
266,0,0,0,4.76,2.98,0,137,4.12,5.64,4.89,93.58,suburban,personalcare,sports,35
266,0,0,0,8.94,2.97,0,104,11.07,10.86,0.56,97.98,urban,homecare,festival,104
266,0,0,0,3.53,2.4,0,123,3.5,0.58,0,88.19,urban,snacks,festival,96
266,0,0,0,2.9,2.22,0,115,3.73,11.97,3.23,94.56,suburban,snacks,none,20
266,0,0,0,8.49,0,0,77,7.71,15.99,0,100.72,urban,homecare,sports,39
266,0,0,0,3.47,18.46,1,171,3.33,10.36,0.62,97.77,urban,snacks,none,84
266,0,0,0,5.81,20.59,1,165,6.19,12.22,0,103.68,rural,fresh,none,165
266,0,0,0,1.1,5.08,0,159,1.46,9.25,0,105.11,suburban,snacks,festival,99
266,0,0,0,5.9,14.37,0,142,6.58,10.71,2.62,99.07,urban,fresh,none,134
266,0,0,0,5.07,3.25,0,110,5.75,11.82,0,96.04,urban,personalcare,none,55
266,0,0,0,1.1,2.44,0,112,1.21,26.46,3.16,89.51,rural,beverages,none,41
266,0,0,0,5.91,2.34,1,81,6.22,9.93,1.39,99.34,rural,snacks,festival,54
266,0,0,0,4.19,3.76,1,114,3.92,4.78,2.32,99.15,suburban,personalcare,festival,61
266,0,0,0,3.22,1.85,1,100,3.49,14.54,11.1,90.86,urban,personalcare,none,37
266,0,0,0,3.54,8.09,1,169,4.61,10.12,7.77,98.25,urban,snacks,festival,130
266,0,0,0,5.65,3.81,1,105,5.7,16.56,0,100.14,suburban,fresh,none,54
266,0,0,0,5.09,3.83,0,41,4.99,12.05,6.09,96.06,suburban,personalcare,festival,41
266,0,0,0,3.38,0.31,1,92,3.23,12.72,4.42,103.97,suburban,fresh,none,71
266,0,0,0,1.91,2.94,0,112,2.17,15.53,0,107.04,rural,fresh,sports,44
266,0,0,0,7.17,13.71,1,156,7.86,13.18,12.05,98.19,rural,beverages,none,89
266,0,0,0,5.53,0.93,1,104,5.9,12.3,5.39,97.83,rural,beverages,none,40
266,0,0,0,7.89,3.87,0,72,7.6,7.03,0,102.67,urban,homecare,none,12
266,0,0,0,2.63,17.98,1,152,2.58,11.89,6.03,101.1,rural,fresh,festival,147
266,0,0,0,5.84,10.55,0,179,6.45,7.01,0,93.52,rural,fresh,sports,67
266,0,0,0,4.32,1.88,0,36,4.87,5.68,8.91,95.45,suburban,fresh,construction,26
266,0,0,0,5.6,2.1,0,75,6.15,12.75,0,107.53,suburban,fresh,none,43
266,0,0,0,3.67,2.81,0,129,3.73,8.4,4.95,106.7,urban,snacks,festival,121
266,0,0,0,7.65,1.27,0,34,8.09,16.72,1.73,96.04,urban,homecare,none,28
266,0,0,0,5.74,3.32,0,89,6.02,16.08,9.22,90.31,urban,personalcare,none,29
266,0,0,0,1.1,1.64,0,51,1.09,8.32,5.97,106.33,rural,snacks,none,47
266,0,0,0,3.21,12.05,0,127,3.47,9.91,5.91,99.77,urban,personalcare,sports,83
266,0,0,0,2.69,11.81,1,124,3.12,9.73,0,90.87,suburban,snacks,none,87
266,0,0,0,4.76,28.3,0,157,5.34,13.57,0.57,93.8,urban,snacks,construction,131
266,0,0,0,6.19,15.32,0,195,7.37,17.3,3.39,107.14,urban,beverages,none,167
266,0,0,0,2.68,22.65,0,85,2.9,9.84,2.5,102.55,rural,snacks,none,85
267,1,0,0,7.81,20.85,1,125,8.79,11.01,0,98.99,urban,homecare,none,93
267,1,0,0,6.06,1.18,0,68,5.7,5.85,7.57,103.27,rural,snacks,sports,68
267,1,0,0,3.3,2.1,0,117,3.94,17.81,0,95.31,urban,beverages,sports,117
267,1,0,0,8.29,2.02,0,56,9.1,10.13,3.77,106.25,urban,homecare,construction,56
267,1,0,0,7.76,3.16,0,92,8.9,13.19,6.56,109.8,suburban,homecare,festival,44
267,1,0,0,6.02,20.22,1,89,6.08,10.12,9.5,98.12,suburban,homecare,sports,82
267,1,0,0,3.24,3.3,0,93,3.25,10.65,0,101.4,urban,personalcare,sports,93
267,1,0,0,4.22,15.75,0,136,3.54,9.76,5.97,104.93,urban,fresh,none,113
267,1,0,0,3.42,0,0,74,3.35,5.24,4.78,98.41,suburban,snacks,construction,26
267,1,0,0,3.6,1.75,1,149,4.12,10.45,2.84,90.4,suburban,fresh,none,33
267,1,0,0,3.32,0,0,186,4.1,14.28,0,97.6,urban,beverages,festival,151
267,1,0,0,4.99,19.36,1,171,4.13,10.18,6.12,95.91,suburban,beverages,construction,125
267,1,0,0,5.37,10.93,0,148,5.33,10.21,0,89.58,suburban,snacks,festival,84
267,1,0,0,1.2,2.71,0,105,1.22,17.04,0,102.61,suburban,fresh,construction,49
267,1,0,0,2.48,5.43,0,67,2.33,17.81,0.91,102.02,suburban,personalcare,none,20
267,1,0,0,1.8,19.87,0,182,1.88,9.91,0,99.48,urban,beverages,sports,135
267,1,0,0,10.25,0,1,97,11.23,16,11.64,103.76,rural,homecare,festival,47
267,1,0,0,2.09,3.86,0,96,2.11,7.02,0,106.98,rural,personalcare,none,41
267,1,0,0,1.1,0.43,0,46,1.08,17.7,1.21,95.81,suburban,snacks,festival,37
267,1,0,0,4.05,19.66,1,210,4.48,16.29,5.15,98.41,urban,beverages,festival,125
267,1,0,0,7.88,16.93,1,158,8.17,20.81,3.46,100.48,suburban,beverages,construction,99
267,1,0,0,3.87,4.74,1,120,3.55,13.65,3.15,98.52,suburban,snacks,none,61
267,1,0,0,5.35,21.67,0,106,4.3,12.18,0,97.31,urban,personalcare,construction,64
267,1,0,0,4.13,3.53,0,95,3.36,14.79,3.99,96.05,urban,beverages,construction,82
267,1,0,0,7.12,0,1,29,7.97,13.88,5.95,92.16,urban,homecare,sports,29
267,1,0,0,9.08,1.83,0,95,10.57,8.46,4.17,97.32,urban,homecare,sports,95
267,1,0,0,4.42,0.15,0,167,5.64,8.45,2.55,100.92,suburban,beverages,festival,62
267,1,0,0,2.64,18.9,0,164,2.44,13.27,7.99,96.47,suburban,beverages,festival,164
267,1,0,0,1.1,1.27,1,106,1.24,8.4,6.16,93.18,rural,snacks,none,62
267,1,0,0,2.36,0.71,0,76,3.03,15.66,6.23,88.2,urban,personalcare,festival,74
267,1,0,0,5.21,0.5,0,87,5.24,6.88,7.77,91.41,urban,fresh,none,44
267,1,0,0,4.69,2.15,1,126,5.02,16.94,7.35,92.83,urban,beverages,construction,126
267,1,0,0,10.05,1.84,0,94,10.84,11.2,0,101.78,suburban,homecare,festival,94
267,1,0,0,2.76,4.38,0,115,3.11,6.36,1.98,101.05,urban,snacks,none,85
267,1,0,0,3.49,17.05,0,195,4.36,5.83,5.52,97.31,suburban,beverages,sports,135
268,2,0,0,4.51,12.72,1,149,4.87,15.35,7.66,94.28,urban,fresh,none,149
268,2,0,0,4.38,2.9,0,86,4.53,3.63,6.34,101.07,rural,snacks,construction,34
268,2,0,0,4.83,1.92,0,78,4.3,11.91,0,101.71,urban,beverages,none,78
268,2,0,0,6.77,2.54,1,136,6.92,14.21,0,95.21,suburban,beverages,festival,136
268,2,0,0,3.76,2.21,0,133,4.34,10.35,5.27,94.99,urban,fresh,none,31
268,2,0,0,5.29,0.19,0,84,4.45,18.14,5.01,96.39,urban,homecare,festival,54
268,2,0,0,9.44,26.06,1,119,7.87,2.63,0,92.08,suburban,homecare,none,118
268,2,0,0,5,1.84,0,79,4.91,15.07,4.51,99.68,urban,personalcare,none,53
268,2,0,0,1.52,0.31,0,130,1.28,18.92,5.92,101.42,urban,beverages,construction,56
268,2,0,0,3.79,19.64,1,165,4.58,13.82,0.5,101.35,suburban,fresh,none,165
268,2,0,0,7.15,27.04,1,130,7.95,13.34,0.81,91.99,suburban,homecare,festival,112
268,2,0,0,8.14,2.96,0,84,7.02,16.74,5.03,100.86,urban,homecare,sports,63
268,2,0,0,3.26,19.07,1,156,4.54,13.46,2.07,98.31,suburban,beverages,sports,156
268,2,0,0,4.34,0.7,0,81,4.88,14.49,1.15,94.59,rural,personalcare,none,27
268,2,0,0,5.34,2.36,1,70,4.85,10.42,0,103.87,urban,fresh,construction,56
268,2,0,0,7.47,24.02,0,96,8.69,13.97,7.38,106.61,suburban,homecare,none,37
268,2,0,0,3.4,3.87,1,134,2.67,23.14,4.32,99.91,rural,beverages,none,94
268,2,0,0,3.66,0.34,1,139,3.71,4.53,0,97.33,urban,beverages,none,61
268,2,0,0,1.9,1.86,1,118,1.81,15.69,2.37,98.79,urban,beverages,none,59
268,2,0,0,5.9,4.53,0,81,7.32,12.82,11.3,96.22,rural,fresh,sports,55
268,2,0,0,5.05,6.21,0,155,5.62,8.12,0.46,96.16,suburban,beverages,none,97
268,2,0,0,3.54,2.29,1,131,3.37,6.19,0,101.94,suburban,beverages,festival,127
268,2,0,0,5.68,1.09,0,77,5.37,15.16,2.27,102.71,suburban,snacks,none,63
268,2,0,0,3.94,1.26,1,113,4.25,17.09,2.65,93.76,suburban,beverages,none,100
268,2,0,0,4.02,2.21,0,57,5.02,16.28,0.04,92.51,urban,personalcare,construction,57
268,2,0,0,4.72,18.08,0,79,4.26,9.16,9.32,96.61,rural,snacks,sports,79
268,2,0,0,3.57,18.66,0,189,3.75,2.07,2.81,99.96,urban,fresh,festival,189
268,2,0,0,2.88,3.55,0,83,3.81,7.28,1.47,97.35,suburban,personalcare,sports,53
268,2,0,0,6.95,10.26,0,82,7.41,9.92,0.83,98.98,rural,beverages,festival,82
268,2,0,0,5.88,21.24,1,142,5.33,10.4,9.85,99.12,suburban,fresh,none,142
268,2,0,0,5.14,4.05,1,77,4.98,16.49,0.85,97.09,suburban,beverages,festival,77
268,2,0,0,3.04,4.8,0,53,3.21,20.87,4.01,89.7,rural,fresh,none,27
268,2,0,0,2.31,0.71,0,59,2.66,9.52,1.01,92.6,rural,snacks,construction,11
268,2,0,0,7.55,5.19,0,101,8.01,11.22,11.92,100.62,urban,fresh,festival,101
268,2,0,0,1.69,17.77,0,201,1.66,9.75,2.52,105.45,urban,fresh,none,130
269,3,0,0,5.84,2.69,1,114,5.99,14.2,0,104.29,urban,beverages,sports,114
269,3,0,0,5.66,1.69,1,125,6.39,4.98,1.48,98.53,rural,fresh,sports,34
269,3,0,0,2.98,0.71,0,86,3.45,14.67,0,101.21,rural,fresh,none,41
269,3,0,0,6.04,0.55,0,102,5.05,11.31,1.09,94.41,urban,snacks,none,66
269,3,0,0,2.74,15.35,1,172,3.06,21.56,2.01,100.81,suburban,fresh,festival,126
269,3,0,0,5.29,1.23,1,162,5.11,8.62,6.87,97.88,rural,beverages,sports,58
269,3,0,0,4.83,0,0,109,5.54,10.03,0,102.63,suburban,snacks,none,95
269,3,0,0,6.25,18.06,0,122,7.58,11.47,3.93,95.86,suburban,homecare,sports,86
269,3,0,0,3.9,18.69,1,123,3.87,12.17,0,89.71,urban,snacks,construction,64
269,3,0,0,3.67,2.07,0,116,3.59,12.3,0,106.94,urban,beverages,sports,110
269,3,0,0,5.8,3.92,0,11,5.11,15.29,1.24,102.72,suburban,homecare,none,11
269,3,0,0,4.58,1.37,0,38,4.54,15.62,0.8,93.48,urban,personalcare,sports,38
269,3,0,0,10.01,4.51,1,86,10.49,11.38,2.62,100.94,suburban,homecare,sports,59
269,3,0,0,8.45,0,1,36,8.61,13.42,10.8,96.3,suburban,homecare,none,36
269,3,0,0,7.18,0,0,74,7.32,9.21,2.8,94.51,rural,snacks,festival,74
269,3,0,0,8.93,2.9,0,98,10.66,11,7.82,97.22,suburban,homecare,none,17
269,3,0,0,4.04,3.41,1,61,3.39,11.09,0,100.21,suburban,snacks,construction,38
269,3,0,0,2.76,27.92,0,165,3.07,6.94,2.76,95.19,suburban,snacks,none,164
269,3,0,0,4.53,2.46,1,166,5.15,10.07,5.72,100.1,urban,beverages,none,20
269,3,0,0,2.08,0.83,1,143,2.32,15.18,1.92,105.96,urban,fresh,construction,72
269,3,0,0,5.41,4.85,1,141,6.5,9.04,1,101.7,suburban,snacks,sports,141
269,3,0,0,6.47,0.3,1,160,6.29,18.54,6.83,98.54,urban,beverages,none,126
269,3,0,0,5.8,15.23,1,193,6.27,12.8,7.73,96.09,suburban,beverages,festival,187
269,3,0,0,5.95,7.81,0,176,7.68,14.74,4.24,102.94,urban,beverages,construction,148
269,3,0,0,5.29,17.56,0,130,6.73,11.41,11.92,99.61,rural,beverages,sports,118
269,3,0,0,6.59,0,1,62,6.41,5.06,6.26,98.99,urban,homecare,none,62
269,3,0,0,5.67,3.1,0,102,4.94,3.6,0,92.2,urban,snacks,festival,97
269,3,0,0,2.44,5.54,0,114,2.22,8.82,4.09,102.83,urban,beverages,none,111
269,3,0,0,8.23,1.35,0,43,8.03,6.53,2.87,106.39,suburban,homecare,none,43
269,3,0,0,3.1,8.46,0,146,3.33,13.9,4.12,97.48,rural,beverages,sports,110
269,3,0,0,8.91,0,1,104,10.7,12.36,7.84,109.93,suburban,homecare,festival,41
269,3,0,0,4.4,1.07,1,83,3.97,20.18,0,95.52,rural,fresh,none,11
269,3,0,0,5.82,3.35,0,55,5.93,11.02,0,98.3,urban,fresh,construction,41
269,3,0,0,2.81,1.94,0,44,3.14,8.23,4.09,92.6,rural,personalcare,none,17
269,3,0,0,4.56,23.27,0,173,4.53,8.89,5.45,102.66,urban,snacks,sports,134
270,4,0,0,2.49,2.56,0,115,3.02,10.81,4.51,103.27,suburban,beverages,construction,40
270,4,0,0,5.23,14.2,0,179,5.55,10.53,0,97.84,rural,beverages,festival,143
270,4,0,0,7.63,5.42,0,29,8.6,12.72,8.96,94.36,rural,fresh,none,25
270,4,0,0,10.32,0,0,44,11.02,13.42,1.24,107.5,rural,homecare,none,0
270,4,0,0,4.24,3.85,1,68,4.96,7.83,0.78,100.53,urban,snacks,none,68
270,4,0,0,2.83,2.55,0,63,2.44,6.38,4.77,102.34,suburban,personalcare,none,61
270,4,0,0,4.63,0.14,0,98,4.82,16.51,6.62,100.32,urban,snacks,none,66
270,4,0,0,9.39,2.03,0,7,10.62,11.06,2.43,96.28,suburban,homecare,none,7
270,4,0,0,3.61,1.29,0,47,3.81,8.57,1.9,95.08,rural,snacks,sports,47
270,4,0,0,3.36,17.75,0,107,3.36,14.51,0,107.13,rural,snacks,construction,70
270,4,0,0,7.96,1.96,0,50,8.31,11.47,0,102.01,rural,homecare,construction,16
270,4,0,0,4.09,29.39,0,183,4.3,3.7,0.44,102.17,urban,beverages,construction,142
270,4,0,0,4.03,1.14,0,88,4.59,7.54,3.03,96.9,suburban,personalcare,none,12
270,4,0,0,4.69,1.06,0,58,5.08,9.36,10.37,105.5,suburban,fresh,construction,48
270,4,0,0,3.09,0.29,1,101,3.51,15.05,0,106.92,urban,snacks,none,99
270,4,0,0,1.56,17.72,1,84,1.56,0.32,8.24,97.45,suburban,personalcare,none,55
270,4,0,0,8.36,22.06,0,125,8.43,14.62,1.16,97.55,urban,homecare,sports,66
270,4,0,0,2.28,24.1,0,141,2.08,11.98,5.11,92.55,rural,snacks,festival,141
270,4,0,0,6.4,0.97,0,99,6.34,11.8,5.86,103.7,urban,snacks,festival,99
270,4,0,0,5.89,19.71,1,148,6.14,10.86,13.58,99.61,suburban,snacks,none,140
270,4,0,0,5.25,5.1,1,79,6.5,2.72,6.3,102.79,rural,snacks,sports,79
270,4,0,0,3.69,0.62,0,75,3.45,10.38,0,97.38,suburban,snacks,festival,75
270,4,0,0,3.73,9.98,0,145,4.72,7.68,0,94.38,rural,beverages,sports,130
270,4,0,0,3.07,35.07,0,189,3.12,20.53,0,92.67,rural,fresh,sports,189
270,4,0,0,10.22,3.33,1,94,12.24,10.65,4.5,94.04,urban,homecare,construction,57
270,4,0,0,1.65,2.52,1,104,2,13.39,0,98.54,suburban,snacks,sports,47
270,4,0,0,2.07,1.4,1,78,2.12,11.07,4.8,90.17,urban,snacks,construction,43
270,4,0,0,2.76,13.53,0,148,3.11,5.59,5.25,106.24,urban,personalcare,sports,77
270,4,0,0,1.35,3.98,0,79,1.59,16.89,0,101.86,suburban,beverages,none,75
270,4,0,0,3.99,0.79,1,101,4.89,12.54,1.28,95.88,suburban,beverages,none,101
270,4,0,0,5.35,4.67,1,115,4.96,14.75,0.95,94.76,urban,fresh,construction,21
270,4,0,0,3.45,3.16,0,152,3.88,6.24,0,103.56,suburban,beverages,festival,152
270,4,0,0,2.01,5.93,0,91,1.82,11.33,2.23,94.46,urban,snacks,none,83
270,4,0,0,5.88,4.36,1,159,5.96,9.12,3.14,97.21,urban,beverages,festival,116
270,4,0,0,3.93,0.34,0,36,3.97,13.05,6.31,97.79,rural,personalcare,none,2
271,5,0,1,3.03,1.77,0,59,3.14,7.07,3.62,96.99,rural,beverages,festival,54
271,5,0,1,8.64,16.64,0,114,10.05,7.03,6.66,96.89,urban,personalcare,none,78
271,5,0,1,3.61,1.61,0,119,3.46,12.28,3.01,94.1,urban,beverages,none,57
271,5,0,1,4.88,24.88,0,127,5.43,4.43,5.61,99.79,suburban,fresh,construction,127
271,5,0,1,3.23,1.42,0,142,3.32,14.67,0,97.03,suburban,beverages,festival,126
271,5,0,1,3.52,2.53,1,158,3.85,11.42,0,102.89,urban,snacks,sports,93
271,5,0,1,4.35,23.01,1,140,4.3,8.02,0,102.17,rural,snacks,sports,140
271,5,0,1,7.99,27.17,0,65,8.33,16.85,0,99.38,suburban,homecare,sports,50
271,5,0,1,7.02,4.82,0,38,7.03,14.76,2.03,99.36,rural,homecare,sports,3
271,5,0,1,3.58,0.64,1,169,3.72,12.02,4.52,107.45,suburban,fresh,sports,72
271,5,0,1,7.42,1.06,0,80,7.61,11.63,0,102.52,urban,homecare,sports,4
271,5,0,1,4.58,0,0,145,4.9,14.88,3.88,105.32,urban,beverages,construction,94
271,5,0,1,1.46,0,1,67,1.49,8.28,0.49,88.06,urban,fresh,none,67
271,5,0,1,5.72,28.38,0,184,5.58,15.43,3.76,99.12,suburban,fresh,sports,170
271,5,0,1,5.77,2.3,0,13,5.27,7.89,0,100.58,suburban,homecare,construction,13
271,5,0,1,3.67,0.53,0,63,3.33,5.67,0.28,92.38,suburban,fresh,sports,59
271,5,0,1,4.79,18,0,100,5.4,9.16,0,97.95,urban,snacks,construction,58
271,5,0,1,1.1,2.26,0,46,1.12,8.61,0,91.19,urban,snacks,none,46
271,5,0,1,2.94,20.5,1,146,2.6,4.64,8.08,98.92,urban,beverages,construction,146
271,5,0,1,3.7,3.6,1,115,3.36,10.26,7.13,102.42,urban,beverages,sports,92
271,5,0,1,7.18,0.6,0,116,7.55,15.93,0,105.71,urban,homecare,sports,41
271,5,0,1,4.33,0,1,32,5.04,16.45,2.53,102.39,rural,homecare,construction,0
271,5,0,1,3.97,23.83,1,197,4.82,16.05,1.05,96.35,suburban,beverages,none,177
271,5,0,1,4.2,23.79,0,168,4.81,6.19,6.59,92.34,urban,snacks,festival,168
271,5,0,1,5.95,3.14,1,39,5.95,14.32,0,92.73,suburban,personalcare,construction,0
271,5,0,1,1.43,0.84,1,83,1.46,5.17,2.67,101.92,rural,fresh,festival,58
271,5,0,1,4.56,16.62,0,156,4.59,14.87,10.1,100.93,suburban,beverages,none,104
271,5,0,1,7.84,9.84,0,55,9.25,8.98,13.6,99.36,suburban,homecare,construction,31
271,5,0,1,4.77,4.9,0,139,5.07,7.41,0.92,98.71,suburban,beverages,sports,54
271,5,0,1,3.82,1.06,1,105,4.05,9.06,0,104.8,suburban,snacks,none,78
271,5,0,1,1.1,25.99,1,158,1.21,5.48,0,99.02,suburban,snacks,none,158
271,5,0,1,6.78,1.9,1,54,8.14,7.51,0,100.72,rural,homecare,festival,54
271,5,0,1,3.52,39.48,1,230,2.91,19.39,0.02,98.8,suburban,beverages,none,230
271,5,0,1,4.6,2.3,1,133,5,18.88,0,99.83,suburban,beverages,none,133
271,5,0,1,8.73,3.39,0,95,10.7,9.88,4.06,105.02,rural,homecare,festival,0
272,6,0,1,3.8,4.33,0,83,3.96,9.85,4.6,102.73,suburban,beverages,none,70
272,6,0,1,4.67,1.49,0,38,4.59,5.65,13.05,96.18,rural,personalcare,festival,30
272,6,0,1,7.49,1.81,0,18,7.94,16.58,0,90.49,urban,homecare,construction,0
272,6,0,1,2.1,0.95,0,60,2.14,18.28,3.64,92.89,suburban,snacks,none,60
272,6,0,1,4.56,24.68,0,99,3.98,16.44,0,92.58,suburban,personalcare,construction,75
272,6,0,1,2.93,1.05,0,166,2.8,10.29,0,99.67,urban,beverages,festival,77
272,6,0,1,7.57,2.44,0,41,7.58,9.15,2.16,95.46,urban,homecare,none,41
272,6,0,1,6.83,4.21,1,169,7.87,13.14,0,103.12,urban,beverages,festival,164
272,6,0,1,5.46,1.5,0,33,4.41,13.12,0,104.99,suburban,fresh,none,33
272,6,0,1,5.89,3.76,0,65,5.8,12.76,2.54,99.71,urban,fresh,none,65
272,6,0,1,2.52,3.31,0,75,2.7,6.99,7.15,103.13,suburban,personalcare,none,75
272,6,0,1,6.49,2.02,0,4,6.31,6.47,11.99,103.28,rural,snacks,none,4
272,6,0,1,3.58,0,1,128,4.3,3.74,0,97.5,suburban,beverages,construction,44
272,6,0,1,4.45,0,0,84,4.36,14.24,5.14,99.1,urban,beverages,none,84
272,6,0,1,5.54,1.27,0,56,5.44,14.17,0,106.82,suburban,snacks,construction,56
272,6,0,1,5.48,0.8,0,95,5.55,6.29,0,110.64,rural,beverages,construction,79
272,6,0,1,5.38,20.09,0,166,5.81,8.77,5.67,93.52,urban,fresh,none,166
272,6,0,1,4.27,24.45,0,218,5.3,14.62,5.53,93.9,rural,beverages,festival,196
272,6,0,1,3.91,3.94,1,119,4.47,11.15,4.02,104.78,urban,fresh,none,100
272,6,0,1,2.91,3.25,1,111,2.93,12.82,0,103.1,urban,beverages,sports,111
272,6,0,1,4.56,3.07,0,84,4.38,11.18,0,102.98,suburban,beverages,none,59
272,6,0,1,3.72,2.93,0,59,3.8,6.34,0.34,100.98,rural,snacks,none,59
272,6,0,1,4.68,13.53,0,74,4.82,10.22,1.64,98.31,rural,snacks,none,74
272,6,0,1,1.82,19.37,1,181,1.78,9.37,12.04,97.97,rural,beverages,sports,147
272,6,0,1,6.67,1.49,0,47,7.12,8.79,0,95.62,urban,snacks,sports,47
272,6,0,1,3.34,2.45,0,78,3.89,11.47,3.98,102.06,urban,fresh,construction,43
272,6,0,1,4.27,0.74,1,153,5.6,9.22,6.25,98.98,urban,fresh,festival,97
272,6,0,1,3.4,0,1,99,3.57,9.54,0,97.98,suburban,beverages,sports,86
272,6,0,1,4.54,9.68,0,108,5.68,15.82,4.17,98.57,urban,snacks,construction,76
272,6,0,1,9.15,1.08,0,40,9.71,12.39,3.61,105.08,rural,homecare,none,2
272,6,0,1,5.72,1.68,0,141,7.57,8.89,1.54,94.92,suburban,beverages,sports,139
272,6,0,1,5.56,25.88,0,240,5.56,11.7,0,104.07,urban,fresh,festival,193
272,6,0,1,9.78,2.31,0,40,9.22,1.58,0.98,96.75,urban,homecare,none,8
272,6,0,1,6.54,2.09,0,45,6.53,6.98,12.58,100.25,urban,personalcare,sports,45
272,6,0,1,2.81,22.33,0,183,2.46,13.75,10.19,100.43,urban,fresh,construction,160
273,0,0,0,5.84,3.86,0,54,6.01,19.17,1.92,109.27,suburban,fresh,none,54
273,0,0,0,8.91,0.41,1,55,10.32,11.99,3.21,106.26,rural,homecare,none,22
273,0,0,0,3.43,3.53,0,34,3.79,9.07,1.31,103.65,rural,personalcare,none,20
273,0,0,0,8.15,0.97,0,45,8.65,13.18,0.95,102.64,suburban,homecare,none,15
273,0,0,0,6.42,2.7,0,111,8.23,5.55,6.75,96.81,urban,snacks,none,46
273,0,0,0,1.31,4.92,0,16,1.53,7.14,2.79,98.8,rural,snacks,construction,16
273,0,0,0,2.96,23.76,1,243,3.46,11.36,4.59,100.55,urban,beverages,festival,202
273,0,0,0,5.39,2.94,0,53,6.43,3.91,5.28,91.06,rural,beverages,none,44
273,0,0,0,3.87,0.34,0,133,4.56,2.5,6.21,97.4,suburban,beverages,sports,54
273,0,0,0,3.93,1.38,0,81,3.73,15.88,0.72,97.6,rural,fresh,construction,39
273,0,0,0,5.87,9.02,0,74,5.72,16.25,0,92.06,rural,fresh,sports,53
273,0,0,0,2.17,25.55,0,97,2.1,7.3,0,103.68,urban,personalcare,none,46
273,0,0,0,2.87,0.33,0,97,3.02,12.05,0,101.85,urban,beverages,construction,54
273,0,0,0,5,1.35,0,99,5.52,6.66,8.65,94.66,urban,beverages,sports,99
273,0,0,0,5.7,1.88,1,109,6.63,10.3,7.1,99.03,urban,snacks,none,109
273,0,0,0,7.63,1.02,1,69,7.56,5.85,3.32,90.49,suburban,homecare,sports,23
273,0,0,0,4.53,0,0,113,4.55,8.82,7.27,110.79,suburban,beverages,construction,98
273,0,0,0,3.68,0.49,0,58,3.86,8.86,5.83,92.9,urban,fresh,none,58
273,0,0,0,4.58,26.37,0,168,4.64,6.73,6.23,102.84,suburban,fresh,none,168
273,0,0,0,4.81,0,0,116,5.22,7.33,0,101.33,urban,beverages,none,97
273,0,0,0,4.13,22.62,1,131,4.82,13.1,2.65,100.57,suburban,snacks,none,131
273,0,0,0,3.73,2.13,0,73,3.86,7.84,0,98.78,rural,beverages,none,73
273,0,0,0,7.22,3.49,0,90,8.41,8.34,0.86,105.79,urban,homecare,none,90
273,0,0,0,3.35,0.74,1,152,3.49,15.31,6.4,103.94,urban,beverages,sports,72
273,0,0,0,1.51,1.66,0,58,1.28,9.62,0,103.14,suburban,personalcare,none,38
273,0,0,0,4.69,25,0,151,4,8.23,4.57,92.16,urban,snacks,construction,151
273,0,0,0,5.32,23.47,0,89,6.47,9.7,0,98.93,suburban,snacks,none,89
273,0,0,0,7.41,20.02,1,115,8.33,13.21,1.1,104.52,urban,homecare,construction,74
273,0,0,0,7.56,5.25,1,29,9.24,19.48,1.51,103.13,suburban,personalcare,construction,29
273,0,0,0,7.04,3.77,0,43,5.78,15.68,0,98.52,urban,snacks,sports,43
273,0,0,0,3.79,18.57,0,193,3.87,10.45,2.46,103.79,urban,beverages,construction,179
273,0,0,0,4.79,2.63,0,126,4.56,11.51,0,102.57,urban,fresh,none,81
273,0,0,0,3.52,2.69,0,69,3.57,17.47,5.21,94.79,suburban,snacks,none,69
273,0,0,0,3.56,26.38,0,110,4.07,8.92,5.37,104,urban,personalcare,none,86
273,0,0,0,2.69,0,1,155,3,10.4,4.69,98.04,suburban,snacks,none,8
274,1,0,0,5.16,23.5,1,212,4.89,11.52,2.29,106.06,suburban,beverages,sports,210
274,1,0,0,4.85,1.59,0,112,5.15,11.07,0,100.13,suburban,beverages,none,55
274,1,0,0,4.57,0.58,0,121,5.22,7.64,0,93.6,suburban,snacks,sports,82
274,1,0,0,6.13,0.98,0,73,7.62,8.99,0.67,92.69,rural,snacks,none,49
274,1,0,0,3.71,2.11,0,101,4.34,14.81,0.9,104.95,suburban,snacks,festival,100
274,1,0,0,6.31,11.76,0,126,7.01,5.3,0,103.75,suburban,snacks,construction,126
274,1,0,0,3.59,14.51,0,161,3.15,15.13,5.17,101.03,urban,beverages,none,161
274,1,0,0,4.14,1.59,0,19,3.91,8.82,1.68,100.5,rural,beverages,construction,19
274,1,0,0,1.1,11.61,1,210,1.12,18.62,0,94.76,urban,snacks,festival,131
274,1,0,0,2.87,1.3,0,121,2.44,6.63,6.64,110.24,suburban,snacks,festival,85
274,1,0,0,3.08,3.49,0,95,3.58,12.71,0,91.59,urban,fresh,none,87
274,1,0,0,4.6,22.72,0,168,4.91,4.9,0.49,96.89,urban,snacks,none,98
274,1,0,0,4.51,13.01,1,56,4.64,10,0,93.49,suburban,personalcare,construction,23
274,1,0,0,4.62,0.31,0,48,4.29,10.54,3.9,97.15,suburban,beverages,construction,31
274,1,0,0,6.99,3.75,1,64,6.49,15.62,0,101.42,urban,homecare,none,64
274,1,0,0,4.44,3.88,0,130,4.96,9.66,2.16,97.44,urban,beverages,none,116
274,1,0,0,2.67,21.81,0,156,2.95,10.94,7.88,104.48,suburban,fresh,none,149
274,1,0,0,7.06,19.3,0,143,8.76,12.5,0.89,96.75,rural,homecare,festival,76
274,1,0,0,4.23,0.62,0,96,4.37,8.62,0.34,100.11,urban,fresh,none,83
274,1,0,0,3.06,23.1,1,175,3.19,4.49,3.14,96.44,suburban,fresh,none,112
274,1,0,0,4.66,4.97,0,21,4.23,12.43,2.12,102.96,rural,personalcare,none,1
274,1,0,0,2.67,1.67,1,117,3.34,7.03,2.36,106.62,suburban,fresh,none,64
274,1,0,0,5.36,9.41,0,155,4.73,12.92,0.09,104.88,suburban,beverages,festival,147
274,1,0,0,4.98,5.67,0,128,6.37,8.12,1.23,99.55,urban,beverages,none,108
274,1,0,0,3.27,4.69,0,122,3.56,1.85,0,99.21,urban,snacks,none,103
274,1,0,0,4.22,31.23,1,226,4.16,14.72,9.48,98.16,suburban,beverages,none,190
274,1,0,0,7.77,1.4,0,87,9.28,4.6,1.14,99.71,suburban,homecare,sports,80
274,1,0,0,4.41,18.27,1,172,4.47,11.21,0,105.96,suburban,fresh,none,123
274,1,0,0,2.87,0,0,123,2.94,8.31,0,100.18,urban,snacks,construction,62
274,1,0,0,4.46,1.88,0,74,4.04,17.72,0.97,101.34,rural,beverages,none,74
274,1,0,0,4.28,11.38,0,85,4.97,5.87,0,97.19,urban,personalcare,none,85
274,1,0,0,6.72,2.75,1,169,6.02,7.14,0,104.94,urban,beverages,festival,158
274,1,0,0,1.8,25.3,1,161,1.83,8.56,4.47,104.4,suburban,beverages,none,161
274,1,0,0,5.38,1.06,0,91,6.3,6.28,6.08,99.56,rural,beverages,none,80
274,1,0,0,5.22,8.65,0,142,5.93,3.99,9.2,104.39,urban,snacks,sports,125
275,2,0,0,7.14,0,1,172,7.32,18.91,5.25,90.53,urban,homecare,festival,78
275,2,0,0,5.95,3.21,1,142,6.09,9.24,4.08,96.64,suburban,fresh,festival,83
275,2,0,0,4.11,0.37,0,50,3.91,2.32,0,90.11,urban,personalcare,none,34
275,2,0,0,8.98,1.75,0,29,6.56,6.42,5.11,105.36,rural,homecare,none,7
275,2,0,0,5.13,34.54,0,219,5.28,10.62,3.54,107.46,urban,snacks,construction,166
275,2,0,0,1.81,2.84,0,96,1.78,5.86,0,106.16,rural,beverages,none,42
275,2,0,0,5.9,1.65,0,157,7.02,7.98,5.59,107.61,urban,snacks,sports,79
275,2,0,0,2.85,29.35,1,122,3.31,11.5,0,102.36,urban,personalcare,festival,122
275,2,0,0,4.7,1.92,0,44,5.74,9.32,2.46,100.38,rural,personalcare,none,13
275,2,0,0,3.84,21.56,1,248,4.44,15.65,3.24,107.55,suburban,fresh,none,131
275,2,0,0,4.65,1.46,1,95,4.89,7.89,1.36,92.35,urban,snacks,construction,78
275,2,0,0,6.23,17.89,0,133,6.68,9.42,7.94,107.99,urban,snacks,construction,128
275,2,0,0,6.35,2.01,0,109,7.27,6.91,9.11,107.4,urban,homecare,sports,14
275,2,0,0,4.87,31.77,0,147,5.34,11.96,0,107.21,rural,personalcare,sports,134
275,2,0,0,4.23,0,0,60,3.84,6.13,1.26,102.69,rural,snacks,none,51
275,2,0,0,8.38,16.26,0,106,7.93,3.28,0.3,104.8,urban,homecare,none,66
275,2,0,0,5.21,4.15,0,95,5.17,9.58,1.53,106.54,rural,snacks,construction,69
275,2,0,0,5.82,0,1,62,6.53,17.37,0,100.4,rural,homecare,none,26
275,2,0,0,1.1,15.53,1,160,0.9,16.06,1.36,100.18,urban,snacks,sports,160
275,2,0,0,5.53,3.65,0,135,5.88,16.88,4.37,99.82,suburban,snacks,festival,115
275,2,0,0,4.37,34.3,1,165,4.81,12.6,4.01,102.34,suburban,personalcare,none,165
275,2,0,0,3.36,28.36,0,202,2.71,13.69,6.92,94.35,suburban,fresh,none,156
275,2,0,0,1.72,2.63,0,106,1.77,17.77,5.41,104.69,suburban,fresh,festival,84
275,2,0,0,5.06,8.64,1,141,4.54,15.62,1.76,94.22,urban,personalcare,none,94
275,2,0,0,5.3,2.04,0,138,5.46,9.07,0.29,105.09,suburban,fresh,festival,61
275,2,0,0,2.94,3.77,0,147,3.44,6.87,4,102.24,urban,beverages,none,85
275,2,0,0,2.8,20.01,1,176,2.73,8.75,2.31,97.79,suburban,fresh,festival,175
275,2,0,0,3.83,0.6,0,71,4.2,7.51,1.23,99.6,urban,personalcare,construction,39
275,2,0,0,3.63,19.39,0,50,3.6,7.52,8.43,98.89,rural,personalcare,festival,42
275,2,0,0,5.21,4.28,1,66,4.91,14.85,0,99.85,rural,personalcare,sports,61
275,2,0,0,5.96,1.59,0,46,5.56,16.58,0,107.33,suburban,fresh,none,44
275,2,0,0,3.07,18.07,0,182,3.27,8.37,9.49,106.75,suburban,beverages,none,141
275,2,0,0,3.97,32.43,0,217,4.52,8.96,0,100.82,urban,snacks,none,134
275,2,0,0,4.89,10.48,0,90,5.18,9.24,6.09,104.16,suburban,personalcare,none,46
275,2,0,0,1.1,0.67,0,75,1.02,10.96,0,98.29,urban,snacks,construction,75
276,3,0,0,7.86,1.81,0,4,7.85,7.89,0,102.15,rural,homecare,none,4
276,3,0,0,6.5,2.4,0,21,5.78,11.45,5.65,92.12,rural,fresh,festival,21
276,3,0,0,7.52,0.6,0,41,8.44,13.2,5.98,99.05,urban,fresh,construction,24
276,3,0,0,4.03,2.41,1,82,3.97,12.91,0.96,103.02,urban,snacks,none,82
276,3,0,0,5.44,22.25,0,116,5.19,8.42,8.42,95.91,urban,fresh,construction,116
276,3,0,0,4.59,1.96,0,84,4.86,10.63,7.4,97.53,suburban,snacks,construction,21
276,3,0,0,2.07,4.92,0,110,1.94,13.79,4.26,101.19,suburban,personalcare,festival,91
276,3,0,0,2.59,20.84,1,167,3.22,15.84,11.24,101.29,suburban,fresh,none,140
276,3,0,0,3.11,12,0,101,3.03,10.34,4.09,98.92,urban,fresh,construction,94
276,3,0,0,1.83,22.88,0,122,1.56,15.64,7.47,88.31,urban,beverages,construction,115
276,3,0,0,4.68,27.48,1,185,5.11,13.39,7.34,97.88,urban,personalcare,none,159
276,3,0,0,7.67,1.16,1,78,8.96,6.29,10.42,100.8,urban,fresh,none,78
276,3,0,0,4.12,1.89,1,150,4.72,5.25,1.59,103.99,urban,beverages,none,109
276,3,0,0,6.51,20.21,0,78,5.58,11.18,0,98.78,rural,homecare,construction,65
276,3,0,0,5.72,1.06,1,120,6.13,14.31,4.85,102.55,suburban,beverages,none,101
276,3,0,0,6.16,22.33,0,168,7.14,12.01,2.02,102.02,suburban,beverages,none,168
276,3,0,0,5.25,29.39,0,174,5.23,9.81,11.24,108.43,urban,snacks,sports,174
276,3,0,0,4.78,21.68,0,125,5.5,13.81,0,106.62,rural,snacks,sports,100
276,3,0,0,5.34,0.51,0,4,6.42,6.8,5.7,86.71,rural,fresh,construction,4
276,3,0,0,1.44,1.67,0,79,1.58,13.7,8.68,104.39,suburban,snacks,none,34
276,3,0,0,3.12,6.16,0,124,3.21,6.7,2.67,99.81,suburban,snacks,festival,89
276,3,0,0,8.08,2.32,0,112,8.38,9.18,4.95,101.04,suburban,beverages,construction,63
276,3,0,0,1.82,1.02,0,120,1.83,9.7,0,105.93,rural,fresh,sports,27
276,3,0,0,2.46,12.7,0,110,2.55,13.66,1.32,96.57,rural,personalcare,sports,56
276,3,0,0,7.64,2.38,0,74,7.19,11.98,5.75,96.26,suburban,homecare,none,29
276,3,0,0,4.77,19.44,0,114,5.14,7.95,1.2,95.42,urban,personalcare,festival,95
276,3,0,0,3.95,14.61,0,154,3.26,13.37,3.37,100.7,suburban,personalcare,sports,52
276,3,0,0,5,4.01,0,79,4.6,3.36,1.41,100.8,urban,fresh,none,42
276,3,0,0,5.46,1.27,0,87,5.77,10.11,0,107.69,suburban,fresh,construction,14
276,3,0,0,10.24,2.84,0,75,10.48,16.37,1.38,101.99,urban,homecare,construction,21
276,3,0,0,4.07,0,0,81,4.01,17.71,8.03,99.97,urban,personalcare,sports,42
276,3,0,0,5.54,0.69,0,90,5.85,9.07,4.42,103.49,urban,snacks,sports,68
276,3,0,0,4.53,23.86,0,90,4.82,4.93,0.34,101.3,rural,snacks,sports,90
276,3,0,0,10.46,0,1,49,10.49,13.43,0.59,103.69,urban,homecare,none,49
276,3,0,0,2.12,15.17,0,180,2.79,6.73,0,98.24,urban,fresh,sports,153
277,4,0,0,1.1,4.27,0,75,1.16,9.01,4.41,96.85,urban,personalcare,none,52
277,4,0,0,1.59,20.03,1,161,1.72,6.19,3.87,92.82,urban,beverages,construction,161
277,4,0,0,3.27,10.79,1,134,3.48,13.41,6.37,97.35,urban,snacks,none,117
277,4,0,0,3.55,2.81,1,88,4.25,4.38,0.87,96.35,rural,fresh,none,44
277,4,0,0,5.37,0.97,0,103,5.17,12.85,0,104.07,urban,fresh,sports,35
277,4,0,0,2.55,2.41,1,134,3.21,15.7,8.65,102.14,suburban,snacks,festival,134
277,4,0,0,2.41,10.49,0,178,2.53,11.46,0,98.48,urban,beverages,construction,80
277,4,0,0,8.62,3.19,0,88,6.94,7.66,0,102.21,rural,beverages,none,66
277,4,0,0,4.54,3.21,0,130,5.45,10.85,0,104.5,suburban,beverages,sports,91
277,4,0,0,5.09,1.69,0,124,5.4,11.65,0,103.88,urban,fresh,festival,83
277,4,0,0,3.4,6.91,0,99,3.24,14.24,1.07,110.49,urban,personalcare,none,40
277,4,0,0,3.05,0,0,101,2.72,3.29,2.32,93.92,urban,beverages,none,81
277,4,0,0,3.85,0,0,40,3.2,4.79,0,105.65,rural,personalcare,none,24
277,4,0,0,6.18,16.81,0,132,5.41,6.75,0,104.56,suburban,snacks,festival,95
277,4,0,0,9.34,0,0,4,7.44,15.27,0,105.28,rural,homecare,none,0
277,4,0,0,6.59,3.11,0,17,6.24,12.48,3.9,99.61,suburban,homecare,none,17
277,4,0,0,4.38,27.61,1,230,4.56,10.32,0,104.68,urban,beverages,none,230
277,4,0,0,3.29,1.42,0,141,3.97,11.51,14.89,98.64,suburban,beverages,festival,92
277,4,0,0,3.74,10.45,0,153,4.36,8.91,4.76,108.57,suburban,snacks,none,134
277,4,0,0,5.59,0,0,64,5.63,9.93,0,105.1,suburban,beverages,construction,64
277,4,0,0,5.47,1.67,0,33,5.8,13.1,9.84,87.88,suburban,snacks,construction,27
277,4,0,0,3.93,0.76,0,118,3.61,9.67,0,108.59,urban,snacks,festival,59
277,4,0,0,6.63,17.44,1,87,6.33,13.86,6.56,97.71,suburban,homecare,none,66
277,4,0,0,5.72,12.97,0,84,5.54,10.74,5.46,101.6,rural,snacks,construction,71
277,4,0,0,5.03,2.25,1,134,6.04,18.23,2.5,102.19,urban,snacks,none,72
277,4,0,0,2.32,1.71,1,97,2.33,2.55,1.97,88.01,suburban,beverages,none,97
277,4,0,0,3.98,0.66,1,164,4.71,11.47,0.42,102.82,suburban,beverages,none,97
277,4,0,0,2.21,1.45,0,45,2.68,8.44,6.24,104.27,urban,personalcare,none,29
277,4,0,0,6.1,0.28,0,80,5.41,13.1,1.66,97.01,urban,beverages,none,80
277,4,0,0,3.87,1.64,0,106,4.66,11.18,0,108.07,urban,beverages,sports,106
277,4,0,0,4.51,3.37,0,54,5.06,10.09,3.88,104.74,suburban,fresh,construction,7
277,4,0,0,6.34,4.13,0,58,6.5,11.18,2.84,103.8,urban,homecare,none,58
277,4,0,0,9.91,0,0,105,11.16,14.27,0,99.34,urban,homecare,sports,37
277,4,0,0,3.58,0.49,0,20,2.81,14.73,6.1,104.38,suburban,fresh,none,20
277,4,0,0,3.05,2.54,0,99,3.26,7.85,0,107.68,rural,snacks,none,53
278,5,0,1,3.8,25.67,1,239,4.56,18.82,0,102.19,suburban,beverages,none,203
278,5,0,1,4.74,20.92,0,90,5.07,6.63,6.73,92.77,suburban,personalcare,none,82
278,5,0,1,3.21,2.71,0,110,3.37,15.46,2.12,105.46,suburban,snacks,construction,32
278,5,0,1,11.21,1.06,1,88,10.78,4.26,0,99.54,suburban,homecare,construction,11
278,5,0,1,2.74,0,0,121,2.58,18.67,0,102.43,rural,beverages,none,72
278,5,0,1,3.14,3.01,0,90,3.11,10.29,0,102.1,urban,snacks,none,64
278,5,0,1,4.7,2.39,0,131,4.94,10.27,0.55,96.89,suburban,beverages,none,96
278,5,0,1,6.24,1.36,0,107,5.66,15.45,7.21,92.77,suburban,beverages,construction,61
278,5,0,1,5.09,13.74,0,129,5.29,16.96,2.22,102.42,rural,snacks,festival,98
278,5,0,1,6.11,1.48,1,4,6.25,13.56,4.29,92.23,suburban,homecare,construction,4
278,5,0,1,10.35,34.83,0,117,10.12,14.43,2.18,96.05,suburban,homecare,sports,82
278,5,0,1,5.77,3.45,0,84,6.84,13.04,4.03,93.83,suburban,beverages,festival,81
278,5,0,1,5.9,1.45,0,61,6.22,8.98,7.65,91.34,suburban,personalcare,none,11
278,5,0,1,3.41,10.75,0,110,3.08,3.98,2.45,104.34,urban,snacks,none,70
278,5,0,1,4.65,12.08,1,121,5.56,14.65,8.1,96.12,rural,snacks,sports,98
278,5,0,1,4.36,10.4,0,140,4.94,11.47,5.45,101.7,urban,beverages,none,100
278,5,0,1,4.38,0,0,81,4.57,10.36,5.22,105.45,urban,snacks,none,81
278,5,0,1,3.71,0.97,0,72,3.38,13.67,0,90.41,urban,snacks,sports,50
278,5,0,1,1.1,13.97,0,128,1.1,4.59,2.18,94.15,rural,snacks,none,73
278,5,0,1,2.86,2.51,0,64,2.85,10.87,3.63,98.31,rural,snacks,construction,9
278,5,0,1,4.26,4.3,1,123,4.82,13.21,3.65,105.14,rural,beverages,none,111
278,5,0,1,6.86,9.88,0,82,6.35,7,0.14,102.47,rural,homecare,construction,0
278,5,0,1,5.27,22.86,0,195,5.33,2.29,0,105.63,suburban,beverages,construction,93
278,5,0,1,2.49,25.79,0,96,2.45,10.64,8.36,89.47,rural,personalcare,construction,54
278,5,0,1,3.91,4.07,1,101,3.06,14.23,4.31,100.1,urban,snacks,festival,101
278,5,0,1,4.99,2.88,0,79,4.93,8.96,3.01,88.65,urban,personalcare,festival,79
278,5,0,1,4.03,2.81,1,74,4.06,8.48,1.74,97.22,suburban,personalcare,none,42
278,5,0,1,5.66,3.6,0,82,5.37,11.99,9.45,100.45,suburban,fresh,construction,55
278,5,0,1,3.14,19.51,0,223,3.69,12.46,3.05,103.04,suburban,fresh,sports,181
278,5,0,1,7.14,1.33,0,63,8.29,11.05,4.72,93.46,suburban,beverages,none,63
278,5,0,1,6.47,0.38,0,130,6.85,4.94,2.89,96.72,rural,personalcare,festival,23
278,5,0,1,4.98,2.19,1,76,5.32,6.46,0,105.59,urban,snacks,none,60
278,5,0,1,2.77,2.94,0,126,2.71,14.03,0,95.35,suburban,beverages,none,78
278,5,0,1,2.51,2.6,0,69,2.64,6.46,4.78,95.44,urban,personalcare,none,69
278,5,0,1,8.46,1.86,0,104,8.17,9.51,3.13,99.08,urban,homecare,none,44
279,6,0,1,5.72,0.57,0,102,6.51,3.22,7.81,100.18,suburban,beverages,sports,71
279,6,0,1,5.45,28.03,1,216,6.04,11.99,0,102.57,suburban,beverages,none,177
279,6,0,1,4.23,14.88,0,139,5.01,2.28,6.35,106.75,urban,snacks,sports,139
279,6,0,1,7.11,4.57,0,64,7.27,4.74,4.62,93.96,rural,fresh,none,64
279,6,0,1,9.32,1.75,1,131,9.72,14.47,0,96.26,urban,homecare,construction,62
279,6,0,1,7.63,3.69,0,10,7.14,13.05,6.9,97.33,suburban,homecare,none,10
279,6,0,1,4.72,1.27,0,4,4.66,-3.42,1,98.99,suburban,personalcare,none,4
279,6,0,1,7.75,24.4,0,115,6.1,12.86,0.88,104.26,urban,homecare,festival,107
279,6,0,1,8,26.05,1,129,7.96,9.57,1.31,104.44,urban,homecare,construction,69
279,6,0,1,4.19,1.71,0,145,3.69,16.52,0,106.69,suburban,beverages,sports,94
279,6,0,1,3.19,1.74,0,87,3.53,7.56,5.71,103.39,rural,snacks,construction,29
279,6,0,1,2.4,0.29,0,80,2.73,4.74,0,104.49,suburban,beverages,sports,53
279,6,0,1,7.8,5.04,1,161,8.59,11.21,12.98,110.72,suburban,beverages,sports,73
279,6,0,1,4.86,21.71,1,188,5.3,15.91,0.1,95.03,suburban,beverages,festival,138
279,6,0,1,2.49,1.66,1,132,2.16,6.72,0,108.16,urban,beverages,none,90
279,6,0,1,8.95,1.71,1,97,9.59,5.28,6.8,90.11,suburban,homecare,sports,48
279,6,0,1,3.04,10.64,0,51,2.63,13.44,0,101.23,suburban,personalcare,none,51
279,6,0,1,2.16,3.64,0,64,2.18,7.8,1.75,100.91,suburban,personalcare,none,36
279,6,0,1,3.28,0,0,85,3.18,9.6,0,102.79,urban,beverages,sports,85
279,6,0,1,6.7,19.68,0,113,7.19,11.42,6.8,98.87,urban,snacks,festival,113
279,6,0,1,2.94,4.18,0,127,3.12,11.75,4.66,101.45,suburban,snacks,none,45
279,6,0,1,5.26,3.33,0,69,6.05,16.85,11.27,95.62,rural,fresh,sports,23
279,6,0,1,4.16,1.91,0,65,3.78,10.99,6.95,102.15,urban,snacks,construction,30
279,6,0,1,6.34,1.87,0,63,6.21,10.93,0,102.44,suburban,personalcare,none,32
279,6,0,1,7.02,0.25,0,22,8.44,9.14,4.73,100.21,urban,homecare,construction,22
279,6,0,1,5.45,2.87,0,146,5.78,6.51,4.05,98.33,rural,beverages,none,47
279,6,0,1,2.01,0.55,0,88,2.19,10.8,0.5,94.01,suburban,beverages,none,50
279,6,0,1,4.99,11.21,1,175,6.02,4.19,0.41,103.72,urban,snacks,festival,124
279,6,0,1,5.2,2.43,0,112,4.78,8.43,0,94.7,urban,snacks,none,76
279,6,0,1,2.76,3.53,1,70,2.48,11.7,0,98.31,urban,fresh,construction,70
279,6,0,1,3.27,11.12,0,139,3.42,11.01,1.96,100.25,suburban,beverages,none,90
279,6,0,1,6.18,2.38,0,138,5.84,6.85,5.99,98.79,suburban,snacks,festival,71
279,6,0,1,2.96,9.1,0,37,3.03,13.33,0,105.25,suburban,personalcare,none,19
279,6,0,1,3.47,2.11,0,47,4.23,5.68,0,107.56,rural,personalcare,festival,47
279,6,0,1,4.28,6.53,1,112,4.47,6.43,3.43,103.76,urban,snacks,none,88
280,0,0,0,6.14,0.7,0,65,6.07,13.73,0,97.23,rural,beverages,construction,65
280,0,0,0,6.41,2.07,0,83,7.38,15.26,5.28,103.53,suburban,beverages,sports,65
280,0,0,0,3.73,2.2,0,117,4.23,6.32,2.48,106.77,urban,fresh,none,48
280,0,0,0,5.74,13.15,0,135,5.76,2.28,2.31,88.81,suburban,fresh,sports,115
280,0,0,0,4.76,2.38,1,119,5.56,12.25,6.48,96.98,suburban,snacks,none,22
280,0,0,0,3.18,4.8,0,127,3.84,9.49,4.07,95.12,urban,beverages,festival,124
280,0,0,0,4.06,7.33,1,99,4.42,15.74,4.33,96.02,urban,snacks,construction,72
280,0,0,0,1.78,1.86,0,110,1.89,0.48,6.42,91.07,suburban,beverages,festival,78
280,0,0,0,8.72,2.18,0,33,7.75,7.62,5.75,102.84,suburban,homecare,none,20
280,0,0,0,4.97,13.58,1,167,6.02,6.86,3.21,106.07,urban,beverages,none,154
280,0,0,0,2.74,0.43,0,94,2.9,7.6,0,100.79,urban,snacks,none,42
280,0,0,0,4.42,1.4,0,38,5.46,15.84,5.08,101.43,suburban,beverages,none,38
280,0,0,0,3.78,17.15,0,132,3.65,12.46,0,100.62,urban,beverages,none,132
280,0,0,0,3.42,0,0,73,4.17,15.8,0,99.37,urban,fresh,festival,33
280,0,0,0,6.09,39.04,0,191,6.49,5.86,4.55,95.45,urban,snacks,none,191
280,0,0,0,3.79,2.43,1,76,2.93,11.52,5.75,104.61,suburban,fresh,none,41
280,0,0,0,3.53,1.83,1,69,2.82,6.46,4.45,105.21,urban,snacks,none,43
280,0,0,0,10.34,11,0,40,9.8,13.04,4.76,104.97,rural,homecare,construction,3
280,0,0,0,8.66,1.63,0,62,9.66,10.93,8.89,93.99,rural,homecare,sports,45
280,0,0,0,1.3,0.73,0,53,1.26,9,4.01,101.83,suburban,fresh,construction,53
280,0,0,0,1.88,0.49,0,85,1.95,7.52,0,103.54,suburban,snacks,festival,30
280,0,0,0,4.88,1.97,0,90,4.61,8.57,0,100.92,urban,beverages,none,60
280,0,0,0,6.27,0,0,115,6.91,7.48,11.39,97.35,urban,snacks,festival,38
280,0,0,0,2.2,18.38,0,183,2.34,4.59,2.27,99.46,urban,beverages,none,103
280,0,0,0,6.25,0,1,109,5.85,12.08,3.29,101.85,urban,fresh,festival,109
280,0,0,0,8.01,1.19,0,55,8.17,7.67,3.89,108.44,urban,homecare,none,55
280,0,0,0,3.27,4.98,1,79,2.98,9.86,10.26,101.06,rural,beverages,none,73
280,0,0,0,4.4,1.84,1,74,4.61,9.6,0,99.42,suburban,snacks,construction,70
280,0,0,0,3.18,2.67,1,98,3.43,12.39,0,91.18,suburban,beverages,none,78
280,0,0,0,2.97,1.35,1,73,3.36,10.5,4.58,95.13,suburban,personalcare,sports,73
280,0,0,0,3.14,15.09,0,103,3.62,11.14,7.69,102.74,suburban,personalcare,sports,84
280,0,0,0,5.47,1.66,0,54,5.44,13.93,12.23,102.19,suburban,snacks,construction,32
280,0,0,0,4.87,20.86,0,223,5.97,13.11,1.93,95.38,suburban,fresh,festival,172
280,0,0,0,6.33,2.11,0,65,6.93,14.75,0.23,95.51,suburban,fresh,none,0
280,0,0,0,5.81,5,0,149,5.46,17.29,2.07,106.67,suburban,beverages,none,107
281,1,0,0,2.92,3.48,1,129,2.72,7.67,0,95.91,suburban,beverages,festival,111
281,1,0,0,6.79,1.56,1,120,5.99,13.62,6.98,98.98,urban,homecare,none,24
281,1,0,0,2.84,16.71,1,175,3.08,4.01,4.71,101.65,suburban,beverages,festival,104
281,1,0,0,4.71,0,0,43,4.09,13.3,2.23,97.03,suburban,snacks,construction,43
281,1,0,0,2.68,13.38,0,119,2.96,10.35,1.56,98.39,suburban,personalcare,none,34
281,1,0,0,4.16,1.22,1,54,3.67,15.39,1.57,100.1,rural,beverages,none,54
281,1,0,0,2.76,18.94,0,92,2.46,9.78,11.73,98.62,rural,snacks,sports,61
281,1,0,0,4.7,1.65,0,70,5.54,12.53,4.6,91.06,urban,personalcare,sports,50
281,1,0,0,2.03,2.4,1,111,2.12,12.2,4.68,104.57,suburban,beverages,none,76
281,1,0,0,2.32,1.53,0,91,2.3,9.29,5.24,99.91,rural,beverages,none,24
281,1,0,0,9.89,24.26,0,109,11.31,10.69,1.21,98.06,suburban,homecare,construction,57
281,1,0,0,4.98,1.89,1,18,3.82,5.14,2.18,102.12,urban,personalcare,construction,18
281,1,0,0,5.83,3.45,1,85,7.2,0.4,0,99.44,suburban,beverages,none,85
281,1,0,0,6.32,24.27,0,71,5.52,10.16,0.41,105.61,rural,homecare,festival,71
281,1,0,0,3.32,1.6,0,59,3.15,9.94,0,99.68,suburban,personalcare,none,36
281,1,0,0,3.68,2.68,0,142,2.38,10.68,7.71,107.12,urban,snacks,none,42
281,1,0,0,3.09,0,1,105,3.21,6.55,6.87,99.05,urban,snacks,construction,55
281,1,0,0,3.99,1.59,1,171,4.5,7.56,8.39,96.49,urban,beverages,festival,116
281,1,0,0,4.38,0.72,0,86,4.29,12.57,0,97.18,urban,beverages,sports,86
281,1,0,0,4.49,2.34,0,80,5.26,16.09,5.95,97.5,rural,beverages,none,78
281,1,0,0,8.84,1.61,0,109,8.45,14.95,3.44,96.53,suburban,homecare,festival,56
281,1,0,0,3.25,4.18,1,125,3.65,11.36,0,98.92,urban,beverages,none,99
281,1,0,0,2.25,2.17,0,87,1.92,12.19,0,108.4,urban,beverages,festival,87
281,1,0,0,6.61,0,1,67,8.94,7.59,5.17,98.13,suburban,snacks,none,67
281,1,0,0,4.25,11.28,0,129,4.41,10.4,4.87,93.61,rural,beverages,none,108
281,1,0,0,10.08,2.69,1,97,11.39,3.81,0,95.74,urban,homecare,construction,43
281,1,0,0,4.69,4.86,0,20,3.8,14.37,0,94,suburban,personalcare,construction,20
281,1,0,0,4.19,33.98,0,174,4.64,7.88,0,110.92,urban,snacks,none,124
281,1,0,0,4.46,5.11,0,86,4.92,9.62,0,109.93,suburban,fresh,none,57
281,1,0,0,9.11,3.58,1,33,11.42,12.21,3.77,105.8,urban,homecare,none,33
281,1,0,0,7.97,3.2,0,91,7.67,8.9,5.5,90.5,urban,fresh,construction,21
281,1,0,0,4.71,2.63,0,34,4.84,7.75,13.04,96.15,suburban,beverages,construction,34
281,1,0,0,5.78,2.98,0,120,6.13,11.13,5.74,104.79,suburban,fresh,none,41
281,1,0,0,1.1,2.35,0,85,1.13,9.73,0.4,103.04,rural,beverages,none,73
281,1,0,0,3.74,30.02,0,193,3.96,7.52,1.62,96.17,suburban,beverages,sports,193
282,2,0,0,5.72,23.13,1,188,6.76,6.33,3.69,92.63,suburban,fresh,none,137
282,2,0,0,2.56,1.03,0,4,2.12,6.34,0,100.04,urban,fresh,none,4
282,2,0,0,7.97,1.52,0,95,9.37,12.55,0,98.12,suburban,homecare,none,23
282,2,0,0,4.92,19.22,0,178,4.16,10.49,3.87,108.2,rural,beverages,none,107
282,2,0,0,2.54,24.32,0,243,2.72,11.61,0,103.87,urban,beverages,construction,178
282,2,0,0,8.28,2.94,0,101,10.89,10.24,3.13,101.85,urban,homecare,none,63
282,2,0,0,8.3,11.63,0,74,7.14,7.08,3.95,103.64,suburban,homecare,festival,63
282,2,0,0,6.91,3,0,123,7.42,6.17,14.71,90.62,urban,beverages,none,115
282,2,0,0,3.56,2.75,0,41,3.91,6.1,3,105.4,suburban,snacks,none,41
282,2,0,0,4.33,4.22,0,154,5.19,10.35,5.69,94.23,urban,snacks,sports,57
282,2,0,0,6.37,1.09,0,86,7.34,4.11,6.13,97.29,urban,snacks,none,59
282,2,0,0,3.77,0.87,1,107,4.34,6.99,2.54,101.18,suburban,snacks,festival,80
282,2,0,0,7.02,3.12,0,89,9.34,8.11,0.28,101.92,suburban,homecare,sports,26
282,2,0,0,2.74,2.52,1,124,2.51,7.3,1.7,95.5,urban,beverages,sports,122
282,2,0,0,1.1,3.68,0,144,1.01,16.41,0,108.69,suburban,beverages,none,53
282,2,0,0,2.76,2.51,0,131,3.45,11.74,0,97.88,suburban,snacks,sports,53
282,2,0,0,10.59,15.83,1,85,9.56,7.46,8.84,95.52,urban,homecare,none,70
282,2,0,0,8.38,1.14,0,47,8.62,15.4,6.94,111.04,urban,homecare,sports,0
282,2,0,0,2.65,3.09,1,125,2.31,13.17,0.69,103.51,urban,beverages,construction,125
282,2,0,0,3.6,1.12,0,103,3.77,10.24,5.74,99.06,suburban,beverages,none,83
282,2,0,0,3.5,3.56,0,84,3.75,12.57,11,101.3,urban,snacks,construction,52
282,2,0,0,5.02,6.49,0,89,5.35,6.89,3.16,93.47,suburban,snacks,none,89
282,2,0,0,4.31,2.4,0,62,5.37,8.17,16.71,93.85,rural,beverages,none,29
282,2,0,0,3.3,2.19,0,46,3.67,8.49,4.44,100.81,suburban,personalcare,sports,44
282,2,0,0,7.16,2.99,0,185,7.99,4.43,9.29,100.29,urban,personalcare,festival,93
282,2,0,0,5.41,0,1,114,6.28,1.06,3.28,103.07,suburban,beverages,sports,81
282,2,0,0,4.95,6.72,0,87,5.18,5.1,9.21,107.6,suburban,beverages,none,83
282,2,0,0,3.74,3.81,0,88,3.27,4.84,0,107.86,urban,fresh,sports,69
282,2,0,0,1.1,3.3,1,129,1.28,13.95,0,103.49,suburban,fresh,none,84
282,2,0,0,6.71,1.21,1,90,7.2,8.92,0.44,103,rural,fresh,festival,85
282,2,0,0,2.55,2.53,0,31,2.26,12.57,4.5,106.47,suburban,fresh,none,31
282,2,0,0,6.9,25.93,0,134,7.39,7.98,7.6,99.13,urban,homecare,sports,37
282,2,0,0,7.8,0,1,34,8.2,8.99,5.79,102.61,rural,homecare,none,34
282,2,0,0,3.29,0,0,66,3.71,15.54,4.23,98.72,rural,fresh,none,32
282,2,0,0,5.04,3.68,0,158,4.9,9.98,0,101.32,urban,beverages,none,87
283,3,0,0,3.28,23.25,0,109,3.85,3.04,3.83,93.01,rural,fresh,none,109
283,3,0,0,10.37,3.26,0,11,12.43,8.43,9.6,102.96,rural,homecare,none,11
283,3,0,0,3.87,1.31,0,125,4.28,5.18,9.11,94.44,urban,beverages,none,99
283,3,0,0,5.48,1.33,1,35,4.88,0.71,4.17,96.21,rural,beverages,construction,35
283,3,0,0,3.12,0,0,4,3.28,7.95,3.21,96.45,rural,personalcare,none,4
283,3,0,0,3.11,16.04,1,177,3.3,11.02,7.91,95.82,suburban,fresh,none,134
283,3,0,0,3.68,18.58,0,145,2.82,12.5,4.62,98.55,urban,personalcare,sports,70
283,3,0,0,3.17,0,0,32,3.58,10.45,7.87,97.93,suburban,fresh,none,32
283,3,0,0,4.21,3.14,1,100,4.37,10.29,5.46,100.54,suburban,beverages,none,82
283,3,0,0,4.75,2.32,0,113,4.68,12.18,0,94.55,urban,snacks,festival,78
283,3,0,0,7.6,1.57,0,42,6.3,9.43,0,101.59,rural,fresh,construction,0
283,3,0,0,3.29,6.98,1,81,2.77,15.04,3.73,102.1,suburban,fresh,sports,81
283,3,0,0,3.78,1.88,1,99,4.04,7.4,3.4,99.72,suburban,beverages,none,80
283,3,0,0,5.17,1.43,1,133,4.4,11.85,2.96,105.42,urban,personalcare,sports,85
283,3,0,0,2.74,4.1,0,156,2.33,7.86,2.23,106.54,urban,snacks,none,85
283,3,0,0,3.39,22.09,1,203,3.32,3.68,0,103.43,urban,beverages,none,196
283,3,0,0,4.13,21.57,1,125,4.28,11.15,5.14,115.32,rural,personalcare,construction,63
283,3,0,0,4.06,0,1,90,4.34,12.04,2.64,105.07,urban,fresh,festival,90
283,3,0,0,1.77,2.46,0,111,1.86,10.61,0,103.62,urban,snacks,none,55
283,3,0,0,1.95,2.65,0,24,1.78,8.83,7.72,101.23,suburban,personalcare,none,24
283,3,0,0,6.02,1.39,1,61,5.81,4.97,2.95,110.79,urban,fresh,none,19
283,3,0,0,8.32,12.39,0,4,9.39,15.62,6.2,89.39,rural,homecare,none,4
283,3,0,0,3.4,3.91,1,175,3.55,7.32,4.51,105.29,rural,beverages,none,95
283,3,0,0,3.79,1.77,0,81,4.08,8.72,0,96.09,suburban,beverages,sports,72
283,3,0,0,5.08,0,0,51,5.2,7.67,3.6,98.7,urban,snacks,none,49
283,3,0,0,1.53,0,0,143,1.64,8.18,0,95.41,urban,snacks,none,109
283,3,0,0,5.7,6.75,0,49,6.13,6.94,6.28,99.9,rural,personalcare,sports,44
283,3,0,0,4.51,16.24,1,146,4.12,11.81,2.75,101.78,urban,personalcare,sports,71
283,3,0,0,8.9,0.39,0,31,9.34,1.21,7.85,101.74,urban,homecare,construction,31
283,3,0,0,5.91,16.4,1,162,5.88,15.3,0.37,99.24,rural,snacks,festival,111
283,3,0,0,3.03,3.17,0,73,2.43,9.57,0,95.47,suburban,beverages,construction,73
283,3,0,0,7.92,3.34,0,113,8.22,6.38,0,108.44,urban,snacks,none,54
283,3,0,0,2.68,1.4,0,50,2.42,17.53,5.08,100.94,urban,snacks,none,19
283,3,0,0,4.43,3.24,0,70,5.67,10.08,0,106.81,suburban,fresh,none,68
283,3,0,0,7.1,26.39,0,99,7.74,5.81,0.8,95.45,urban,personalcare,construction,88
284,4,0,0,4.46,3.7,1,121,4.44,8.38,4.84,101.38,rural,beverages,none,112
284,4,0,0,3.22,12.6,0,102,3.56,9.76,0,93.83,urban,personalcare,sports,87
284,4,0,0,3.77,4.7,0,84,3.53,10.69,2.8,100.49,urban,beverages,none,84
284,4,0,0,6.36,3.2,0,79,6.33,7.76,10.37,102.83,urban,beverages,none,79
284,4,0,0,4.62,0.81,0,52,4.63,8.05,0.25,93.14,rural,snacks,festival,48
284,4,0,0,3.42,4.18,0,49,3.87,6.76,3.89,96.95,urban,snacks,none,49
284,4,0,0,4.63,1.82,0,95,4.83,17.38,7.38,102.75,suburban,snacks,none,38
284,4,0,0,5.33,0.32,0,111,5.14,4.37,0,98.22,suburban,beverages,festival,111
284,4,0,0,3.02,2.78,0,167,3.66,11.49,3.52,101.06,urban,beverages,sports,131
284,4,0,0,9.91,0,0,44,12.06,3.43,4.73,98.46,rural,homecare,none,44
284,4,0,0,4.67,39.36,1,253,4.83,7.52,5.1,90.51,suburban,beverages,construction,222
284,4,0,0,3.54,2.48,0,90,3.32,12.22,6.71,101.11,suburban,snacks,none,78
284,4,0,0,9.63,0.97,1,79,11.22,11.01,1.67,105.91,urban,homecare,festival,79
284,4,0,0,3.1,5.32,1,92,3.04,-2.21,0,98.46,rural,beverages,sports,92
284,4,0,0,6.97,0,0,91,7.1,15.28,4.41,95.36,suburban,beverages,none,81
284,4,0,0,5.34,3.1,0,123,5.78,12.72,0.65,101.23,suburban,snacks,none,61
284,4,0,0,4.52,0,0,52,4.51,9.11,0,96.33,urban,personalcare,none,41
284,4,0,0,4.47,0,0,34,4.67,3.27,12.9,103.28,suburban,snacks,construction,34
284,4,0,0,1.69,14.33,0,152,1.66,6.43,0,100.43,urban,fresh,none,92
284,4,0,0,2.7,0,0,70,2.58,5.84,4.89,97.63,suburban,fresh,sports,42
284,4,0,0,2.59,0,0,49,2.91,10.91,2.43,101.08,suburban,snacks,none,49
284,4,0,0,2.3,11.08,0,62,1.85,4.58,0.31,100.09,urban,snacks,construction,62
284,4,0,0,6.94,0.38,0,87,6.98,7.97,10.81,102.26,suburban,beverages,none,39
284,4,0,0,4.26,7.68,0,71,4.59,11.1,4.03,94.13,rural,snacks,sports,62
284,4,0,0,3.97,29.01,1,166,4.83,8.67,0.41,98.74,urban,personalcare,festival,149
284,4,0,0,4.58,20.4,0,180,4.29,7.38,4.26,105.49,rural,beverages,sports,144
284,4,0,0,4.42,1.64,0,63,4.72,3.95,8.23,95.31,rural,beverages,none,63
284,4,0,0,3.63,9.83,1,115,3.79,8.64,7.08,101.3,urban,snacks,sports,84
284,4,0,0,5.49,19.21,1,66,5.12,10.4,0.18,101.55,rural,personalcare,festival,66
284,4,0,0,3.98,1.95,0,82,4.44,12.78,9.45,108.25,suburban,fresh,none,26
284,4,0,0,2.87,1.05,1,75,2.97,5.01,5.09,97.27,urban,beverages,none,75
284,4,0,0,4.13,12.72,0,121,3.03,4.91,5.25,98.5,rural,snacks,sports,77
284,4,0,0,3.3,0,0,22,3.93,8.27,2.07,98.32,rural,snacks,none,22
284,4,0,0,3.67,1.56,0,67,4.63,6.75,12.64,101.07,urban,snacks,construction,40
284,4,0,0,3.09,1.3,0,105,2.98,3.46,0,108.15,suburban,snacks,festival,84
285,5,0,1,3.93,24.88,0,161,4.17,6.79,3.43,111.61,suburban,snacks,sports,117
285,5,0,1,6.05,3.04,0,10,6.34,6.15,7,100,rural,homecare,none,10
285,5,0,1,4.7,4.42,1,82,4.6,4.03,4.51,95.38,suburban,snacks,none,52
285,5,0,1,2.81,5.2,1,17,3.36,14.2,3.91,93.57,suburban,personalcare,none,17
285,5,0,1,4.47,1.55,0,88,4.68,10.6,0,94.32,urban,snacks,sports,48
285,5,0,1,8.12,21.66,1,55,7.77,11.86,0,106.53,suburban,homecare,none,55
285,5,0,1,3.64,2.46,0,4,4.15,7.54,12.66,93.44,suburban,personalcare,none,4
285,5,0,1,2.79,0.22,0,78,3.32,12.06,0.36,98.28,urban,snacks,none,38
285,5,0,1,9.16,13.53,0,105,9.93,5.87,2.37,90.51,suburban,homecare,none,33
285,5,0,1,6.6,0.27,0,59,7.29,-0.46,0,97.35,rural,beverages,none,59
285,5,0,1,3.45,4.01,0,92,3.41,4.65,0,100.83,rural,fresh,none,41
285,5,0,1,6.97,1.36,0,114,6.62,8.46,0,105.29,suburban,homecare,none,48
285,5,0,1,4.03,2.44,0,98,3.65,7.15,0,106.39,urban,snacks,sports,56
285,5,0,1,4.27,4.35,0,15,4.52,3.87,0.54,105.95,suburban,snacks,construction,0
285,5,0,1,5.89,2.29,0,108,5.96,6.85,1.6,103.04,urban,fresh,none,29
285,5,0,1,4,1.23,0,74,4.98,12.16,2.5,101.48,suburban,snacks,construction,62
285,5,0,1,5.67,4.71,1,149,7.38,3.94,0.93,102.61,urban,fresh,none,101
285,5,0,1,4.1,2.88,0,46,3.77,8.52,2.86,95.02,suburban,personalcare,sports,37
285,5,0,1,4.39,2.15,0,57,4.31,7.13,2.74,100.13,urban,snacks,sports,39
285,5,0,1,4.63,2.05,0,122,5.24,12.13,9.68,103.75,urban,fresh,construction,53
285,5,0,1,1.87,0.65,1,66,2.02,14.11,2.3,102.64,suburban,personalcare,none,56
285,5,0,1,3.08,3.17,0,86,3.09,7.6,2.01,100.89,suburban,beverages,construction,53
285,5,0,1,5.52,16.71,0,108,6.02,10.61,4.24,100.34,urban,snacks,none,85
285,5,0,1,11.64,2.81,1,19,12.37,17.86,2.93,95.94,suburban,homecare,none,19
285,5,0,1,5.71,1.77,1,103,5.92,6.11,5.49,99.42,urban,beverages,none,57
285,5,0,1,3.17,3.03,0,120,3.09,10.18,5.8,109,rural,beverages,festival,115
285,5,0,1,4.71,3.09,1,48,4.64,8.01,3.9,94.1,suburban,personalcare,none,48
285,5,0,1,5.1,0.05,0,69,5.33,6.67,0,98.42,urban,fresh,none,69
285,5,0,1,5.06,1.46,0,74,5.34,3.73,0,100.99,suburban,beverages,none,58
285,5,0,1,4.31,1.16,0,60,3.34,10.89,0,99.95,suburban,fresh,none,60
285,5,0,1,3.85,20.15,0,207,3.82,4.88,0,93.44,urban,fresh,sports,112
285,5,0,1,5.31,2.8,0,123,5.76,8.13,0,109.09,urban,beverages,none,123
285,5,0,1,8.51,1.16,0,34,8.92,12.58,8.15,104.23,rural,homecare,construction,0
285,5,0,1,8.27,3.26,0,52,7.25,5.56,4.19,91.33,urban,homecare,none,42
285,5,0,1,4.89,2.79,1,74,5.87,8.25,7.3,95.01,suburban,fresh,construction,44
286,6,0,1,4.11,1.5,0,60,5.37,13.24,4.82,94.64,suburban,snacks,none,60
286,6,0,1,4.36,2.21,0,109,4.28,9.7,3.74,103.59,urban,snacks,festival,89
286,6,0,1,4.27,1.09,0,128,5.34,9.73,0,104.49,urban,fresh,festival,128
286,6,0,1,2.55,0,0,122,3.16,7.66,8.04,103.76,suburban,fresh,none,50
286,6,0,1,2.54,2.04,0,102,1.95,18.04,0.79,94.32,urban,beverages,construction,44
286,6,0,1,2.36,4.9,1,111,2.38,12.27,7.1,94.51,urban,snacks,none,62
286,6,0,1,6.26,3.96,0,68,7.24,8.18,8.81,111.79,rural,homecare,sports,54
286,6,0,1,4.42,35.34,0,151,4.51,13,0,108.05,suburban,snacks,none,132
286,6,0,1,4.17,25.38,0,180,4.14,3.63,0,99.06,suburban,snacks,none,68
286,6,0,1,3.56,3.44,0,79,3.38,-3.42,8.46,96.72,rural,fresh,construction,27
286,6,0,1,5.21,3.64,0,108,4.8,9.27,0,106.99,urban,fresh,construction,66
286,6,0,1,2.42,24.67,0,160,2.39,9.62,1.86,101.7,rural,fresh,none,158
286,6,0,1,4.08,3.69,0,63,5.2,5.2,12.15,96.21,urban,beverages,construction,45
286,6,0,1,3.05,4.74,0,141,2.74,9.59,1.96,100.1,suburban,beverages,none,54
286,6,0,1,3.86,12.46,0,71,3.53,7.67,0,102.79,suburban,fresh,none,71
286,6,0,1,4.57,2.53,0,141,4.16,5.98,14.06,101.53,urban,personalcare,festival,86
286,6,0,1,6.1,1.47,0,75,4.91,9.38,7.75,111.09,urban,snacks,construction,75
286,6,0,1,2.78,2.88,0,75,3.12,11.83,0.41,94.02,urban,snacks,none,75
286,6,0,1,3.68,19.45,0,114,3.52,5.93,2.68,101.98,suburban,snacks,construction,102
286,6,0,1,4.5,0,0,61,5.24,9.77,5.69,98.89,urban,beverages,none,61
286,6,0,1,6.03,1.88,0,150,6.41,14.64,0,95.03,urban,beverages,none,102
286,6,0,1,2.12,21.52,1,139,1.75,-2.47,2.35,101.41,suburban,personalcare,sports,94
286,6,0,1,4.73,2.01,0,134,4.87,15.39,0,100.21,rural,beverages,sports,84
286,6,0,1,1.1,0,0,63,1.13,13.68,3.33,101,suburban,beverages,none,63
286,6,0,1,5.35,16.3,0,168,6.07,12.29,3.37,103.21,suburban,beverages,none,168
286,6,0,1,6.7,3.41,0,176,8.13,6.44,12.42,103.03,urban,beverages,festival,23
286,6,0,1,4.07,10.94,1,151,4.3,5.92,0,106.33,rural,fresh,none,135
286,6,0,1,4.18,28.1,1,182,4.35,13.19,0,103.9,suburban,beverages,none,170
286,6,0,1,6.53,3.56,0,79,7.63,6.32,18.53,91.65,urban,homecare,none,16
286,6,0,1,5.51,14.75,0,113,5.49,11.89,1.96,98.96,suburban,snacks,festival,91
286,6,0,1,5.65,21.75,1,78,5.35,6.55,0,97.92,rural,snacks,none,78
286,6,0,1,3.49,5.24,0,101,4.11,6.3,7.45,97.95,rural,snacks,festival,67
286,6,0,1,2.21,15.92,0,88,2.18,5.32,2.67,100.64,urban,personalcare,none,88
286,6,0,1,3.65,0,0,72,3.15,5.44,10.95,106.65,rural,fresh,none,9
286,6,0,1,5.01,0.3,0,60,6.08,9.22,8.8,104.79,rural,personalcare,none,0
287,0,0,0,3.77,4.11,0,121,3.59,13.75,0,105.19,rural,beverages,sports,121
287,0,0,0,2.92,2.57,1,110,3.29,7.42,8.74,106.87,suburban,fresh,festival,110
287,0,0,0,4.78,19.14,0,127,4.42,14.28,4.84,97.16,rural,snacks,construction,48
287,0,0,0,6.68,2.17,1,160,7.36,5.15,11.37,101.18,urban,beverages,sports,70
287,0,0,0,6.46,12.88,0,79,5.41,10,0,98.32,urban,homecare,none,22
287,0,0,0,3.37,19.81,0,149,3.08,4.86,1.33,105.28,urban,beverages,none,123
287,0,0,0,9.35,0,0,25,8.61,2.45,4.78,88.33,urban,homecare,construction,25
287,0,0,0,6.15,2.31,1,61,7.05,5.81,3.66,105.3,rural,fresh,none,61
287,0,0,0,1.94,0.8,0,95,1.98,17.62,8.32,104.07,rural,beverages,none,33
287,0,0,0,3.26,1.21,1,36,3.79,5.72,7.29,99.75,suburban,personalcare,construction,36
287,0,0,0,2.96,11.6,0,166,3.4,5.8,1.11,106.5,urban,beverages,none,100
287,0,0,0,5.82,2.79,0,132,6.48,8.26,0.01,99.81,urban,beverages,none,123
287,0,0,0,8.92,13.11,0,133,8.94,6.15,7.13,102.6,urban,homecare,none,0
287,0,0,0,4.41,3.47,1,73,3.64,6.18,5.92,101.22,urban,personalcare,none,43
287,0,0,0,9.54,26.77,0,29,8.13,5.77,0,101.11,urban,homecare,none,29
287,0,0,0,4.49,3.42,0,117,3.26,5.55,4.18,111.14,urban,personalcare,festival,99
287,0,0,0,3.14,2.57,0,74,3.24,8.83,9.75,98.1,suburban,personalcare,construction,28
287,0,0,0,4.78,0,0,137,4.43,6.54,8.93,103.36,suburban,snacks,sports,39
287,0,0,0,4.36,3.28,0,131,5.41,10.34,0,102.05,rural,fresh,festival,77
287,0,0,0,5.33,0.78,0,64,5.3,6.38,0,101.67,urban,homecare,none,64
287,0,0,0,5.71,21.42,0,154,6.12,11.92,7.06,100.04,urban,beverages,sports,154
287,0,0,0,2.89,0.32,1,123,2.89,14.49,6.74,108.01,suburban,snacks,festival,116
287,0,0,0,5.86,2.16,0,40,5.68,7.89,13.87,103.63,suburban,beverages,construction,40
287,0,0,0,3.82,0,1,80,3.82,2.63,2.08,105.49,urban,fresh,none,80
287,0,0,0,5.53,9.38,1,106,4.23,10.94,3.08,98.68,suburban,snacks,construction,57
287,0,0,0,9.33,3.79,0,58,8.44,9.64,0,100.43,suburban,homecare,none,2
287,0,0,0,3.54,3.63,0,114,3.52,8.12,0.33,95.04,rural,beverages,none,74
287,0,0,0,5.09,30.32,1,190,5.04,9.42,5.32,107.58,rural,snacks,none,119
287,0,0,0,4.05,17.98,1,192,4.43,5.67,0,103.41,suburban,fresh,none,141
287,0,0,0,5.41,21.84,0,166,4.72,8.5,4.6,104.21,suburban,snacks,festival,166
287,0,0,0,2.22,1.02,1,132,2.05,16.42,5.45,106.68,suburban,snacks,festival,108
287,0,0,0,7.21,0,0,17,8.06,7.98,4.43,94.1,urban,homecare,none,17
287,0,0,0,3.22,6.47,0,117,3.62,10.51,0,99.09,rural,beverages,none,93
287,0,0,0,4.44,2.67,1,73,5.11,6.24,2.13,110.17,rural,fresh,none,50
287,0,0,0,6.56,2.37,1,64,6.58,11.62,0,94.61,urban,homecare,none,58
