listing_month,vehicle_age_years,mileage_km,engine_power_kw,owners_count,service_history_score,accident_count,battery_health_pct,fuel_price_index,regional_income_index,interest_rate_pct,make,body_style,seller_type,resale_price_eur
0,1,500,59.84,2,79.32,1,96.49,98.55,97.88,3.19,Fjord,van,fleet,33023
0,5,69823.43,81.73,3,69.48,1,86.71,96.18,103.84,3.33,Dune,wagon,dealer,33842
0,10,136571.86,45,3,54.03,1,60.54,99.42,101.15,3.26,Cobalt,sedan,fleet,18900
0,2,66887.99,74.66,1,61.51,1,100,100.53,94.12,3.21,Ember,compact,private,20997
0,8,108665.07,116.61,2,65.92,0,72.78,100.41,98.33,2.93,Fjord,suv,fleet,36740
0,12,178434.41,72.76,3,53.38,0,65.54,98.79,99.99,3.2,Aster,wagon,fleet,10656
0,5,69958.63,79.87,1,40.03,0,85.03,99.63,99.26,2.96,Dune,sedan,dealer,32748
0,2,31092.65,79.49,1,77.59,0,87.2,98.51,91.65,3.2,Ember,sedan,fleet,35898
0,5,82200.51,93.94,2,70.19,2,89.49,96.04,99.19,3.32,Boreal,sedan,private,29797
0,11,166418.52,86.81,3,55.31,1,62.8,108.56,96.05,2.97,Cobalt,suv,dealer,15095
0,9,138406.26,109.87,3,39.91,1,75.13,99.99,103.24,3.45,Cobalt,wagon,fleet,13719
0,13,222544.95,101.72,4,47.18,0,61.73,99.25,104.79,2.92,Boreal,compact,fleet,7046
0,12,183311.68,119.05,3,58.05,1,61.9,103.35,96.29,2.85,Aster,suv,fleet,10841
0,8,147200.83,94.79,4,61.42,1,74.59,98.39,100.49,2.81,Aster,wagon,fleet,32345
0,11,124597.89,83.64,3,53.82,0,68.56,101.76,101.57,3.17,Aster,compact,private,8348
0,4,58703.32,104.31,1,83.26,2,97.05,100.71,96.05,3.23,Boreal,compact,fleet,25145
0,6,112096.47,125.16,2,61.23,0,87.56,98.59,101.65,3.01,Cobalt,wagon,private,33422
0,7,62028.29,119.86,2,82.14,0,82.41,94.59,99.06,3.12,Cobalt,wagon,dealer,50210
0,3,91800.26,149.24,1,62.61,1,85.1,96.74,103.84,3.6,Cobalt,wagon,dealer,42146
0,3,1740.15,79.95,2,41.09,0,83.64,102.87,96.81,3.02,Aster,sedan,dealer,23777
0,12,134915.26,133.67,3,42.19,0,56.96,99.44,96.92,3.02,Boreal,suv,fleet,4573
0,14,158011,172.43,4,54.43,0,68.15,100.06,100.62,2.86,Aster,wagon,fleet,1200
0,6,40306.84,132.21,1,48.49,0,81.95,102.83,93.62,2.82,Fjord,wagon,dealer,44565
0,6,111313.33,140.13,3,86.51,0,79.6,100.91,98.53,3.49,Boreal,wagon,private,40067
0,14,175151.71,82.6,4,20,0,52.55,97.34,100.58,3.2,Boreal,compact,dealer,6040
0,1,23572.23,145.47,2,35.62,0,99.62,100.12,100.93,3.08,Ember,compact,dealer,33985
0,14,212760.76,132.57,4,59.94,0,48.76,100.09,104.52,3.11,Dune,sedan,private,27030
0,1,53559.56,146.33,2,87.92,0,98.15,99.26,103.31,3.4,Ember,suv,private,52324
0,8,141610.76,140.4,3,71.64,1,74.92,103.45,96.88,3.36,Fjord,compact,private,28484
0,11,144393.55,158.13,3,42.95,0,86.33,97.09,98.72,3.38,Dune,wagon,dealer,44201
0,3,65829.46,128.44,1,57.89,2,94.31,106.97,95.62,3.24,Boreal,compact,private,27685
0,13,185331.38,58.82,3,32.94,0,69.63,101.74,102.44,3.6,Aster,compact,private,7455
0,8,103988.46,147.66,3,53.79,0,85.77,98.47,94.15,3.17,Aster,suv,private,31749
0,9,144017.43,67.46,2,68.38,0,80.09,100.67,97.14,3.18,Fjord,wagon,dealer,25047
0,0,500,189.84,1,95.18,0,100,98.18,96.65,3.15,Fjord,suv,dealer,75719
0,5,83960.24,122.87,3,68.83,0,86.35,95.92,103.35,2.95,Ember,sedan,fleet,12841
0,13,191177.85,120.33,3,46.62,0,72.7,101.41,96.13,3.16,Dune,sedan,fleet,19487
0,4,99606.7,149.25,3,74.43,1,90.17,99.51,102.8,3.36,Fjord,suv,dealer,50633
0,8,122437.02,93.6,1,45.69,1,71.2,98.5,103.47,3.03,Ember,sedan,fleet,16718
0,2,77384.03,101.35,1,67.58,1,100,102.45,100.28,3.04,Ember,compact,dealer,42393
0,13,182957.11,135.01,4,86.22,0,62.31,101.14,97.05,3.26,Aster,van,private,13017
0,8,137028.68,165.53,2,68.01,0,81.58,104.53,95.85,2.82,Boreal,suv,dealer,47101
0,5,106431.44,88.24,3,80.28,0,85.84,101.84,92.32,3.4,Ember,suv,private,43429
0,0,36827.42,101.84,1,85.32,0,93.82,98.72,100.48,2.82,Aster,suv,private,47638
0,15,197207.73,82.12,4,51.92,0,53.37,100.32,100.08,3.08,Dune,compact,dealer,2459
0,8,102942.44,45,4,68.82,1,71.23,103.9,95.32,2.91,Ember,van,private,12029
0,10,119235.02,102.85,4,78.05,0,66.84,104.13,103.17,2.91,Boreal,sedan,fleet,2465
0,13,177081.94,68.03,4,71.34,1,69.15,103.69,104.17,3.07,Dune,compact,dealer,13881
0,16,256123.85,98.04,6,48.97,0,62.31,101.75,99.85,3.3,Aster,compact,private,1200
0,4,54235.88,151.28,2,78.62,0,87.36,104.76,101.94,2.78,Ember,compact,dealer,42944
0,7,86490.95,50.56,2,57.68,0,62.39,98.62,100.29,3.06,Ember,compact,private,1200
0,15,286879.8,117.16,5,66.49,0,67.39,103.5,110.25,3.18,Dune,sedan,fleet,1200
0,13,150940.56,65.32,3,55.74,1,64.59,96.93,99.67,2.54,Fjord,compact,dealer,2706
0,10,113639.86,139.85,4,48.29,0,76.84,100.16,95.78,3.1,Cobalt,suv,fleet,29466
0,10,123538.36,100.29,3,70.27,0,68.78,101.04,96.9,2.93,Boreal,suv,private,20453
0,9,108903.82,81.06,3,79.18,0,84.27,104.95,92.06,3.18,Boreal,compact,private,28586
0,7,108931.94,116.19,2,64.76,0,73.81,103.08,95.45,3.13,Aster,wagon,fleet,28728
0,3,48782.83,141.76,2,81.39,0,95.78,95.89,99.18,3.1,Fjord,sedan,private,46165
0,7,82577.87,114.44,2,78.69,0,77,102.48,94.34,3.17,Fjord,sedan,dealer,41272
0,9,90007.56,78.59,2,44.59,0,80.87,104.98,101.54,3.41,Cobalt,sedan,dealer,38042
0,9,168789.38,59.69,2,62.67,0,71.06,102.91,103.65,2.82,Cobalt,compact,private,14700
0,7,119239.12,95.42,1,41.65,1,72.96,99.09,101.11,3.23,Aster,suv,dealer,28006
0,9,139670,90.69,1,68.39,1,83.98,100.74,95.48,3.07,Boreal,sedan,fleet,22460
0,4,86717.95,74.21,2,61.31,0,86.38,93.87,100.89,2.95,Boreal,wagon,private,37172
0,11,137345.31,114.8,3,56.76,0,68.54,100.63,102.72,3.16,Cobalt,compact,dealer,11655
0,8,107213.21,64.86,2,85.3,0,83.96,98.49,91.43,3.4,Boreal,compact,fleet,24528
0,8,157130.12,143.64,3,67.06,1,72.53,100.36,91.77,3.18,Boreal,compact,dealer,20574
0,4,65918.41,141.19,2,87.08,0,91.29,104.05,98.82,3.37,Aster,suv,fleet,49930
0,5,138092.91,141.73,2,56.75,1,85.13,103.01,98.48,3.25,Aster,suv,private,21871
0,11,166755.58,157,4,61.62,0,71.47,94.75,100.16,3.09,Aster,suv,private,14006
0,13,214381.07,141.94,4,42.35,1,59.83,96.29,94.69,3.05,Aster,sedan,dealer,18207
0,10,128316.95,144.55,3,78.75,0,58.55,95.98,100.26,2.84,Cobalt,suv,fleet,36684
0,8,143405.85,82.68,2,67.45,0,75.63,103.97,107.78,3.59,Dune,sedan,private,19286
0,7,114479.54,104.01,2,73.24,1,84.01,96.4,100.75,2.96,Aster,suv,dealer,37791
0,3,36380.74,108.5,1,64.33,0,93.84,100.33,94.92,3.04,Dune,sedan,dealer,36291
0,5,71834.29,94.78,2,46.06,0,93.28,100.32,96.7,2.9,Ember,suv,private,30817
0,4,47807.36,53.33,2,38.68,0,87.01,102.8,98.19,3.05,Aster,wagon,private,13677
0,10,134678.67,164.76,3,75.57,0,68.79,96.38,95.44,3.06,Dune,van,dealer,41947
0,4,52271.41,96.9,1,50.4,0,90.12,102.68,98.2,3.1,Dune,compact,fleet,26613
0,0,61973.33,144.62,2,85.9,0,100,96.03,95.17,2.61,Ember,wagon,dealer,44090
0,11,142000.91,147.46,4,64.04,0,64.62,103.05,100.5,3.32,Aster,sedan,private,24731
0,0,13112.94,129.91,1,100,0,100,98.64,97.31,2.78,Boreal,suv,fleet,60987
0,11,149212.91,111.13,3,50.62,0,63.81,98.94,95.45,2.94,Ember,sedan,private,22346
0,6,94621.28,158.19,3,49.93,0,76.38,98.36,104.66,3.04,Boreal,compact,private,28619
0,11,160637.62,163.51,3,57.38,0,66.91,104.9,103.36,3.39,Dune,compact,private,22454
0,11,112060.51,67.11,3,54.92,0,65.72,98.06,107.52,3.01,Boreal,wagon,private,35898
0,3,53622.01,57.76,2,68.23,0,94.93,100.43,101.16,3.07,Fjord,wagon,fleet,40819
0,4,44838.02,158.08,2,42.03,0,82,102.8,100.7,3.28,Dune,suv,fleet,63964
0,11,154678.88,123.6,3,40.54,0,69.83,99.3,95.69,3.02,Ember,compact,dealer,7736
0,3,11868.67,59.16,2,68.67,1,99.93,102.57,97.02,2.99,Boreal,suv,fleet,20706
0,11,175222.48,117.62,4,56.67,0,72.96,103.32,102.65,3.19,Cobalt,van,dealer,1200
0,3,37310.86,95.63,1,95.31,1,87.1,100.58,94.04,3.19,Ember,van,fleet,25156
0,13,207296.41,89.04,4,50.17,1,63.07,102.4,105.42,2.99,Cobalt,wagon,fleet,1200
0,5,65935.12,110.09,2,77.26,1,83.97,99.72,104.32,3.05,Aster,suv,fleet,34643
0,6,72714.8,111.37,2,75.54,0,91.32,100.91,100.76,3.21,Fjord,wagon,fleet,33067
0,7,98133,85.6,3,78.14,0,82.88,99.22,95.12,3.09,Cobalt,suv,private,35670
0,2,47729.25,104.99,2,77.73,0,91.46,104.16,101.73,3.21,Boreal,sedan,fleet,35233
0,5,80323.28,115.92,2,46.72,2,92.05,106.09,101.01,3.12,Ember,sedan,fleet,14106
0,6,99966.13,120.65,3,41.1,0,86.88,100.65,101.13,3.26,Ember,suv,dealer,30927
0,8,137465.25,106.19,2,75.67,0,69.94,102.89,99.87,2.67,Boreal,sedan,private,20767
0,2,37024.52,80.85,1,55.57,1,92.26,101.26,100.42,3.29,Aster,sedan,dealer,19220
0,7,119448.22,79.35,2,66.73,0,80.78,94.86,100.18,2.98,Aster,suv,private,29191
0,8,134074.34,171.33,4,87.93,0,58.65,101.85,99.36,3.02,Boreal,suv,private,41113
0,8,130286.94,134.71,3,81.1,0,85.4,95.4,105.76,3.07,Cobalt,compact,dealer,30555
0,4,72954.5,122.32,2,87.87,0,91.04,103.21,97,2.98,Boreal,suv,fleet,37255
0,5,119133.04,173.04,2,78.76,1,87.65,98.82,98.22,2.78,Cobalt,suv,dealer,55474
0,8,117929.61,94.07,3,60.56,0,81.48,97.83,95.02,3.33,Boreal,suv,fleet,1708
0,10,182735.5,59.92,3,48.86,0,65.42,105.29,101.83,2.69,Dune,compact,private,12765
0,10,182901.8,45,1,79.99,0,68.71,101.55,92.34,2.7,Dune,van,private,32608
0,10,170450.91,117.34,3,55.08,0,66.66,102.82,104.56,3.25,Dune,compact,dealer,18498
0,3,58449.68,113.66,1,58.01,0,99.29,98.88,98.13,3.14,Boreal,wagon,dealer,27888
0,5,57328.29,96.86,2,55.32,0,83.76,100.12,97.71,3.43,Ember,wagon,private,28360
0,7,128319.45,89.25,3,71.66,1,85.01,99,97.38,2.97,Boreal,sedan,dealer,19443
0,2,56167.47,68.3,1,56.14,0,94.41,99.08,100.57,3.06,Aster,wagon,private,42323
0,4,66036.84,85.83,2,63.43,0,88.36,104.74,96.15,3.12,Fjord,suv,private,20725
0,8,165611.8,137.61,2,56.7,0,71.31,105.39,101.76,3.29,Cobalt,suv,dealer,19902
0,7,93689.23,130.99,2,71.33,1,81.59,102.52,93.46,3.3,Ember,van,fleet,21437
0,10,174851.19,101.49,3,68.61,0,80.36,98,97.02,2.84,Aster,sedan,dealer,26094
0,6,71473.93,144.26,2,76.77,1,81.92,99.56,99.22,2.99,Boreal,sedan,dealer,35927
0,5,45243.41,126.7,2,70.76,0,78.06,99.21,102,3,Cobalt,suv,dealer,46771
0,10,150705.97,185.7,2,53.88,1,63.4,104.26,98.63,3.52,Boreal,suv,private,45334
0,4,72519.42,173.92,3,91.9,0,91.44,98.92,99.72,3.49,Ember,suv,private,59643
0,13,187806.64,70.59,2,71.88,0,69.04,101.43,99.17,3.33,Boreal,sedan,private,7833
0,8,119631.86,126.76,3,58.18,1,87.31,104.49,99.8,3.22,Fjord,van,private,28950
0,8,82455.82,149.77,3,68.62,0,83.48,102.06,94.85,3.04,Ember,van,fleet,35456
1,6,133269.83,177.07,2,61.1,2,81.11,100.55,107.01,3.01,Ember,suv,dealer,44371
1,9,162047.88,87.04,3,69.62,0,80.68,97.96,97.92,3,Aster,compact,dealer,15103
1,9,149280.07,80.23,2,52.95,0,72.69,105.48,98.92,3.34,Fjord,compact,dealer,23241
1,6,87781.48,157.33,4,59.91,1,81.52,105.61,107.19,3.21,Boreal,sedan,dealer,23579
1,6,92919.9,96.72,2,54.64,1,78.88,98.63,106.27,3.52,Boreal,suv,fleet,26723
1,5,86186.31,184.43,2,44.11,0,91.77,103.77,111.35,3.14,Cobalt,sedan,fleet,42351
1,0,61474.65,129.05,1,63.86,1,99.16,97.98,104.99,3.71,Ember,suv,fleet,45471
1,13,181917.05,97.53,4,60.3,1,53.98,101.23,110.27,3.02,Fjord,suv,private,31325
1,3,45732.07,84.86,2,76.53,0,91.77,100.1,94.38,3.02,Aster,wagon,private,31703
1,14,198537.36,101.49,3,52.54,0,62.03,102.11,105.31,3.2,Ember,sedan,dealer,1200
1,10,158806.48,171.44,3,48.96,0,75.41,102.27,105.9,3.29,Cobalt,suv,private,48943
1,6,78699.96,102.35,2,70.57,0,84.06,108.11,96.87,3,Cobalt,compact,private,29908
1,9,156159.86,114.25,3,59.71,0,76.22,99.11,98.51,3.17,Dune,van,fleet,29448
1,10,190496.72,64.03,4,56.7,1,72,98.66,102.13,3.22,Fjord,wagon,fleet,17554
1,7,77109.36,138.94,1,60.79,0,78.11,98.16,98.26,3.47,Dune,wagon,fleet,40336
1,10,117011.14,105.92,4,88.76,0,69.31,100.53,91.84,3.24,Ember,compact,private,22345
1,7,127209.7,96.53,3,64.5,0,85.12,99.42,102.39,3.27,Aster,van,private,17481
1,1,33839.44,45,1,74.35,0,100,96.82,104.96,3.27,Ember,sedan,dealer,27902
1,6,84540.6,150.44,2,53.73,0,95.62,103.62,104.08,2.86,Boreal,compact,private,24757
1,3,11977.22,81.14,1,60.38,0,87.81,98.15,98.68,2.99,Cobalt,sedan,private,47006
1,8,96409.85,150.5,3,66.5,0,84.43,105.54,101.27,3.33,Boreal,suv,dealer,36378
1,10,169814.87,173.28,3,54.39,0,66.28,97.23,93.19,2.62,Aster,wagon,fleet,13795
1,14,182876.64,121.87,3,78.43,0,52.22,95.91,104.41,2.94,Aster,suv,dealer,11816
1,3,44355.71,146.04,2,45.89,0,84.92,101.35,108.13,3.08,Aster,sedan,dealer,52332
1,12,157843.28,126.71,3,64.31,1,74.67,94.28,96.57,3.04,Boreal,compact,fleet,20762
1,12,133555.25,113.86,3,79.37,2,71.43,98.61,111.14,3.5,Aster,suv,fleet,1200
1,7,29373.11,91.82,2,70.89,1,79.04,98.86,97.77,2.89,Aster,suv,dealer,18386
1,5,56592.67,144.89,2,50.78,1,83.89,102.77,95.82,3.28,Cobalt,compact,dealer,24201
1,6,69628.78,123.14,2,74.02,1,73.1,96.22,104.32,3.46,Boreal,wagon,fleet,25005
1,9,98567.86,83.31,3,56.01,1,77.56,104.46,98.07,3.27,Ember,compact,private,17868
1,11,165667.25,116.28,3,85.81,0,77.52,98.02,100.68,3.21,Ember,suv,private,31111
1,6,106422.66,101.35,3,58.89,1,88.54,97.35,104.35,3.32,Boreal,suv,private,44404
1,8,93043.8,50.05,3,74.86,0,77.35,100.51,102.36,3.46,Boreal,sedan,dealer,31537
1,5,108744.91,103.95,2,65.24,1,82.2,100.2,104.67,3.42,Aster,van,fleet,20440
1,13,173643.59,102.99,3,60.28,0,55.62,104.58,110.97,2.79,Aster,compact,fleet,1200
1,9,112772.07,135.25,4,32.98,2,78.15,98.9,108.15,3.28,Cobalt,compact,dealer,24212
1,9,134350.27,90.91,3,72.37,0,82.82,101.27,104.94,3.03,Boreal,suv,private,34231
1,0,10941.02,99.54,1,100,0,98.38,95.98,98.71,3.15,Fjord,wagon,private,49512
1,5,50554.81,138.87,3,81.34,0,93.31,99.85,108.04,3.38,Dune,suv,dealer,51013
1,10,154089.05,93.19,3,69.54,0,69.91,101.76,110.09,2.78,Boreal,wagon,dealer,26921
1,5,107391.55,85.61,1,46.58,0,82.6,102.67,96.73,3.02,Aster,van,private,21102
1,17,272690.33,157.09,5,45.31,1,62.77,102.62,104.24,3,Boreal,wagon,private,16924
1,6,106662.47,131.61,1,68.36,0,89.52,99.21,100.09,3.14,Aster,suv,fleet,26699
1,8,111866.87,139.9,3,52.68,0,80.09,99.41,96.34,3.42,Cobalt,compact,dealer,35752
1,10,132138.96,178.33,3,73.52,0,83.37,98.52,105.26,3.12,Dune,suv,fleet,22480
1,1,36971.56,47.25,2,85.19,0,100,106.4,100.73,3.12,Boreal,compact,fleet,19203
1,8,107370.56,78.29,3,42.19,0,78.08,99.41,107.01,3.55,Aster,compact,dealer,26483
1,0,500,123.9,2,86.3,0,99.19,98.44,103.64,3.35,Dune,compact,fleet,41255
1,15,169754.81,99.19,4,51.06,0,49.63,101.16,98.02,3.17,Boreal,sedan,dealer,1200
1,8,117851.42,124.14,1,58.77,0,77.79,104.42,114.8,2.78,Cobalt,suv,fleet,52286
1,4,3120.24,198.53,1,83.59,1,99.53,103.54,104.36,3.34,Ember,suv,dealer,50822
1,3,21461,82.08,1,58.32,0,93.3,103.5,107.04,2.87,Cobalt,sedan,fleet,48060
1,14,182875.55,65.01,4,58.08,0,55.99,100.31,103.51,3.03,Boreal,sedan,private,1200
1,10,123689.12,148.4,2,57.83,0,76.73,104.02,99.11,3.08,Cobalt,sedan,fleet,32085
1,9,133855.56,126.87,3,63.09,0,68.51,99.6,96.45,3,Ember,suv,private,32797
1,7,113589.83,101.82,2,54.16,0,78.78,100.5,101.27,3.3,Boreal,compact,private,13764
1,7,138310.85,185.54,3,75.2,0,84.63,101.26,101.49,3.35,Cobalt,compact,fleet,21869
1,7,108808.73,139.19,3,66.83,0,79.4,101.93,101.29,3.28,Boreal,wagon,dealer,38143
1,5,90826.64,148.22,1,68.69,0,84.8,101.96,105.78,3.41,Aster,compact,fleet,23735
1,5,104273.14,108.09,2,59.4,0,76.85,99.1,105.13,3.07,Boreal,van,fleet,26532
1,7,111223.05,61.07,2,62.66,1,82.21,106.09,105.14,2.88,Fjord,sedan,dealer,26647
1,9,169047.8,174.36,3,58.24,0,81.99,97.99,99.32,3.12,Cobalt,suv,dealer,39198
1,3,36104.43,99.06,2,78.44,1,90.26,100.3,88.56,2.91,Fjord,van,fleet,36855
1,7,119023.13,129.74,2,59.8,0,76.9,108.41,91.64,3.16,Aster,van,dealer,15689
1,11,180874.02,124.69,3,64.05,0,75.48,100.03,99.21,3.02,Aster,compact,dealer,1200
1,11,167897.61,88.5,4,48.28,0,67.38,100.55,97.22,3.03,Aster,van,dealer,1200
1,12,162085.35,174.19,2,42.08,0,62.82,101.83,103.27,2.51,Fjord,suv,dealer,38053
1,9,176511.95,104.46,3,59.48,0,83.93,100.98,100.15,3.33,Dune,suv,dealer,50346
1,2,500,45,1,55.97,0,91.97,100.86,98.5,3.83,Boreal,van,dealer,43787
1,6,110428.48,73.88,2,32.43,0,82.92,101.98,105.17,2.94,Ember,sedan,private,14928
1,10,93420.66,100.49,2,73.24,1,62.65,100.66,105.24,3.16,Cobalt,sedan,private,21732
1,2,34362.07,125.18,1,88.54,1,82.04,102.65,101.98,3.29,Aster,compact,private,39706
1,6,99364.53,150.12,2,55.41,2,92.78,98.17,100.13,3.11,Cobalt,compact,fleet,23461
1,13,186635.89,143.51,4,55.56,1,63.64,98.24,104.62,3.08,Dune,sedan,private,20780
1,3,47521.06,117.35,1,73.5,0,80.38,101.02,99.23,3.27,Boreal,sedan,fleet,34691
1,10,128356.44,78.25,3,73.83,0,67.67,101.2,95.14,3.26,Aster,sedan,fleet,9871
1,11,197675.38,190.63,3,37.34,1,65.79,100.54,104.86,3.01,Ember,sedan,dealer,8297
1,12,162493.4,82.79,3,69.29,0,62.45,96.47,94.91,2.96,Ember,sedan,fleet,1200
1,7,108482.8,79,4,60.05,0,92.93,101.49,102.31,3.09,Aster,compact,fleet,15629
1,12,149736.01,89.74,4,68.64,0,64.49,101.28,106.76,3.21,Ember,compact,private,1200
1,5,100681.38,155.02,2,70.57,1,95.32,94.88,100.7,3.47,Boreal,sedan,fleet,22333
1,15,188384.48,146.23,4,49.64,0,52.72,98.85,109.38,3.17,Aster,suv,dealer,24621
1,7,140742.15,114.99,2,71.75,0,77.6,99.22,99.52,3.26,Boreal,sedan,fleet,19752
1,8,103778.54,45,3,47.29,0,77.45,97.69,101.14,3.14,Cobalt,sedan,dealer,31300
1,5,49995.93,200.62,2,72.35,0,86.88,98.58,99.63,3.01,Aster,suv,dealer,47925
1,11,184476.2,89.08,3,42.81,0,69.36,98.77,98.22,3.31,Ember,suv,private,25510
1,7,93930.68,71.77,3,74.48,1,78.53,98.28,104.66,2.84,Boreal,sedan,dealer,32639
1,14,189005.49,93.36,4,77.03,0,63.79,102.67,103.68,2.97,Cobalt,compact,fleet,16973
1,8,82074.39,107.83,2,64.89,0,77.11,95.91,102.49,2.95,Aster,van,dealer,17567
1,6,84672.1,173.76,3,70.65,0,83.05,101.35,106.63,3,Ember,suv,dealer,40470
1,10,152919.32,114.09,3,45.41,1,70.86,99.29,101.61,2.89,Boreal,suv,private,15351
1,3,28714.83,79.74,3,83.25,1,86.56,97.72,103.07,3.17,Fjord,sedan,dealer,49249
1,11,148574.97,69.99,2,47.49,1,72.6,98.38,99.51,3.18,Boreal,compact,fleet,2884
1,12,171255.39,186.56,5,49.83,1,64.74,97.01,107.23,3.16,Cobalt,suv,private,31413
1,6,138112.42,124.31,3,66.44,0,83.73,104.19,106.16,3.48,Dune,van,private,29837
1,5,71380.07,115.4,2,60.15,0,95.43,100.65,96.95,3.24,Aster,sedan,dealer,29294
1,10,129138.98,77.39,3,35.17,1,71.95,99.74,91.4,3.06,Dune,wagon,dealer,36102
1,6,113973.24,50.09,2,58.93,1,85.03,99.68,95.74,2.98,Ember,suv,private,30105
1,3,39402.83,64.67,2,66.31,0,98.65,101.76,98.3,3.03,Ember,sedan,private,30885
1,1,10101.22,117.64,2,83.21,1,100,98.98,99.89,2.92,Aster,suv,private,47156
1,1,39665.67,78.92,1,54.31,1,98.44,96.35,95.24,3.19,Aster,sedan,dealer,37867
1,11,152290.5,101.27,3,55.1,0,78.32,98.84,108.54,3.07,Boreal,compact,fleet,17486
1,10,147817.47,177.57,2,31.84,0,71.21,102.59,95.33,3.13,Boreal,suv,private,28403
1,3,98044.69,98.65,2,72.27,0,100,103.57,106.95,3.35,Aster,compact,dealer,24084
1,10,145806.59,85.03,2,55.35,0,75.08,102.6,97.61,3.01,Boreal,wagon,private,21501
1,1,43015.98,119.17,1,83.71,0,88.15,99.71,103.55,3.06,Ember,compact,dealer,45590
1,14,180516.11,105.04,4,44.69,1,54.86,97.31,102.96,3.2,Ember,suv,dealer,11841
1,9,123178.15,115.45,4,72.78,1,71.06,103.17,108.46,2.8,Cobalt,suv,dealer,32054
1,2,59645.23,174.13,1,87.89,0,92.76,98.53,103.32,2.97,Boreal,suv,dealer,74456
1,8,110769.1,74.38,3,51.42,1,85.35,98.89,92.48,3.01,Ember,compact,dealer,16198
1,13,182369.38,87.38,4,68.54,0,66.55,99.88,104.86,2.85,Boreal,sedan,private,7736
1,4,74602.59,106.2,2,45.43,1,81.88,97.84,97.89,3.14,Fjord,van,fleet,34427
1,7,142205.6,126.16,2,75.31,0,68.7,100.27,102.3,2.78,Boreal,suv,dealer,36627
1,2,24134.4,132.4,1,81.99,1,92.46,102.91,98.76,3.31,Aster,suv,dealer,51074
1,6,131830,45,2,69.86,0,85.13,103.25,106.5,3.42,Ember,sedan,dealer,34703
1,2,34730.25,84.73,1,62.31,0,96.85,96.79,100.82,3.16,Cobalt,compact,fleet,26826
1,12,176140.78,71.09,3,67.27,1,67.32,99.97,102.21,3.12,Boreal,compact,fleet,16149
1,6,76038.71,136.28,2,65.95,0,78.88,101.9,100.52,3.16,Ember,compact,private,42910
1,12,161335.99,148.88,3,41.98,1,62.13,102.71,102.39,3.56,Boreal,compact,private,24319
1,12,186150.15,195.17,4,78.39,0,70.56,97.08,102.46,3.11,Cobalt,compact,fleet,15266
1,3,23106,174.89,3,85.66,0,97.63,103.27,100.79,2.94,Boreal,compact,private,33873
1,9,138193.83,115.9,2,52.21,0,79.11,101.65,98.85,3.11,Cobalt,wagon,dealer,41346
1,2,500,131.91,1,96.93,0,97,98.97,94.01,2.88,Cobalt,sedan,private,52911
1,15,207079.55,140.91,4,46.52,1,63.98,101.36,92.75,3.33,Boreal,wagon,private,8569
1,6,73959.72,149.9,2,67.02,0,88.49,95.2,103.27,2.7,Aster,compact,private,26775
2,6,77231.03,143.13,2,60.46,0,86.38,100.71,105.92,3.02,Aster,sedan,dealer,27014
2,2,50886.36,130.03,1,76.82,0,100,101.04,97.35,3.39,Cobalt,suv,dealer,48173
2,8,123180.18,74.27,2,83.01,0,80.62,96.18,102.54,3.28,Cobalt,sedan,fleet,18369
2,3,90191.45,97.76,1,87.95,1,94.83,97.95,96.99,3.21,Boreal,compact,private,34839
2,10,132178.98,59.46,2,68.33,0,68.1,102.93,103.15,3.09,Aster,wagon,private,10700
2,7,126844.47,123.58,3,50.24,1,76.04,103.48,101.46,3.18,Dune,wagon,fleet,21168
2,12,192008.23,136.1,3,52.56,0,71.67,100.74,98.03,3.38,Aster,suv,private,9936
2,7,76182.2,77.75,2,60.78,0,86.6,100.3,98.94,3.24,Ember,compact,private,16422
2,4,115754.65,51.53,1,85.02,1,90.08,104.37,98.94,3.17,Ember,wagon,fleet,16273
2,13,168965.53,93.94,4,52.96,0,60.04,99.4,101.28,3.28,Boreal,sedan,dealer,28005
2,11,159406.71,86.31,4,46.04,1,61.19,100.75,102.34,3.07,Cobalt,sedan,dealer,13061
2,10,170839.68,139.94,3,56.97,1,53.88,96.17,100.36,3,Fjord,suv,dealer,9037
2,8,86715.29,121.05,2,58.87,0,80.74,98.78,101.42,3.03,Cobalt,compact,fleet,36294
2,0,500,129.43,1,78.52,0,93.16,101.37,91.67,3.1,Aster,compact,private,47345
2,8,146274.12,111.7,3,60.63,0,79.95,97.8,104.52,3.06,Aster,sedan,private,9601
2,6,119010.54,128.69,1,74.01,0,86.81,100.91,93.8,3.34,Aster,compact,dealer,26358
2,8,159402.97,45,3,80.28,0,74.61,102.8,105.02,3.12,Cobalt,compact,fleet,1200
2,8,134979.58,62.82,4,50.34,0,83.25,98.5,102.03,3.39,Cobalt,van,fleet,36854
2,5,87046.12,107.11,2,69.56,0,91.41,98.26,109.07,3.09,Aster,suv,fleet,46715
2,0,56236.48,117.03,1,58.28,0,96.76,98.05,101.75,3.15,Boreal,compact,private,44425
2,8,85786.18,103.4,2,63.82,0,76.77,99.07,103.45,3.12,Fjord,compact,dealer,41107
2,2,26296.53,69.59,1,77.49,1,96.94,100.04,103.62,3.18,Boreal,sedan,fleet,37754
2,0,24402.11,45,2,84.87,0,100,98.44,95.75,3.4,Dune,wagon,dealer,47731
2,12,200935.96,91.66,3,32.67,0,70.32,102.03,100.73,3.15,Ember,suv,private,20072
2,10,130011.06,167.03,3,84.06,1,83.43,106.28,103.12,3.36,Cobalt,wagon,private,16270
2,4,52177.22,113.67,1,55.28,0,99.21,100.2,96.17,3.41,Cobalt,sedan,dealer,43595
2,8,142438.98,104.04,3,77.51,0,87.33,100.84,99.21,2.91,Cobalt,compact,fleet,19122
2,7,127718.62,108.81,3,42.92,0,79.14,102.01,99.89,2.95,Fjord,compact,fleet,18495
2,10,172351.82,130.14,3,49.67,0,81.79,101.28,101.92,3.21,Fjord,sedan,dealer,30956
2,15,198246.64,105.62,4,58.47,1,58.41,101.64,102.84,2.9,Ember,wagon,dealer,1200
2,4,97892.39,136.61,2,87.77,0,93.71,103.64,113.67,3.04,Aster,suv,dealer,40381
2,6,114197.68,151.97,3,58.43,0,85.6,103.06,110.78,3.01,Cobalt,compact,fleet,15945
2,5,54369.31,135.77,3,74.4,0,84.49,103.07,102.76,2.89,Boreal,wagon,fleet,18168
2,6,95279.39,114.25,4,74.38,0,77.27,102.92,100.99,3.11,Aster,suv,dealer,27053
2,4,94252.85,107.61,1,69.19,0,92.93,102.74,102.93,3.32,Fjord,compact,fleet,27525
2,13,192398.63,60.39,4,48.49,0,64.77,97.23,102.04,3.29,Boreal,sedan,private,1200
2,12,172783.02,141.54,2,48.59,0,65.81,101.68,105.6,3.38,Cobalt,compact,fleet,1200
2,4,51488.52,115.45,2,68.82,0,94.09,99.08,104.57,3.12,Aster,suv,dealer,44500
2,9,138439.45,144.49,3,81.75,1,89.44,98.79,104.27,3.65,Cobalt,compact,fleet,26598
2,8,123164.85,134.39,2,58.84,0,72.53,99.19,97.54,3.09,Aster,van,dealer,32591
2,4,27785.32,85.12,2,64.11,0,92.57,99.48,107.59,3.75,Cobalt,wagon,private,54956
2,6,57504.29,103.44,1,59.21,0,90.9,101.63,100.98,3.04,Fjord,sedan,fleet,21165
2,6,52255.02,151.91,1,69.05,1,91.5,97.81,102.66,3.25,Boreal,compact,fleet,18869
2,11,117709.35,77.89,2,63.46,0,79.36,104.63,101.21,3.22,Boreal,sedan,fleet,17542
2,6,61458.74,158.62,2,67.14,0,86.73,103.17,104.42,3.04,Fjord,suv,private,43278
2,8,83311.41,108.88,3,80.99,0,78.8,104.39,100.97,2.97,Aster,wagon,private,8782
2,4,40274.74,139.58,1,86.07,0,93.23,99.28,105.67,3.52,Aster,suv,dealer,50849
2,10,153282.51,162.77,4,63.55,1,71.65,102.61,101.59,3.15,Boreal,wagon,dealer,37855
2,9,126605.3,86.64,1,63.9,0,80.53,94.75,102.57,3.07,Boreal,van,private,3537
2,7,88485.54,74.08,3,86.01,0,86.14,103.33,96.2,3.14,Aster,wagon,private,19251
2,6,59532.39,110.45,2,70.47,1,77.65,103.87,96.09,3.28,Aster,compact,fleet,18947
2,5,76377.39,109.62,1,63.76,0,93.44,101.32,102.46,3.13,Dune,wagon,private,50305
2,6,103937.76,140.13,3,65.68,0,84.41,95.3,103.23,3.27,Boreal,suv,fleet,46416
2,10,141671.2,121.41,3,73.6,1,73.19,98.19,96.44,3.12,Boreal,wagon,dealer,38007
2,6,85870.75,125.28,2,52.91,1,87.96,97.15,110.29,3.25,Ember,suv,dealer,44566
2,0,6325.01,193.45,1,77.42,0,93.43,98.39,100.17,3.33,Cobalt,suv,fleet,71125
2,3,46143.7,136.09,1,86.56,0,85.92,98.8,109.34,3.29,Boreal,suv,private,64556
2,10,133930.81,69.86,2,79.42,0,65.19,100.61,105.33,2.62,Aster,wagon,dealer,19052
2,8,74912.77,139,1,74.25,1,79.23,105.18,104.35,3.09,Aster,wagon,fleet,22064
2,5,78432.78,174.87,1,77.21,1,85.76,99.92,99.6,3.11,Dune,compact,private,32153
2,12,160925.67,160.95,4,65.04,0,74.12,101.03,102.47,3.25,Boreal,suv,fleet,17999
2,3,8428.12,91.12,2,55.18,0,95.51,100.87,100.41,3.25,Cobalt,suv,fleet,44897
2,10,104950.71,120.81,3,59.16,2,70.72,98.93,92.6,3.35,Boreal,sedan,dealer,5101
2,17,260531.37,160.2,4,37.07,0,54.16,103.5,99.79,3.42,Ember,suv,private,1200
2,0,2882.74,95.61,2,93.27,0,100,99.24,100.42,3.28,Ember,van,fleet,29792
2,7,109015.92,127.66,1,59.39,1,84.16,102.53,96.84,2.94,Aster,van,fleet,24587
2,18,241833.13,71.09,5,49.91,0,46.05,104.91,109.33,3.26,Boreal,compact,dealer,1200
2,15,236287.6,105.75,4,45.96,1,60.1,98.65,96.71,3.08,Aster,suv,fleet,1200
2,4,87904.53,85.73,1,73.9,0,89.33,102.82,96.02,2.95,Aster,van,private,33965
2,2,42298.81,45,2,64.76,2,91.31,102.92,98.56,3.26,Aster,compact,private,16169
2,6,41825.72,114,2,85.05,0,90.52,99.51,107.66,3.44,Fjord,sedan,fleet,29494
2,2,23293.52,87.79,1,72.79,0,98.23,99.01,95.79,2.79,Boreal,wagon,fleet,46280
2,1,4208.88,134.75,1,81.67,0,100,99.56,107.32,3.43,Aster,wagon,dealer,35817
2,12,182792.41,106.09,4,74.94,1,61.24,97.59,103.11,3.34,Fjord,compact,private,16724
2,5,70984.27,101.56,2,82.15,0,88.53,103.47,98.72,3.16,Dune,suv,private,51349
2,10,151574.53,205.53,3,44.8,0,78.34,95.03,102.74,3.38,Aster,suv,fleet,37207
2,9,138595.69,103.23,2,69.81,1,84.92,99.76,99.15,3.22,Boreal,suv,fleet,10096
2,8,131978.35,45,3,43.83,0,76.51,102.34,105.66,3.31,Fjord,compact,private,4749
2,12,139501.25,79.84,4,60.17,1,61.6,98.81,105.3,2.79,Aster,compact,fleet,8364
2,7,97975.7,84.42,2,63.53,0,77.53,101.37,97.1,3.13,Cobalt,sedan,private,36518
2,10,150388.35,112.12,1,39.23,1,76.13,97.8,106.34,3.5,Dune,suv,dealer,47970
2,0,13441.64,71.35,1,64.01,1,100,98.36,103.96,3.42,Cobalt,compact,private,47093
2,9,151177.84,117.89,3,63.42,0,64.15,100.79,101.48,3.15,Ember,van,dealer,21693
2,10,136251.17,64.25,4,30.1,0,74.06,97.81,95.9,3.27,Cobalt,sedan,dealer,20745
2,14,197382.89,107.66,4,100,0,58.16,101.47,103.71,2.85,Fjord,sedan,private,1200
2,6,76533.57,45,3,77.22,1,83.56,99.53,94.84,3.3,Aster,wagon,private,19826
2,6,98730.96,99.36,3,58.04,1,81.85,98.07,95.39,3.32,Fjord,sedan,fleet,12575
2,4,52813.16,148.87,1,49.07,1,83.12,101.59,103.98,3.24,Fjord,suv,dealer,50378
2,12,173791.22,161.63,4,47.63,0,62.82,96.58,106.92,3.18,Aster,suv,dealer,11468
2,11,170093.5,137.49,4,43.6,0,65.79,103.29,100.08,3.38,Boreal,wagon,private,15420
2,7,162378.38,144.74,3,58.46,0,85.53,100.27,97.62,2.97,Cobalt,wagon,dealer,33586
2,11,151844.62,85.37,5,54.69,1,62.43,98.54,103.8,3.51,Fjord,van,private,19241
2,2,48167.54,150.32,1,66.16,0,100,105.57,97.02,2.89,Cobalt,sedan,private,45041
2,3,30427.73,53.58,2,43.79,1,89.12,101.26,99.72,3.28,Ember,sedan,fleet,20184
2,8,88292.17,72.45,2,58.54,1,80.76,94.91,105.37,3.43,Ember,compact,fleet,7291
2,15,202931.97,91.03,5,59.41,0,47.45,98.65,96.01,3.22,Boreal,wagon,private,25100
2,8,51793.08,175,3,50.16,1,84.72,100.42,108.41,3.19,Fjord,compact,private,39102
2,2,29728.77,73.66,1,79.85,1,91.21,98.86,105.93,3.07,Ember,compact,private,23504
2,1,2300.68,154.03,1,55.58,0,96.49,101.3,95.3,3.38,Aster,suv,private,52602
2,8,82558.17,106.96,2,87.47,0,69.89,99.95,105.94,3.4,Dune,sedan,fleet,20168
2,5,75218.9,107.8,2,74.04,0,71.79,94.87,104.42,3.55,Aster,compact,private,28393
2,8,105326.86,90.55,3,82.53,0,78.19,99.41,99.2,3.01,Ember,wagon,fleet,21911
2,8,117156.15,172.88,1,66.96,0,70.4,100.57,106.71,3.07,Boreal,van,private,22785
2,7,89358.57,119.12,3,75.99,1,80.98,106.43,97.63,3.16,Boreal,suv,fleet,40602
2,9,87438.35,131.94,2,24.27,0,82.21,94.9,93.97,2.75,Aster,suv,fleet,19094
2,7,84030.38,81.44,3,56.45,0,86.27,100.61,97.83,3.19,Fjord,suv,private,41658
2,7,93358.59,68.38,2,67.29,0,79.1,105.19,103.48,3.16,Cobalt,wagon,dealer,21716
2,5,97346.2,112.78,1,48.01,1,85.3,103.05,95.88,3.51,Fjord,compact,fleet,25055
2,5,91726.91,90.82,1,72.38,1,87.89,99.15,100.6,2.81,Dune,sedan,fleet,32570
2,6,123576.32,107.37,2,74.9,0,91.41,102.16,103.93,3.04,Cobalt,sedan,dealer,23614
2,6,76507.09,233.65,3,58.48,0,87.88,99.75,105.06,2.95,Ember,suv,dealer,51907
2,7,98820.65,136.8,3,70.04,1,84.68,102.31,101.63,3.3,Aster,wagon,fleet,25804
2,8,115693.5,189.73,3,64.64,0,80.49,98.28,99.38,3.27,Cobalt,suv,dealer,40618
2,4,53759.48,104.23,2,63.72,0,84.9,101.06,102.18,3.32,Ember,compact,fleet,28574
2,5,121016.17,76.98,2,61.86,0,87.35,93.95,100.55,2.8,Cobalt,van,fleet,31154
2,8,129427.89,129.99,3,45.08,0,73.86,101.98,105.61,2.78,Fjord,suv,dealer,54379
2,11,138526.3,119.43,3,31.55,1,73.88,97.72,101.48,3.44,Ember,compact,dealer,4107
2,4,45356.29,73.58,2,56.14,0,82.77,99.03,102.25,3.07,Aster,sedan,dealer,25593
2,8,117781.06,84.75,3,56.54,0,82.85,100.16,104.39,3.07,Dune,compact,fleet,27646
2,10,137574.3,139.61,2,67.9,1,80.99,102.55,106.9,3.03,Ember,compact,fleet,23296
2,4,41531.63,148.14,3,63.15,0,78.91,101.69,104.61,2.81,Dune,suv,fleet,45899
2,1,4649.34,125.53,1,98.83,0,100,98.77,101.67,3.39,Fjord,suv,fleet,48033
2,5,53923.2,175.3,2,77.33,0,83.76,100,102.96,2.98,Aster,suv,private,35908
2,7,105962.41,126.99,1,73.65,0,75.73,102.63,114.08,2.82,Boreal,compact,fleet,26225
2,7,99965.35,137.75,2,57.41,1,75.44,97.97,93.79,3.07,Aster,van,private,22299
3,4,92164.08,120.41,1,72.96,0,88.07,99.97,98.52,3.1,Boreal,compact,dealer,44609
3,10,108769.86,156.12,5,83.08,0,66.55,99.69,100.28,3.72,Dune,suv,fleet,37720
3,4,33072.41,126.23,2,60.51,0,88.38,103.74,101.44,3.09,Cobalt,suv,dealer,52758
3,2,42431.83,91.63,2,51.27,0,96.47,95.25,107.14,3.35,Ember,suv,fleet,49873
3,9,126867.44,111.58,3,78.84,0,69.94,104.18,108.42,3.2,Fjord,wagon,dealer,17173
3,12,177290,72.14,4,50.24,0,70.75,99.28,104.25,3.37,Boreal,wagon,fleet,18608
3,5,90077.61,118.21,1,58.2,0,89.01,100.99,106.39,3.27,Fjord,sedan,fleet,37763
3,7,59222.25,65.72,4,90.27,0,82.29,98.65,105.53,3.34,Cobalt,van,fleet,10045
3,5,82052.1,105.43,1,80.07,0,87.02,99.86,100.64,3.11,Boreal,compact,private,29608
3,16,279788.15,111.3,4,74.68,0,62.14,100.81,100.58,3.28,Aster,sedan,private,13685
3,10,92532.45,106.52,2,49.83,0,65.16,101.85,101.75,3.19,Dune,wagon,dealer,21853
3,5,66121.96,113.15,2,54.86,1,81.95,100.91,97.76,2.69,Fjord,sedan,dealer,46204
3,2,16457.63,69.78,1,81.06,1,96.82,99,103.07,3.12,Boreal,van,private,21575
3,9,127255.34,63.29,3,64.2,1,72.76,100.6,96.99,3.12,Dune,wagon,fleet,18626
3,4,62287.98,113.75,1,93.05,0,84.07,102.38,102.05,3.4,Boreal,sedan,dealer,42856
3,2,40175.13,93,2,64.61,0,98.56,100.08,102.97,3.31,Cobalt,compact,private,34834
3,2,43133.14,51.95,2,62.25,0,91.71,105.09,103.49,3.15,Aster,compact,private,18807
3,14,196164.57,45,3,53.02,2,55.57,102.82,97.48,3.31,Aster,van,fleet,1200
3,10,136181.69,146.07,2,46.26,0,72.98,99.52,100.95,3.29,Boreal,suv,private,21600
3,11,144377.55,68.75,3,62.21,0,72.17,98.78,100.49,3.31,Boreal,sedan,fleet,13627
3,8,127131.4,142.33,3,62.84,0,82.98,98.54,104.04,3.48,Fjord,suv,private,46610
3,9,147105.16,136.49,1,56.35,0,79.09,101.03,104.55,3.37,Boreal,suv,dealer,36503
3,9,91920.94,60.9,3,26.62,0,81.37,98.86,101.65,3.33,Fjord,van,fleet,20194
3,5,55714.86,104.74,3,72.32,0,81.4,103.59,110.31,3.52,Fjord,compact,fleet,30679
3,9,97107.14,62.59,4,57.74,0,69.38,98.75,87.44,3.11,Boreal,sedan,fleet,15396
3,5,70991.47,111.38,1,71.05,0,92.5,98.81,100.5,3.28,Fjord,suv,private,49269
3,12,173249.17,139.35,3,61.4,0,62.51,98.2,103.69,3.22,Cobalt,sedan,fleet,16829
3,7,55359.31,47.83,2,43.18,1,74.43,104.56,108.17,3.03,Ember,wagon,dealer,17342
3,8,96563.11,78.03,2,67.29,0,83.79,105.39,105.99,3.13,Cobalt,sedan,dealer,43836
3,0,1404.4,117.5,1,75.67,0,93.09,99.45,105.61,3.12,Aster,sedan,private,35904
3,2,20094.02,89.32,2,48.46,1,86.73,98.23,110.71,3.09,Ember,suv,private,36139
3,0,500,139.13,1,68.58,1,100,101.76,104.55,3.16,Ember,wagon,fleet,40352
3,3,40462.09,116.5,1,67.56,0,89.53,100.1,104.88,3.29,Cobalt,wagon,private,39202
3,3,57584.08,136.2,1,68.84,0,92.57,100.36,106.2,3.43,Cobalt,compact,private,45276
3,11,167872.57,120.69,3,89.18,0,74.7,96.47,95.16,3.11,Aster,sedan,private,18461
3,11,181062.28,176.87,4,67.24,1,57.73,103.9,102.41,3.45,Boreal,suv,fleet,39703
3,6,124784.62,103.39,2,65.84,0,86.05,102.7,104.99,3.23,Cobalt,wagon,private,24828
3,11,128205.89,105.38,4,49.85,0,72.37,98.8,100.37,3.42,Dune,van,dealer,37179
3,6,89139.81,74.25,2,31.92,0,88.64,102.54,103.95,3.16,Boreal,compact,fleet,22937
3,7,122129.33,121.05,2,55.53,1,90.25,102.78,103.28,3.4,Fjord,wagon,private,18581
3,13,169235.39,111.32,4,49.37,0,62.75,100.56,106.1,2.79,Ember,compact,private,1200
3,5,96926.53,149.03,2,72.06,0,78.58,99.92,98.55,3.44,Aster,compact,fleet,16532
3,3,77132.95,138.64,1,79.4,1,87.99,98.92,105.33,3.09,Aster,compact,dealer,26422
3,7,118286.99,169.87,2,57.98,1,86.72,101.29,98.46,3.26,Ember,suv,fleet,42856
3,8,113655.11,101.3,3,50.2,0,75.56,99.97,102.23,3.23,Aster,compact,fleet,5322
3,9,149039.86,61.89,3,38.14,1,76.39,102.17,104.04,3.34,Cobalt,sedan,private,21937
3,7,113053.27,168.3,2,56.98,0,78.87,102.4,105.06,3.12,Boreal,sedan,dealer,25092
3,0,500,100.32,1,58.92,1,100,104.17,101.95,3.46,Boreal,compact,private,33251
3,11,173703.07,124.42,3,62.9,0,79.62,101.27,97.07,3.29,Boreal,van,private,1200
3,2,500,142.38,1,88.48,1,91.96,99.84,100.13,3.58,Boreal,wagon,fleet,33591
3,8,133314.15,50.77,2,60.64,0,75.07,100.68,96.48,3.15,Boreal,sedan,dealer,23444
3,5,52471.96,140.62,2,44.6,1,79.99,100.69,95.8,3.35,Boreal,compact,dealer,28014
3,9,159272.52,83.58,3,50.47,1,73.55,96.08,98.33,3.42,Dune,compact,private,1200
3,7,105394.86,167.81,3,72.47,0,78.99,100.25,98.94,3.1,Ember,wagon,fleet,33970
3,10,105568.81,57.03,3,58.15,0,67.08,100.01,99.87,2.74,Fjord,compact,private,19841
3,11,154887.44,92.85,4,53.23,0,71.71,105.8,111.65,2.84,Fjord,sedan,fleet,12365
3,7,112591.42,89.87,3,46.05,1,89.06,96.3,101.7,2.96,Dune,sedan,fleet,20323
3,7,127770.89,75.32,2,78.57,0,82.13,97.96,98.11,2.98,Ember,compact,dealer,21754
3,7,106293.65,87.36,1,48.01,1,86.67,98.39,103.84,2.76,Ember,compact,private,19660
3,7,102063.52,130.91,3,69.18,0,84.88,101.41,109.31,3.19,Cobalt,suv,private,39732
3,4,73134.5,173.14,1,74.23,0,96.19,99.11,103.31,3.03,Fjord,suv,dealer,61156
3,2,37458.89,147.04,2,72.31,0,92.02,98.13,104.17,3.38,Aster,sedan,fleet,23466
3,7,73742.32,72.68,3,57,0,77.3,97.76,108.65,3.3,Ember,compact,dealer,22502
3,8,132490.94,88.91,3,64.2,0,81.42,97.6,103.34,2.65,Cobalt,sedan,fleet,18749
3,9,104017.99,90.55,3,45.58,0,82.19,98.99,99.19,3.16,Aster,wagon,private,22890
3,11,143888.77,112.55,4,35.75,1,67.44,104.46,104.95,3.44,Boreal,van,private,20454
3,12,155967.08,120.73,2,65.37,1,68.41,99.6,97.89,3.48,Ember,compact,private,9746
3,11,122529.43,126.74,3,64.34,0,72.81,102.04,103.83,3.12,Boreal,compact,fleet,9900
3,9,151830.16,117.36,2,53.68,0,73.67,101.29,108.88,3.13,Ember,compact,dealer,15691
3,6,66818.19,61.76,1,63.35,0,72.26,99.93,103.27,2.99,Fjord,suv,fleet,36268
3,8,121486.35,187.96,3,66.16,0,70.1,97.3,97.8,3.32,Cobalt,suv,fleet,41575
3,10,132551.74,101.49,4,55.94,0,64.55,105.66,108.38,3.44,Ember,wagon,private,13544
3,8,85847.39,147.24,3,61.68,1,66.39,101.84,106.62,3.25,Dune,sedan,dealer,47241
3,6,86072.34,62.61,2,64.16,0,83.4,100.27,99.77,3.11,Aster,van,dealer,10743
3,7,134701.26,97.45,2,75.47,1,88.55,98.1,107.9,3.37,Cobalt,sedan,fleet,27145
3,9,121761.41,102.89,2,63.81,0,62.53,100.82,112.71,3.1,Aster,wagon,private,24013
3,6,87270.08,119.08,2,56.37,1,78.17,102.41,98.17,3.34,Aster,suv,dealer,37685
3,8,84734.88,103.17,3,50.81,1,69.66,103.6,99.65,3,Aster,compact,private,10128
3,7,153627.45,90.5,3,84.68,0,69.7,96.13,98.66,3.31,Ember,suv,dealer,38944
3,0,500,175.52,1,75.71,0,96.31,103.75,101.19,3.1,Boreal,compact,dealer,46544
3,4,37408.52,84.49,1,83.62,1,97.96,104.08,108.09,2.98,Boreal,compact,private,33742
3,13,215228.92,143.63,4,58.39,0,72.63,106.35,99.89,3.22,Boreal,suv,private,34141
3,12,165619.57,71.1,4,70.27,0,58.59,100.07,97.88,2.7,Boreal,sedan,private,17459
3,0,38960.4,114.51,1,91.31,0,100,103.65,107.67,3.4,Ember,suv,fleet,52043
3,0,32938.51,128.15,2,80.49,1,89.69,104.18,102.08,3.31,Cobalt,suv,dealer,52258
3,4,65173.16,107.73,2,75.62,0,77.7,105.2,100.65,2.99,Aster,compact,dealer,35012
3,3,1108.86,109.33,2,71.57,1,94.65,100.82,103.42,3.25,Cobalt,van,dealer,35564
3,0,500,139.42,1,60.69,1,100,103.22,103.08,3.24,Dune,sedan,dealer,42630
3,9,115872.24,81.13,4,51.18,0,66.47,102.79,101.07,2.92,Aster,wagon,dealer,24256
3,7,87725.45,145.78,3,47.26,0,82.2,104.08,103.51,2.99,Boreal,suv,dealer,48637
3,9,113580.06,105.46,2,37.16,1,76.73,100.03,98.15,3.18,Aster,van,dealer,18775
3,9,77489.34,122.01,2,54.09,0,68.43,99.94,107.03,3.42,Boreal,sedan,fleet,23239
3,4,70164.14,113.2,2,77.76,0,99.52,101.82,106.85,3.42,Boreal,sedan,private,44613
3,5,45107.63,130.76,2,70.74,0,88.8,97.98,111.54,3.43,Dune,suv,private,41800
3,11,118784.07,101.13,3,49.32,0,75.48,103.94,104.59,2.97,Aster,suv,dealer,23253
3,11,144372.99,111.05,3,70.39,1,68.54,105.79,104.17,2.87,Fjord,suv,private,34486
3,11,163324.64,82.64,3,59.5,0,66.73,102.28,103.57,3.15,Cobalt,compact,private,13550
3,7,110974.46,101.03,2,59.76,0,82.33,100.33,101.76,3.18,Boreal,compact,dealer,27574
3,8,131654.18,146.2,2,58.27,2,78.54,102.25,108.46,3.41,Boreal,van,dealer,10366
3,9,138705.03,157.49,4,73.28,0,73.97,100.59,109.44,3.32,Dune,suv,fleet,37954
3,1,64881.13,132.38,1,90.85,1,100,101.48,104.38,3.77,Cobalt,suv,private,54134
3,12,196530.36,75.92,3,58.49,1,68.91,100.08,99.37,2.93,Dune,sedan,private,8814
3,6,99353.44,132.41,2,54.59,0,87.03,97.48,102.6,3.12,Fjord,wagon,fleet,32664
3,6,92084.33,137.14,3,71.78,0,90.4,103.19,108.33,2.99,Boreal,suv,dealer,37662
3,3,22917.21,57.6,2,90.95,0,93.02,105.34,102.22,2.49,Aster,wagon,dealer,40989
3,15,158871.74,151.74,4,28.83,1,47.27,101.37,99.83,3.11,Fjord,sedan,dealer,22270
3,5,90470.12,67.6,1,82.16,0,79.43,100.05,102.27,3.3,Dune,sedan,dealer,44689
3,8,87443.75,80.37,3,60.71,0,76.86,103.1,106.64,3.05,Boreal,compact,private,20169
3,10,145964.49,135.18,4,49.77,1,72.7,101.7,96.6,3.45,Boreal,suv,private,16679
3,10,150292.75,105.62,3,67.92,0,74.47,101.24,103.62,3.16,Aster,suv,dealer,19284
3,0,500,90.53,1,73.93,1,97.04,98.12,91.45,3.25,Boreal,compact,private,34292
3,0,500,146.23,2,74.29,0,97.19,96.65,102.77,2.87,Aster,suv,dealer,56306
3,13,154004.81,83.08,4,71.38,0,60.52,96.67,95.79,2.98,Fjord,van,dealer,23352
3,4,56679.06,122.87,3,77.33,0,86.42,101.08,100.5,3.33,Cobalt,compact,private,44883
3,5,78650.35,105.88,1,65.83,2,87.66,104.57,103.84,2.74,Boreal,suv,dealer,41334
3,9,144167.84,153.89,2,64.39,1,72.61,98.22,104.84,3.02,Ember,suv,dealer,39832
3,10,139446.9,140.78,2,43.63,0,71.59,93.12,100.79,3.28,Aster,sedan,dealer,21174
3,7,156394.68,161.91,3,55.75,0,76.08,104.3,101.63,2.94,Ember,compact,dealer,36227
3,2,20033.08,164.53,2,47.44,0,100,94.43,98,2.88,Boreal,suv,fleet,42741
3,4,59911.98,120.41,1,62.89,0,88.1,104.43,111.21,3.24,Cobalt,wagon,dealer,48831
3,11,145386.65,201.59,3,68.34,0,68.02,98.51,102.55,3.08,Aster,suv,fleet,47689
3,4,52364.93,153.13,2,73.28,0,87.07,99.41,104.53,3.18,Dune,van,fleet,48000
3,6,46471.76,90.49,2,61.03,1,86.67,97.38,94.71,3.55,Boreal,sedan,private,14756
3,11,173577.26,105.88,2,92.65,0,76.68,97.44,105.1,3.35,Ember,suv,private,26602
3,9,119165.57,91.94,3,42.73,1,66.54,103.77,107.1,3.07,Dune,sedan,private,15463
4,4,51858.95,104.76,1,77.12,2,100,100.75,99.99,2.81,Ember,compact,fleet,33868
4,6,98608.21,133.49,3,61.23,0,90.77,99.51,100.88,3.47,Boreal,compact,private,33738
4,4,73111.63,121.86,2,64.28,1,89.37,101.04,103.95,3.43,Boreal,suv,dealer,40092
4,7,77571.42,124.54,2,58.55,1,89.75,98.87,108.38,3.53,Boreal,van,private,28947
4,1,45035.78,95.98,1,51.3,1,100,105.23,102.5,2.77,Fjord,suv,private,32496
4,9,111210.83,92.51,3,39.62,0,80.32,103.52,100.43,2.93,Boreal,van,dealer,8640
4,7,144317.86,67.36,2,64.6,0,82.36,101.18,98.26,3.24,Cobalt,compact,dealer,16641
4,10,77252.3,142.47,3,69.61,0,71.85,101.75,95.1,3.15,Boreal,suv,fleet,33328
4,17,238185.92,67.93,4,20,1,53.16,99.45,104.81,3.26,Aster,compact,private,1200
4,11,145776.27,84.23,4,67.11,0,64.55,101.14,104.27,3.27,Aster,van,dealer,13240
4,5,62528.69,109.6,3,68.02,0,83.31,102.87,100.08,3.15,Ember,sedan,fleet,32682
4,7,66332.16,120.16,3,71.98,0,75.54,103.57,107.43,3.04,Fjord,wagon,dealer,39443
4,4,52362.05,132.06,3,58.57,1,87.29,101.56,108.06,3.13,Fjord,suv,private,44271
4,5,92675.41,138.13,1,93.66,0,84.17,99.54,101.48,3.33,Aster,sedan,dealer,24206
4,9,115574.82,100.62,3,72.33,0,68.13,99.52,112.6,3.4,Ember,sedan,dealer,35792
4,11,145953.35,127.7,2,81,1,58.36,102.08,99.1,3.26,Fjord,suv,private,41660
4,0,9864.56,108.99,1,70.9,0,99.38,106.35,109.47,3.42,Fjord,compact,private,41819
4,8,72014.02,125.64,2,69.49,1,70.78,97.79,111.12,3.07,Boreal,suv,private,21101
4,1,34933.73,121.36,1,90.06,0,100,103.22,100.23,2.95,Boreal,sedan,private,38880
4,8,166933.11,174.31,1,69.75,1,83.53,97.73,95.26,3.45,Ember,suv,dealer,32047
4,7,160329.9,84.63,2,48.97,0,81.83,101.05,110.88,3.2,Boreal,compact,fleet,1200
4,5,112052.61,119.15,2,79.8,1,96.58,103.29,99.44,3.24,Aster,compact,private,19800
4,9,149740.01,130.34,3,51.93,0,70.36,98.01,102.4,3.21,Fjord,compact,dealer,33234
4,11,158092.69,83.22,4,44.53,0,74.56,102.98,100.06,2.94,Aster,sedan,fleet,8893
4,11,115789.66,136.64,3,41.6,0,69.19,99.33,101.03,3.13,Ember,van,dealer,1200
4,6,159990.92,66.02,2,50.24,0,79.25,100.91,101.68,2.78,Aster,sedan,dealer,34589
4,2,34934.87,97.64,2,82.18,2,95.46,101.7,107.34,2.91,Boreal,suv,dealer,43467
4,0,500,117.66,1,93.53,0,97.75,103.45,100.55,3.42,Boreal,van,private,50658
4,8,160248.02,136.45,3,58.27,0,72.65,106.04,107.9,3.11,Fjord,suv,dealer,31211
4,8,115863.94,93.25,3,73.36,1,61.3,103.45,108,3.43,Cobalt,van,fleet,23287
4,9,64906.62,107.36,2,50.64,2,79.52,102.85,103.54,3.29,Aster,suv,dealer,21050
4,9,125382.1,64.32,3,28.92,0,85.47,101.63,100.89,3.15,Aster,van,dealer,9051
4,6,105857.41,50.45,3,37.87,0,79.4,97.37,97.47,3.33,Aster,compact,private,20817
4,9,117929.89,92.46,2,74.45,0,73.3,96.18,108.07,3.03,Boreal,suv,private,34764
4,5,82731.69,99.65,3,65.95,1,86.44,101.77,108.11,3.43,Cobalt,suv,dealer,53202
4,6,96565.03,71.43,3,54.82,1,72.5,104,106.25,3.01,Boreal,suv,dealer,39193
4,5,73735.38,152.67,2,54.24,0,81.17,98.99,98.26,3.47,Dune,suv,private,47011
4,12,183909.91,143.25,3,45.86,0,59.61,100.52,105.7,3.5,Ember,suv,dealer,17277
4,2,53058.55,92.79,1,73.03,1,95,97.74,106.98,3.03,Aster,suv,fleet,30885
4,4,43430.52,118.41,1,89.09,0,89.76,103.87,100.25,3.21,Aster,sedan,private,33060
4,11,138215.15,124.08,3,60.63,0,60.11,103.91,102.4,3.75,Boreal,van,fleet,4700
4,4,112566.78,78.54,2,80.91,2,90.42,102.36,101.28,3.16,Boreal,sedan,fleet,25445
4,4,87212.05,171.32,2,94.96,0,91.94,104.59,99.09,3.2,Fjord,sedan,fleet,31530
4,3,74311.85,97.74,1,93.99,1,100,98.66,107.52,3.39,Ember,wagon,dealer,41998
4,0,4931,72.38,1,63.18,1,100,103.54,99.63,3.23,Aster,van,fleet,23172
4,4,49672.36,106.79,1,63.63,0,81.06,100.43,101.65,3.13,Boreal,wagon,dealer,38477
4,9,135043.28,47.93,2,68.68,0,74.92,97.43,103.58,3.11,Aster,compact,fleet,4456
4,7,95173.54,93.22,2,56.34,1,85.42,103.31,98.1,3.32,Cobalt,sedan,dealer,35233
4,7,91070.41,156.13,3,63.53,0,71.76,105.11,99.51,3.41,Ember,wagon,private,24649
4,9,162035.6,151.43,2,33.63,0,82.31,107.51,107.26,3.08,Boreal,suv,dealer,49562
4,4,47252.73,139.53,2,58.17,1,93.37,101.28,112.52,3.28,Aster,sedan,dealer,39075
4,1,18887.07,116.46,2,100,0,99.47,99.34,103.08,3,Boreal,compact,private,51984
4,14,183028,84.83,5,56.87,0,67.41,100.95,108.8,3.13,Ember,sedan,private,9904
4,9,79184.33,109.61,2,60.26,1,72.23,96.19,103.48,3.33,Dune,van,dealer,7471
4,11,140771.21,92.18,3,41.77,1,58.17,102.72,98.97,3.2,Cobalt,suv,fleet,15365
4,8,134812.78,52.52,3,62.47,0,81.73,100.99,106.71,3.44,Dune,sedan,fleet,33252
4,9,130485.59,80.58,2,44.03,0,76.16,99.51,101.63,3.27,Cobalt,sedan,private,13179
4,0,31732.66,78.18,1,89.33,1,93.95,108.08,99.08,3.38,Fjord,wagon,dealer,44065
4,0,500,98.46,1,100,1,100,100.7,97.19,3.06,Aster,suv,private,37895
4,9,88332.55,123.07,3,72.28,1,70.8,95.68,107.82,3.51,Aster,sedan,private,21549
4,9,146701.5,122.46,2,57.62,1,80.93,99.53,100.22,2.98,Ember,sedan,private,23836
4,3,500,123.18,1,53.45,0,100,97.76,104.05,3.18,Aster,compact,dealer,19093
4,5,36876.88,56.33,2,65.24,0,85.89,105.73,111.74,3.32,Boreal,wagon,fleet,47117
4,2,22726.31,136.96,1,92.47,0,75.51,104.81,107.08,2.99,Dune,wagon,private,46422
4,14,182125.38,158.9,4,58.06,1,66.52,102.94,95.87,3.23,Cobalt,suv,private,20655
4,16,195478.05,173.15,4,74.95,0,59.75,103.6,105.44,3.36,Boreal,suv,private,16881
4,2,32051.51,119.47,2,69.24,0,99.09,98.09,102.97,3.28,Cobalt,sedan,fleet,43401
4,4,61666.02,90.57,2,73.43,0,100,97.17,99.62,3.34,Cobalt,wagon,fleet,43622
4,1,43704.62,119.27,3,94.34,0,90.23,100.65,104.9,3.34,Dune,compact,private,45177
4,7,92280.41,109.32,2,80.7,1,93.14,105.64,105.1,3.18,Cobalt,compact,private,27442
4,3,32063.18,130.54,2,72.24,0,82.58,102.23,99.07,3.04,Ember,suv,private,38927
4,4,66785.77,129.83,2,74.92,1,92.22,95.46,106.93,3.44,Ember,compact,dealer,31459
4,3,500,131.32,1,59.99,0,87.85,107.07,108.64,2.94,Boreal,wagon,dealer,49910
4,0,500,95.85,1,56.98,0,97.7,102.38,100.97,3.5,Ember,sedan,dealer,37834
4,13,171039.24,140.18,2,46.06,1,73.81,101.3,101.82,3.01,Boreal,sedan,dealer,23426
4,8,150798.05,136.96,3,63.64,0,69.4,100.77,109.06,3.12,Aster,wagon,private,17471
4,11,138313.33,138.45,3,53.7,2,71.73,98.41,98.62,3.63,Boreal,compact,fleet,1200
4,3,84082.87,79.96,1,62.33,1,94.03,104.25,99.87,3.47,Aster,compact,dealer,33332
4,4,66812.87,107.38,2,78.99,0,80.84,100.59,99.74,3.28,Cobalt,sedan,fleet,38914
4,13,176439.61,92.79,4,65.07,0,65.4,100.74,105.38,3.2,Aster,wagon,dealer,12362
4,6,114289.87,135.71,1,93.67,0,87.6,104.93,105.92,2.99,Fjord,compact,dealer,39583
4,9,131135.7,173.79,2,49.82,0,80.93,100.89,104.5,3,Aster,suv,fleet,25990
4,9,139556.94,54.91,3,48.76,0,79.13,98.64,101.75,3.44,Aster,compact,private,8280
4,15,257135.1,116.91,4,30.21,1,65.55,103.36,99.42,3.21,Dune,suv,fleet,20414
4,8,117911.07,88.3,2,64.99,0,91.5,99.78,104.94,3.24,Cobalt,compact,fleet,10370
4,7,122952.28,133.79,2,70.51,1,86.35,101.5,100.48,3.32,Fjord,sedan,dealer,44087
4,10,170324.51,124.47,3,33.81,1,70.77,104.16,99.16,2.98,Fjord,compact,fleet,14327
4,5,52279.04,134.67,2,53.75,1,91.05,101.35,104.2,3.38,Boreal,sedan,private,46693
4,6,99064.67,78.11,2,38.81,1,89.6,97.46,102.35,3.6,Ember,compact,dealer,9087
4,2,35405.12,115.96,2,70.53,0,93.65,99.42,100.57,3.3,Aster,compact,dealer,38510
4,7,131731.08,118.93,3,50.36,0,88.01,103.91,97.18,3.19,Dune,compact,fleet,37545
4,3,36784.76,102.41,1,57.28,0,96.79,100.28,100.18,3.38,Boreal,wagon,fleet,31938
4,2,30453.38,76,2,83.67,1,95.08,100.39,103.52,2.69,Boreal,compact,private,22895
4,6,138137.26,120.79,2,90.37,0,76.18,99.58,105.65,3.12,Cobalt,suv,dealer,44017
4,8,118749.66,213.67,2,68.46,0,74.19,99.6,98.78,3.34,Boreal,suv,private,40983
4,5,60324.59,201.85,3,75.28,0,88.61,105.47,106.35,3.14,Aster,suv,dealer,43459
4,12,168083.14,83.6,3,37.58,0,64.13,101.33,104.79,3.25,Aster,sedan,fleet,9989
4,13,155420.49,170.4,3,64.67,0,71.65,104.1,102.87,3.12,Boreal,suv,private,45969
4,4,52826.35,146.05,1,51.94,0,99.84,99.53,104.25,3.13,Boreal,suv,dealer,41243
4,9,150314.54,141.67,3,65.55,0,69.95,105.47,104.61,3.34,Aster,suv,private,14309
4,11,122706.87,101.77,4,33.72,0,71.58,101.82,104.78,3.28,Boreal,suv,private,26449
4,0,500,159.57,1,72.29,1,99.96,103.06,109.81,3.13,Aster,suv,fleet,48755
4,9,116932.82,89.37,2,54.02,0,79.04,99.15,100.46,3.16,Cobalt,van,fleet,6413
4,6,108789.4,169.31,2,62.11,1,78.75,105.52,99.31,2.92,Dune,suv,private,35756
4,4,87797.66,79.27,2,68.46,0,96.62,99.64,109.12,3.37,Boreal,compact,private,23983
4,4,50128.16,50.66,3,69.82,1,95.37,101.07,103.75,3.32,Aster,compact,fleet,19609
4,4,58851.22,45,1,71.36,0,90.33,101.64,101.97,3.35,Aster,van,fleet,6453
4,7,86012.11,196.7,3,60.23,1,74.37,97.71,96.78,3.12,Dune,suv,fleet,53442
4,3,9951.27,110.26,1,64.77,2,92.51,99.04,99.89,3.04,Aster,van,dealer,34433
4,7,96346.63,118.27,3,74.82,0,82.9,100.41,107.39,3.12,Ember,sedan,private,30896
4,1,24390.36,105.61,1,71.69,0,91.5,106.58,101.19,3.03,Dune,suv,fleet,40344
4,8,144304.8,128.22,4,62.51,0,74.87,101.1,103.94,3.16,Aster,van,fleet,25970
4,8,153308.06,116.91,3,51.04,0,77.05,101.21,111.48,3.2,Boreal,suv,fleet,30289
4,11,136007.46,72.98,2,62.36,1,54.71,98.99,104.92,3.3,Ember,sedan,fleet,17179
4,3,81272.88,87.78,2,71.95,0,91.09,98.22,104.22,3.87,Cobalt,suv,fleet,48572
4,8,129479.85,127.46,3,66.15,1,81.26,101.49,96.75,2.6,Ember,sedan,private,18702
4,7,131600.56,129.53,4,74.27,1,70.04,101.44,107.27,3.17,Boreal,sedan,fleet,26819
4,0,50617.42,120.21,1,90.32,0,100,97.91,100.84,3.25,Dune,compact,fleet,53450
4,13,168947.71,148.27,5,48.91,0,60.21,99.48,105.49,3.25,Ember,wagon,fleet,8638
4,11,137076.62,121.16,3,83.03,1,69.51,105.76,100.49,3.35,Boreal,sedan,dealer,10950
4,1,500,149.59,1,77.58,0,95.56,101.36,103.3,2.88,Boreal,compact,fleet,44423
4,8,102912.44,155.79,2,53.91,0,88.05,100.3,105.71,3.66,Ember,wagon,fleet,22242
4,19,264520.92,144.08,6,45.97,0,51.12,101.19,103.63,3.34,Boreal,sedan,dealer,1200
4,9,129756.52,129.07,3,70.6,0,65.02,99.82,104.11,2.77,Aster,sedan,fleet,23965
4,12,163077.67,161.01,4,52.17,0,62.06,102.64,109.58,2.99,Ember,suv,dealer,30897
5,16,237781.92,102.29,6,27.35,1,46.04,100.62,103.86,3.26,Boreal,compact,dealer,1200
5,4,65296.94,59.73,2,75.37,1,88.07,97.83,100.08,3.12,Ember,wagon,dealer,23465
5,6,79466.38,94.28,2,64.59,0,84.87,107.22,103.18,2.98,Boreal,wagon,fleet,15319
5,6,99168.17,123.74,2,66.47,0,80.96,102.53,98.88,3.2,Ember,sedan,private,30018
5,12,170686.4,115.57,3,44.9,0,68.16,100.51,114.78,3.33,Cobalt,compact,dealer,27246
5,7,134436.43,73.36,2,47.02,0,77.71,104.3,106.14,3.51,Aster,compact,private,3774
5,8,157147.13,170.24,2,68.42,1,79.74,100.73,103.67,3.29,Ember,suv,fleet,26106
5,6,125162.26,111.39,3,78.12,2,92.17,104.8,104.33,3.55,Cobalt,compact,private,20348
5,13,202478.21,109.88,2,77.82,1,56.87,96.12,100.47,3.35,Cobalt,suv,dealer,8296
5,6,77936.05,94,2,45.4,1,85.94,100.17,99.03,3.37,Ember,compact,dealer,22561
5,13,168811.03,58.33,4,60.38,1,68.94,100.04,102.75,2.81,Boreal,suv,dealer,9730
5,6,84687.6,146.87,1,64.63,0,85.36,99.55,111.04,3.14,Ember,sedan,fleet,35378
5,11,175462.21,108.73,2,67.89,0,64.8,103.25,108.95,3.58,Fjord,wagon,fleet,31371
5,12,213618.86,81.34,3,55.99,0,59.11,104.12,109,3.68,Aster,van,dealer,1200
5,6,47380.86,45,2,81.09,0,73.59,103.83,104.93,3.34,Cobalt,van,private,49825
5,6,85341.82,113.1,3,44.75,1,81.61,102.29,103.12,3.25,Boreal,compact,dealer,21361
5,7,117235.19,151.69,4,60.06,0,71.32,107.15,106.97,3.28,Aster,suv,dealer,43261
5,9,111219.52,53.82,3,55.82,0,74.24,96.54,105.31,3.35,Aster,suv,fleet,17969
5,5,88936.95,98.18,2,78.3,0,85.73,102.49,106.94,3.7,Dune,compact,dealer,38279
5,6,91493.65,160.5,1,49.22,0,82.97,98.72,101.7,3.22,Ember,suv,dealer,55935
5,3,17807.42,102.76,2,60.76,0,89.97,101.89,97.8,3.51,Fjord,compact,private,34488
5,12,149177.95,99.78,3,59.74,1,66.11,105.5,103.77,3.09,Aster,sedan,fleet,18523
5,9,133307.53,112.82,3,54.9,0,72.3,101.32,101.8,3.39,Dune,compact,dealer,29575
5,13,143973.64,221.78,3,52.29,1,66.77,102.51,102.9,3.12,Cobalt,suv,dealer,38108
5,9,81634.41,122.05,4,54.89,0,69.48,103.29,106.58,3.1,Dune,suv,private,36416
5,12,232971.65,95.73,6,51.98,0,56.53,102.99,112.83,3.13,Aster,suv,private,1200
5,3,18746.89,142.18,1,42.9,0,81.32,101.28,106.02,3.13,Dune,sedan,private,48261
5,11,151824.54,51.44,1,67.25,1,70.94,100.02,103.96,3.4,Fjord,compact,private,1200
5,5,90215.26,119.65,3,66.04,0,87.42,103.25,106.08,3.4,Aster,compact,private,18485
5,11,143995.78,118.68,3,62.36,0,74.88,103.48,103.27,3.37,Aster,sedan,private,21477
5,4,71342.77,120.18,2,71.58,0,86,99.15,104.37,2.67,Cobalt,sedan,fleet,45529
5,9,128503.57,125.66,2,72.89,0,70.22,100.3,103.62,3.72,Fjord,suv,fleet,28199
5,13,129701.07,45,4,48.24,0,63.31,102.02,98.75,3.08,Aster,sedan,dealer,1200
5,6,64449.55,70.33,1,50.44,0,86.06,96.04,104.5,3.29,Cobalt,compact,fleet,28603
5,9,137065.76,109.87,3,53.67,1,79.45,99.53,103.76,3.43,Ember,compact,fleet,8463
5,4,30580.85,155.38,1,66.84,0,80.7,102.38,113.35,3.46,Dune,suv,dealer,65467
5,9,163442.64,133.08,2,51.29,2,83.49,103.96,104.35,3.66,Boreal,sedan,private,17221
5,3,73477.09,85.74,1,60.97,0,91.51,101.59,104.04,3.01,Boreal,van,dealer,37854
5,16,247029.4,164.07,4,47.82,0,47.79,103.91,107.51,3.15,Aster,suv,dealer,18028
5,6,82680.2,145.18,1,56.48,0,74.18,98.6,103.5,3.33,Dune,suv,fleet,44882
5,0,500,107.01,2,82.09,0,95.76,103.49,102.07,3.1,Cobalt,suv,fleet,57829
5,9,76448.25,100.5,3,58.51,1,89.25,98.87,103.06,2.95,Fjord,compact,fleet,11594
5,8,65777.9,101.05,2,69.27,0,67.16,96.13,102.02,2.87,Cobalt,van,private,33215
5,0,500,134.23,2,96.67,0,100,100.76,107.55,3.29,Ember,compact,fleet,40782
5,1,66304.85,95.34,2,78.52,0,95.61,100.5,107.55,3.07,Cobalt,compact,dealer,39915
5,11,179514.19,70.09,3,77.36,0,72.04,105.32,100.02,3.1,Dune,sedan,dealer,31098
5,4,53412.02,137.06,2,46.44,0,91.54,106.14,110.19,3.19,Boreal,compact,private,16972
5,7,104702.59,84.11,3,85.98,0,80.17,100.73,106.36,3.36,Boreal,wagon,dealer,42582
5,6,104005.59,146.91,2,75.8,0,87.2,101.57,107,3.18,Aster,wagon,fleet,7144
5,8,118732.89,143,2,43.86,1,79.47,101.68,110.8,3.21,Ember,suv,dealer,40584
5,6,64007.69,79.57,1,66.17,0,87.61,101.71,98.43,3.42,Cobalt,van,private,50977
5,5,83963.89,100.77,2,65.84,0,73.31,103.41,102.4,3.11,Cobalt,suv,fleet,42888
5,8,142257.67,113.91,2,62.06,0,74.87,97.45,100.42,3.18,Boreal,compact,dealer,9935
5,3,57281.82,112.82,2,91.88,0,85.17,99.05,104.51,2.92,Aster,sedan,dealer,42588
5,5,87955.31,150.14,2,65.6,0,95.07,99.83,98.22,2.97,Fjord,suv,fleet,54698
5,7,55329.48,107.18,3,47.36,0,81.24,107.55,101.83,3.32,Fjord,suv,dealer,32241
5,12,183403.12,121.94,4,52.94,0,64.37,106.24,106.33,2.95,Boreal,compact,private,27501
5,2,50624.04,130.03,3,56.01,0,100,108.58,102.72,2.98,Ember,compact,private,30554
5,7,99912.88,92.8,3,72.93,0,82.09,107.83,99.28,3.19,Ember,compact,fleet,10399
5,4,31457.46,155.98,1,91.17,0,91.59,102.18,108.92,3.2,Aster,compact,private,45338
5,7,99152.08,192.74,3,62.18,1,89.02,104.75,100.96,3.35,Cobalt,suv,dealer,49847
5,4,15171.01,179.67,2,57.92,0,88.86,104.28,99.72,2.99,Ember,sedan,private,40074
5,12,159927.12,153.69,3,63.28,0,61.23,96,102.62,3.5,Fjord,suv,fleet,32583
5,12,138302.1,75.23,4,53.54,0,61.21,97.72,110.94,3.2,Boreal,sedan,dealer,14113
5,10,161507.57,45,4,55.19,0,76.6,99.15,104.54,2.95,Ember,van,dealer,13318
5,6,95932.73,83.91,4,70.18,0,83.04,102.87,98.47,3.31,Fjord,suv,fleet,22685
5,5,82148.09,106.23,2,81.42,0,88.01,94.7,105.34,3.24,Cobalt,suv,fleet,36268
5,12,234745.04,129.08,3,56.31,0,55.44,105.5,106.88,2.85,Aster,compact,private,15235
5,2,24514.93,62.22,2,57.51,0,100,104.14,105.04,3.59,Ember,compact,private,42979
5,10,148138.59,113.09,2,68.03,0,67.82,104.18,108.93,3.38,Dune,sedan,dealer,29401
5,12,173002.21,110.05,2,44.23,0,77.69,98.37,107,3.28,Fjord,suv,private,19569
5,2,61102.06,130.52,2,53.37,0,94.66,99.15,100.98,3.27,Ember,suv,private,37143
5,7,99259.88,71.41,3,63.37,0,77.33,100.58,100.4,2.9,Aster,sedan,private,15607
5,16,214248.34,133.39,4,48.18,1,48.38,101.68,104.88,3.08,Ember,compact,private,1200
5,6,113906.24,95.85,3,68.88,0,89.4,98.75,100.78,3.18,Fjord,van,private,36381
5,2,57293.16,117.24,1,65.85,1,100,101.76,99.77,3.15,Fjord,compact,private,39672
5,12,190404.25,126.7,3,62.71,1,61.26,102.46,96.65,3.15,Aster,suv,private,22962
5,14,268185.85,117.2,4,65.81,1,49.22,102.92,106.45,3.28,Cobalt,suv,dealer,29642
5,5,113204.61,151.05,2,44.76,0,90.5,105.48,103.25,3.06,Fjord,suv,fleet,55405
5,3,12338.26,69.4,1,50.38,0,88.41,107.04,102.85,3.27,Cobalt,compact,dealer,34320
5,12,169012.74,87.08,2,55.24,0,70.93,97.31,103.88,3.42,Boreal,suv,dealer,43130
5,6,77173.08,101.02,2,80.08,0,83.87,102.32,110.51,3.44,Boreal,van,private,25531
5,6,94210.99,83.79,1,79.7,1,87.43,104.21,112.03,3.02,Cobalt,compact,private,24431
5,8,106167.7,130.91,3,50.12,0,65.89,103.31,97.43,3.7,Cobalt,suv,private,53785
5,7,107733.7,116.41,2,67.99,0,85.91,105,102.52,2.64,Aster,wagon,dealer,21319
5,8,146912.17,136.73,3,33.7,0,78.56,98.9,108.81,3.01,Cobalt,suv,private,38433
5,6,113296.54,140.54,2,69.85,0,80.83,106.66,110.66,3.29,Aster,suv,fleet,46756
5,8,122828.39,123.45,2,43.64,0,83.37,102.18,103.91,3.08,Cobalt,wagon,private,36463
5,0,500,111.4,2,67.48,0,100,101.55,102.14,3.17,Cobalt,van,private,57797
5,5,74259.64,100.33,2,71.21,1,87.8,100.77,103.62,3.47,Fjord,van,private,16947
5,2,55638.09,65.84,2,96.71,1,100,102.06,101.98,3.3,Boreal,wagon,private,27316
5,10,121226.39,61.33,2,37.98,0,68.72,106.29,106.41,3.28,Ember,sedan,fleet,6750
5,1,5818.18,100.88,2,78.83,0,100,107.49,94.73,3.61,Ember,wagon,private,29781
5,8,149576.91,73.8,2,47.12,0,73.52,100.54,95.39,3.06,Boreal,compact,fleet,7644
5,10,141522.17,88.82,3,54.86,0,72.1,108.8,105.36,3.31,Cobalt,wagon,private,25155
5,12,145096.81,169.7,4,48.62,1,56.13,99.75,107.14,3.04,Boreal,compact,fleet,15342
5,12,123767.04,120.45,4,65.81,1,70.11,96.72,104.98,3.09,Boreal,suv,dealer,4682
5,6,99479.53,89.65,3,77.53,0,85.86,98.72,103.38,3.04,Fjord,compact,fleet,23633
5,7,99905.67,61.17,3,60.48,1,87.59,98.12,97.77,3.11,Cobalt,compact,private,21863
5,18,268748.71,74.37,5,42.81,0,48.42,102.45,99.67,3.36,Cobalt,van,fleet,3398
5,2,24824,139.53,1,80.13,0,93.36,102.77,104.15,3.05,Aster,compact,fleet,41112
5,7,104515.24,69.97,3,62.37,0,75.24,104.12,108.51,3.15,Boreal,compact,fleet,34353
5,6,78543.38,86.79,2,44,0,90.15,99.27,106.78,3.11,Ember,compact,private,26283
5,8,129521.87,117.5,2,51.53,0,78.65,100.53,108.8,3.32,Ember,compact,fleet,10792
5,1,37342.9,92.8,2,88.1,0,97.7,103.46,105.17,3.1,Dune,suv,private,57163
5,7,118538.01,80.6,2,84.43,0,83.06,103.81,110.21,2.79,Ember,van,dealer,17518
5,4,42669.7,128.7,3,72.38,1,81.62,105.85,107.8,3.56,Cobalt,suv,private,41933
5,6,115052.2,122.65,1,58.77,0,79.68,96.86,101.81,3.7,Boreal,suv,private,25077
5,5,51851.2,127.06,2,70.16,0,84.54,103.74,103.18,3.04,Boreal,suv,dealer,41804
5,4,42594.59,79.02,1,75.22,0,100,100.9,98.82,3.47,Aster,sedan,private,23924
5,6,100949.97,185.82,2,61.35,0,75.6,100,102.63,3.14,Aster,suv,dealer,47054
5,2,41300.45,145.32,2,51.2,1,94.64,104.7,97.79,3.25,Cobalt,sedan,dealer,47730
5,10,156910.77,102.44,2,76.24,0,68.51,102.31,106.12,3.17,Boreal,suv,fleet,1200
5,10,175753.7,91.47,3,64.53,0,73.77,101.5,107.06,3.27,Cobalt,sedan,fleet,26408
5,7,102423.37,64,2,91.62,1,89.17,101.68,107.45,2.93,Boreal,sedan,dealer,25900
5,9,176181.61,142.19,4,71.22,0,72.4,100.09,102.94,3.39,Aster,compact,dealer,12750
5,10,172419.5,117.93,3,68.8,0,69.95,101.62,105.04,3.25,Aster,suv,fleet,12581
5,15,203971.18,166.54,4,40.73,1,58.95,105.32,100.21,3.26,Aster,suv,private,8654
5,4,56989.27,69.01,1,64.54,1,81.52,102.92,96.87,3.14,Dune,sedan,private,17990
5,7,120472.36,144.33,3,67.02,0,87.04,102.53,107.23,3.38,Aster,suv,dealer,33387
5,4,56770.39,148.47,3,94.83,1,89.98,102.15,107.8,3.21,Dune,suv,dealer,52213
5,11,188222.24,131.17,3,63.65,0,66.51,98.7,106.61,3.33,Ember,suv,dealer,33543
5,1,37280.75,155.51,1,81.85,1,90.22,108.6,105.02,2.96,Dune,sedan,dealer,71586
5,9,110467.12,109.83,4,75.56,0,77.47,103.26,105.17,3.08,Aster,compact,private,32701
5,0,500,98.4,1,100,0,100,99.27,107.3,3.29,Cobalt,wagon,private,69040
6,1,38821.73,189.18,1,56.96,1,100,99.69,104.4,3,Fjord,suv,dealer,57121
6,1,22200.13,115.25,1,82.39,1,94.57,99.43,106.42,3.58,Fjord,van,dealer,46415
6,6,94806.89,136.4,2,73.05,1,83.32,100.74,106.57,3.43,Fjord,suv,private,35487
6,13,210187.56,116.06,3,61.78,0,56.99,100.27,102.89,3.39,Aster,suv,dealer,31794
6,9,92602.76,98.74,3,56.32,0,67.13,100.55,109.21,3.28,Boreal,compact,dealer,13267
6,9,122901.71,119.99,3,56.17,1,83.02,104.81,102.16,3.31,Ember,compact,dealer,11693
6,2,44330.65,87.01,1,76.93,0,91.72,102.1,104.11,3.01,Ember,sedan,dealer,39500
6,6,99893.48,70.21,2,67.64,0,85.96,102.67,100.11,3.4,Aster,van,private,15070
6,9,125556.75,109.59,3,50.96,0,70.4,99.61,100.99,3.5,Cobalt,wagon,private,51467
6,4,52377.49,69.21,1,58.93,0,92.36,108.93,102.46,3.66,Boreal,wagon,private,42550
6,14,201003.17,74.02,3,48.83,1,51.59,104.1,110.61,3.5,Fjord,sedan,fleet,1200
6,11,146036.3,72.27,4,62.91,0,62.91,99.86,107.73,3.33,Cobalt,sedan,dealer,27391
6,10,136299.49,149.4,3,71.43,1,74.54,98.37,99.99,3.08,Ember,compact,dealer,6087
6,11,151546.26,95.79,3,71.78,0,70.87,100.94,105.82,3.5,Dune,wagon,private,33591
6,12,150797.04,85.67,4,62.62,0,62.09,106.14,107.99,3.85,Ember,compact,dealer,14860
6,10,153954.5,123.53,2,57.83,0,75.44,104.64,103.77,3.09,Ember,sedan,fleet,12019
6,2,59594.68,129.31,1,84.08,1,88.46,102.71,111.37,3.3,Ember,suv,dealer,41253
6,8,136286.56,134.61,2,61.42,0,71.91,108.99,103.09,3.19,Dune,suv,dealer,46390
6,6,97373.1,122.51,3,58.52,1,83.25,96.04,97.38,3.48,Aster,sedan,private,7982
6,8,121121.83,85.04,3,70.09,2,66.83,102.63,108.15,2.97,Cobalt,compact,fleet,9713
6,12,110800.17,111.89,3,38.3,0,67.57,100.55,108.78,3.4,Fjord,compact,fleet,3312
6,12,156647.05,93.74,4,49.86,1,67.55,102.19,101.81,3.22,Cobalt,suv,dealer,14964
6,7,132483.86,70.64,2,68.17,0,77.34,101.46,104.68,3.35,Cobalt,sedan,dealer,19788
6,4,87787.55,103.06,1,78.22,0,94.44,102.73,108.74,3.16,Ember,wagon,dealer,28166
6,5,96420.81,99.44,3,56.64,0,90.43,95.17,98.67,3.24,Boreal,compact,fleet,27040
6,6,85410.62,81.71,2,74.97,0,86.78,100.64,103.69,3.49,Dune,compact,private,28906
6,3,50472.92,135.95,2,90.51,0,87.91,103.17,100.04,3.01,Aster,suv,fleet,32593
6,7,81942.17,140.89,1,72.46,0,78.39,100.34,109.46,3.1,Ember,van,fleet,28509
6,11,141963.39,168.66,3,45.19,0,68.68,99.37,98.98,3.22,Dune,van,private,15281
6,0,3683.37,192.77,1,72.39,0,96.79,104.63,104.84,3.55,Cobalt,suv,fleet,68815
6,4,90025.24,152.45,1,71.65,0,89.81,101.03,110.87,3.14,Boreal,suv,fleet,30896
6,12,166399.24,107.5,3,57.19,0,62.94,99.95,99.36,3.22,Ember,suv,dealer,24525
6,11,182770.52,153.55,4,65.98,0,68.87,101.96,106.99,3.56,Fjord,suv,dealer,44284
6,15,220734.82,88.1,5,32.86,1,52.68,98.19,99.91,3.2,Dune,sedan,fleet,24663
6,9,150196.31,174.58,3,46.51,0,74.47,105.64,102.18,3.55,Fjord,suv,fleet,35343
6,7,86842.33,148.8,1,52.94,0,84,101.19,106.52,3.31,Fjord,suv,private,45454
6,8,100407.02,147.86,3,72.71,0,78.23,104.62,101.15,3.7,Cobalt,van,dealer,46950
6,2,48751.28,54.06,2,59.5,0,96.95,102.83,98.27,3.33,Ember,sedan,private,32950
6,8,112681.13,91.04,2,80.12,0,77.79,100.02,97.93,3.27,Boreal,compact,private,11840
6,6,74652.96,69.97,2,68.47,0,81.43,99.77,108.37,3.09,Ember,compact,private,23196
6,5,69435.93,127.26,4,92.17,0,84.49,103.16,100.18,3.21,Fjord,van,dealer,35999
6,4,66362.8,110.43,2,77.56,0,91.36,101.82,104.72,3.64,Aster,suv,private,59181
6,8,94614.28,113.99,3,50.84,0,70.75,101.47,112.36,3.27,Boreal,van,private,37096
6,5,46391.82,104.73,3,46.58,0,80.9,101.13,99.16,3.09,Aster,sedan,fleet,28326
6,3,43995.39,111.08,1,74.36,0,92.31,103.9,102.83,3.01,Boreal,sedan,fleet,36942
6,3,51908.79,81.21,2,59.12,0,98.29,105.8,105.57,3.63,Aster,van,fleet,22391
6,2,50958.59,118.49,2,69.65,0,94.41,103.27,104.34,3.06,Boreal,van,private,37493
6,7,117471.24,136.68,1,80.88,0,82.12,102.17,104.19,3.14,Boreal,suv,private,57962
6,10,123093.96,169.5,3,60.75,0,73.47,100.36,102.72,3.14,Ember,suv,private,51841
6,2,106961.46,115.5,2,87.95,0,95.32,99.88,109.6,3.31,Aster,van,private,38910
6,2,49717.67,167.35,1,83.58,0,93.48,99.94,111.2,3.51,Ember,wagon,fleet,50932
6,8,86520.48,66.12,2,76.23,1,78.42,97.85,111.65,3.34,Ember,wagon,fleet,17009
6,2,10823.49,157.63,1,57.08,0,89.86,102.8,108.76,3.19,Cobalt,compact,dealer,49940
6,10,146500.74,113.32,3,53.6,0,75.49,104.12,104.48,3.38,Aster,suv,fleet,6957
6,6,111482.74,107.86,1,75.1,0,81.07,102.54,99.75,3.09,Cobalt,compact,fleet,33010
6,9,168733.32,115.37,2,71.85,0,83.92,95.95,107.14,3.36,Boreal,wagon,fleet,17438
6,11,166248.74,113.21,3,27.52,0,68.83,100.49,99.9,3.09,Cobalt,compact,private,39168
6,17,218637.61,49.4,4,48.63,0,46.12,103.9,96.99,3.2,Boreal,sedan,fleet,1200
6,4,52898.17,124.24,1,73.21,0,93.4,101.76,103.39,3.37,Fjord,suv,fleet,51069
6,8,153829.38,102.32,3,71.69,0,80.14,101.68,104.77,2.96,Aster,suv,private,25887
6,4,63640.77,122.39,2,58.97,0,85.47,103.52,101.99,3.07,Ember,wagon,private,32581
6,10,164909.63,45,4,54.64,0,75.41,101.78,106.14,3.26,Ember,compact,dealer,1200
6,5,63644.43,95.61,2,74.84,0,84.28,102.55,113.56,2.91,Aster,compact,fleet,18409
6,11,172449.8,85.67,3,38.19,0,75.08,106.55,104.22,3.37,Aster,van,fleet,36812
6,8,94451.81,133.31,3,54.57,1,63.89,100.57,104.64,3.28,Cobalt,compact,fleet,6762
6,7,50373.22,125.81,2,52.21,2,93.92,104.96,105.99,3.47,Cobalt,suv,private,23314
6,2,16910.1,193.21,3,66.32,0,86.08,95.52,105.88,3.16,Boreal,compact,private,39307
6,8,112733.59,100.96,1,72.17,0,82.3,105.37,107.77,3.54,Aster,suv,fleet,43262
6,7,120002.36,122.73,2,84.86,1,78.29,100.19,103.3,3.22,Ember,wagon,private,31039
6,7,143562,109.43,3,63.68,0,80.69,105.24,105.15,3.64,Boreal,sedan,dealer,17213
6,10,128251.8,124.72,1,42.26,1,75.47,101.75,100.63,3.23,Dune,suv,fleet,23552
6,7,105651.21,130.08,2,58.03,0,73.54,104.59,102.39,3.31,Ember,suv,private,33444
6,0,22446.58,152.28,1,61.56,1,92.77,101.81,109.64,3.29,Boreal,suv,dealer,48138
6,0,52890.86,147.98,1,96.02,1,100,105.31,102.84,3.23,Aster,suv,private,50808
6,8,152343.2,103.93,3,38.41,1,85.15,99.52,109.26,3.21,Fjord,compact,fleet,17529
6,4,74345.69,154.56,1,45.27,0,85.68,109.14,98.26,3.24,Dune,suv,fleet,60095
6,10,196718.31,103.27,2,63.64,1,72.41,101.66,105.09,3.27,Fjord,sedan,fleet,30885
6,12,180059.96,139.18,3,81.81,0,68.8,100.16,100.74,3.15,Boreal,suv,fleet,29453
6,2,42901.25,184.35,1,77.72,0,83.76,96.27,103.24,3.45,Boreal,suv,fleet,43391
6,6,85040.97,102.73,3,79.86,1,80.3,104.21,99,3.19,Boreal,sedan,private,6545
6,5,56382.35,162.33,3,81.26,0,81.4,99.31,104.96,3.15,Dune,suv,private,56774
6,4,102315.53,137.46,1,70.98,0,88.45,99.92,104.65,3.21,Dune,suv,dealer,46974
6,8,102823.35,154.96,2,59.89,1,84.53,105.28,104.49,3,Boreal,sedan,private,13388
6,9,120188.16,143.84,2,64.71,1,74.1,101.18,104.79,3.36,Aster,sedan,private,22030
6,9,132626.37,103.2,4,64.44,1,75.82,103.17,101.21,3.63,Dune,wagon,fleet,38150
6,10,117184.33,88.35,3,61.97,0,67.83,103.28,103.84,2.99,Aster,sedan,private,10078
6,7,138071.98,72.78,2,68.03,1,83.09,96.77,104.54,3.22,Boreal,sedan,private,25022
6,17,264775.91,145.66,3,32.56,0,56.33,100.38,101.92,2.86,Aster,suv,fleet,26736
6,6,78177.85,96.29,2,60.42,0,81.96,100.73,99.15,3.28,Ember,wagon,fleet,21690
6,2,7058.03,137.71,2,93.28,0,100,101.35,102.55,2.6,Ember,suv,fleet,58150
6,2,96861.77,133.36,2,57.68,1,95.23,100.85,104.93,3.52,Fjord,suv,private,29932
6,8,124692.91,69.43,2,56.71,0,76.71,103.33,97.62,3.38,Dune,sedan,fleet,33633
6,3,77262.92,99.37,1,92.61,0,85.83,104.34,103.26,3.03,Ember,van,fleet,27638
6,8,126542.87,135.11,3,74.9,0,86.47,106.22,105.94,3.22,Aster,sedan,fleet,7138
6,10,151821.19,140.98,3,62.85,1,87.79,101.51,109.34,3.01,Boreal,compact,private,18261
6,13,249573.59,143.94,3,50.77,0,64.55,103.86,108.66,3.01,Cobalt,compact,dealer,28883
6,8,106858.48,165.8,2,62.89,0,76.1,104.12,103.85,3.04,Fjord,sedan,dealer,46615
6,6,93440.8,165.7,2,52.08,0,73.61,104.79,105.62,3.22,Ember,suv,private,33623
6,6,120953.24,222.55,1,65.87,1,80.99,100.82,109.98,3.37,Cobalt,sedan,fleet,21947
6,5,91978.8,137.92,2,64.33,1,79.3,99.37,112.37,3.46,Boreal,compact,dealer,19463
6,3,62135.47,182.35,1,64,1,94.93,106.1,103.51,3.04,Dune,suv,fleet,51836
6,11,104164.53,138,4,53.91,0,65.51,101.72,106.31,3.37,Boreal,suv,fleet,19534
6,11,143990.68,152.14,3,52.75,0,67.52,101.64,110,3.08,Dune,compact,fleet,20120
6,5,91858.92,121.66,1,85.36,0,81.87,105.62,108.52,3.23,Ember,compact,fleet,31239
6,8,93024.76,57.77,4,100,0,69.67,96.65,104.74,3.03,Ember,wagon,fleet,27368
6,7,137051.96,75.81,3,73.09,0,86.26,99.67,105.34,3.21,Ember,suv,dealer,24712
6,10,120973.26,132.5,3,67.66,0,71.73,99.25,103.55,3.08,Aster,suv,fleet,25217
6,7,118075.16,156.27,2,65.64,0,80.46,102.44,100.12,3.49,Ember,van,private,26448
6,8,160490.58,97.77,3,44.69,0,81.53,100.79,111.29,3.05,Boreal,compact,fleet,13668
6,7,126500.38,157.21,2,82.58,0,79.16,97.37,93.56,3.26,Cobalt,suv,fleet,45942
6,8,132605.46,89.47,3,39.36,0,72.41,103.45,101.2,3.27,Boreal,sedan,fleet,18346
6,12,152045.7,63.1,4,61.37,0,66.74,99.5,100.82,3.26,Ember,compact,private,26426
6,9,131800.01,124.97,3,53.91,0,72.9,106.22,105.82,3.04,Dune,sedan,private,36185
6,8,100415.48,58.44,3,62.08,0,65.08,107.91,102.36,3.04,Fjord,wagon,fleet,5389
6,7,73603.52,138.02,3,79.84,1,74.34,102.18,106.26,3,Dune,suv,fleet,44109
6,16,220551.8,110.19,3,44.42,0,51.73,100.13,111.09,3.01,Cobalt,compact,private,2324
6,10,141266.7,45,3,56.08,0,65.2,101,108.5,3.32,Cobalt,van,private,30876
6,5,22757.62,137.36,2,70.15,0,85.04,103.63,102.8,2.96,Boreal,suv,dealer,39370
6,10,158455.16,173.88,3,55.46,0,76.52,99,97.52,3.25,Boreal,suv,dealer,29069
6,2,46257.46,45,2,67.83,0,91.72,102.52,102.27,3.28,Boreal,sedan,private,32197
6,7,66190.84,152.33,3,54.31,0,85.98,109.28,100.47,3.23,Cobalt,suv,fleet,40128
6,7,84068.73,77.19,2,59.56,0,84.76,102.27,104.73,3.27,Aster,compact,fleet,16712
6,13,182190.22,144.66,4,46.78,0,56.03,101.91,108.59,3.12,Cobalt,wagon,private,16925
6,9,113504.98,165.31,4,76.18,0,66.57,102.14,104.13,3.36,Boreal,suv,fleet,33653
6,1,36168.64,145.53,1,76.49,0,83.29,106.99,103.16,2.86,Cobalt,suv,fleet,56955
7,8,110421.26,164,2,57.5,1,70.52,104.14,109.41,3.42,Ember,wagon,dealer,9685
7,9,137165.26,205.04,3,38.67,0,69.99,105.12,107.29,3.37,Aster,suv,fleet,23064
7,2,985.68,137.12,1,79.56,0,91.08,107.26,111.39,3.18,Fjord,suv,dealer,52188
7,7,118030.5,154.97,2,59.65,0,78.97,104.23,103.37,3.52,Aster,suv,dealer,39935
7,4,121140.94,75.79,2,58.67,1,91.1,100.82,105.31,3.44,Boreal,van,dealer,28112
7,0,32963.8,172.69,2,95.21,1,99.19,100.57,112.39,2.96,Fjord,suv,private,77424
7,11,126043.16,110.12,2,64.41,0,67.99,101.22,112.86,3.34,Fjord,sedan,private,13690
7,5,97680.95,120.47,2,77.54,0,82.65,102.72,107.72,3.2,Aster,van,fleet,15423
7,3,60344.45,142.5,2,66.83,0,85.44,103.07,107.89,2.91,Aster,compact,fleet,44561
7,14,163611.46,163.6,4,44.57,1,55.22,102.92,103.77,3.32,Aster,compact,private,9979
7,4,74029.14,184.01,2,74.04,1,95.84,101.18,105.66,3.58,Boreal,suv,fleet,34040
7,7,116256.91,63.59,2,55.51,0,81.21,99.68,103.14,3.36,Ember,compact,private,30399
7,14,224980.22,132.09,4,51.83,0,66.69,103.03,99.42,2.98,Fjord,suv,private,21385
7,3,93295.29,122.11,1,63.17,0,95.03,101.67,106.5,3.35,Boreal,sedan,dealer,39145
7,8,111082.9,131.26,3,54.82,0,73.86,103.33,104.12,2.8,Aster,compact,dealer,29366
7,9,149807.24,121.85,3,65.41,1,79.97,98.69,105.43,3.58,Dune,compact,dealer,28920
7,11,136820.05,150.09,2,49.24,0,65.31,100.72,106.25,3.31,Boreal,compact,dealer,33607
7,7,124725.74,121.1,2,52.66,0,82.68,99.22,102.04,3,Ember,suv,fleet,21134
7,5,78865.51,79.79,1,56.19,0,79.05,105.32,104.83,3.4,Aster,suv,dealer,45610
7,12,211433.14,58.62,3,65.84,1,58.99,103.3,110.63,3.04,Ember,compact,fleet,1200
7,8,135546.71,112.19,2,58.31,0,74.53,104.17,100.27,3.56,Cobalt,compact,dealer,15728
7,10,139030.6,122.47,3,64.22,0,72.22,101.21,97.54,3.21,Dune,sedan,fleet,16539
7,12,177856.96,96.14,4,75.14,0,60.84,98.13,103.31,3.13,Dune,suv,dealer,23467
7,9,140337.85,148.86,4,64.98,0,69.91,102.91,102.77,3.3,Aster,suv,dealer,39652
7,7,76973.56,141.93,3,54.43,1,83.02,100.84,102.92,3.2,Fjord,wagon,private,30071
7,12,160132.23,101.3,4,55.13,0,68.57,103.67,106.8,3.45,Dune,van,private,17031
7,6,82192.09,136.9,2,68.15,1,74.94,101.6,103.96,2.54,Boreal,compact,private,37238
7,5,82744.96,96.19,2,59.4,2,86.55,99.92,104,3.62,Cobalt,van,dealer,29710
7,0,500,91.07,2,69.58,0,100,102.04,101.27,3.67,Aster,compact,fleet,25817
7,2,66324.03,88.08,1,48.57,0,85.88,107.22,93.22,3.37,Fjord,van,fleet,40828
7,5,81965.13,106.11,2,84.14,0,83.25,107.61,104.46,3.02,Aster,compact,private,26751
7,5,46593,101.08,3,48.32,0,88.56,102.75,102.26,3.29,Fjord,suv,fleet,41911
7,7,87047.01,68.51,2,78.93,1,86.19,105.55,108.17,2.95,Cobalt,compact,dealer,20628
7,11,150108.67,152.17,4,73.58,0,67.31,102.42,107.79,3.4,Cobalt,suv,private,35604
7,1,500,123.2,1,85.31,1,100,105.01,104.12,3.18,Dune,sedan,fleet,53591
7,2,27586.33,153.89,1,70.69,1,94.12,98.91,104.34,2.99,Boreal,suv,fleet,39426
7,6,99019.53,96.37,2,95.25,1,85.69,106.8,108.92,3.21,Aster,compact,dealer,11949
7,2,37573.74,80.06,1,72.19,1,99.26,110.53,97.65,3.23,Ember,wagon,dealer,35530
7,11,150171.66,71.63,3,66.17,0,66.72,107.03,110.73,2.93,Cobalt,sedan,fleet,1534
7,8,105357.73,96.72,2,36.79,0,75.67,97.6,109.86,3.04,Fjord,compact,dealer,26386
7,11,196579.61,80.92,2,58.39,0,65.09,101.92,111.48,2.89,Cobalt,compact,fleet,5853
7,0,35342.96,160.9,1,93.21,1,100,100.42,103.62,3.36,Ember,suv,fleet,58774
7,9,104683.65,92.25,2,65.4,0,74.52,103.29,104.59,3.58,Aster,sedan,fleet,12723
7,8,152894.85,181.07,4,58.62,0,73.85,102.52,109.34,3.39,Ember,suv,fleet,31703
7,13,147762.3,109.64,4,65.53,0,69.41,104.62,104.92,3.03,Cobalt,compact,dealer,34522
7,8,138263.03,170.67,3,77.62,1,78.94,100.44,106.84,3.39,Cobalt,suv,fleet,49270
7,8,100532.78,185.62,3,72.07,0,81.93,104.22,106.61,3.31,Boreal,van,private,34614
7,16,251382.38,87.22,4,44.41,0,56.9,102.81,100.68,3.25,Boreal,compact,fleet,1874
7,7,123233.3,121.34,2,65.09,0,81.58,103.96,104.22,3.72,Boreal,compact,dealer,26224
7,13,218234.77,110.23,3,68.77,0,62.18,103.4,107.13,3.63,Dune,van,dealer,36580
7,5,80463.64,58.05,2,86.43,2,92.68,103,105.26,3.18,Cobalt,compact,fleet,16578
7,8,105225.62,105.58,3,65.24,0,75.21,103.49,106.68,3.26,Cobalt,compact,dealer,27166
7,1,500,138.02,1,64.48,0,89,101.91,97.02,2.97,Boreal,wagon,dealer,48601
7,15,194639.44,101,3,69.22,1,57.27,100.22,103.96,3.36,Fjord,sedan,private,30097
7,4,83003.92,91.99,3,70.58,0,80.46,99.96,108.41,2.96,Boreal,sedan,dealer,41342
7,2,5258.41,135.48,1,80.43,1,100,99.1,109.63,3.24,Boreal,suv,fleet,48638
7,7,91739.1,131.34,1,60.49,0,77.23,103.5,102.6,3.61,Ember,compact,dealer,25399
7,4,106627.84,85.36,2,60.21,0,93.46,100.25,105.92,3.39,Dune,van,dealer,33498
7,7,122925.79,118.66,3,56.78,0,81.64,100.1,102.03,2.67,Fjord,wagon,dealer,35177
7,14,232610.13,117.28,4,42.66,1,58.71,105.73,100.68,3.5,Cobalt,suv,dealer,24279
7,0,500,80.39,1,65.03,0,98.92,101.39,108.62,3.27,Aster,compact,private,34697
7,8,116408.51,65.69,2,37.01,0,82.82,102.26,105.75,3.02,Dune,van,private,27148
7,13,190513.08,121.64,5,49.52,0,62.04,102.98,110.81,3.03,Cobalt,suv,private,16405
7,11,85728.18,152.65,2,44.91,1,67.96,101.45,102.98,3.39,Dune,suv,dealer,31743
7,2,73133.99,138.39,1,64.38,1,90.95,104.14,102.13,3.07,Ember,compact,private,28830
7,5,69301.38,109.39,1,59.12,0,93.92,102.33,106.63,3.34,Cobalt,compact,private,35432
7,10,154452.85,134.52,2,62.4,0,64.16,100.79,105.61,3.47,Dune,van,dealer,14675
7,3,66293.28,125.66,1,100,0,95.57,105.52,105.71,3.55,Boreal,compact,dealer,44176
7,8,99947.3,63.41,3,75.68,0,77.04,102.54,107.89,2.96,Cobalt,van,dealer,35034
7,17,232470.07,137.85,4,47.05,1,68.73,102.26,105.64,3.41,Cobalt,wagon,fleet,1200
7,7,75605.88,60.09,2,33.78,0,95.53,106.33,105.9,2.67,Fjord,van,fleet,18534
7,8,119706.32,92.76,1,64.08,0,75.35,100.26,105.49,2.97,Boreal,suv,dealer,35326
7,10,96753.89,96.64,4,50.69,2,69.43,102.11,104.63,3.53,Boreal,suv,dealer,34501
7,12,183681.33,115.14,3,36.14,0,75.38,101.93,104.81,2.99,Ember,suv,fleet,2061
7,0,4403,140.13,1,68.14,0,92.87,104.29,104.17,3.6,Fjord,compact,private,35930
7,4,40492.83,134.94,2,37.91,0,90.6,100.22,106.03,2.97,Cobalt,van,dealer,35047
7,5,74880.37,151.41,3,61.06,0,84.66,100.78,107.07,3.12,Fjord,suv,fleet,39554
7,6,91110.75,167.41,2,74.53,0,82.15,101.05,96.43,2.96,Cobalt,suv,dealer,57970
7,10,111098.6,68.02,3,63.56,0,63.5,104.43,106.19,3.35,Boreal,suv,fleet,26210
7,13,196243.11,132.95,3,63.06,0,62.55,102.12,106.31,3.28,Boreal,compact,dealer,21374
7,7,101125.63,74.01,3,40.03,1,83.38,103.14,103.46,3.39,Boreal,sedan,private,9022
7,3,69886.03,63.14,2,100,0,89.74,101.26,113.62,3.58,Aster,compact,fleet,30720
7,6,85638.12,57.77,2,67.99,1,87.94,105.45,100.15,3.6,Aster,wagon,private,22656
7,8,60010.56,62.51,2,51.3,1,79.16,104.58,100.39,2.91,Ember,compact,private,10374
7,6,51964.54,75.92,2,79.69,1,79.31,104.97,100.16,3.1,Ember,compact,fleet,21901
7,8,72639.84,156.5,2,73.51,1,83.46,104.04,106.19,3.28,Aster,wagon,private,12348
7,7,72774.46,108.13,1,77.53,0,85.69,99.4,98.92,2.92,Cobalt,wagon,private,32365
7,9,128524.77,201.84,4,74.95,0,72.07,102.57,105.95,3.49,Aster,suv,fleet,26323
7,7,108139.16,180.84,2,67.58,2,82.85,101.13,105.67,3.4,Boreal,suv,private,33623
7,7,90945.62,79.08,4,62.3,1,79.39,100.2,103.22,3.13,Aster,compact,private,2899
7,2,10275.01,167.05,1,68.67,1,98.75,101.41,110.43,3.23,Boreal,suv,private,54995
7,15,206325.67,128.16,4,36.1,1,54.13,101.62,99.76,3.1,Aster,sedan,dealer,11979
7,5,112415.42,99.66,2,38.17,1,88.95,102.81,108.64,3.35,Fjord,sedan,dealer,27689
7,13,160480.35,145.62,4,71.71,0,73.02,104.13,102.41,3.27,Aster,sedan,private,18787
7,16,162404.94,129.48,3,46.59,0,56.06,98.9,104.89,3.2,Cobalt,suv,fleet,18733
7,14,208258.01,131.89,4,52.84,1,60.79,103.84,93.12,3.23,Boreal,sedan,dealer,1200
7,8,142810.13,170.1,2,65.66,0,78.57,101.24,104.54,3.52,Aster,suv,private,32508
7,6,72287.93,70.75,3,75.9,0,80.25,99.82,104.6,3.14,Fjord,compact,fleet,15514
7,4,92121.63,90.69,1,67.16,1,88.99,102.8,104.57,3.2,Cobalt,compact,private,28765
7,8,115095.17,148.35,3,86.43,0,73.36,106.7,99.55,3.23,Cobalt,suv,private,51007
7,6,90433.32,131.84,3,53.03,0,74.69,97.1,98.88,3.16,Fjord,compact,fleet,32515
7,5,52736.68,101.57,3,87.62,1,79.06,102.37,103.06,3.36,Fjord,compact,dealer,34672
7,8,94194.82,93.97,3,63.74,0,84.85,103.8,102.16,3.2,Boreal,wagon,dealer,26152
7,10,163285.9,78.05,2,71.49,0,74.58,98.07,110.16,3.48,Boreal,compact,fleet,17777
7,12,221842.1,171.01,4,46.01,0,60.84,102.02,104.63,3.57,Boreal,suv,private,23579
7,4,86214.32,137.4,1,68.02,0,91.65,99.77,100.86,3.2,Boreal,suv,dealer,48867
7,3,60053.6,105.02,1,53.88,0,94.06,99.23,104.92,3.28,Fjord,compact,private,31431
7,1,18010.78,131.8,1,82.52,0,98.83,100.91,108.71,3.39,Ember,compact,dealer,46551
7,7,74987.46,163.18,2,63.44,0,86.76,101.24,104.99,3.06,Cobalt,suv,fleet,29312
7,0,22155.73,112.89,1,72.52,1,90.89,104.92,99.21,3.28,Ember,compact,private,44947
7,5,83779.67,184.78,3,75.91,1,94.64,107.78,105.07,2.84,Aster,suv,dealer,57806
7,12,141639.38,109.9,4,49.54,0,60.67,99.47,105.67,3.26,Aster,suv,private,36786
7,3,40420.63,94.89,1,73.52,0,88.22,98.34,98.15,3.23,Boreal,suv,dealer,34779
7,16,185350.76,147.3,3,54.66,1,42,103.36,110.79,3.56,Fjord,sedan,fleet,1200
7,1,62406.42,90.78,1,64.17,0,96.77,99.54,99.47,3.15,Ember,van,dealer,40771
7,1,58972.2,102.26,1,73.82,0,98.25,99.96,100.37,3.28,Ember,suv,private,56312
7,15,240907.19,98.26,5,64.59,2,57.56,101.45,100.52,3.06,Fjord,suv,fleet,7342
7,6,109044.53,92.67,1,74.48,0,81.54,100.45,108.51,3.08,Dune,compact,dealer,37593
7,1,500,82.85,1,57.67,0,98.26,99.18,111.89,3.29,Boreal,van,fleet,46765
7,5,75954.12,45,3,60,0,94.39,104.75,104.67,3.29,Ember,compact,private,17786
7,6,89460.93,132.72,3,53.91,0,88.4,103.78,100.68,3.32,Dune,suv,dealer,58907
7,9,146785.33,86.9,3,48.6,0,73.54,99.49,105.5,3.38,Boreal,compact,fleet,27533
7,0,12434.13,91.42,2,55.99,0,94.86,97.9,107.13,3.42,Fjord,wagon,fleet,44236
7,6,100310.43,74.47,3,64.52,1,88.59,107.36,99.43,3.39,Boreal,sedan,private,40557
7,14,218906.89,107.04,4,34.86,1,62.35,98.44,106.08,3.57,Aster,suv,fleet,16919
8,9,119522.95,126.66,3,45.21,0,80.9,100.93,106.62,3.25,Ember,compact,fleet,31366
8,11,145318.02,141.76,4,87.05,0,72.02,101.96,95.8,3.13,Cobalt,compact,fleet,12997
8,5,104718.49,72.91,3,73.13,2,82.78,103.41,101.03,3.55,Cobalt,compact,dealer,20777
8,2,25058.43,89.83,1,79.24,0,87.82,104.02,106.13,3.29,Aster,sedan,fleet,23758
8,11,173757.56,82.86,3,67.37,1,77.02,100.59,104.86,3.39,Aster,compact,fleet,11358
8,13,189568.36,79.48,3,65.84,0,64.53,100.15,108.54,3.52,Boreal,wagon,dealer,1200
8,4,49310.31,109.37,1,73.09,0,87.82,103.83,104.26,3.42,Dune,wagon,dealer,45114
8,14,216145.07,81.7,4,44.29,0,68.24,102.1,100.41,3.5,Dune,sedan,fleet,22301
8,0,500,118.43,1,84.05,0,96.79,103.24,106.76,3.13,Ember,compact,dealer,45337
8,7,129143.78,72.02,3,59.23,0,83.34,102.88,110.25,3.01,Boreal,wagon,private,8863
8,10,154937.24,96.1,3,54.17,0,66.86,103.92,103.55,3.44,Fjord,sedan,private,13739
8,10,143202.02,86.67,2,66.43,1,65.48,107.59,106.53,3.43,Boreal,suv,fleet,9002
8,4,70743.05,96.7,3,94.62,0,89.97,104.57,102.43,3.08,Cobalt,sedan,fleet,37866
8,2,29924.28,133.03,1,68.33,0,88.62,101.34,103.91,3.36,Cobalt,sedan,dealer,57689
8,5,70634,136.26,2,93.18,0,90.07,102.38,106.52,3.32,Fjord,sedan,fleet,25034
8,11,188741.42,113.89,1,32.57,1,59.26,104.52,106.03,3.73,Ember,van,private,23961
8,6,88852.17,45,1,60,0,84.9,108.81,100.73,3.49,Boreal,van,dealer,22124
8,7,133619.78,119.09,2,48.65,0,67.8,104.71,109.97,3.36,Fjord,wagon,private,39528
8,11,170268.83,99.99,2,70.35,0,76.06,103.6,105.85,3.42,Aster,van,fleet,24171
8,4,55417.75,93.7,2,59.5,1,85.22,100.96,100.31,3.31,Aster,compact,dealer,23194
8,3,63386.79,102.76,1,54.18,0,97.49,100.76,105.39,3.04,Aster,sedan,dealer,29740
8,9,141444.55,71.21,3,57.54,2,76.35,102.21,104.18,3.44,Boreal,suv,dealer,25031
8,6,87152.13,110.86,2,79.46,1,78.72,106.41,106.11,3.25,Cobalt,sedan,private,42395
8,7,169886.59,180.92,2,51.08,0,85.7,105.65,103.75,3.28,Aster,suv,fleet,43642
8,10,144669.95,137.62,3,52.88,0,81.02,106.02,103.8,3.23,Fjord,van,fleet,27233
8,7,121002.21,91.65,5,56.95,0,87.85,103.16,106.37,2.99,Boreal,compact,fleet,38872
8,13,175604.33,80.74,3,68.93,1,67.16,104.92,107.41,3.19,Aster,van,fleet,1200
8,16,188299.62,135.33,4,37.44,0,66.57,105.67,106.4,3.74,Boreal,compact,dealer,1200
8,11,168067.89,136.18,3,35.33,2,68.54,101.76,111.27,3.23,Cobalt,compact,fleet,2376
8,2,80069.94,134.4,2,69.99,0,99.9,102,100.83,3.12,Aster,suv,dealer,48336
8,3,78518.91,98.16,2,82.65,1,86.52,102.4,104.77,3.08,Boreal,wagon,private,21279
8,11,118168.83,141.3,4,61.01,1,71.76,106.2,104.91,3.11,Boreal,suv,fleet,22851
8,1,52224.74,130.84,1,65.48,0,89.35,99.52,103.96,3.21,Boreal,sedan,private,40943
8,12,213617.84,211.78,4,62.3,0,71.32,105.03,101.81,2.95,Fjord,suv,fleet,28126
8,5,100445.5,45,3,56.07,1,85.25,100.41,101.93,3.19,Ember,sedan,private,7322
8,6,51227.16,142.65,3,52.83,0,81.1,99.25,107.57,3.49,Dune,compact,fleet,31026
8,8,135959.21,112.32,3,63.14,0,73.15,102.23,105.13,3.2,Fjord,wagon,dealer,32478
8,9,102487.33,115.97,2,72.7,0,74.92,103.63,107.31,2.99,Boreal,wagon,dealer,29442
8,4,46908.2,112.19,2,46.93,0,90.39,104.29,104.6,3.49,Dune,sedan,dealer,44241
8,4,50921.43,58.32,3,62.17,0,89.3,99.45,110.1,3.25,Boreal,compact,private,17682
8,5,69875.17,54.95,3,76.35,0,88.05,102.42,109.59,2.92,Fjord,compact,fleet,33582
8,13,190325.18,142.53,4,49.61,0,70.52,102.63,105.78,3.26,Fjord,van,private,1200
8,5,103355.41,66.78,3,73.19,1,76.33,104.65,101.4,3.02,Dune,compact,fleet,28257
8,13,141919.18,118.06,4,27.25,1,53.87,105.53,106.75,3.25,Fjord,suv,dealer,7461
8,3,38035.02,110.79,2,65.07,1,84.91,101.13,109.69,3.15,Aster,sedan,fleet,32382
8,6,114720.06,52.75,2,74.7,0,86.56,101.17,109.42,3.29,Aster,wagon,dealer,20422
8,7,46952.71,91.12,2,61.51,0,73.06,104.17,105.61,3.39,Boreal,sedan,private,19279
8,8,88864.96,146.62,3,56.79,1,85.35,104.67,107.16,3.14,Fjord,compact,dealer,19601
8,12,171530.56,87.44,5,40.43,0,61.31,102.36,107.73,3.47,Boreal,sedan,private,4906
8,12,163308.44,92.46,4,65.26,0,58.94,106.04,100.23,3.65,Boreal,compact,dealer,6970
8,12,193823.44,194.4,4,41.88,0,69.35,104.56,105.63,3.14,Boreal,suv,fleet,25016
8,9,124121.53,81.42,5,49.47,1,80.55,103.29,108.02,3.17,Boreal,sedan,fleet,1200
8,3,21457.93,95.86,2,63.57,1,79.18,101.89,105.42,3.36,Ember,sedan,private,37240
8,8,131622.67,71.21,3,57.22,1,79.62,103.48,104.56,3.29,Boreal,suv,private,30596
8,6,114595.89,82.47,1,52.88,0,86.3,110.08,107.81,3.1,Boreal,compact,fleet,29559
8,7,110647.84,89.16,2,74.87,0,87.28,97.7,112.84,3.2,Boreal,van,fleet,19880
8,8,142862.79,75.35,3,64.71,0,73.19,101.07,103.15,3.15,Cobalt,sedan,dealer,22232
8,8,153424.26,112.09,3,62.33,1,72.05,104.86,101.42,2.99,Cobalt,suv,fleet,36719
8,13,182087.41,189.05,3,62.58,0,60.01,98.58,108.41,3.49,Aster,suv,dealer,18667
8,3,76667.65,47.87,2,68.5,0,99.99,107.25,105.73,3.59,Dune,wagon,fleet,45312
8,13,208326.46,127.91,4,62.77,0,64.61,106.26,100.8,2.96,Aster,compact,private,3937
8,9,123113.31,97.09,3,63.14,1,74.7,97.38,109.66,3.3,Aster,sedan,dealer,11477
8,7,95380.75,123.89,2,51.7,1,80.15,101.77,105.1,3.1,Fjord,suv,dealer,27490
8,1,40258.85,148.92,2,84.32,0,100,105.71,108.65,3.14,Boreal,suv,private,58336
8,9,166044.8,172.11,3,51.72,1,72.21,101.6,103.44,3.25,Cobalt,suv,fleet,27796
8,6,108132.34,134.01,2,90.9,0,85.67,103.77,102.08,3.08,Ember,van,fleet,39015
8,4,81076.64,107.58,3,85.28,0,97.81,107.12,105.89,3.09,Cobalt,sedan,dealer,56083
8,18,256261.58,135.99,4,23.54,0,58.32,98.01,109.31,3.69,Fjord,suv,fleet,16716
8,0,8990.94,164.67,1,81.96,0,96.51,101.99,99.42,3.33,Dune,van,fleet,54313
8,13,205618.59,152.07,5,67.61,2,57.86,103.52,104.24,3,Cobalt,suv,fleet,3510
8,7,76636.29,155.44,1,50.39,2,87.08,103.98,103.55,3.18,Dune,suv,fleet,29779
8,6,76014.58,104.23,1,72.69,1,85.36,104.25,96.2,3.11,Aster,sedan,fleet,25591
8,14,197467.41,176.89,4,42.49,1,66.15,101.53,105.19,2.96,Boreal,suv,private,45646
8,11,140684.49,189.02,3,55.28,0,64.12,105.21,104.38,3.58,Cobalt,suv,fleet,28877
8,3,50752.04,96.84,2,49.64,2,99.04,103.15,106.09,3.42,Boreal,van,fleet,37662
8,5,103130.73,125.91,2,64.58,0,86.34,104.23,104.92,3.23,Dune,suv,private,49081
8,11,160969.38,85.26,3,20.48,0,62.73,105,103.91,3.54,Cobalt,compact,fleet,1867
8,9,131720.89,94.67,4,66.04,1,66.32,99.55,109.48,3.71,Fjord,sedan,private,1200
8,5,76791.52,59.2,1,77.14,0,87.42,106.03,103.03,3.22,Ember,wagon,private,25046
8,10,135698.38,106.93,4,77.11,2,67.38,100.85,100.03,3.5,Dune,van,private,19053
8,8,132111.56,113.69,3,75.39,1,77.96,95.67,102.2,3.23,Boreal,sedan,fleet,4299
8,10,130231.16,81.55,2,63.48,0,66.39,101.11,110.79,3.62,Fjord,wagon,dealer,19886
8,8,123921.27,105.11,3,74.61,0,88.74,103.42,99.98,3.13,Boreal,suv,fleet,36813
8,12,184660.09,113.74,3,46.9,0,73.08,101.47,105.05,3.07,Ember,suv,private,3637
8,9,130487.59,160.72,3,52.77,0,85.74,97,104.78,3.25,Fjord,suv,private,20246
8,10,118169.48,77.78,3,83.16,1,70.9,107.84,100.62,3.57,Aster,wagon,dealer,4996
8,9,143387.64,68.43,2,42.99,1,76.15,100.95,105.1,3.34,Ember,suv,private,8740
8,6,66685.18,120.14,3,66.85,0,81.2,98.4,106.94,3.2,Ember,wagon,dealer,46018
8,2,29711.55,160.68,2,79.65,0,100,95.83,109.64,3.72,Cobalt,suv,fleet,55041
8,13,202426.53,89.75,3,51.96,0,54.5,102.12,105.2,3.07,Aster,wagon,fleet,1200
8,10,130609.04,143.69,4,52.89,0,73.31,104.3,106.49,2.73,Cobalt,wagon,dealer,47502
8,10,178801.42,95.23,2,42.15,0,75.07,102.46,101.23,3.09,Aster,van,dealer,39270
8,7,84753.81,81.56,4,79.49,0,77.27,105.07,107.81,3.39,Boreal,van,dealer,24511
8,8,139678.95,107.31,4,52.91,0,77,101.99,107.84,3.17,Dune,suv,fleet,44110
8,6,102378.86,129.86,2,62.12,0,79.23,105.85,99.84,3.31,Boreal,wagon,dealer,33035
8,0,22907.11,53.82,1,88.9,0,96.26,97.25,104.63,3.19,Boreal,suv,dealer,46424
8,5,40538.71,50.47,2,82.94,0,79.49,95.2,104.97,3.57,Fjord,compact,dealer,20013
8,7,116846.25,119.77,3,57.74,0,81.37,101.98,110.03,3.47,Aster,suv,dealer,23892
8,10,101900.89,108.26,3,85.85,0,65.96,98.98,103.15,3.3,Aster,sedan,fleet,23931
8,8,172043.81,96.69,3,48.84,1,70.26,97.71,108.14,3.48,Boreal,compact,dealer,22416
8,5,61734.63,124.31,2,86.87,0,79.66,104.23,108.25,3.13,Cobalt,suv,dealer,40746
8,9,126609.89,130.95,2,59.13,1,77.27,100.05,106.32,3.54,Ember,suv,dealer,43189
8,7,71481.61,88.43,3,50.86,1,84.56,98.76,102.73,3.87,Boreal,suv,private,25933
8,13,241184.34,111.76,5,37.52,0,67.69,103.99,108.18,3.04,Fjord,van,fleet,2037
8,5,89757.12,192.84,2,53.49,0,81.43,107.26,105.7,3.42,Boreal,suv,private,40362
8,13,194840.64,132.31,4,31.94,0,64.5,103.3,101.38,3.43,Boreal,van,private,8312
8,11,158212.34,135.97,4,62.04,2,64.45,100.86,107.44,2.54,Boreal,wagon,fleet,13711
8,6,95483.96,119.75,2,73.6,0,81.23,100.39,105.74,3.14,Boreal,sedan,private,25331
8,9,140010.82,96.27,2,70.31,0,74.83,104.83,103.33,3.27,Aster,compact,private,1200
8,9,124503.78,80.21,3,49.61,0,74.03,101.75,103.26,3.7,Ember,sedan,dealer,14216
8,10,183833.64,89.94,2,22.53,1,64.68,96.98,109.28,3.21,Aster,sedan,private,1200
8,0,37377.53,109.54,1,66.46,0,100,104.33,107.78,3.45,Boreal,suv,dealer,57776
8,5,52172.35,127.34,2,36.29,0,87.48,104.79,101.36,3.42,Fjord,suv,dealer,35089
8,16,191201.39,114.47,4,33.23,1,60.29,104.29,103.57,3.7,Fjord,compact,fleet,1200
8,7,99991.41,131.21,3,81.08,0,80.51,98.55,99.14,3.27,Boreal,suv,fleet,42777
8,8,88812.23,192.14,1,50.86,0,75.06,105.7,111.28,3.18,Boreal,suv,private,38594
8,7,136170.53,157.63,2,60.21,0,87.09,101.24,98.92,3.43,Ember,suv,fleet,37528
8,6,94202.36,69.72,2,55.36,1,92.97,106.43,103.99,3.55,Boreal,compact,dealer,31841
8,5,47967.89,139.49,3,85.14,0,90.81,101.05,101.17,3.45,Fjord,suv,dealer,44443
8,8,134619.64,117.14,1,68.75,0,76.84,102.72,102.8,3.25,Boreal,van,dealer,35354
8,5,97904.08,65.48,3,66.96,0,87.9,104.43,109.12,3.48,Aster,compact,fleet,18271
8,8,94985.06,134.32,2,63.13,0,80.4,104.98,103.47,3.11,Cobalt,suv,dealer,53170
8,14,204755.97,141.63,3,53.08,1,64.64,101.75,103.4,3.21,Boreal,wagon,private,16649
8,12,142662.66,105.29,4,63.29,0,78.74,101.15,110.2,3.31,Boreal,sedan,fleet,18027
8,3,44223.54,86.36,3,63.25,0,90.92,97.57,92.47,3.14,Boreal,wagon,private,26999
9,2,41856.32,91.41,2,77.29,0,84.46,102.84,104.4,3.4,Dune,sedan,dealer,44701
9,5,46127.84,178.1,1,63.12,1,89.73,103.41,100.74,3.58,Aster,wagon,dealer,29919
9,7,126789.67,118.5,3,69.9,0,68.62,106.58,103.27,3.52,Ember,van,private,21115
9,11,140451.55,136.4,4,62.78,0,75.6,102.36,102.63,3.38,Aster,compact,private,19689
9,3,59977.71,123.23,2,57.52,2,92.36,104.23,107.01,3.31,Cobalt,compact,dealer,43489
9,5,79418.16,81.71,1,58.48,0,76.06,103.92,104.04,3.32,Cobalt,compact,private,34669
9,14,229353.07,110.73,4,45.5,0,67.34,103,105.22,3.1,Boreal,suv,dealer,32434
9,16,255734.43,117.39,4,42.86,1,59.22,103.25,108.45,3.47,Cobalt,sedan,dealer,24172
9,2,31450.15,109.02,1,78.84,0,95.12,100.42,98.75,3.46,Aster,van,private,44043
9,6,99481.53,90.15,2,82.58,1,76.67,101.75,108.54,3.69,Boreal,sedan,private,28106
9,7,126922.42,180.93,4,63.97,2,83.95,104.54,105.04,2.98,Aster,compact,fleet,18523
9,7,109262.87,237.15,2,72.5,1,72.68,106.22,106.73,3.08,Aster,suv,fleet,35488
9,3,63370.89,130.44,1,60.9,0,88.8,107.97,103.12,3.33,Aster,compact,private,26551
9,11,165916.57,87.26,2,68.63,0,61.77,105.9,110.43,3.58,Cobalt,wagon,private,1200
9,9,112905.75,101.83,3,34.41,0,75.77,106,110.68,2.89,Aster,suv,dealer,44094
9,5,81284.6,87.45,2,71.47,0,85.81,106.62,104.7,3.35,Ember,wagon,fleet,20197
9,10,149500.18,170.23,3,69.03,1,77.92,99.51,103.03,3.67,Fjord,suv,dealer,42865
9,5,73592.91,118.36,2,59.85,0,88.16,102.73,99,3.48,Ember,suv,fleet,31875
9,8,107030.31,76.88,3,70.38,1,80.66,101.25,114.96,3.61,Cobalt,sedan,dealer,16585
9,8,128023.74,72.31,4,72,0,80.86,98.95,105.96,3.31,Fjord,van,dealer,26862
9,2,47039.59,119.16,2,54.64,0,87.44,104.04,107.02,3.32,Boreal,suv,dealer,49556
9,12,155460.93,101.63,4,34.37,0,56.45,103.24,107.52,3.21,Ember,compact,fleet,10543
9,0,26339.5,186.45,2,74.87,1,100,101.7,94.64,3.36,Boreal,suv,private,56192
9,11,193908.05,135.06,5,54.25,0,66.96,104.92,108.31,3.32,Boreal,suv,fleet,12250
9,6,116853.27,45,1,72.22,0,85.42,101.24,105.82,3.58,Dune,wagon,dealer,36067
9,6,42863.19,138.06,2,89.81,0,87.35,103.56,109.63,3.5,Aster,suv,fleet,44673
9,14,168527.97,103.07,4,45.53,0,63.12,103.84,101.01,3.31,Boreal,suv,private,1200
9,8,102254.55,176.42,3,64.03,0,84.92,101.67,104.09,3.28,Dune,suv,fleet,40238
9,8,98559.68,125.61,2,64,1,77.82,102.47,110.33,2.99,Dune,suv,fleet,36678
9,8,110218.67,130.27,2,45.63,0,74.33,103.58,104.52,3.47,Cobalt,compact,private,26098
9,9,119016.05,79.27,3,73,0,72.86,105.65,108.48,2.85,Cobalt,compact,dealer,22851
9,10,143678.5,69.91,2,52.85,0,67.42,107.85,101.15,3.59,Cobalt,suv,fleet,30163
9,0,20706.01,172.69,2,65.08,0,91.72,97.92,106.65,3.41,Aster,suv,fleet,57097
9,8,133940.26,129.18,2,74.86,1,82.64,102.18,105.6,3.08,Aster,suv,fleet,36685
9,4,67902.77,108.81,1,75.3,0,89.86,102.32,99.61,2.98,Boreal,compact,dealer,42819
9,4,77070.75,158.02,2,74.6,0,89.21,104.91,111.71,3.4,Fjord,suv,fleet,43267
9,4,105991.23,137.03,3,64.08,0,80.99,100.78,102.89,3.59,Dune,van,dealer,36814
9,10,140472.59,169.01,3,62.69,0,65.04,110.24,106.13,3.45,Boreal,suv,dealer,42103
9,1,33724.16,83.63,2,78.11,0,88.55,101.99,109.24,3.34,Aster,sedan,private,32293
9,13,166317.3,49,4,51.57,0,65.88,96.09,104.72,3.17,Boreal,van,private,8169
9,4,54673.23,74.52,2,75.23,0,99.88,102.65,107.89,3.75,Boreal,sedan,private,36460
9,13,197672.02,73.57,4,63.44,0,63.62,104.15,108.94,3.36,Cobalt,sedan,dealer,18289
9,12,168288.09,136.17,3,44.59,0,79.77,103.16,103.55,3.2,Boreal,suv,private,16818
9,4,51350.78,111.34,3,75.55,1,83.9,102.4,108.39,3.36,Aster,compact,private,18471
9,15,188351.43,85.87,5,41.97,0,61.04,104.24,102.6,3.71,Boreal,suv,dealer,18476
9,9,126241.59,157.22,3,70.31,0,71.83,102.23,109.73,3.74,Boreal,sedan,fleet,34933
9,12,173821.4,86.17,3,82.03,1,59.56,104.96,107.14,3.53,Dune,compact,private,1200
9,9,115218.56,139.89,3,47.98,1,70.1,97.25,106.2,3.02,Boreal,suv,private,45520
9,0,12677.21,108,1,61.5,1,98.46,103.94,100.61,3.76,Boreal,compact,fleet,37104
9,7,97398.66,105.5,1,58.62,0,76.75,103.3,103.73,3.16,Fjord,sedan,dealer,23268
9,0,500,149.85,1,94.22,2,97.22,100.77,107.08,3.28,Aster,compact,fleet,31012
9,6,106890.6,122.77,4,71.96,1,89.83,103.25,105.22,3.27,Fjord,suv,dealer,34354
9,8,154840.25,109.94,2,81.62,1,75.36,102.32,108.14,3.6,Aster,suv,private,20156
9,9,120743.55,77.56,3,64.06,1,82.86,105.24,103.99,3.09,Fjord,sedan,fleet,9574
9,3,106147.89,73.58,2,44.05,0,97.92,100.69,114.38,3.38,Dune,wagon,fleet,36818
9,10,102076.25,136.02,2,60.64,0,64.8,105.87,104.8,3.51,Aster,suv,dealer,31585
9,11,220194.8,161.7,4,70.48,0,73.17,105.69,107.6,3.58,Boreal,sedan,fleet,36336
9,15,194477.78,89.12,4,38.05,0,65,99.05,109,3.29,Aster,van,dealer,14906
9,9,154975.2,135.86,3,55.86,1,71.53,96.6,103.43,3.08,Boreal,suv,private,21942
9,17,254966.02,169.88,5,44.23,1,58.78,104.13,102.26,3.01,Aster,suv,dealer,8753
9,9,144009.66,53.75,3,52.4,0,76.24,102.68,102.77,3.06,Boreal,sedan,fleet,17805
9,11,175083.38,149.8,2,69.11,0,67.6,107.15,99.67,3.09,Boreal,suv,dealer,32999
9,13,192792.52,148.21,3,53.14,0,56.3,103.1,108.26,3.55,Dune,van,dealer,22738
9,16,211265.09,152.3,5,41.26,1,58.29,102.87,102.46,3.29,Aster,sedan,fleet,2223
9,4,55063.16,157.09,2,87.74,0,88.63,102.26,100.22,3.56,Boreal,suv,private,48579
9,2,11289.51,110.46,1,82.15,0,91.61,103.36,97.99,3.42,Dune,suv,fleet,45175
9,4,128652,122.26,2,81.68,0,80.44,98.49,105.25,3.43,Fjord,compact,dealer,30308
9,8,120382.07,140.61,1,61.34,0,77.49,98.34,108.72,3.37,Boreal,suv,fleet,42335
9,2,50417.68,76.45,1,51.9,0,96.73,105.42,108.44,3.16,Cobalt,compact,private,31438
9,7,108998,89.05,2,61.9,1,73.38,99.99,100.8,3.75,Boreal,van,private,8530
9,3,500,111.46,2,73.86,1,93.49,105.92,109.51,3.5,Aster,sedan,dealer,29852
9,7,101714.02,133.4,3,73.22,0,89.16,106.57,101.89,3.28,Ember,suv,private,20432
9,11,169393.59,45,4,57.65,0,63.88,102.57,101.14,3.25,Boreal,sedan,dealer,18216
9,3,84757.95,136.07,2,55.43,1,93.13,93.43,106.18,2.74,Fjord,suv,dealer,62474
9,14,200105.71,45,5,52,1,59.23,102.52,97.18,3.17,Boreal,sedan,dealer,1200
9,14,199239.33,73.57,4,57.18,1,64.46,108.9,103.8,3.33,Boreal,wagon,dealer,1200
9,4,109967.09,73.52,2,32.04,2,87.88,101.89,104.14,3.58,Boreal,sedan,fleet,16115
9,16,245967.35,83.58,4,48.91,1,57.73,101.53,107.96,3.19,Ember,sedan,dealer,7718
9,9,141498.49,45,3,72.48,0,77.83,105.48,106.24,3.13,Cobalt,compact,fleet,1200
9,9,154556.9,132.09,3,82.7,0,62.09,100.85,116.06,3.35,Cobalt,wagon,dealer,42501
9,7,80456.63,109.12,2,64.6,0,72.94,99.82,107.39,3.1,Boreal,wagon,fleet,33652
9,12,143551.61,106.07,4,52.32,0,62.67,98.61,92.59,3.32,Fjord,suv,private,28402
9,9,147766.09,177.04,3,63.69,1,76.7,99.26,104.78,3.33,Cobalt,compact,dealer,27053
9,6,100307.41,178.29,2,68.06,1,79.59,101.69,111.75,3.24,Boreal,suv,private,47028
9,7,94588.68,139.5,2,65.91,0,76.47,104.78,103.57,3.67,Aster,sedan,dealer,6497
9,8,106544.44,123.78,2,32.42,1,73.73,103,104.08,3.23,Boreal,sedan,private,17508
9,5,35369.96,96.43,2,58.48,1,84.17,101.28,107.3,3.22,Boreal,compact,private,30233
9,8,131186.03,126.82,3,82.96,0,78.5,105.16,103.24,3.18,Aster,compact,fleet,8499
9,2,500,107.08,1,69.31,0,93.95,101.01,99.16,3.71,Ember,compact,private,41380
9,4,74285.2,132.23,2,63.27,0,96.4,102.66,102.6,3.36,Boreal,van,dealer,32236
9,7,109777.53,85.79,2,52.15,0,84.69,105.46,105.63,3.51,Aster,sedan,fleet,10942
9,8,132524.04,45,3,61.44,0,79.2,102.74,108.2,3.44,Cobalt,sedan,private,23371
9,0,13566.83,71.68,2,59.33,1,100,102.07,108.17,3.21,Aster,suv,dealer,46596
9,11,146130.08,107.39,3,56.58,0,64.97,98.38,102.28,3.82,Boreal,compact,dealer,22591
9,6,101802.83,110.85,2,59.42,0,86.08,100.34,112.18,3.36,Cobalt,compact,fleet,33859
9,12,132948.8,92.67,3,59.05,1,57.69,104.87,105.59,3.66,Boreal,sedan,dealer,22361
9,8,132639.1,122.16,4,74.07,0,86.09,100.98,105.78,3.75,Ember,wagon,private,18026
9,16,225223.32,54.72,4,46.65,0,53.47,104.71,101.53,3.09,Aster,compact,dealer,1200
9,7,120695.88,142.17,3,50.64,0,77.84,99.74,106.89,3.3,Fjord,compact,private,21969
9,8,124239.55,159.81,3,56.03,0,84.79,98.5,110.13,3.14,Cobalt,suv,fleet,52133
9,10,188134.27,131.89,3,74.98,0,75.45,104,104.5,3.47,Aster,suv,dealer,23870
9,3,45496.16,143.89,2,77.83,0,97.4,107.81,103.98,3.56,Fjord,suv,dealer,50576
9,6,106833.1,172.74,2,70.57,0,83.22,101.39,106.24,3.28,Cobalt,suv,dealer,43713
9,10,175656.14,166.26,3,78.68,0,74.82,103.06,102.79,3.67,Dune,suv,fleet,44594
9,14,190870.08,129.17,4,50.44,0,60.26,106.08,108.73,3.31,Cobalt,sedan,fleet,23809
9,8,164556.17,134.85,3,80.72,0,69.48,102.47,107.19,3.3,Aster,suv,fleet,34335
9,7,98456.84,121.98,2,79.8,0,80.4,102.63,102.25,3.57,Boreal,compact,fleet,31441
9,9,119398.41,164.71,3,43.09,0,76.64,99.57,105.89,3.41,Dune,suv,fleet,30723
9,6,112004.74,150.34,1,85.08,1,94.59,101.66,99.41,3.23,Ember,sedan,dealer,38497
9,12,147311.27,163.36,3,64.11,1,66.61,103.78,94.03,3.1,Ember,suv,dealer,24123
9,8,147860.81,102.03,3,41.68,0,74.07,102.94,105.3,3.66,Boreal,sedan,dealer,28945
9,8,188283.08,104.75,3,55.79,1,84.69,105.29,104.97,3.2,Aster,sedan,dealer,12030
9,12,162695.04,91.84,3,61.93,1,60.34,99.51,101.89,3.6,Boreal,sedan,dealer,6474
9,7,110803.91,110.27,3,75.74,0,88.74,104.14,109.08,3.45,Ember,van,private,36887
9,7,66407.29,153.65,1,83.82,0,72.44,98.35,102.56,3.09,Boreal,suv,private,48802
9,8,142033.74,119.88,3,76.2,0,89.81,103.21,103.3,3.39,Boreal,wagon,fleet,34620
9,6,101050.18,73.48,2,87.89,0,87.59,99.61,102.71,3.4,Aster,wagon,private,20768
9,5,97263.43,172.34,3,65.93,0,89.47,99.46,103.67,3.26,Boreal,compact,private,46628
9,8,79922.34,134.26,3,60.22,0,76.1,103.27,103.9,3.16,Boreal,suv,dealer,64112
9,12,143844.23,115.61,3,74.33,0,78.38,102.9,101.21,3.42,Aster,compact,dealer,23481
9,12,147502.76,87.06,2,75.06,2,69.26,105.36,110.87,3.31,Dune,suv,fleet,22566
9,10,106132.21,170.72,3,58.02,1,82.8,100.91,96.43,3.19,Aster,suv,dealer,25959
9,0,22045.87,99.22,1,54.76,0,98.33,98.95,108.24,3.13,Fjord,sedan,dealer,46285
9,11,153737.78,45,4,70.23,0,70.87,101.31,101.95,3.63,Cobalt,sedan,private,1200
9,11,180537.92,63.61,3,58.42,1,71.18,102.68,106.58,3.56,Ember,compact,fleet,1200
10,10,112125.21,72.39,3,43.8,0,78.06,107.58,110.15,3.19,Aster,sedan,fleet,1200
10,2,56121.5,63.55,2,67.87,0,88.05,103.38,110.36,4.02,Boreal,suv,private,38653
10,7,107818.2,122.87,3,82.93,1,83.05,98.53,107.74,3.54,Boreal,sedan,fleet,31068
10,1,15172.2,76.54,2,52.24,1,100,101.04,103.63,3.43,Fjord,suv,private,48293
10,12,170463.97,48.07,4,61.77,0,71.14,101.07,99.01,3.36,Boreal,wagon,dealer,25279
10,7,87210.55,64.8,2,67.22,1,78.02,103.36,108.05,3.5,Boreal,wagon,dealer,21208
10,10,147854.34,97.13,3,57.71,0,77.5,101.02,104.12,3.35,Aster,van,fleet,7992
10,4,50134.85,45,1,79.68,0,88.19,94.96,106.1,3.09,Boreal,compact,fleet,22395
10,9,124259.79,98.7,3,58.81,0,79.35,105.7,94.88,3.59,Aster,sedan,private,33953
10,6,113391.59,96.08,1,82.76,0,82.91,102.88,98.04,3.39,Dune,compact,private,34478
10,7,65954.06,126.96,2,52.16,0,84.82,105.09,100.28,3.15,Aster,sedan,private,2579
10,0,8756.35,107.54,1,81.15,1,94.73,100,111.12,3.3,Boreal,suv,dealer,57159
10,10,155049.22,89.33,5,60.78,1,74.79,102.07,104.2,3.55,Dune,sedan,dealer,15822
10,8,99802.78,75.98,2,63.65,0,82.94,105.01,94.27,3.36,Ember,suv,private,15563
10,8,112858.59,102.95,3,57.04,0,70.5,103.95,106.36,3.16,Aster,sedan,private,15549
10,13,137622.27,127.98,3,56.6,1,59.45,100.36,102.35,3.24,Boreal,compact,fleet,14242
10,13,158245.61,78.5,3,50.64,2,65.67,101.97,105.85,3.2,Boreal,wagon,fleet,1200
10,5,94043.96,130.18,3,70.51,0,88.33,100.12,101.04,2.94,Aster,van,dealer,38390
10,6,123415.95,139.37,2,54.27,0,75.62,103.74,112.13,3.56,Ember,sedan,private,28130
10,2,52808.02,49.58,1,94.39,1,100,100.14,96.19,3.49,Cobalt,compact,fleet,26174
10,9,123528.64,62.93,2,51.52,0,68.2,99.35,101.13,3.5,Aster,van,private,8663
10,12,179645.02,109.36,4,64.33,0,64.34,101.97,98.2,3.06,Ember,sedan,fleet,18262
10,0,54491.93,180.54,1,52.77,0,100,103.2,103.44,3.06,Aster,suv,fleet,65243
10,8,156105.99,110.62,5,48.52,0,68.41,106.75,100.31,3.2,Aster,sedan,dealer,30118
10,14,179938.34,49.28,4,54.56,0,71.6,101.18,108.02,3.3,Fjord,compact,fleet,2720
10,8,119082.88,104.54,3,46.3,0,86.69,102.43,102.2,3.28,Cobalt,compact,fleet,20534
10,4,73709.62,85.21,1,69.33,0,85.28,100.87,103.68,3.61,Aster,sedan,dealer,25283
10,8,111962.26,113.87,2,40.54,0,79.18,106.46,99.36,3.1,Boreal,wagon,private,29281
10,0,500,148.67,2,73.5,0,100,94.31,101.18,3.5,Boreal,suv,fleet,56549
10,3,50396.26,129.51,2,83.96,0,93.75,101.46,105.29,3.4,Fjord,suv,fleet,42137
10,9,117527.02,157.04,3,47.44,0,78.04,108.23,98,3.49,Boreal,compact,fleet,10367
10,8,89146.04,46.83,3,60.8,1,71.36,99.79,109.75,3.49,Ember,compact,fleet,7298
10,7,78389.44,112.58,4,72.93,1,85.63,107.37,105.33,3.67,Aster,compact,dealer,21614
10,2,63704.71,149.84,1,50.7,1,92.43,101.39,105,3.52,Ember,wagon,dealer,50643
10,9,99608.08,104.18,1,80.54,1,76.97,103.72,104.84,3.29,Ember,compact,dealer,10208
10,15,229024.41,139.59,3,60.47,0,57.91,103.77,106.29,3.21,Ember,van,fleet,1200
10,6,107936.92,46.85,2,78.27,1,84.14,104.89,97.53,3.31,Fjord,wagon,private,16062
10,15,242460.72,171.12,5,73.64,0,61.91,105.97,97.74,3.08,Cobalt,wagon,dealer,4615
10,8,108526.05,114.53,2,51.94,0,79.48,102.3,101.83,3.2,Dune,compact,dealer,29288
10,4,86765.37,118.6,2,88.09,0,82.83,104.75,104.31,3.45,Cobalt,suv,private,50497
10,7,95291.2,115.23,4,79.75,0,85.13,100.52,105.5,3.54,Boreal,compact,dealer,15266
10,5,46473.63,127.13,2,66.74,0,93.77,107.26,101.25,3.54,Aster,sedan,fleet,22985
10,8,140958.72,129.98,2,49.47,1,81.1,100.95,107.3,3.12,Dune,sedan,fleet,23507
10,7,101342.02,138.24,2,42.6,1,73.09,100.17,113.14,3.24,Cobalt,sedan,fleet,33601
10,7,134382.82,96.09,2,63.16,1,84.36,104.71,100.65,3.59,Dune,sedan,private,28161
10,6,68961.22,126.96,3,76.34,1,76.86,106.06,108.48,3.27,Cobalt,van,fleet,43854
10,8,116385.87,98.04,3,58.15,0,90.05,108.63,102.46,3.47,Boreal,suv,fleet,24348
10,5,117868.49,66.1,1,75.56,0,84.08,101.86,104.01,3.13,Ember,sedan,fleet,32634
10,0,500,51.39,1,76.85,0,98.88,100.95,101.24,3.44,Fjord,wagon,fleet,32890
10,10,151354.69,179.22,4,55.87,0,76.71,101.99,107.22,3.33,Aster,suv,private,27660
10,5,102083.36,106.14,2,66.73,0,87.42,104.47,108.31,3.56,Fjord,compact,dealer,29775
10,10,164956.79,82.79,4,58.82,1,70.43,103.71,101.54,3.07,Boreal,sedan,private,1200
10,6,82957.92,140.07,3,53.57,1,87.8,102.73,105.32,3.33,Ember,suv,private,29888
10,5,81188.18,96.25,2,51.65,1,77.51,109.06,102.07,2.94,Dune,suv,private,31504
10,4,110854.96,96.81,2,39.42,1,90.04,101.03,106.36,3.14,Boreal,wagon,private,46789
10,5,84784.96,117.78,1,75.21,0,74.47,103.43,102.54,3.4,Boreal,suv,private,40108
10,0,500,50.1,2,94.73,1,100,104.07,102.48,3.21,Boreal,wagon,dealer,42564
10,1,31002.22,68.34,1,74.89,1,100,100.4,106.62,3.3,Cobalt,wagon,fleet,31168
10,7,116861.69,45,4,59.71,1,89.88,104.53,105.57,3.25,Dune,wagon,private,29549
10,12,146433.5,130.59,4,67.04,0,70.56,113.2,110.2,3.8,Boreal,compact,private,18098
10,8,153581.58,105.86,3,46.69,0,72.22,102.48,103.7,3.18,Cobalt,sedan,fleet,28857
10,6,115081.07,129.19,2,88.46,0,78.41,102.39,100.23,3.75,Fjord,wagon,dealer,30944
10,5,78848.92,81.22,4,61.42,1,85.38,107.45,107.54,3.27,Fjord,wagon,private,33204
10,5,73794.41,148.69,3,60,0,85.23,100.14,103.4,3.4,Boreal,suv,fleet,48745
10,9,86147.05,98.59,2,60.95,1,77.37,97.08,103.35,3.71,Boreal,suv,fleet,23191
10,0,6314.23,145.73,1,80.3,1,100,101.94,107.52,3.05,Aster,compact,fleet,36439
10,15,238175.53,45,5,40.4,0,59.05,103.08,95.15,3.33,Aster,compact,private,18172
10,8,114113.31,126.51,3,81.33,0,70.39,102.03,100.94,3.24,Boreal,suv,fleet,35995
10,6,105089.85,107.44,2,70.09,0,81.13,98.94,99.2,3.29,Aster,suv,fleet,21019
10,11,181731.9,98.02,3,71.7,0,65.01,106.4,105.32,3.13,Cobalt,wagon,dealer,26372
10,14,183221.5,170,3,41.18,1,47.9,103.43,99.08,3.28,Aster,suv,dealer,15434
10,10,168829.53,119.96,3,85.08,0,78.42,105.74,94.46,3.37,Fjord,compact,private,21001
10,5,62457.36,171.3,1,85.78,0,76.12,104.52,109.51,3.51,Aster,suv,fleet,37749
10,6,83659.12,144.08,2,48.06,0,76.21,105.65,104.61,3.03,Cobalt,suv,private,62530
10,10,145738.96,138.56,2,71.38,0,67.61,99.82,109.99,3.4,Boreal,van,private,23572
10,6,59931.9,45,3,68.28,0,83.56,102.4,105.88,3.51,Ember,van,private,17851
10,7,122034.66,150.98,2,56.34,1,88.88,101.93,98.82,3.05,Cobalt,suv,fleet,43722
10,4,500,97.44,2,69.81,0,94.83,103.96,109.24,3.2,Aster,compact,dealer,33894
10,5,49543.06,101.94,2,64.45,0,89.57,101.07,107.28,2.96,Ember,sedan,private,20560
10,9,119308.84,167.47,2,54.11,0,88.91,104.98,106.23,3.33,Boreal,suv,fleet,46516
10,10,131393.77,57.84,3,57.46,0,69.59,99.46,100.23,3.42,Dune,compact,fleet,1200
10,4,83658.84,83.4,1,55.89,0,98.35,99.55,100.92,3.41,Boreal,sedan,fleet,22549
10,3,37016.53,91.84,2,82.64,0,89.51,103.1,106.19,3.02,Boreal,compact,fleet,31480
10,9,123531.27,139.63,3,79.26,1,73.64,97.37,101.6,3.44,Dune,wagon,private,17921
10,9,114969.18,123.52,2,59.54,1,64.01,103.17,105.02,3.01,Ember,suv,dealer,11328
10,10,106333.39,111.7,3,67.23,0,66.28,101.2,102.62,3.16,Boreal,wagon,private,21625
10,14,202669.84,94.57,3,61.62,0,61.04,99.12,106.06,3.33,Ember,compact,dealer,1200
10,6,68346.27,71.77,2,81.9,0,92.5,104.07,100.96,3.52,Dune,compact,dealer,46774
10,5,102906.23,45,3,69.56,0,88.48,103.02,96.1,3.32,Cobalt,sedan,private,24124
10,0,14462.58,107.14,1,70.77,0,100,102.59,105.24,2.95,Fjord,van,private,38401
10,13,167545.73,67.58,2,44.59,0,66.32,105,100.17,3.3,Cobalt,wagon,fleet,10334
10,7,83526.55,95.7,2,87.23,0,77.84,103.77,104.66,3.33,Aster,wagon,fleet,31154
10,5,116891.4,68.2,1,60.84,0,88.84,100.44,112.73,3.59,Boreal,van,fleet,24398
10,10,141452.53,89.96,3,37.52,1,75.68,105.67,103.47,3.23,Cobalt,wagon,private,33272
10,14,212131.76,69.43,4,78.69,0,58.08,103.17,109.42,3.14,Boreal,compact,fleet,1200
10,12,168607.52,70.49,4,38.13,0,61.83,98.96,108.75,3.13,Aster,compact,dealer,1200
10,9,126065.84,145.41,5,58.38,0,59.71,103.23,91.47,3.15,Ember,wagon,private,20201
10,5,74273.82,69.2,2,82.39,0,92.58,103.59,104.74,3.34,Aster,suv,dealer,38421
10,3,53342.12,122.01,1,75.47,1,90.94,104.56,107.35,3.51,Cobalt,sedan,dealer,47828
10,7,118079.32,131.44,2,65.6,1,77.26,108.31,100.95,3.18,Dune,suv,dealer,55358
10,10,126471.98,187.9,4,50.18,1,74.01,101,103.44,3.45,Cobalt,suv,dealer,43904
10,9,136829.22,45.81,3,67.84,0,78.1,105.86,109.12,3.19,Boreal,compact,fleet,19020
10,11,136992.37,122.79,3,34.8,0,69.72,105.61,109.27,3.38,Aster,compact,fleet,31620
10,0,23455.64,84.74,2,76.83,1,92.51,105.52,113.47,3.14,Dune,compact,fleet,45762
10,5,39210.32,166.21,1,64.36,0,82.2,103.31,102.45,3.37,Cobalt,compact,private,33689
10,7,109823.96,127.57,2,75.71,1,85.55,103.42,104.7,3,Fjord,compact,fleet,8198
10,8,117021.53,117.96,3,100,0,84.04,104.29,106.32,3.51,Aster,compact,fleet,23836
10,8,89044.13,108.17,2,60.49,2,80.78,108.34,102.78,3.4,Aster,compact,private,17959
10,0,4107.88,155.29,1,65.84,0,100,95.11,104.49,3.41,Cobalt,van,fleet,55615
10,7,117727.32,185.84,3,64.56,0,82.28,100.81,104.62,3.27,Ember,suv,dealer,41524
10,10,88833.39,121.43,3,71.18,1,58.94,104.58,104.92,3.45,Boreal,suv,dealer,15886
10,11,176148.34,149.54,2,56.17,1,65.92,105.41,99,3.18,Ember,suv,private,38385
10,15,200565.44,116.13,3,51.83,1,56.11,103.15,101.28,3.32,Aster,compact,private,1200
10,12,197509.88,45,3,61.32,1,75.59,102.35,108.08,3.5,Boreal,compact,private,1200
10,9,139826,110.98,2,63.57,0,81.16,95.36,107.03,3.5,Ember,wagon,fleet,26031
10,14,196550.58,139.02,5,28.13,0,59.39,100.29,105.21,3.32,Ember,wagon,private,22312
10,2,70192.92,101.1,1,65.3,0,98.62,109.14,106.79,3.67,Boreal,compact,fleet,32593
10,10,147530.11,116.49,2,68.86,0,76.78,101.21,101.96,3.34,Ember,sedan,fleet,23861
10,11,148483.05,124.69,3,54.14,0,51.32,101.44,108.44,3.74,Aster,sedan,private,12357
10,0,500,92.75,2,65.33,0,100,98.95,105.35,3.17,Aster,sedan,dealer,39639
10,5,104713.47,110.54,2,53.81,0,97.95,105.02,101.49,3.42,Aster,compact,private,7659
10,1,31035.14,106.05,1,50.07,0,94.37,103.15,97.74,3.52,Cobalt,sedan,fleet,46471
10,7,120007.44,91.01,3,71.09,0,73.41,100.78,107.59,3.18,Cobalt,sedan,private,33385
10,8,130071.23,128.97,4,56.58,0,84.94,99.89,102.22,3.61,Cobalt,compact,fleet,44252
10,5,54156.78,45,3,77.61,1,81.58,102.59,99.64,3.03,Cobalt,compact,dealer,38460
11,14,199649.53,63.33,4,64.74,0,65.38,105.14,104.8,3.16,Aster,compact,private,14247
11,9,98911.6,109.33,2,42.47,0,66.76,105.98,106.6,3.7,Aster,suv,fleet,15745
11,6,54054.79,88.55,1,56.96,1,86.56,104.83,99.9,3.41,Fjord,wagon,dealer,25445
11,4,23405.4,121.22,3,78.95,0,88.67,103.84,102.31,3.55,Ember,suv,private,48798
11,6,118990.87,116.67,2,68.7,0,95.83,103.18,107.64,3.25,Cobalt,sedan,private,27947
11,2,17888.51,141.34,3,80.94,0,85.83,102.8,109.16,3.33,Cobalt,compact,private,48985
11,9,110961.74,67.26,4,65.32,1,79.21,108.22,109.46,3.63,Cobalt,compact,private,17755
11,2,48489.79,85.76,2,71.17,1,94.86,104.22,104.87,3.16,Boreal,sedan,private,24361
11,9,150645.32,68.2,3,56.98,1,75.2,105.7,107.87,3.74,Boreal,suv,fleet,11362
11,8,142310.51,118.56,1,63.47,1,80.8,103.87,95.03,3.35,Aster,wagon,dealer,15272
11,15,200754.86,62.38,4,49.44,0,48.94,103.9,106.1,2.99,Aster,compact,dealer,17541
11,1,500,71.16,1,70.16,0,99.74,103.29,100.61,3.19,Ember,van,dealer,39474
11,14,229918.36,137.54,4,71.26,0,63.03,97.18,99.25,3.69,Cobalt,suv,private,33121
11,5,60102.94,83.44,1,52.41,1,96.13,105.9,97.12,3.27,Dune,wagon,dealer,43928
11,11,155993,152.13,4,67.32,1,75.71,103.6,110,3.68,Ember,sedan,dealer,15276
11,7,127434.79,104.45,2,93.66,0,81,102.58,96.88,3.07,Boreal,sedan,fleet,25792
11,8,72812.8,71.82,4,75.56,0,85.6,103.57,101.04,3.61,Ember,compact,private,15883
11,0,13922.83,177.34,1,65.17,0,94.43,101.92,105.29,3.61,Dune,suv,dealer,74507
11,2,47833.09,138.2,1,65.48,0,100,105.46,99.78,3.67,Ember,suv,dealer,51926
11,4,76923.57,155.54,1,66.35,0,80.97,107.31,102.89,3.22,Fjord,wagon,fleet,24622
11,2,500,93.46,1,55.59,0,98.08,99.41,103.68,3.67,Ember,compact,fleet,39603
11,7,84787.13,96.72,2,50.65,0,66.64,104.98,96.21,3.56,Cobalt,compact,dealer,35356
11,5,101256.37,160.2,1,55.06,1,87.2,106.48,111.43,3.2,Cobalt,suv,private,38663
11,11,178483.58,151.38,3,39.35,0,66.93,105.11,101.14,3.37,Aster,suv,private,33149
11,0,500,108.04,1,93.8,0,86.43,98.19,104.94,3.57,Cobalt,sedan,dealer,56770
11,6,75476.45,109.64,2,44.75,0,83.64,102.79,101.99,3.17,Boreal,sedan,private,39339
11,7,87911.15,101.62,3,62.04,0,84.13,104.92,104.61,2.89,Boreal,suv,fleet,28876
11,3,36934.56,145,1,57.45,1,83.38,102.54,104.52,3.62,Boreal,suv,fleet,32088
11,4,37525.92,75.97,2,53.01,1,88.69,102.95,106.07,3.36,Aster,sedan,fleet,22860
11,3,93147.27,117.49,1,89.02,0,100,100.31,103.83,3.38,Aster,suv,fleet,35786
11,8,108952.39,98.96,2,39.49,0,71.14,102.18,103.79,3.57,Cobalt,compact,fleet,33687
11,11,147851.21,162.19,3,32.25,1,73.77,102.43,104.44,3.66,Ember,suv,private,29741
11,9,147411.99,106.81,3,64.7,1,78.12,106.09,99.51,3.1,Ember,suv,dealer,33470
11,12,137799.32,93.12,3,82.63,1,64.85,100.92,100.3,3.41,Boreal,compact,private,3506
11,10,149912.47,179.09,3,36.45,0,77.69,104.43,102.03,3.26,Ember,suv,fleet,33172
11,0,500,61.83,1,87.15,1,96.98,104.67,100.1,3.23,Ember,van,dealer,34245
11,13,212359.35,129.43,4,47.79,0,66.9,101.06,100.85,3.72,Aster,suv,dealer,29253
11,9,140901.69,138.37,3,77.18,0,73.51,102.1,96.1,3.58,Ember,wagon,fleet,26886
11,4,46305.37,143.67,1,74.75,0,88.1,103.04,104.41,3.34,Ember,van,private,43190
11,4,69968.25,158.85,3,73.71,1,82.9,99.41,99.68,3.39,Boreal,suv,private,33171
11,5,81887.25,124.35,1,65.61,0,85.52,103.13,110.61,3.14,Cobalt,compact,fleet,31275
11,13,176621.61,112.79,3,41.88,0,75.34,106.78,103.83,3.19,Ember,suv,fleet,12354
11,8,108365.01,49.13,4,35.4,1,78.45,104.89,103.92,3.02,Fjord,compact,fleet,12555
11,17,218463.87,130.96,5,32.36,0,51.99,103.82,106.01,3.99,Cobalt,wagon,fleet,18345
11,7,125772.6,119.28,2,60.25,0,81.01,102.17,102.83,3.53,Aster,suv,dealer,39873
11,7,82641.52,62.51,3,49.99,0,73.68,106.45,102.79,3.35,Ember,compact,fleet,22822
11,16,237019.59,172.16,5,44.92,0,66.53,101.87,102.38,3.48,Boreal,van,private,11135
11,9,156826.99,55.34,2,76.47,0,75.34,103.06,100.55,3.44,Boreal,compact,dealer,18699
11,8,114547.72,142.29,3,62.67,2,76.57,102.43,105.17,3.33,Boreal,suv,fleet,32351
11,11,164025.16,200.07,3,64.98,0,76.72,105.29,109.42,3.77,Boreal,suv,dealer,34827
11,3,61575.59,83.22,2,64.82,0,92.75,103.48,100.8,3.21,Ember,compact,private,26608
11,5,75234.1,66.08,2,76.48,1,85.98,103.4,101.77,3.15,Boreal,suv,dealer,33710
11,4,92178.66,170.55,2,89.95,2,88.76,102.86,109.23,3.31,Boreal,suv,fleet,44297
11,8,136055.24,163.77,2,69.08,0,82.47,100.43,106.38,3.47,Aster,suv,dealer,38901
11,9,124289.98,148.25,4,77.28,0,73.64,101.14,101.46,3.38,Aster,suv,dealer,39069
11,5,81528.54,160.65,1,77.6,0,83.54,99.23,102,3.62,Cobalt,sedan,dealer,32337
11,15,263565.23,127.31,4,38,0,50.44,104.86,107.09,3.15,Boreal,suv,fleet,17020
11,2,500,195,1,75.56,0,93.99,101.9,98.5,3,Dune,suv,private,64881
11,11,167161.15,185.75,4,78.71,0,68.43,101.66,103.51,3.19,Boreal,suv,fleet,32231
11,1,37535.11,154.8,1,51.79,0,90.68,106.62,105.75,3.64,Aster,compact,fleet,43251
11,3,50382.63,129.39,3,77.93,0,94.18,106.1,95.57,3.21,Boreal,van,fleet,40061
11,8,133512.27,45,4,68.07,1,76.92,100.83,104.89,3.51,Boreal,wagon,fleet,18894
11,12,207935.02,59.21,3,53.11,0,64.74,102.35,108.95,3.53,Aster,wagon,fleet,1200
11,9,137165.16,81.05,3,69.43,0,72.14,104.15,106.51,2.88,Boreal,compact,fleet,14121
11,13,183668.88,106.8,5,74.64,0,69.11,99.66,101.6,3.55,Aster,wagon,dealer,9780
11,13,138299.24,88.76,3,40.44,1,57.34,105.54,104.49,3.87,Ember,sedan,dealer,8760
11,8,152057.87,136.3,1,71.56,0,75.69,104.85,97.74,3.44,Aster,compact,fleet,12052
11,15,242969.43,141.55,4,25.85,0,60.14,106.77,106.84,2.9,Aster,suv,fleet,22524
11,17,251705.31,187.06,5,70.71,1,50.55,103.07,110.79,3.48,Boreal,suv,fleet,7278
11,7,145274.23,84.95,2,54.87,1,76.67,104.24,97.61,2.92,Ember,sedan,fleet,9168
11,14,231170.65,116.1,3,65.02,0,56.64,105.01,101.11,3.4,Ember,wagon,fleet,1200
11,11,128437.72,126.59,2,44.16,0,72.74,102.22,103.72,3.48,Aster,suv,private,16551
11,10,161409.22,104.82,3,58.89,0,74.46,103.32,106.07,3.35,Dune,wagon,fleet,41802
11,10,146048.42,154.75,3,61.19,1,60.69,104.9,109.81,3.21,Ember,sedan,fleet,16280
11,6,93714.85,78.9,3,77.35,1,80.72,102.37,108.32,3.26,Boreal,wagon,private,16875
11,8,106015.2,186.58,3,72.8,1,76.64,107.88,104.35,3.84,Fjord,suv,dealer,39090
11,0,500,178.83,2,65.08,0,100,104.43,96.66,3.29,Aster,suv,private,44668
11,19,291201.15,159.36,4,49.19,0,46.91,101.8,103.92,3.54,Dune,suv,dealer,26394
11,5,51198.22,147.6,2,84.65,0,83.02,100.47,99.13,3.72,Cobalt,compact,fleet,31887
11,9,136827.49,70.8,2,47.28,1,78.95,103.11,104.35,3.24,Fjord,suv,private,24828
11,1,26020.8,112.35,1,76.42,1,100,100.97,104.3,3.22,Aster,compact,private,37187
11,6,116020.08,45,2,49.45,0,81.3,100.04,107.77,3.42,Aster,compact,fleet,9326
11,3,44192.95,134.42,1,78.66,0,94.49,103.06,106.32,3.38,Cobalt,wagon,fleet,51084
11,2,28307.7,91.45,1,53.58,1,93.6,103.27,95.13,3.03,Dune,compact,private,35863
11,8,98082.41,139.53,1,72.48,0,72.59,99.72,102.93,3.37,Boreal,suv,dealer,36831
11,10,128593.57,76.12,2,57.29,0,69.11,106.93,108.88,3.43,Ember,sedan,dealer,14166
11,5,46944.68,83.41,2,64.58,0,78.86,101.09,107.61,3.32,Aster,van,fleet,22410
11,12,162986.69,133.92,4,78.54,0,64.01,100.95,101.98,3.33,Dune,suv,dealer,41485
11,6,78592.88,81.31,2,58.94,1,91.4,102.73,101.89,3.14,Fjord,compact,dealer,12835
11,9,109183.56,151.71,2,60.18,0,76.44,101.47,107.13,3.08,Boreal,wagon,dealer,29595
11,0,8540.98,120.71,1,63.4,0,100,103.66,102.73,3.25,Cobalt,suv,dealer,63857
11,17,235062.5,45,4,43.21,0,52.15,100.14,103.7,3.3,Fjord,sedan,private,1200
11,11,126043.72,131.28,3,54.27,0,60.84,99.4,106.79,3.46,Boreal,wagon,private,1200
11,15,256206.75,119.84,3,41.46,1,67.19,103.21,109.01,3.48,Dune,sedan,private,14606
11,12,131606.5,99.01,4,70.2,0,66.84,99.37,100.99,2.89,Boreal,sedan,fleet,9301
11,3,80398.57,131.53,2,73.93,0,90.04,99.42,102.93,3.23,Cobalt,van,private,45034
11,12,189250.43,172.07,2,61.14,0,58.28,98.14,103.79,3.45,Fjord,suv,dealer,49634
11,6,69972.77,93.55,1,76.71,1,89.04,102.04,103.87,3.13,Aster,suv,private,19734
11,6,131755.28,161.13,3,91.22,1,82.63,100.32,106.08,3.6,Ember,suv,private,34974
11,13,152612.59,62.46,2,66.92,0,57.9,98.07,106.82,3.17,Fjord,wagon,dealer,9946
11,11,126038.16,151.68,3,45.16,0,63.26,101.3,106.92,3.28,Aster,suv,dealer,24754
11,4,62482.06,71.12,2,55.45,1,90.23,103.87,106.19,3.56,Aster,wagon,fleet,20440
11,5,55598.9,114.85,1,58.92,0,90.19,108.34,105.55,3.34,Fjord,compact,private,24325
11,14,172395.65,127.35,3,55.53,0,56.52,104.77,106.55,3.31,Fjord,sedan,private,12831
11,6,105078.59,158.04,2,62.37,1,84.91,103.41,94.85,3.2,Boreal,suv,fleet,39691
11,5,15246.55,174.85,1,62.68,1,82.35,104.92,106.43,3.26,Boreal,suv,dealer,50638
11,11,162535.7,63.34,2,59.23,1,61.33,104.5,111.17,2.99,Ember,compact,dealer,9316
11,7,76637.06,76.26,3,70.16,0,80.27,105.19,106.56,3.51,Cobalt,sedan,private,37217
11,0,4334.04,45,1,64.33,1,94.92,105.31,98.35,3.2,Dune,suv,private,60932
11,5,78146.37,52.51,3,67.18,0,85.72,102.05,100.85,3.64,Ember,compact,fleet,21440
11,3,51968.03,191.29,2,65.78,0,96.98,107.39,105.24,3.41,Ember,suv,private,50853
11,12,181301.14,138.71,3,72.32,0,51.05,104.63,98.57,3.61,Aster,suv,fleet,1200
11,8,97047,133.41,2,52.53,0,82,99.82,110,3.52,Cobalt,suv,private,35819
11,10,127799.96,121.02,1,59.97,0,68.97,101.18,100.01,3,Ember,sedan,fleet,1200
11,14,187828.04,131.69,3,65.82,1,57.92,105.88,105.17,3.6,Ember,van,private,1590
11,11,152755.67,106.74,3,54.53,0,70.93,104.03,106.08,3.23,Dune,wagon,fleet,15451
11,15,195503.47,71.74,4,74.14,0,66.2,102.42,108.87,3.22,Aster,compact,private,19013
11,17,245288.51,172.07,4,48.03,0,48.32,101.77,96.19,3.93,Boreal,suv,private,1200
11,9,99638.79,122.67,3,63.24,1,70.43,105.91,112.22,3.36,Fjord,sedan,dealer,6207
11,11,140290.27,126.78,4,56.93,0,70.76,103.56,103.7,3.19,Aster,compact,dealer,36601
11,14,212624.23,142.71,4,71.03,0,58.07,104.32,109.82,3.5,Dune,sedan,dealer,23677
11,14,204654.11,144.57,4,40.73,1,57.08,104.96,113.16,3.31,Dune,suv,dealer,36726
11,16,210659.52,107.96,3,41.79,0,53.64,101.96,105.66,3.24,Cobalt,suv,private,1200
11,12,139331.52,114.2,4,61.97,0,74.67,97.61,103.45,3.15,Cobalt,sedan,fleet,16877
11,6,89742.37,133.49,3,49.4,2,96.32,105.35,105.43,3.35,Ember,suv,private,36466
12,16,251643.87,93.12,4,25.07,2,55.1,103.96,102.22,3.41,Ember,sedan,fleet,1200
12,3,69798.2,120.66,1,59.02,0,88.95,104.42,106.78,3.16,Fjord,compact,dealer,50081
12,12,158262.71,113.02,4,65.31,0,69.65,107.66,104.23,3.21,Ember,van,fleet,1200
12,10,169068.47,118.91,3,63.28,1,83.88,103.33,104.81,3.19,Aster,sedan,dealer,30419
12,9,111236.32,106.04,3,40.28,0,73.4,103.69,110.55,3.28,Cobalt,suv,private,58122
12,10,92159.85,117.29,4,39.13,0,68.18,102.84,101.17,3.26,Dune,sedan,private,30363
12,7,82211.94,145.12,2,76.34,0,76.99,102.4,97.99,3.44,Fjord,compact,private,30310
12,12,156685.63,59.58,3,34.04,0,70.29,102.43,109.09,3.86,Boreal,van,fleet,25686
12,9,114801.74,93.92,2,45.01,1,71.53,102.91,103.81,3.34,Boreal,compact,fleet,22751
12,7,86676.05,58.21,2,62.57,1,85.03,109.3,106.22,3.37,Boreal,van,private,19353
12,12,149988.98,80.89,3,60.34,0,71.32,102.29,104.22,3.52,Cobalt,compact,dealer,1200
12,6,98553.04,88.26,3,74.02,0,80.56,101.91,106.2,3.66,Aster,sedan,fleet,17206
12,2,36776.42,149.01,1,72.92,2,91.88,104.81,108.64,3.21,Aster,compact,fleet,32413
12,12,174011.33,111.81,5,45.31,0,66.97,102.7,104.64,3.05,Boreal,suv,fleet,13682
12,2,34420.2,170.15,1,94.03,0,86.05,103.86,99.66,3.42,Cobalt,suv,dealer,71514
12,0,38570.68,178.11,3,90.38,2,100,102.98,101.51,3.28,Dune,sedan,private,50081
12,8,139283.74,106.77,3,55.37,0,72.04,105.52,103.37,3.81,Ember,van,private,25090
12,7,123996.82,57.58,2,54.53,1,78.63,102.67,112.27,2.93,Boreal,van,fleet,11254
12,6,90249.31,142.09,4,71.23,1,72.73,105.35,100.89,3.21,Fjord,suv,private,34510
12,9,123880.79,118.76,3,50.59,0,77.03,107.89,106.3,3.46,Fjord,sedan,fleet,24132
12,2,51642.88,201.62,2,72.67,0,100,104.03,106.59,3.63,Boreal,suv,fleet,49630
12,9,120441.17,137.04,2,74.82,0,72.59,101.91,99.87,3.51,Fjord,wagon,private,33536
12,9,153740.65,178,2,32.99,1,74.61,101.34,107.49,3.21,Aster,suv,private,14229
12,7,104142.61,145.69,3,66.24,0,79,102.13,102.01,3.49,Boreal,suv,private,37896
12,8,120393.58,113.7,2,79.48,1,75.29,101.65,97.16,3.51,Fjord,suv,private,22275
12,13,211454.66,174.36,4,63.13,2,62.41,99.47,102.24,3.68,Aster,van,private,34832
12,12,171205.92,100.77,1,54.63,0,69.32,102.6,106.31,3.2,Aster,suv,dealer,11934
12,15,187071.57,84.71,4,59.9,1,59.34,106.65,99.73,3.46,Cobalt,compact,fleet,1200
12,15,229201.33,116.58,4,32.12,0,56.07,102.75,96.03,3.3,Dune,compact,fleet,6052
12,4,29056.4,113.66,2,72.27,1,90.69,111.24,106.98,3.19,Ember,suv,fleet,51794
12,15,216533.52,150.96,5,70.41,0,50.21,105.84,101.78,3.3,Cobalt,wagon,fleet,29657
12,11,178011.95,48.95,3,57.72,1,65.84,104.52,103.98,3.36,Boreal,sedan,fleet,1200
12,4,93831.68,71.1,2,72.78,1,85.08,106.69,95.28,3.38,Dune,compact,dealer,43175
12,4,54102.77,107.73,2,84.67,0,81.95,104.63,106.56,3.57,Cobalt,compact,fleet,34118
12,3,21290.19,127.41,1,86.18,1,85.02,102.71,104.83,3.2,Fjord,suv,dealer,63455
12,5,76476.1,146.11,2,52.25,1,74.28,103.26,100.54,3.18,Ember,van,private,27010
12,5,79040.53,67.24,3,81.55,0,87.16,107.6,102.41,3.06,Aster,compact,dealer,27057
12,4,72059.09,91.68,2,62.9,1,83.74,104.59,102.51,3.7,Dune,compact,fleet,28984
12,3,26378.37,196.71,1,67.42,0,94.33,105.43,103.39,2.86,Cobalt,suv,fleet,69029
12,7,79864.78,129.01,2,52.73,1,81.58,101.8,105.32,3.46,Ember,compact,private,36313
12,4,41580.72,133.72,2,55.32,0,91.07,96.59,106.99,3.32,Dune,suv,dealer,54514
12,8,128391.07,74.23,4,52.78,0,83.81,105.28,95.03,3.36,Fjord,van,fleet,11662
12,12,181039.69,115.35,4,58.61,1,70.84,107.29,104.74,3.49,Aster,suv,private,16939
12,9,96114.49,125.71,3,57.73,0,68.1,101.94,98.08,3.31,Cobalt,wagon,dealer,38552
12,4,51215.07,133.15,3,81.25,1,93.98,104.59,101.25,3.45,Aster,compact,dealer,18488
12,14,192875.94,165.71,4,54.08,0,61.9,107.29,104.92,3.33,Boreal,suv,dealer,1200
12,15,217931.32,155.23,3,49.49,1,45.64,108.31,102.9,3.44,Cobalt,sedan,fleet,10619
12,5,67372.66,135.99,2,55.52,0,78.53,99.75,108.49,3.12,Cobalt,compact,dealer,39584
12,9,121867.65,85.96,3,53.21,0,81.97,104.64,105.09,3.7,Boreal,sedan,dealer,15992
12,7,132049.98,142.75,2,52.7,0,81.05,108.14,97.98,3.51,Boreal,van,fleet,14214
12,10,124349.74,117.37,3,55.75,0,64.9,104.62,102.21,3.44,Dune,suv,fleet,39091
12,12,154356.25,127.83,4,60.74,1,71.3,104.16,108.05,3.33,Cobalt,compact,dealer,4802
12,14,189573.14,116.59,3,54.82,0,64.33,100.7,102.12,3.47,Cobalt,compact,private,2622
12,11,154177.42,81.95,3,40.75,0,68.67,97.39,98.09,3.3,Ember,compact,fleet,1200
12,13,178687.35,93.23,4,59.6,0,60.14,105.08,101.35,3.37,Ember,van,dealer,26512
12,12,123717.31,112.43,3,45.42,1,74.78,103.39,98.47,3.7,Cobalt,compact,dealer,31777
12,8,46601.15,144.27,1,61.1,0,67.56,103.84,101.61,3.83,Boreal,compact,fleet,36193
12,4,43145.33,147.56,3,59.45,0,69.74,106.01,100.52,2.85,Fjord,compact,private,27506
12,3,61918.27,124.43,1,57.55,0,100,100.04,104.9,3.47,Cobalt,compact,private,43028
12,11,164205.22,101.73,4,53.48,0,80.13,103.41,101.1,3.7,Cobalt,suv,private,40939
12,8,110799.7,100.4,4,50.82,0,81.92,107.14,103.42,3.49,Cobalt,wagon,private,31027
12,11,172737.94,141.02,4,61.31,1,76.27,104.67,98.74,3.41,Ember,sedan,fleet,15420
12,14,190123.36,58.32,3,69.03,0,65.92,101.25,104.31,3.6,Ember,compact,fleet,1200
12,5,78647.62,100.13,2,72.93,1,84.18,102.53,100.7,2.93,Aster,compact,private,32025
12,11,164153.68,76.77,2,54.02,1,74.56,103.89,104.37,3.05,Ember,sedan,fleet,13290
12,6,65624.91,105.22,3,74.29,0,90.28,109.44,104.93,3.09,Dune,wagon,dealer,35488
12,4,66307.28,117.85,2,56.09,1,89.83,104.23,99.28,3.38,Boreal,compact,fleet,28418
12,8,150366.95,94.98,3,67.84,0,79.57,104.85,100.94,3.57,Aster,compact,dealer,27788
12,14,205291.09,60.06,4,47.34,0,68.78,103.3,99.85,3.29,Cobalt,wagon,private,13342
12,8,87220.06,48.68,3,59.13,0,71.06,104.29,104.47,3.56,Boreal,compact,dealer,13351
12,11,145560.57,74.92,3,61.37,1,71.64,105.81,104.46,3.32,Fjord,compact,private,31267
12,10,177452.64,123.51,2,79.91,1,82.78,106.68,106.72,3.35,Aster,suv,private,21689
12,4,64771.42,159.38,3,75.98,0,83.03,102.64,100.02,3.32,Cobalt,suv,dealer,41250
12,3,47756.46,116.35,1,93.9,1,94.08,99.14,102.76,3.23,Dune,suv,fleet,44013
12,10,121247.51,88.4,2,42.05,0,78.13,100.22,101.09,3.71,Cobalt,van,dealer,30404
12,9,150316.74,179.6,3,49.45,1,79.96,104.57,101.62,3.36,Aster,van,private,9985
12,5,48102.93,207.27,3,48.16,0,92.24,100.09,99.9,3.51,Aster,suv,private,55666
12,3,66765.56,127.93,3,65.85,0,89.43,104.61,101.43,3.7,Boreal,sedan,fleet,34052
12,10,109474.84,66.31,3,41.15,1,74.17,102.8,100.77,3.11,Ember,wagon,fleet,6233
12,13,214159.05,118.71,4,28.58,0,67.86,105.65,107.94,3.4,Dune,sedan,fleet,1860
12,16,192003.18,160.44,5,47.17,1,53.3,98.07,102.75,3.72,Boreal,wagon,dealer,6533
12,8,157961.81,155.6,4,64.86,0,78.13,101.18,107.19,3.3,Aster,suv,dealer,27468
12,3,72648.36,169.43,3,61.13,0,98.66,105.08,107.25,3.6,Dune,compact,fleet,44624
12,15,164395.8,91.87,4,49.63,1,50.99,107.16,103.23,3.31,Ember,compact,fleet,12284
12,9,108638.81,120.57,3,55.84,1,70.99,105.01,104.03,3.39,Fjord,van,private,25598
12,6,116923.37,66.5,3,49.01,0,86.45,102,110.85,3.34,Dune,sedan,dealer,33739
12,0,59600.78,90.35,1,79.43,1,97.01,103.43,103.29,3.02,Ember,sedan,fleet,25360
12,5,66151.89,87.46,1,43.4,0,92.5,106.31,96.48,3.41,Dune,suv,fleet,33530
12,7,90125.77,159.36,3,49.94,0,86.27,97.74,90.9,3.4,Boreal,compact,dealer,38892
12,10,157654.18,75.85,3,71.83,0,60.69,101.98,95.32,3.16,Fjord,sedan,private,1200
12,15,209847.72,95.23,4,53.14,1,59.38,107.14,97.31,3.24,Ember,sedan,dealer,1200
12,0,27371.77,149.63,1,53.81,1,100,105.25,102.91,3.7,Boreal,compact,fleet,32190
12,4,104311.78,120.06,2,89.87,0,79.99,104.49,99.38,3.41,Aster,suv,dealer,34321
12,3,8157.61,126.21,1,95.64,0,85.25,103.49,103.84,3.45,Boreal,suv,dealer,40380
12,7,101568.13,112.09,3,87.15,1,79.63,103.27,98.85,3.58,Boreal,suv,private,23414
12,8,97335.45,103.23,1,60.66,0,78.38,106.72,106.52,3.57,Aster,sedan,fleet,33759
12,5,117531.36,175.09,4,60.04,0,90.29,97.27,106.22,3.08,Ember,suv,dealer,41605
12,8,132385.39,92.75,2,62.3,0,79.72,101.67,107.37,3.34,Boreal,wagon,dealer,30422
12,9,156990.93,227.28,2,76.51,0,71.42,100.88,106.48,3.21,Boreal,suv,fleet,34714
12,9,104155.55,109.73,3,67.74,0,71.68,107.03,101.38,3.24,Boreal,suv,private,17022
12,9,151103.37,96.38,2,58.95,0,74.45,98.7,98.52,3.73,Fjord,van,fleet,16454
12,5,127609.72,172.09,4,66.72,2,92.66,103.27,102.92,3.4,Boreal,suv,dealer,43519
12,7,84736.11,59.68,2,54.78,0,69.85,105.49,106.58,3.04,Ember,wagon,fleet,19110
12,3,34473.37,102.54,2,81.03,0,96.77,100.62,106.47,3.35,Aster,wagon,private,29289
12,8,132602.58,67.44,3,42.15,0,79.36,107.76,105.76,3.72,Fjord,sedan,private,32634
12,8,115525.97,74.86,2,57.08,1,83.44,103.68,108.51,3.39,Aster,compact,private,5018
12,5,82609.62,126.38,2,55.83,0,80.5,102.81,97.98,3.36,Aster,compact,fleet,17496
12,1,500,136.98,2,87.75,0,100,106.65,103.35,3.46,Fjord,suv,fleet,64898
12,8,147127.44,105.16,4,65.41,1,80.87,107.6,101.64,3.21,Boreal,wagon,fleet,5266
12,5,75515.62,71.25,2,65.55,0,89.91,104.78,97.08,3.25,Cobalt,sedan,private,40816
12,6,100872.4,57.37,2,59.25,0,89.72,102.81,106.99,3.76,Boreal,suv,private,31252
12,11,188032.83,84.77,4,35.34,0,61.76,101.13,101.12,3.3,Cobalt,compact,dealer,1667
12,3,18869.95,114.24,3,85.77,0,82.28,102.39,107.7,3.21,Boreal,wagon,fleet,33190
12,11,179444.55,106.43,4,67.18,0,83.66,100.87,106.96,3.68,Aster,suv,private,10676
12,13,195547.84,77.97,3,60.18,0,60.77,102.12,102.72,3.66,Cobalt,sedan,private,12611
12,14,203732.92,54.82,4,61.81,0,54.81,102.01,97.22,3.51,Cobalt,compact,private,19106
12,10,144472.93,100.59,4,64.73,0,66.47,102.61,106.88,3.81,Cobalt,suv,private,30361
12,1,10993.71,100.14,1,81.24,0,90.49,105.24,109.84,3.24,Boreal,sedan,fleet,30508
12,14,203998.56,64.66,5,37.97,0,68.03,101.86,104.43,3.42,Cobalt,van,dealer,1200
12,5,87092.74,131.13,1,85.42,1,94.48,99.11,98.03,3.07,Boreal,sedan,dealer,48831
12,10,137176.44,54.62,3,48.13,1,80.92,104.87,107.28,3.58,Ember,sedan,fleet,16430
12,9,138469.36,107.54,2,70.16,1,82.55,101.64,99.65,2.81,Aster,compact,fleet,11831
12,0,50643.94,109.34,1,72.92,0,99.91,101.4,105.07,3.32,Cobalt,sedan,fleet,45469
12,5,67728.32,84.56,3,76.74,0,89.02,106.53,100.52,2.88,Boreal,compact,dealer,12091
12,5,83372.3,119.27,3,78.81,0,94.93,103.45,103.82,3.28,Dune,suv,dealer,65689
13,9,129766.66,99.68,4,70.84,0,83.04,98.29,97.3,3.36,Fjord,sedan,fleet,24982
13,2,500,100.44,1,62.88,0,93.42,108.04,98.56,3.09,Boreal,sedan,fleet,34964
13,8,161523.03,83.47,2,58.72,1,77.12,100.42,105.2,3.4,Aster,suv,fleet,14274
13,13,155083.41,109.89,3,63.17,2,68.42,106.37,104.52,3.82,Boreal,compact,dealer,1200
13,8,126736.26,86.38,3,46.59,1,76.85,104.96,103.8,2.95,Cobalt,sedan,fleet,21007
13,2,69990.22,114.19,1,74.19,0,89.85,103.41,105.43,3.83,Aster,sedan,private,38687
13,10,114342.1,186.66,3,50.59,0,76.83,104.64,110.87,3.28,Boreal,suv,private,31370
13,10,106935.81,146.72,3,51.58,0,73.42,110.42,101.7,3.34,Cobalt,van,dealer,46104
13,7,135392.22,182.63,2,47.62,0,81.45,105.83,94.39,3.52,Aster,suv,dealer,53919
13,12,156121.76,175.09,3,43.69,1,62.98,107.18,96.71,3.54,Boreal,compact,fleet,19045
13,7,89321.47,126.3,4,55.01,0,79.6,106.78,108.24,3.41,Fjord,compact,fleet,6038
13,2,81572.28,89.08,1,83.68,2,87.43,104.64,101.6,3.6,Aster,suv,private,37814
13,12,141385.13,87.83,3,59.06,1,62.78,111.74,96.56,3.68,Dune,wagon,fleet,13313
13,10,142414.34,135.13,3,59.23,0,84.71,101.15,104.24,3.62,Boreal,sedan,fleet,11493
13,7,104961.41,121.7,2,82.05,0,82.56,99.31,105.97,3.42,Dune,compact,fleet,32673
13,5,102090.05,132.96,2,68.66,0,91.68,103.93,97.29,3.45,Boreal,van,dealer,15629
13,10,172152.28,91.88,3,59.87,1,73.78,102.31,107.85,3.83,Ember,sedan,private,20589
13,7,94294.27,115.44,3,71.01,1,87.76,105.69,100.19,3.16,Boreal,suv,private,28926
13,3,36114.43,71.06,1,66.41,0,87.19,105.17,103.06,3.25,Boreal,wagon,dealer,36253
13,10,163410.26,152.13,3,75.32,0,62.5,104.9,100.28,3.62,Ember,compact,private,34980
13,12,187321.68,76.98,3,40.72,0,75.31,106.58,96.82,3.08,Cobalt,sedan,dealer,23174
13,6,48438.3,45,2,55.21,0,78.49,103.77,96.65,3.58,Dune,compact,private,31380
13,2,70346.39,142.4,1,84.44,1,97.89,103.85,100.58,3.95,Aster,sedan,fleet,40067
13,7,157635.09,85.79,1,68.38,0,78.34,102.79,109.05,3.55,Fjord,compact,dealer,18107
13,2,60994.48,127.14,1,75.03,0,83.62,102.43,104.36,3.47,Dune,sedan,dealer,47481
13,6,115807.95,105.91,3,68.11,0,85.07,104.23,99,3.24,Boreal,compact,private,15380
13,5,95868.03,85.31,2,69.48,0,88.41,101.2,97.42,3.86,Aster,compact,dealer,18220
13,13,180770.14,45,2,46.66,1,62.93,104.49,102,3.5,Aster,sedan,dealer,16030
13,11,128585.84,197.31,3,54.74,0,69.94,105.43,104.45,3.43,Dune,suv,dealer,53402
13,10,156793.74,138.26,4,68.11,1,73.57,102.3,103.19,3.65,Ember,van,fleet,1200
13,3,42254.35,171.53,2,83.02,1,81.64,103.42,96.23,3.6,Cobalt,van,dealer,49185
13,9,101243.04,45,4,36.44,0,77.52,102.79,101.85,3.23,Boreal,van,private,29903
13,5,80844.65,45,2,54.58,0,95.78,100.67,104.38,3.1,Boreal,sedan,private,15561
13,13,152410.25,140.69,4,61.14,0,69.55,104.22,102.33,3.26,Aster,suv,dealer,31462
13,9,153444.11,170.8,2,34.63,0,72.71,103.38,97.1,3.18,Ember,suv,dealer,29647
13,7,81629.46,120.27,2,46.18,0,79.41,102.29,105.92,3.55,Boreal,compact,fleet,9908
13,1,21669.25,134.6,1,53.94,0,100,105.02,98.09,3.53,Aster,sedan,fleet,31318
13,14,208389.79,97.35,4,77.02,0,54.06,106.37,98.68,3.58,Cobalt,compact,dealer,9087
13,7,120511.78,105.24,2,65.06,1,69.53,105.96,104.59,3.42,Fjord,suv,private,34658
13,7,91585.72,126.59,2,62.24,0,78.4,106.33,113.41,3.72,Boreal,sedan,dealer,28203
13,6,108698.37,95.25,2,63.99,1,90.85,106.7,95.81,3.91,Fjord,suv,fleet,29115
13,14,206662.59,145.75,4,51.69,0,80.25,108.69,109.01,3.43,Dune,wagon,private,24957
13,7,121777.12,93.1,3,82.26,0,74.71,99.76,95.94,3.27,Boreal,sedan,private,33144
13,6,86573.69,118.08,2,63.17,0,85.6,103.21,106.45,3.57,Cobalt,wagon,fleet,31832
13,7,110218.22,134.86,3,64.28,1,95.49,102.18,100.24,3.3,Cobalt,suv,private,61489
13,10,100663.21,123.25,2,61.57,0,74.66,103.72,102.88,3.25,Ember,suv,fleet,28561
13,9,156806.38,141.72,3,68.58,2,80.01,100.37,105.51,3.56,Fjord,wagon,private,18908
13,9,156238.83,107.09,4,58.65,0,82.36,102.85,103.49,3.61,Aster,wagon,private,10944
13,12,152563.57,100.89,4,60.54,0,69.31,108.16,103.04,3.27,Dune,van,private,22818
13,5,56280.3,154.55,1,71.82,1,88.01,104.22,102.45,3.44,Dune,suv,fleet,47152
13,7,111732.46,124.11,4,41.64,1,76.69,103.25,104.07,3.19,Fjord,suv,fleet,30611
13,7,80183.36,123.46,2,68.06,0,79.21,106.48,102.65,3.44,Ember,wagon,fleet,14863
13,6,122643.53,126.26,2,53.5,0,93.33,104.05,100.34,3.72,Boreal,compact,private,13149
13,15,175640.42,115.02,5,56.27,0,59.15,106.87,106.97,3.47,Aster,van,private,1200
13,6,94288.17,98.11,3,57.96,1,79.14,106.21,101.28,3.73,Ember,compact,fleet,14254
13,7,102517.44,144.83,2,47.4,0,83.89,103.65,112.97,3.61,Fjord,suv,fleet,46747
13,1,117143.74,46.88,1,72.68,0,100,103.13,102.3,3.62,Boreal,compact,private,35774
13,11,157049.41,142.18,4,62.33,0,64.73,101.77,101.2,3.1,Ember,van,dealer,11460
13,2,28393.65,74.72,2,84.15,1,98.16,100.87,98.57,3.5,Fjord,suv,fleet,45688
13,6,91809.64,146.39,2,23.36,0,71.42,103.57,102.07,3.04,Aster,wagon,fleet,30694
13,6,39764.1,163.15,3,65.66,0,80.29,102.93,101.19,3.42,Ember,sedan,private,30754
13,7,135389.01,79.27,2,65.75,0,85.86,104.82,105.6,3.89,Aster,compact,dealer,17788
13,11,154418.15,92.59,4,47.83,1,75.1,103.52,101.49,3.34,Aster,sedan,dealer,14717
13,4,106850.92,105.3,1,91.07,0,86.73,105.56,102.23,3.32,Aster,wagon,fleet,41412
13,2,11681.99,138.55,1,79.72,1,91.82,102.34,105.25,3.55,Cobalt,compact,dealer,41177
13,10,143512.78,216.19,4,65.25,1,64.92,107.98,95.14,3.69,Cobalt,suv,private,35059
13,11,107776.33,72.2,3,54.02,0,69.42,101.3,99.52,3.76,Boreal,wagon,private,35774
13,9,143336.74,122.81,3,73.41,0,67.83,105.23,94.68,3.06,Aster,suv,dealer,19665
13,6,136949.57,96.08,3,68.08,1,80.11,101.83,105.72,3.34,Boreal,wagon,dealer,25345
13,14,226461.06,113.95,4,56.57,0,58.72,103.21,108.71,3.66,Cobalt,compact,private,1200
13,12,187720.08,157.87,4,52.99,1,56.13,102.09,98.2,2.99,Dune,suv,private,30122
13,0,500,100.08,2,83.36,0,100,97.52,101.89,3.08,Fjord,compact,private,56936
13,8,152406.19,47.73,3,90.25,0,79.39,108.54,106.02,3.52,Boreal,compact,private,36080
13,5,13909.21,92.65,3,68.46,1,96.57,100.76,99.13,3.25,Ember,van,fleet,22338
13,4,74805.63,100.29,2,70.61,0,89.4,108.8,107.06,3.29,Fjord,compact,dealer,36148
13,8,115809.21,143.05,3,53.33,0,75.67,103.02,95.82,3.3,Ember,suv,private,39058
13,9,120387.97,153.98,3,67.3,0,74.17,103.45,94.5,3.46,Cobalt,suv,private,27672
13,8,98544.45,123.37,3,58.03,0,75.98,103.98,101.68,3.74,Ember,wagon,private,15213
13,6,63133.88,80.95,2,78.69,0,88.21,106.98,102.86,2.89,Fjord,suv,private,53819
13,10,128428.26,121.19,3,67.59,0,65.36,106.27,102.6,3.33,Fjord,compact,fleet,15599
13,9,120497.98,154.47,2,53.51,0,71.15,103.45,96.56,3.72,Aster,suv,dealer,31725
13,7,87666.52,162.59,2,73.54,1,75.26,98.67,101.99,3.65,Cobalt,suv,private,38160
13,7,95143.19,74.9,3,29.2,0,85.91,107.52,106.03,3.46,Fjord,wagon,private,19991
13,4,65386.42,150.41,3,71.59,0,83.28,105.63,105.62,3.3,Boreal,suv,fleet,29629
13,9,104440.45,86.14,2,42.3,1,68.29,100.5,100.49,3.28,Dune,compact,fleet,18024
13,6,129688.98,115.08,3,42.12,0,72.83,103.84,98.34,3.93,Fjord,sedan,fleet,24621
13,13,156312.81,112.69,4,46.15,2,60.84,102.86,101.42,3.49,Ember,wagon,private,10856
13,5,57088.01,127.85,1,50.17,1,85.55,102.36,110.13,3.23,Boreal,van,dealer,31052
13,0,26100.04,127.39,2,70.45,0,94.42,100.74,106.95,3.75,Dune,compact,private,59440
13,5,80908.98,117.9,1,66.19,1,80.9,102.2,103.49,3.32,Cobalt,sedan,dealer,31398
13,3,500,163.09,2,80.11,0,94.67,104.09,100.48,3.35,Aster,suv,fleet,39040
13,14,210760.28,114.19,4,64.52,0,60.28,102.53,98.17,3.26,Fjord,suv,fleet,9691
13,10,186353.71,133.75,3,51,0,77.51,104.32,99.17,3.68,Cobalt,suv,dealer,38008
13,13,229922.27,147.83,4,83.23,0,61.96,104.76,102.49,3.54,Fjord,suv,dealer,48130
13,9,106637.05,154.11,2,80.16,0,72.24,101.3,102.02,3.09,Boreal,suv,fleet,34219
13,16,221717.03,135.04,5,40.89,1,52.64,105.25,110.36,3.56,Fjord,compact,private,15802
13,5,113429.83,125.22,2,71.22,0,79.79,102.09,101.28,3.67,Cobalt,compact,fleet,30647
13,7,90173.43,89.2,2,100,0,92.09,104.16,101.07,3.24,Boreal,sedan,dealer,35913
13,10,180894.25,140.85,2,73.3,0,73.23,107.03,102.44,3.35,Boreal,suv,private,32631
13,6,118405.3,119.57,3,77.35,0,86.64,104.33,107.98,3.71,Aster,sedan,fleet,17289
13,7,115583.58,170.28,3,60.06,0,73.7,101.65,104.88,2.98,Fjord,suv,dealer,55391
13,5,72826.95,101.5,1,66.53,0,74.34,105.21,104.76,3.12,Aster,compact,dealer,33064
13,6,93349.07,155.36,3,52.13,0,80.17,106.88,101.45,3.48,Dune,compact,fleet,36445
13,1,52448.04,93.89,1,72.61,2,87.24,104.03,108.08,3.46,Aster,suv,fleet,36333
13,18,192589.76,84.57,4,37.52,1,47.78,102.72,105.35,3.76,Cobalt,compact,fleet,13258
13,5,35672.39,85.75,2,69.53,1,89.58,107.38,102.93,3.88,Ember,sedan,dealer,38725
13,8,174250.61,126.83,2,54.52,0,67.71,107.63,101.98,3.5,Boreal,wagon,private,18203
13,4,61231.31,157.92,1,60.57,1,85.66,100.85,106.81,3.57,Cobalt,suv,fleet,51940
13,8,126947.39,116.55,4,37.37,0,77.77,99.79,100.18,3.78,Boreal,sedan,dealer,21074
13,10,140639.5,73.15,3,61.62,0,76.21,105.33,99.3,3.14,Boreal,van,private,22698
13,5,117016.6,215.62,2,70.44,1,81.86,101.48,103.76,3.69,Cobalt,suv,private,56225
13,12,200343.16,45,5,51.52,0,72.82,109.85,99.48,3.19,Cobalt,wagon,fleet,18646
13,8,103029.56,98.06,2,57.76,0,78.63,104.96,102.64,3.49,Aster,compact,fleet,10739
13,5,29350.78,104.56,1,67.63,1,74.83,104.21,97.36,3.18,Dune,compact,private,36640
13,10,149423.76,128.98,2,85.96,0,74.96,108.3,106.8,3.29,Boreal,suv,private,42708
13,9,129835.77,124.25,3,73.53,0,76.81,101.54,103.63,3.3,Ember,compact,private,11472
13,10,146717.84,148.47,4,62.29,1,82.52,106.06,100.37,3.53,Cobalt,suv,fleet,37570
13,6,109277.73,104.48,1,95.62,0,94.76,110.5,98.85,3.67,Fjord,compact,private,18185
13,6,83329.39,61.63,3,54.33,1,78.04,102.51,102.73,3.41,Dune,suv,dealer,29489
13,9,125452.62,130.34,4,61.57,0,77.76,99.93,106.25,2.85,Aster,suv,fleet,28269
13,4,51435.54,178.25,2,80.83,1,91.28,104.13,101.42,3.53,Fjord,suv,fleet,51263
13,11,194265.57,144.18,5,55.53,0,63.6,100.81,105.08,3.25,Aster,suv,private,3715
13,9,112844.21,135.05,3,65.64,0,76.26,98.39,103.51,3.48,Dune,suv,private,54658
13,9,154006.58,104.45,3,90.12,0,79.74,104.24,105.44,3.47,Fjord,compact,dealer,29084
13,4,47768.85,124.03,3,60.48,1,91.88,108.21,99.43,3.43,Aster,suv,fleet,34880
14,12,199766.67,141.64,4,52.84,0,52.32,101.28,100.74,3.36,Boreal,compact,private,28613
14,0,500,109.28,1,61.72,1,100,102.91,104.2,3.53,Cobalt,wagon,dealer,47254
14,9,135194.34,137.31,3,59.98,1,78.72,101.06,100.78,3.6,Boreal,wagon,dealer,16785
14,11,164161.93,125.11,3,46.97,1,71.51,105.33,100.12,3.42,Cobalt,compact,private,20961
14,11,168788.5,143.8,4,52.9,0,77.83,105.23,100.69,3.12,Boreal,sedan,dealer,27209
14,6,88791.67,112.8,2,74.91,1,81.78,100.01,102.04,3.69,Dune,compact,fleet,41698
14,17,196601.21,157.59,3,57.88,0,49.72,104.43,100.6,3.11,Fjord,sedan,fleet,26065
14,13,187745.15,117.81,4,55.91,0,64.77,108.51,97.74,3.47,Cobalt,van,fleet,20349
14,13,218121.75,67.81,2,41.03,1,60.54,105.82,107.18,3.58,Ember,sedan,private,1200
14,4,46238.81,141.38,2,96.98,0,88.73,99.94,104.43,3.55,Dune,wagon,private,57912
14,13,208282.91,109.39,4,51.39,0,73.6,100.78,105.14,3.51,Dune,sedan,dealer,2043
14,1,43922.8,45,2,96.78,1,90.83,101.39,101.14,3.61,Dune,van,private,45765
14,9,114298.47,45,3,39.2,1,66.33,108.24,99.94,3.45,Boreal,wagon,private,19256
14,7,61236.86,130.22,3,42.43,1,83.91,98.99,100.09,3.67,Aster,suv,fleet,32767
14,1,7402.62,159.29,1,69.07,1,100,105.35,99.53,3.46,Dune,compact,fleet,52635
14,11,174400.79,125.3,3,69.87,1,78.59,101.78,102.22,3.48,Ember,wagon,private,11443
14,14,173062.47,79.62,2,45.05,1,62.45,101.23,103.21,3.61,Ember,suv,dealer,20651
14,2,42502.72,80.99,1,77.01,1,100,102.24,103.66,3.52,Ember,suv,dealer,41829
14,6,75437.67,141.46,4,61.39,0,78.72,104.01,105.26,3.07,Ember,compact,dealer,44027
14,3,60072.91,166.89,3,73.34,0,79.21,104.21,102.46,3.46,Cobalt,van,dealer,43350
14,5,94669.84,115.69,2,85.11,0,77.73,107.95,98.53,3.38,Cobalt,compact,fleet,34957
14,3,12688.73,130.34,3,71.71,1,83.42,103.64,99.62,3.21,Boreal,suv,dealer,45984
14,13,166775.07,147.94,4,44.11,0,57.49,104.39,107.96,3.53,Aster,suv,dealer,9827
14,0,500,91.38,2,70.97,2,100,102.63,99.46,3.23,Aster,sedan,fleet,31014
14,0,500,191.4,1,74.8,1,94.37,106.77,96.97,3.61,Aster,suv,dealer,59575
14,7,127122.64,180.15,3,48.95,1,90.87,105.22,102.68,3.25,Aster,suv,fleet,38998
14,12,160881.1,73.27,5,80.63,1,68.55,106.18,104.21,3.27,Aster,van,private,1200
14,4,62039.13,123.33,2,65.01,0,78.97,107.61,102.57,3.16,Aster,compact,dealer,33481
14,10,195574.37,115.36,3,82.58,1,84.87,106.5,107.09,3.27,Aster,wagon,fleet,13327
14,6,105786.79,122.97,1,65.33,0,83.58,104.38,101.88,3.62,Boreal,suv,dealer,39541
14,4,65408.26,160.58,3,51.96,1,84.1,108.1,97.66,3.35,Ember,suv,dealer,30175
14,5,106400.08,104.4,1,63.82,0,85.46,105.65,104.85,3.91,Boreal,compact,dealer,40693
14,5,118122.27,157.72,1,54.8,1,79.09,102.54,95.75,3.5,Aster,sedan,dealer,26637
14,8,110444.12,45,2,65.68,1,83.7,104,101.67,3.72,Ember,compact,fleet,1200
14,2,38338.05,87.81,2,43.31,0,96.36,98.3,99.98,3.06,Cobalt,suv,private,44409
14,3,64808.94,149.78,3,54.12,0,88.73,109.22,103.18,3.67,Cobalt,suv,dealer,55979
14,4,38414.52,154.8,1,96.89,0,87.29,102.21,96.93,3.14,Cobalt,suv,fleet,66335
14,6,66654.03,152.84,3,58.14,0,80.22,106.48,96.06,3.79,Dune,sedan,private,33006
14,5,88212.39,101.92,3,52.13,0,81.77,105.8,96.34,3.54,Cobalt,suv,fleet,38490
14,3,55491.17,122.87,1,61.74,0,94.96,101.03,105.12,3.51,Aster,wagon,private,22079
14,13,186497.97,91.65,2,70.38,1,60.3,101.92,97.19,3.26,Boreal,suv,private,16214
14,10,167329.79,165.63,2,65.99,1,73.15,104.07,108.15,3.58,Fjord,suv,fleet,25481
14,16,235551.26,123.24,4,48.87,0,52.61,107.4,102.79,3.63,Boreal,compact,fleet,1200
14,9,133595.03,119.43,2,81.94,0,65.8,107.93,105.7,3.65,Cobalt,suv,private,43501
14,3,30949.67,126.84,1,47.85,0,88.97,107.02,96.29,3.39,Aster,suv,dealer,51665
14,11,189315.34,111.77,3,59.54,1,67.92,106.79,101.23,3.39,Cobalt,sedan,private,17673
14,9,94535.9,97.89,2,68.16,1,74.09,107.36,109.37,3.74,Cobalt,compact,dealer,34825
14,6,123174.41,141.09,1,41.14,0,78.54,103.89,99.3,3.29,Fjord,compact,fleet,25883
14,6,106346.18,66.9,1,85.66,1,82.08,110.26,100.76,3.44,Dune,wagon,fleet,24224
14,5,66221.26,75.93,2,59,0,83.58,102.02,103.37,3.83,Boreal,compact,dealer,29136
14,13,177408.97,104.48,3,46.94,0,69.24,109.18,109.48,3.7,Boreal,compact,dealer,1200
14,7,92505.95,109.83,2,79.97,0,71.31,101.04,93.92,3.29,Dune,suv,dealer,46276
14,4,26679.08,85.86,1,88.25,1,87.56,103.53,95.77,3.54,Boreal,sedan,fleet,29574
14,6,107760.14,133.63,2,49.98,0,92.41,105.71,105.21,3.68,Boreal,suv,dealer,43465
14,15,168258.72,130.1,3,52.03,1,58.82,105.49,109.67,3.7,Cobalt,compact,fleet,17992
14,7,57198.16,155.62,1,53.4,1,84.98,96.2,110.84,3.54,Dune,suv,dealer,50038
14,5,89880.53,83.87,1,50.71,0,93.76,104.46,109.41,3.57,Boreal,sedan,private,38064
14,4,91749.97,97.32,1,64.83,0,91.68,104.36,102.41,3.87,Dune,compact,dealer,48188
14,13,136617.47,76.89,4,58.97,1,60.8,101.73,104.91,3.21,Fjord,sedan,private,15798
14,7,116261.47,96.97,2,66.73,0,78.12,105.49,99.65,3.27,Ember,compact,private,18910
14,13,192696.6,99.5,2,58.8,0,64.66,104.23,97.06,3.38,Boreal,suv,dealer,16448
14,3,43045.02,125.94,1,72.07,0,99.03,101.73,98.76,3.44,Ember,suv,dealer,51239
14,3,71554.71,146.63,1,85.46,0,80.69,108.04,103.42,3.45,Fjord,compact,private,25228
14,8,152696.85,107.58,2,70.15,1,74.34,98.23,101,3.54,Dune,compact,private,11635
14,10,107388.66,193,3,23.11,0,81.63,103.16,102.19,3.85,Boreal,suv,private,57511
14,2,25227.26,129.67,1,59.55,0,100,102.13,107.32,3.4,Fjord,compact,private,40900
14,10,106217.61,94.07,3,75.77,1,71.57,102.77,104,3.41,Ember,compact,fleet,10312
14,20,225739.12,157.39,5,36.53,2,42,107.28,97.61,3.52,Fjord,compact,private,1200
14,15,194045.6,93.58,5,39.7,0,60.97,107.79,104.25,3.25,Cobalt,wagon,dealer,14942
14,8,130583.07,123.33,3,57.37,0,77.56,102.92,98.21,3.39,Dune,wagon,private,27269
14,0,16409.78,71.39,1,62.16,0,99.47,106.23,100.72,3.59,Cobalt,sedan,dealer,38610
14,11,141326.78,141.99,5,60.55,2,77.92,99.11,98.24,3.43,Boreal,wagon,fleet,8890
14,3,44712.66,131.5,1,70.11,1,82.98,105.33,104.35,3.66,Cobalt,wagon,private,46322
14,9,106118.65,45,3,56.42,0,76.53,101.82,92.2,3.92,Fjord,compact,dealer,31794
14,5,121473.33,136.05,2,67.92,0,75.77,105.36,98.72,3.21,Boreal,compact,private,45216
14,7,101933.69,89.29,3,66.67,2,81.77,108.14,100.57,3.42,Aster,sedan,private,13124
14,4,98432.01,69.44,2,71.46,0,89.36,109.68,101.5,3.17,Dune,sedan,private,33887
14,4,88937.71,87.88,4,51.64,0,96.95,105.15,99.24,3.36,Boreal,compact,private,18061
14,10,142231.53,106.45,3,40.97,1,79.63,104.65,100.19,3.5,Boreal,compact,private,1200
14,3,83595.11,149.5,2,74.13,0,80.47,105.17,106.09,3.67,Ember,wagon,dealer,50286
14,5,105172.46,45,1,45.06,0,80.42,103.76,106.55,3.68,Boreal,compact,fleet,28065
14,12,171318.66,151.17,3,37.24,0,72.29,106.97,97.01,3.53,Boreal,suv,private,10114
14,11,179425.61,98.51,3,71.66,1,63.7,101.36,103.76,3.59,Aster,wagon,private,14187
14,5,53905.2,111.53,2,94.57,0,83.77,103.48,108.75,3.38,Fjord,compact,fleet,42381
14,7,92496.75,116.11,3,48.63,1,88.92,106.08,101.08,3.62,Aster,compact,fleet,32064
14,12,138249.51,135.45,3,27.89,1,57.2,102.41,107.07,3.66,Boreal,sedan,private,16457
14,1,89692.03,94.67,1,78.81,0,91.48,106.05,96.49,3.18,Aster,compact,dealer,20770
14,1,44226.36,103.46,1,85.38,1,97.54,110.07,93.4,3.57,Aster,van,fleet,26391
14,8,139672.95,165.08,2,75.8,0,77.14,99.69,99.17,3.56,Ember,suv,private,44734
14,9,120045.48,113.01,4,64.64,0,80.03,102.66,108.22,3.07,Ember,compact,private,15625
14,7,106114.6,146.99,3,79.64,1,81.13,99.2,102.12,3.32,Aster,van,private,14187
14,7,131498.08,78.72,2,63.71,0,84.09,98.75,100.4,3.15,Aster,wagon,private,17572
14,3,71576.4,109.08,2,86.32,0,85.85,108.13,100.67,3.53,Boreal,sedan,fleet,40302
14,3,32790.61,117.27,1,63.7,1,94.53,101.33,102.45,3.34,Boreal,suv,fleet,54422
14,5,120841.99,51.24,2,67.56,0,81.15,109.74,104.06,3.26,Boreal,wagon,fleet,16753
14,12,146442.06,140.78,4,35.59,1,52.62,106.14,96.29,3.4,Aster,compact,fleet,1200
14,5,66634.42,113.82,1,73.63,0,92.19,105.81,100.36,3.32,Boreal,compact,dealer,27888
14,8,111246.43,141.95,2,77.91,1,76.16,106.6,94.84,3.41,Boreal,van,dealer,28846
14,7,80594.02,159.4,1,74.26,0,84.23,103.92,107.46,3.09,Cobalt,sedan,fleet,44484
14,3,22877.06,100.33,2,80.11,0,90.02,101.4,107.6,3.29,Boreal,van,private,44113
14,10,127605.51,131,3,56.41,0,72.61,102.71,100.95,3.55,Boreal,compact,private,14765
14,9,142605.77,136.8,3,47.88,1,75.26,102.6,96.58,3.65,Fjord,suv,private,45852
14,9,77507.5,45,2,71.45,1,87.62,102.16,101.5,3.69,Aster,compact,dealer,4099
14,0,500,93.41,1,68.98,0,100,98.87,102.79,3.61,Aster,van,fleet,38139
14,12,147583.12,111.14,3,57.35,0,67.07,104.02,100.91,3.17,Aster,suv,dealer,17540
14,8,121371.84,79.57,2,70.31,1,76.48,104.7,103.42,3.21,Fjord,compact,private,15892
14,9,153981.93,131.12,1,71.24,0,73.02,105.88,107.4,3.75,Ember,compact,fleet,21870
14,5,121870.57,147.79,1,95.67,0,84.29,105.72,97.86,3.56,Fjord,wagon,dealer,53225
14,3,65780,113.14,1,66.75,0,100,106.01,100.08,3.81,Fjord,sedan,fleet,39866
14,9,127252.61,174,2,42.6,0,72.5,103.22,98.42,3.35,Boreal,suv,dealer,42208
14,1,43110.68,126.48,1,58.17,0,93.46,104.67,98.62,3.67,Aster,suv,private,37595
14,9,100848.86,82.37,3,68.34,0,88.14,105.84,102.62,3.55,Ember,sedan,dealer,22133
14,12,135293.92,189.3,3,69.26,1,63.08,106.5,101.81,3.54,Cobalt,suv,fleet,40768
14,6,69773.35,147.49,2,52.49,1,77.79,103.62,101.08,3.3,Boreal,wagon,private,37630
14,3,36070.55,75.83,1,51.36,0,92.98,108.09,107.51,3.86,Ember,compact,private,12241
14,3,38931.73,92.81,2,59.7,0,81.84,102.79,95.52,3.48,Ember,compact,dealer,27515
14,10,162618.06,66.73,3,51.46,0,56,106.57,104.71,3.29,Aster,compact,private,1200
14,8,106320.76,155.54,1,57.04,1,83.7,104,96.61,3.6,Cobalt,suv,private,38063
14,10,153733.97,218.89,3,48.03,0,82.44,101.66,104.73,3.52,Boreal,suv,fleet,53787
14,2,56181.78,126.89,1,58.05,0,93.79,102.61,104.29,3.39,Boreal,wagon,private,48979
14,8,114773.51,106.63,2,77.96,0,84.08,105.56,95.47,3.62,Aster,wagon,private,20565
14,7,103512.63,90.46,2,70.27,0,75.14,103.4,97.56,3.89,Boreal,compact,fleet,9687
14,14,207044.49,93.98,3,39.03,0,54.94,102.39,103.43,3.49,Boreal,van,private,13878
14,10,129433.92,157.32,3,48.96,0,72.02,107.17,100.61,3.35,Ember,suv,dealer,9434
14,6,61381.02,122.15,2,56.84,1,76.3,106.52,100.44,3.37,Fjord,sedan,private,45845
15,7,116185.42,120.21,2,57.27,0,82.59,100.46,103.34,3.58,Cobalt,suv,private,45680
15,7,117029.14,75.08,3,84.01,0,72.24,106.11,103.3,3.4,Ember,wagon,private,21568
15,9,97169.88,142.93,4,67.43,0,69.47,104.01,103.52,3.5,Ember,van,private,29481
15,7,106284.71,114.84,1,82.73,0,78.82,110.14,106.7,3.44,Dune,compact,dealer,39555
15,5,86169.87,155.91,1,98.61,1,76.91,107,98.5,3.78,Aster,compact,fleet,22605
15,5,128632.77,120.6,2,52.25,1,93.43,102.97,104.98,3.16,Cobalt,compact,dealer,35865
15,16,257303.45,146.07,4,59.07,0,55.01,106.43,103.19,3.71,Aster,suv,fleet,15555
15,2,42549.12,157.36,2,82.54,1,97.2,108.57,99.52,3.88,Aster,suv,fleet,38109
15,6,61608.08,65.18,2,59.87,1,84.25,104.33,103.05,3.69,Ember,wagon,fleet,19062
15,5,61296.17,48.66,2,78.82,0,74.11,105.34,96.04,3.55,Ember,sedan,private,34829
15,8,95966.34,114.39,4,53.86,0,74.19,109.12,97.52,3.44,Cobalt,suv,private,18447
15,11,149021.83,119.17,3,60.63,0,64.58,104.61,101.36,3.35,Cobalt,sedan,private,20994
15,11,149701.49,68.81,2,79.64,0,65.75,107.04,101.38,3.63,Aster,wagon,dealer,9219
15,1,42728.28,85.51,1,89.05,0,100,99.38,100.89,3.71,Boreal,sedan,private,34338
15,7,78195.27,96.41,3,72.91,1,88.61,105.33,101.25,3.61,Aster,suv,dealer,29720
15,3,76484.85,191.49,1,97.4,0,99.08,95.58,102.41,3.43,Boreal,suv,private,55112
15,8,82137.5,71.48,3,72.3,0,67.12,104.72,102.44,3.72,Ember,sedan,fleet,26521
15,10,144170.92,120.1,3,70.74,0,73.12,102.15,97.75,3.33,Ember,suv,private,9293
15,2,17258.17,81.96,2,80.01,0,100,102.3,100.73,3.34,Fjord,compact,dealer,36850
15,10,186383.08,45,3,51.47,0,78.92,104.8,105.99,3.67,Boreal,sedan,dealer,10922
15,4,50206.4,127.07,2,71.3,0,83.25,103.01,97.85,3.54,Dune,suv,dealer,66212
15,8,90724.12,135.91,3,54.08,0,82.27,99.78,98.9,2.99,Aster,sedan,fleet,36533
15,7,99533.67,108.52,2,53.51,0,73.96,103.35,101.35,3.35,Boreal,suv,dealer,23091
15,8,118841.94,148.57,4,55.23,1,67.45,100.34,100.67,3.33,Cobalt,suv,dealer,50658
15,7,100772.4,121.91,2,68.54,2,89.53,105.33,99.56,3.41,Cobalt,sedan,fleet,11381
15,9,150808.84,131.7,3,62.38,0,82.02,104.2,95.17,3.29,Aster,compact,fleet,16591
15,11,127568.02,102.29,4,70.09,0,74.19,104.79,104.74,3.53,Aster,suv,fleet,11732
15,4,60005.93,126.98,2,69.52,0,89.17,103.93,105.31,3.27,Dune,compact,dealer,51164
15,9,107598.49,70.76,3,61.62,1,65.15,103.74,104.71,3.27,Dune,sedan,private,19827
15,11,158024.02,125.59,2,56.75,0,62.51,106.63,99.45,3.14,Ember,compact,fleet,30036
15,0,500,112.14,1,86.35,0,100,106.59,104.23,3.3,Boreal,suv,private,66340
15,11,159425.18,129.36,3,60.98,0,70.66,103.36,102.16,3.35,Aster,suv,private,13970
15,9,155588.53,53.2,2,46.73,0,70.52,106.12,101.14,3.54,Ember,sedan,dealer,16513
15,0,500,179.95,1,49.81,2,99.42,102.9,103.98,3.55,Cobalt,suv,private,54545
15,4,76978.22,94.43,2,75.94,0,85.47,106.54,97.08,3.28,Aster,suv,fleet,27411
15,9,75566.4,153.48,3,77.21,1,75.81,103.14,103.02,3.33,Ember,compact,fleet,20956
15,5,89850.91,137.56,2,63.41,0,86.17,105.64,97.34,3.38,Boreal,compact,dealer,31466
15,11,185019.14,96.43,4,55.13,0,69.64,107.06,96.61,3.58,Ember,sedan,private,22949
15,2,37602.21,92.24,2,56.37,0,94.24,109.03,98.27,3.24,Boreal,compact,fleet,39904
15,9,164164.77,133.51,4,51.17,0,71.6,103.48,101.23,3.49,Cobalt,compact,private,4307
15,2,46227.49,104.29,1,68.65,0,84.44,106.24,102.1,3.3,Cobalt,sedan,fleet,46136
15,8,121556.76,132.2,2,79.94,0,77.21,105.06,101.04,3.49,Ember,suv,fleet,26192
15,5,92846.91,99.87,3,50.47,0,85.64,108,108.58,3.41,Fjord,suv,private,42363
15,6,81451.75,45,3,55.44,0,87.63,99.47,105.54,3.58,Boreal,compact,private,10304
15,2,44026.19,134.9,1,60.29,0,94.59,103.97,94.57,3.66,Aster,wagon,dealer,41807
15,7,110795.15,45,3,57,0,77.77,105.79,101.2,3.46,Boreal,wagon,fleet,37016
15,6,114903.32,137.79,3,74.71,0,82.84,102.85,97.02,3,Boreal,sedan,fleet,27054
15,3,43300.3,155.49,1,72.86,2,95.18,103.28,100.75,3.78,Aster,suv,dealer,25220
15,3,58325.85,132.84,2,83.65,0,89.11,99.18,94.29,3.14,Ember,wagon,private,37847
15,7,72155.11,134.96,2,55.42,1,86.8,104.97,101.47,3.53,Fjord,suv,private,28690
15,8,130172.78,122.05,2,56.69,0,78.43,102.05,101.2,3.68,Ember,suv,fleet,28302
15,17,234420.98,143.41,4,61.05,0,51.53,103.45,98.64,3.75,Dune,suv,dealer,27526
15,7,122779.23,152.67,2,90.15,1,74.5,104.78,92.92,3.6,Aster,suv,fleet,29642
15,5,84773.43,73.55,2,81.05,0,77.8,104.49,98.35,3.45,Fjord,wagon,fleet,42351
15,3,37521.56,168.2,2,92.82,0,88.73,99.17,97.43,3.52,Boreal,sedan,fleet,39442
15,9,88579.86,158.31,2,73,0,74.46,96.84,99.19,3.53,Aster,sedan,private,22240
15,12,172541.36,130.1,3,69.63,0,65.79,104.97,94.87,3.72,Cobalt,compact,private,4588
15,12,177759.24,89.64,4,62.38,0,68.13,105.03,94.54,3.18,Fjord,sedan,private,1200
15,10,180690.51,138.04,3,79.14,0,75.54,105.03,99.26,3.58,Fjord,compact,fleet,20787
15,7,88944.9,139.28,2,80.87,0,87.17,108.35,104.7,3.32,Cobalt,compact,fleet,18629
15,7,111650.34,45,3,53.54,2,72.95,105.16,91.87,3.79,Fjord,sedan,fleet,12438
15,1,26346.32,128.2,1,55.8,0,100,105.4,102.02,3.59,Cobalt,sedan,private,44363
15,12,200344.54,100.38,3,66.14,0,63.11,105.66,106.68,3.85,Fjord,sedan,dealer,18141
15,6,91299.84,52.08,2,49.07,0,76.84,103.11,101.36,3.62,Aster,sedan,dealer,22217
15,10,152006.27,69.37,3,57.04,0,67.24,102.91,99.8,3.54,Boreal,sedan,private,13094
15,7,99470.94,115.77,3,68.98,0,82.4,106.4,98.5,3.19,Aster,suv,dealer,23444
15,0,500,101.14,1,77.6,1,92.48,101.1,93.19,3.98,Cobalt,sedan,dealer,47238
15,9,160212.99,93.79,5,74.6,2,71.91,106.66,102.38,3.48,Aster,compact,private,1200
15,6,77942.75,112.41,2,53.59,0,80.03,105.33,97.28,3.71,Fjord,suv,private,42518
15,5,93615.04,154.49,2,60.83,0,89.7,104.83,95.72,3.26,Cobalt,compact,private,33907
15,19,268985.56,102.15,5,41,0,47.36,107.08,99.58,3.31,Aster,compact,dealer,5663
15,14,184790.88,96.66,3,69.17,0,69.84,103.75,105.32,3.44,Boreal,van,fleet,19799
15,9,150263.26,75.73,2,64.1,0,76.94,104.15,100.43,3.34,Aster,suv,dealer,28019
15,7,103013.84,89.99,3,76.87,0,70.42,102.56,101.35,3.25,Ember,sedan,dealer,26178
15,10,147131.7,157.82,4,88.42,1,63.67,109.27,94.09,3.45,Cobalt,suv,private,10269
15,11,162418.04,110.83,3,60.12,0,65.66,107.81,106.64,3.6,Cobalt,sedan,private,21208
15,4,60627.56,55.35,1,87.42,0,85.78,106.24,106.77,3.33,Boreal,wagon,private,42721
15,0,25312.6,182.98,1,65.15,0,100,99.29,99.15,3.48,Boreal,suv,fleet,54742
15,4,53433.08,105.66,3,47.8,0,88.03,99.49,105.71,3.25,Fjord,sedan,private,24334
15,10,115149.62,160,3,40.15,0,76.29,107.4,104.91,3.66,Ember,suv,fleet,35881
15,16,189172.23,141.04,5,49.75,0,55.65,110.04,97.94,3.84,Ember,suv,dealer,16504
15,11,144353.05,101.11,2,66.58,0,73.14,109.24,94.82,3.51,Aster,suv,private,41388
15,3,65338.89,126.69,1,72.47,1,99.63,105.35,105.77,3.68,Cobalt,suv,private,47312
15,8,88082.27,126.47,2,53.72,0,75.14,102.62,101.35,3.51,Cobalt,compact,private,26672
15,1,1576.72,123.83,1,100,1,87.92,105.72,101.88,3.92,Dune,sedan,fleet,50777
15,6,76463.76,59.59,3,59.95,0,92.03,104.58,99.39,3.48,Aster,compact,private,19101
15,7,66287.72,45,2,77.07,1,85.66,105.31,105.67,3.47,Cobalt,van,dealer,26565
15,2,12622.67,97.42,1,63.51,0,91.42,105.05,101.95,3.5,Aster,wagon,private,28155
15,9,122767.58,67.54,2,54.27,0,69.54,104.91,102.17,3.27,Boreal,compact,private,7413
15,10,118531.07,134.99,3,44.66,0,76.83,104.38,93.51,3.54,Cobalt,suv,fleet,23354
15,18,254136.93,89.46,5,67.08,0,53.88,106.36,101.45,3.58,Boreal,wagon,private,1200
15,2,65445.16,45,1,97.23,0,96.16,103.37,100.17,3.56,Aster,sedan,fleet,40146
15,8,134787.54,90.52,3,55.85,0,78.43,106.36,101.27,3.02,Cobalt,van,dealer,19848
15,8,113056.16,149.96,1,56.91,1,80.64,104.92,95.03,3.54,Aster,suv,fleet,21822
15,13,246023.89,118.27,3,38.14,0,55.76,102.57,91.98,3.02,Cobalt,suv,fleet,17683
15,13,134028.41,45,4,59.94,0,60.44,106.25,89.91,3.46,Fjord,van,private,1200
15,7,124580.63,154.51,2,55.97,0,93.5,106.91,99.13,3.47,Ember,compact,private,18181
15,7,120275.37,53.2,3,47.91,1,81.28,102.95,105.18,3,Boreal,sedan,private,12094
15,13,209336.11,45,4,55.22,0,53.21,102.83,101.69,3.46,Aster,sedan,dealer,1200
15,13,179789.58,107.03,3,68.43,0,72.65,110.17,95.76,3.48,Boreal,suv,fleet,13523
15,10,118277.66,153.03,3,52.38,0,63.86,106.33,102.47,3.87,Boreal,compact,private,31380
15,7,85287.93,87.53,4,71.42,0,78.45,101.23,105.76,3.63,Aster,van,fleet,20600
15,8,148256.26,64.54,3,46.53,1,75.07,101.37,92.4,3.56,Fjord,wagon,dealer,29792
15,8,109401.04,100.96,3,51.65,0,78.49,107.12,105.61,3.36,Fjord,wagon,private,28342
15,6,117954.3,157.9,2,61.86,0,84.39,99.32,97.68,3.07,Boreal,suv,private,43852
15,5,90443.85,133.4,2,54.93,0,79.06,100.48,95.57,3.79,Aster,van,fleet,30483
15,4,59719.46,122.36,1,55.75,1,96.2,104.86,102.73,3.54,Boreal,sedan,private,35165
15,5,116740.55,117.04,1,61.19,0,89.37,106.49,99.61,3.34,Dune,sedan,fleet,38888
15,8,97593.56,129.55,4,56.68,0,69.61,102.49,98.86,3.31,Boreal,compact,private,16188
15,0,500,101.16,1,72.05,0,100,109.37,100.38,3.43,Fjord,sedan,fleet,51472
15,9,101179.82,111.62,4,75.98,1,76.73,109.37,97.6,3.59,Fjord,suv,fleet,35309
15,11,169565.03,108.06,4,45.2,0,78.04,105.56,96.11,3.45,Dune,wagon,dealer,49508
15,9,86326.03,151.69,3,76.56,0,67.77,97.68,103.97,3.42,Cobalt,suv,dealer,43533
15,6,101102.32,151,3,48.29,0,88.3,103.26,99.8,3.86,Dune,sedan,dealer,28323
15,11,163893.82,152.31,4,80.49,0,73.07,108.91,97.58,3.54,Cobalt,suv,fleet,22352
15,6,74127.07,148.64,3,75.56,0,76.05,108.74,100.11,3.27,Fjord,suv,fleet,32690
15,11,174745.41,99.53,4,45.97,0,74.92,104.3,102.88,3.45,Ember,compact,dealer,1200
15,5,65077.71,106.65,3,87.61,0,88.4,106.58,96.45,3.45,Boreal,compact,private,31838
15,6,78495.74,103.69,3,46.97,0,90.56,103.69,101.57,3.43,Dune,sedan,fleet,39369
15,4,38851.28,80.16,2,38.86,0,95.69,103.05,105.01,3.43,Dune,compact,dealer,50837
15,5,61197.43,62.43,3,76.79,0,88.18,107.61,101.6,3.5,Boreal,compact,fleet,27180
15,11,161358.08,103.72,5,70.31,1,53.71,104.32,99.87,3.88,Dune,compact,dealer,7914
15,6,86901.36,117.21,2,54.52,1,78.05,103.55,97.24,3.53,Ember,wagon,private,8614
15,3,72092.15,120.89,2,69.52,0,87.13,102.57,99.81,3.83,Aster,wagon,fleet,32277
15,11,180945.05,132.34,2,56.25,0,79.19,104.39,97.95,3.45,Ember,suv,fleet,34165
16,10,125675.82,104.13,3,45.54,0,71.27,100.75,99.98,3.7,Cobalt,sedan,dealer,20373
16,3,45754.81,141.09,2,71.4,0,97.85,103.25,104.46,3.31,Cobalt,sedan,private,32791
16,3,20360.95,207.86,1,77.33,0,85.02,102.79,96.53,3.58,Cobalt,suv,fleet,61892
16,13,173899.88,117.76,4,43.56,0,65.07,106.27,98,3.39,Cobalt,compact,dealer,19932
16,10,139841.92,79.84,4,73.95,1,65.86,104.28,93.29,3.42,Boreal,wagon,fleet,21862
16,14,222494.39,146.53,5,37.2,1,61.83,110.79,98.45,3.55,Ember,sedan,dealer,1200
16,16,194437.74,100.87,5,54.11,1,57.2,104.14,100.69,3.31,Ember,compact,private,11889
16,4,13293.31,103.45,2,41.72,0,84.14,109.04,95.38,3.1,Aster,compact,fleet,25353
16,6,44726.09,60.82,2,86.47,0,86.96,107.11,100.77,3.4,Ember,sedan,fleet,30567
16,7,88086.02,130.28,3,66.94,1,81.61,106.83,97.74,3.92,Boreal,suv,fleet,26274
16,7,103885.71,127.09,3,44.6,0,71.24,105.12,95.57,3.54,Cobalt,suv,fleet,37584
16,4,115128.16,168.03,1,61.37,0,100,104.54,96.27,3.62,Cobalt,suv,dealer,50057
16,14,155895.01,101.65,3,64.03,1,57.11,101.46,101.18,2.98,Cobalt,suv,dealer,20715
16,11,157954.31,115.61,3,50.76,1,65.82,104.35,103.1,3.53,Dune,compact,fleet,16776
16,4,67922.3,56.77,2,66.66,0,100,108.54,98.81,3.64,Cobalt,compact,dealer,40503
16,2,31061.3,79.04,1,90.87,0,94.85,108.88,99.86,3.54,Cobalt,suv,dealer,60744
16,4,61770.96,131.84,2,64.68,1,89.63,105.09,99.62,4.08,Ember,van,private,16599
16,8,138504.14,73.81,2,54.54,1,77.77,103.7,99.57,3.57,Boreal,sedan,private,25366
16,10,140526.87,100.02,3,63.22,0,77.51,100.66,93.35,3.42,Cobalt,sedan,dealer,21260
16,7,76539.09,104.4,3,45.59,0,71.28,101.94,98.1,3.37,Cobalt,compact,dealer,29210
16,1,9396.7,45,2,55.06,0,97.32,109.88,95.53,3.42,Boreal,sedan,private,35885
16,11,169566.46,237.91,2,72.5,1,66,103.32,100.27,3.4,Ember,suv,dealer,24454
16,10,130140.43,97.98,3,36.38,0,65.04,108.1,103.62,3.2,Cobalt,compact,private,12304
16,11,166417.16,142.15,4,42.8,0,57.87,106.59,103.9,3.4,Aster,suv,fleet,41733
16,10,155525.25,110.17,2,71.68,0,62.58,107.11,101.42,3.18,Cobalt,van,fleet,27301
16,1,2606.87,106.96,1,84.6,0,100,105.29,99.95,3.73,Cobalt,compact,dealer,49481
16,10,157556.64,50.24,4,40.67,1,73.14,107.99,106.45,3.33,Aster,compact,fleet,5890
16,10,150090.48,108.56,2,55.78,0,87.53,108.66,100.65,3.45,Boreal,suv,fleet,5214
16,8,175369.9,140.6,3,66.99,1,78.26,106.41,104.67,3.57,Boreal,suv,fleet,26619
16,7,96355.81,125.04,3,64.2,0,83.04,107.4,99.01,3.53,Dune,van,dealer,38147
16,9,148243.23,145.11,3,46.62,0,74.82,105.01,98.17,3.61,Boreal,suv,fleet,20730
16,0,57806.6,140.86,1,66.81,0,98.73,107.01,100.94,3.6,Aster,suv,private,60874
16,0,39881.68,138.75,1,55.82,0,92.53,106.37,101.71,3.55,Fjord,suv,private,56602
16,8,89772.88,154.98,2,71.36,0,78.68,107.6,89.9,3.57,Cobalt,compact,dealer,35102
16,12,181182.05,75.99,3,65.27,1,71.64,104.61,98.65,3.42,Cobalt,sedan,fleet,21912
16,4,53053.53,88.58,2,70.15,0,81.55,99.36,102.54,3.57,Aster,compact,fleet,23675
16,12,168639.93,82.68,3,53.95,0,79.81,106.25,97.4,3.62,Cobalt,van,private,17932
16,10,152378.9,68.03,3,51.3,1,65.69,101.69,103.19,3.51,Ember,wagon,dealer,15557
16,13,205426.25,162.89,4,72,0,72.29,98.53,94.45,3.26,Aster,suv,private,11059
16,6,81027.27,179.41,2,54.69,1,81.64,109.49,98.75,3.54,Cobalt,compact,private,42505
16,10,132915.17,113.59,4,64.51,2,69.64,101.76,98.43,3.38,Cobalt,suv,fleet,46596
16,8,136905.72,127.32,2,57.68,1,76.51,111.32,98.85,3.7,Aster,compact,private,23118
16,12,150862.47,80.26,4,31.04,1,73.65,105.06,95.36,3.48,Cobalt,sedan,dealer,31025
16,0,8997.23,183.19,1,67.02,1,97.79,108.34,101.82,3.81,Ember,suv,private,51937
16,11,148633.54,168.55,3,56.8,2,65.57,106.72,100.44,3.47,Boreal,suv,private,24335
16,2,30412.39,174.81,2,93.69,0,100,101.1,96.6,3.39,Dune,suv,fleet,67277
16,8,113827.97,103.15,1,59.06,0,74.15,106.51,89.31,3.68,Cobalt,sedan,fleet,28960
16,7,111877.13,93.65,2,74.32,1,73.21,103.5,90.72,3.63,Ember,sedan,dealer,21766
16,13,187646.66,45,5,56.42,1,58.11,111.74,95.43,3.66,Cobalt,sedan,dealer,21143
16,10,172630.64,68.43,2,57.11,1,70.17,101.9,99.01,3,Aster,suv,private,22551
16,7,111390.65,75.72,2,43.8,1,76.71,103.83,103.67,3.27,Dune,suv,dealer,37281
16,13,136248.76,126.71,5,54.58,0,63.62,102.69,99.38,3.75,Boreal,compact,fleet,1288
16,7,105929.7,75.06,1,82.03,1,77.13,107.05,96.41,2.93,Boreal,compact,fleet,14825
16,9,185194.12,92.78,2,70.39,0,71.2,107.73,92.43,3.45,Cobalt,suv,fleet,30784
16,11,167157.76,130.13,3,56.86,0,61.17,107.02,100.08,3.84,Boreal,suv,private,18078
16,5,41528.49,71.38,3,70.83,0,84.5,106.62,104.28,3.65,Dune,sedan,fleet,29869
16,7,133912.28,186.77,3,68.52,0,80.18,99.45,101.18,3.15,Cobalt,suv,fleet,59149
16,1,500,101.16,1,94.01,0,100,109.11,99.57,3.5,Cobalt,sedan,private,58669
16,11,148270.64,74.62,3,42.13,1,71.44,110.11,101.46,3.75,Boreal,compact,fleet,1200
16,9,150751.36,94.71,3,46.44,0,78.34,106.97,98.35,3.65,Cobalt,wagon,dealer,30326
16,7,112391.9,87.92,2,57.95,1,83.58,102.18,101.37,3.19,Cobalt,suv,private,32621
16,10,139535.99,83.34,3,75.72,0,70.7,105.43,106.16,3.39,Fjord,compact,dealer,18175
16,12,171853.38,109.24,3,80.07,0,62.14,103.39,99.87,3.35,Aster,wagon,dealer,35576
16,5,95753.9,88.18,2,70.47,0,91.5,105.29,96.8,3.46,Cobalt,suv,dealer,23350
16,15,221303.14,159.79,2,38.11,0,52.47,106.35,93.54,3.16,Ember,suv,private,45556
16,1,22811.7,94.22,1,81.06,0,100,105.29,101.57,3.37,Aster,wagon,private,32966
16,9,140166.59,126.28,4,88.27,0,77.76,105.3,98.43,3.62,Aster,sedan,private,2793
16,16,204127.05,93.86,3,36.27,0,55.54,104.83,94.45,3.58,Boreal,sedan,fleet,1200
16,13,169420.68,46.38,4,50.87,0,61.38,102.43,100.33,3.57,Aster,sedan,private,1200
16,9,147218.86,159.65,3,55.69,1,73.34,107.82,96.19,3.82,Cobalt,suv,fleet,37742
16,2,30315.79,127.8,1,67.51,0,90.83,102.84,97.6,3.25,Aster,suv,private,43787
16,6,70361.23,124.83,2,87.9,1,86.37,105.09,102.83,3.49,Ember,sedan,dealer,30949
16,10,160092.34,93.48,3,44.31,0,70.18,107.98,92.23,3.64,Dune,wagon,fleet,46832
16,10,123064.46,45,3,49,0,79.2,109.16,93.09,3.95,Fjord,sedan,fleet,13822
16,6,62698.91,100.33,3,72.53,2,71.91,107.27,100.47,3.45,Cobalt,sedan,dealer,25874
16,2,22672.25,105.66,2,46.57,1,97.45,101.96,101.42,3.39,Aster,suv,dealer,39348
16,11,175162.14,92.48,3,35.26,0,70.49,106.16,98.8,3.37,Aster,van,fleet,1200
16,12,134563.15,128.56,3,61.59,0,72.12,102.15,101.29,3.38,Cobalt,wagon,fleet,39986
16,8,78224.22,159.79,3,75.22,1,79.51,100.93,97.32,3.21,Aster,suv,private,13511
16,11,170303.03,125.88,1,49.55,0,72.52,103.16,91.65,3.64,Fjord,sedan,dealer,11161
16,9,111940.81,157.22,2,72.08,0,75.52,105.42,100.82,3.39,Cobalt,compact,dealer,10997
16,8,126106.88,82.62,3,50.51,0,77.07,103.96,91.93,3.76,Boreal,suv,dealer,36561
16,7,71804.09,152.72,2,47.49,1,86.32,106.91,105.58,3.44,Aster,sedan,dealer,14588
16,0,47239.04,138.62,1,73.18,0,97.28,106.15,96.56,3.69,Boreal,sedan,fleet,48425
16,6,128901.17,56.37,2,69.33,0,83.17,108.96,98.56,3.48,Fjord,suv,fleet,36585
16,9,135473.74,87.61,2,54.35,1,64.91,105.63,99.6,3.48,Aster,sedan,fleet,1200
16,8,127084.46,178.97,4,58.55,0,83.07,101.11,97.18,3.5,Ember,compact,private,8720
16,8,85584.89,74.64,2,72.21,1,73.03,104.96,101.5,3.6,Fjord,wagon,dealer,19900
16,8,148034.25,177.46,3,56.76,0,74.89,102.76,103.07,3.59,Aster,suv,fleet,20416
16,11,166243.72,163.66,2,50.73,0,66.27,105.99,101.31,3.36,Ember,suv,dealer,36559
16,12,158285.44,86.85,4,64.33,1,72.32,104.44,97.68,3.59,Ember,compact,fleet,1200
16,5,108332.9,73.17,2,60.89,0,88.31,103.62,105.76,2.93,Cobalt,sedan,fleet,35052
16,14,185835.33,117.38,4,50.26,1,61.49,102.74,100.1,3.22,Aster,suv,private,6830
16,4,27578.45,114.57,3,61.45,0,86.53,103.12,100.59,3.7,Aster,suv,dealer,42372
16,12,132040.64,115.4,3,48.94,0,60.98,101.17,99.31,3.58,Fjord,compact,dealer,35312
16,9,121652.97,80.75,3,62.65,1,77.47,107.24,103.56,3.67,Cobalt,compact,private,16489
16,4,67503.37,100.58,2,56.52,0,96.42,101.68,100.75,3.31,Cobalt,sedan,private,35245
16,4,66212.87,120,2,78.1,1,83.38,98.15,98.63,3.8,Dune,compact,dealer,45341
16,15,189848.06,172.63,4,37.42,1,62.37,101.75,102.14,3.3,Cobalt,sedan,fleet,20671
16,6,93363.56,172.76,2,79.74,1,89.87,105.96,102.71,2.98,Ember,suv,dealer,39269
16,18,247952.86,180.67,6,45.88,0,52.4,103.45,95.44,3.57,Cobalt,suv,dealer,15669
16,8,79089.59,143.56,3,57.64,0,76.81,102.77,102.45,3.24,Cobalt,sedan,private,30118
16,6,103468.86,117.94,2,58.21,1,86.7,101.11,100.83,3.32,Fjord,suv,private,43368
16,10,120193.39,142.52,3,37.32,0,73.72,105.4,95.6,3.49,Aster,compact,private,19529
16,13,118684.66,60.65,3,36.33,0,54.12,106.71,91.64,3.59,Aster,sedan,dealer,16196
16,9,150301.52,125.76,2,63.06,0,68.26,108.55,97.15,3.46,Boreal,compact,dealer,24740
16,10,163657.14,47.25,4,48.96,0,81.53,105.74,101.82,3.62,Boreal,compact,dealer,11494
16,10,129722.77,148.96,2,47.59,0,67.07,103.52,103.7,3.64,Aster,sedan,private,9229
16,9,83568.13,94.39,3,48.2,0,82.16,103.2,97.06,3.32,Ember,compact,private,19025
16,5,98606.58,143.8,2,49.17,0,85.7,102.66,93.87,3.37,Boreal,suv,dealer,57512
16,15,179174.83,117.74,4,62.59,0,51.43,104.48,95.9,3.05,Aster,compact,dealer,1200
16,9,149583.88,115.94,3,47.21,0,76.82,102.84,103.82,3.43,Aster,sedan,fleet,12466
16,4,57887.78,116.27,1,53.25,0,83.22,105.48,96.66,3.26,Boreal,sedan,private,43388
16,0,17926.36,115.12,1,82.77,0,100,107.13,98.93,3.83,Boreal,van,private,51042
16,1,500,68.53,1,70.79,0,93.75,105.52,100.63,3.6,Fjord,wagon,private,36783
16,10,128328.08,168.42,4,64.25,0,70.03,101.25,101.31,3.45,Cobalt,suv,private,28725
16,5,32903.5,85.75,2,60.99,0,83.15,108.81,98.2,3.38,Aster,suv,private,24009
16,0,2251.65,150.26,1,82.49,1,100,102.03,100.5,3.54,Aster,suv,private,55980
16,11,139752.59,101.64,3,52.87,0,75.96,102.58,94.35,3.38,Ember,wagon,dealer,17962
16,10,158717.04,97.19,3,61.67,0,76.81,104.39,95.07,4.08,Cobalt,sedan,fleet,18217
16,0,500,97.61,1,75.89,0,94.48,106.57,99.23,3.68,Dune,compact,fleet,45621
16,7,107171.01,90.12,3,52.25,0,74.63,98.56,105.89,3.58,Cobalt,sedan,fleet,30927
16,1,59550.36,70.44,1,69.83,0,100,107.62,97.56,3.09,Dune,suv,dealer,50054
16,2,28328.37,131.38,2,54.49,0,92.27,106.53,98.15,2.76,Aster,suv,fleet,38144
16,9,76257.23,62.78,5,63.86,1,75.83,109.13,100.19,3.56,Boreal,suv,private,12058
17,3,17690.52,83.33,1,71.14,1,79.8,106.67,99.69,3.44,Cobalt,compact,dealer,22793
17,7,70097.26,94.12,1,64.08,0,77.19,105.12,93.05,3.51,Boreal,compact,dealer,28459
17,9,99521.96,70.58,3,42.89,1,73.44,107.53,100.67,4.08,Boreal,sedan,private,8878
17,11,207577.18,90.92,3,58.47,1,72.08,104.73,108.83,3.61,Dune,van,private,22019
17,9,132075.58,187.19,3,76.87,0,77.28,107.43,102.41,3.12,Boreal,suv,dealer,62942
17,3,56144.24,138.64,1,64.28,0,80.44,102.2,97.6,3.78,Dune,wagon,dealer,55025
17,7,103607.66,166.79,4,57.13,0,75.34,105.87,103.92,3.67,Boreal,sedan,fleet,13957
17,5,73732.5,148.48,1,77.75,0,96.4,109.29,99.02,3.26,Fjord,suv,private,49222
17,5,59222.72,99.12,1,72.37,0,85.72,106.48,97.71,3.24,Aster,compact,dealer,28549
17,12,194051.9,61.51,3,44.61,1,64.43,103.91,98.22,3.31,Fjord,compact,fleet,1200
17,5,92346.97,45,1,89.58,0,86.95,105.56,103.66,4.01,Boreal,sedan,fleet,12801
17,5,69178.27,140.03,4,76.39,0,83.07,103.72,99.07,3.68,Ember,suv,dealer,47502
17,8,104083.38,72.56,3,53.1,0,69.94,106.69,100.4,3.71,Ember,sedan,dealer,30916
17,3,61793.68,78.11,3,76.56,0,100,103.96,97.67,3.56,Ember,compact,dealer,39942
17,8,69512.3,96.47,3,63.68,1,74.12,106.62,99.23,3.27,Cobalt,van,dealer,35382
17,9,102280.13,140.03,2,61.33,1,72.89,102.88,93.61,3.85,Fjord,compact,fleet,9320
17,15,181308.8,81.71,4,60.42,1,56.24,100.32,99.38,3.61,Dune,sedan,private,11617
17,3,69243.41,97.52,2,53.24,0,93.82,105.87,93.68,3.49,Dune,compact,dealer,36387
17,8,138599.08,161.34,1,80.64,0,84.73,102.58,99.52,4.05,Boreal,suv,fleet,47651
17,8,104226.8,128.15,2,65.37,1,72.42,105.58,98.63,3.34,Boreal,sedan,dealer,20881
17,4,45556.12,86.66,2,91.23,0,88.65,109.49,105.3,3.64,Aster,wagon,fleet,48721
17,2,36372.27,97.2,1,84.44,0,99.03,103.4,103.64,3.78,Ember,suv,private,39222
17,4,77408.01,99.68,2,61.56,0,79.64,108.43,105.52,3.52,Boreal,sedan,private,36146
17,8,86471.92,79.1,3,71.56,1,79.2,109.19,97.12,3.56,Boreal,sedan,dealer,12231
17,7,107809.05,75.01,2,77.01,0,87.2,112.09,97.36,3.52,Aster,compact,fleet,17275
17,9,139759.58,88.71,1,52.07,2,62.98,104.79,92.61,3.58,Aster,suv,fleet,1200
17,11,167531.27,114.5,5,70.28,0,73,103.65,92.5,3.86,Aster,wagon,private,1200
17,2,49234.77,58.28,2,77.92,0,94.11,104.06,103.52,3.49,Cobalt,sedan,fleet,33509
17,5,75697.12,70.6,1,63.07,0,89.83,104.31,94.26,3.68,Ember,wagon,private,38959
17,5,42734.16,148.43,3,87.35,0,89.95,107.24,95.73,3.67,Dune,van,dealer,45550
17,5,46953.36,78.65,2,79.25,0,85.02,101.91,98.09,3.17,Boreal,wagon,fleet,22058
17,6,123851.39,114.31,2,75.07,0,84.04,106.06,97.47,3.42,Cobalt,suv,private,42853
17,4,83164.44,46.23,2,68.07,0,85.12,102.02,96.04,3.31,Boreal,wagon,dealer,32600
17,4,43475.34,170.4,1,63.71,0,85.89,98.22,97.15,3.56,Cobalt,sedan,fleet,49415
17,10,150277.44,136.12,4,39.84,0,76.56,107.3,105.39,3.61,Boreal,compact,private,24603
17,12,133386.96,97.22,3,83.26,0,70.84,101.89,97.72,3.51,Aster,compact,fleet,3636
17,12,128462.09,83.27,4,73.21,1,75.96,102.22,101.91,3.76,Ember,van,dealer,1200
17,10,156803.66,143.59,3,59.5,1,68.41,108.8,97.72,3.26,Fjord,sedan,private,1739
17,14,191687.48,144.5,4,63.7,1,65.34,109.41,93.48,3.44,Aster,wagon,fleet,26975
17,8,123344.32,116.89,3,51.94,1,69.14,106.36,97.43,3.57,Aster,wagon,private,9833
17,9,102693.74,171.51,4,62.7,0,65.29,105.79,98.84,3.72,Aster,suv,dealer,17749
17,10,126515.5,145.32,3,40.79,0,68.96,105.65,98.56,3.54,Aster,suv,dealer,18916
17,17,203472.53,178.46,3,62.5,1,57.57,105.88,103.14,3.47,Cobalt,sedan,fleet,15563
17,1,3096.55,124.83,2,81.5,1,84.26,104.99,96.04,3.47,Cobalt,suv,private,69991
17,5,103040.97,45,3,59.53,1,84.71,106.55,101.07,3.31,Cobalt,van,private,24519
17,9,119016.08,73.57,3,55.43,0,75.81,106.04,98.02,3.22,Aster,wagon,fleet,3919
17,15,187815.2,120.3,4,47.83,0,49.97,109.57,97.2,3.52,Fjord,sedan,private,27989
17,0,26826.14,144.97,3,73.73,1,99.04,103.49,99.77,3.67,Boreal,suv,private,41573
17,8,142817.52,127.41,2,61.3,0,81.08,105.13,99.91,3.45,Boreal,wagon,dealer,26958
17,14,179248.79,161.59,4,71.04,2,59.38,107.23,97.76,3.57,Aster,compact,dealer,1200
17,8,96022.43,91.24,3,62.51,0,78.12,100.25,96.64,3.42,Boreal,compact,dealer,22839
17,13,211763.22,88.06,3,62.97,1,60.55,109.9,94.89,3.52,Boreal,van,private,1200
17,9,119053.93,127.99,3,32.6,0,77.43,100.24,92,3.47,Fjord,suv,dealer,34554
17,8,110448.73,157.26,4,51.09,0,81.57,103.04,91.52,3.86,Cobalt,compact,dealer,34063
17,6,94008.51,143.23,3,58.47,0,88.11,103.79,98.52,3.17,Aster,sedan,dealer,29995
17,7,90707.84,45,3,71.6,0,79.75,105.88,104.08,3.24,Aster,suv,fleet,17638
17,15,221943.77,169.75,5,45.66,0,56.12,110.58,100.39,3.57,Cobalt,sedan,dealer,30948
17,6,178376.71,103.63,2,52.61,0,85.12,106.96,92.28,3.03,Boreal,sedan,private,26191
17,16,217576.55,125.29,4,48.14,1,50.38,104.9,101.55,3.54,Aster,suv,dealer,14172
17,4,97517.62,159.16,1,60.24,1,87.76,105.67,88.2,3.61,Boreal,suv,dealer,48628
17,8,99086.86,80.32,2,62.51,0,80.75,103.47,94.73,3.35,Aster,van,private,11263
17,14,204675.98,157.12,5,60.57,0,63.3,111.33,98.96,3.45,Boreal,suv,private,30855
17,11,185080.53,140.36,3,67.49,0,66.93,106.51,94.23,3.76,Fjord,van,dealer,36869
17,11,124591.96,94.17,3,61.73,0,67.94,105.17,102.35,3.79,Aster,sedan,fleet,17655
17,16,285452.5,102.79,5,36.4,1,49.02,97.94,96.38,3.53,Aster,van,fleet,1200
17,9,139548.82,117.1,3,79.69,0,74.93,107.97,105.22,3.63,Dune,van,fleet,21478
17,3,79532.2,134.42,2,57.32,1,92,106.6,97.56,3.51,Aster,suv,private,42976
17,13,204637.64,123.8,3,62.24,0,60.85,100.65,99.19,3,Fjord,compact,dealer,1763
17,6,99920.85,102.31,2,89.09,0,90.2,107.72,97.72,3.82,Boreal,compact,fleet,35290
17,4,47073.42,116.78,3,46.2,0,80.19,108.55,99.74,3.57,Cobalt,compact,fleet,37397
17,6,98228.08,130.19,2,63.08,1,81.17,105.71,98.37,3.23,Ember,van,fleet,20771
17,4,61120.09,119.44,1,56.3,0,78.32,107.86,95.01,3.39,Aster,van,dealer,37117
17,5,45094.85,172.59,2,57.9,0,86.91,108.3,95,3.68,Ember,compact,private,40775
17,14,206348.37,75.74,3,74.19,0,63.41,105.69,104.05,3.99,Cobalt,suv,private,19165
17,12,165686.44,80.1,3,51.56,1,63.57,106.19,100.92,3.35,Boreal,compact,fleet,9614
17,13,153567.2,190.38,4,64.89,1,54.79,105.58,106.46,3.51,Cobalt,compact,fleet,12493
17,7,102460.16,88.41,4,71.42,1,76.83,100.44,98.26,3.72,Aster,compact,dealer,13273
17,9,137064.29,99.36,3,62.74,0,69.04,101.48,103.45,3.77,Boreal,sedan,dealer,31590
17,4,9647.66,86.01,2,74.03,1,95.95,104.61,102.28,3.62,Fjord,sedan,dealer,28347
17,4,26234.95,45,2,72.2,0,90.77,106.03,90.17,3.89,Cobalt,wagon,dealer,37919
17,2,46301.43,181.94,2,74.94,0,88.7,102.3,97.64,3.65,Cobalt,sedan,fleet,37591
17,4,65370.68,90.27,1,79.11,1,88.87,108.07,101.78,3.41,Dune,compact,private,42746
17,4,48380.53,73.79,2,67.02,2,96.49,107.7,102.35,3.7,Fjord,sedan,dealer,32111
17,6,102114.67,87.13,3,67.2,0,80.91,102.98,103.16,3.34,Fjord,compact,private,15255
17,9,153640.91,106.56,3,66.66,0,72.79,105.74,105.81,2.95,Aster,suv,private,23416
17,14,172828.21,213.47,3,57.32,0,59.81,106.43,101.03,3.55,Aster,van,private,8299
17,1,75403.07,231.33,1,78.02,1,96.21,104.64,99.8,3.05,Cobalt,suv,dealer,55607
17,6,147350.42,99.37,2,47.11,0,96.93,105.08,89.67,3.55,Fjord,suv,fleet,42684
17,13,197193.02,81.59,3,61.37,0,67.53,114.69,101.07,3.57,Ember,van,fleet,1927
17,9,147560,103.68,3,33.1,1,80.6,105.7,96.04,3.52,Ember,compact,fleet,1200
17,12,194065.22,168.76,4,64.37,0,59.14,107.16,95.14,3.53,Boreal,suv,fleet,37820
17,4,94536.25,96.09,3,30.5,1,89.89,103.5,95.41,3.56,Boreal,compact,private,23158
17,5,66367.04,87.83,2,63.84,0,89.43,105.34,89.43,3.32,Boreal,sedan,private,20958
17,8,141356.5,142.87,4,31.19,0,74.92,103.33,92.83,3.51,Aster,wagon,private,17277
17,12,198498.8,78.46,4,62.24,0,65.76,108.9,94.27,3.5,Aster,wagon,dealer,3708
17,0,13403.02,69.85,2,72.35,1,87.32,108.75,93.98,3.42,Ember,sedan,fleet,26430
17,5,95431.57,121.14,1,59.96,0,84.46,111.5,91.87,3.73,Aster,sedan,private,31903
17,9,134411.45,147.52,1,63.04,0,83.24,114.94,96.77,3.77,Boreal,compact,dealer,20277
17,9,124015,93.8,2,49.06,1,63.17,107.16,105.27,3.64,Ember,sedan,private,19165
17,12,172538.33,208.94,3,71.05,1,76.83,103.66,98.52,3.29,Boreal,suv,private,29857
17,9,141370.74,45,3,60.84,0,73.94,101.64,97.42,3.49,Boreal,wagon,private,12008
17,14,201666.47,167.45,4,50.11,1,68.08,105.16,99.07,3.23,Aster,compact,fleet,1200
17,6,130216.86,122.77,2,68.36,0,82.52,105.97,100.66,3.46,Ember,wagon,fleet,22272
17,8,116478.03,75.33,2,57.52,0,77.45,106.38,100.73,3.65,Aster,compact,fleet,17338
17,0,500,177.22,2,96.65,0,100,104.41,95.92,3.7,Cobalt,compact,fleet,46369
17,13,151326.7,113.06,3,60.08,0,69.66,101.58,95.57,3.61,Boreal,sedan,dealer,8583
17,7,115748.32,100.55,3,74.88,1,78.21,105.15,100.26,3.8,Fjord,suv,private,43102
17,6,96627.9,157.18,2,41.35,0,92.74,107.75,99.45,3.57,Boreal,sedan,private,28568
17,5,44618.38,159.66,1,75.33,0,82.22,105.84,103.29,3.2,Dune,suv,fleet,63324
17,8,89904.06,101.84,2,50.23,0,81.2,103.5,100.01,3.64,Boreal,sedan,dealer,31430
17,9,143092.22,101.79,3,67.39,0,73.25,110.09,96.16,3.46,Dune,sedan,dealer,27014
17,14,188032.87,66.06,3,50.34,1,56.67,108.49,95.56,3.51,Aster,suv,dealer,10225
17,5,39272.4,86.6,1,68.78,0,88.75,107.16,99.46,3.89,Ember,van,dealer,25609
17,9,105696.37,80.84,1,95.52,0,72.34,103.89,101.23,3.61,Aster,sedan,fleet,16033
17,13,162453.32,141.35,4,44.77,0,68.08,109.24,104.83,3.3,Boreal,suv,private,18530
17,10,152190.81,139.7,3,43.14,1,64.11,114.6,104.12,3.77,Ember,suv,fleet,30136
17,12,204441.93,97.61,4,42.15,0,61.04,98.2,93.89,3.55,Boreal,sedan,private,12182
17,4,56276.55,194,1,68.12,0,91.55,103.7,95.24,3.66,Dune,suv,fleet,58634
17,5,75170.37,133.89,2,56.59,0,83.18,110.69,98.06,3.63,Boreal,suv,fleet,43174
17,4,43943.17,66.89,1,70.4,0,83.05,103.56,102.26,3.4,Cobalt,wagon,private,34142
17,14,239333.98,90.6,3,42.68,1,58.34,104.01,102.92,3.26,Dune,sedan,private,16552
17,7,143687.27,136.69,3,65.82,0,84.38,101.71,99.63,3.69,Aster,suv,dealer,32719
17,6,111977.46,170.59,2,77.11,0,83.74,104.66,98.8,3.44,Boreal,suv,private,48991
17,6,143392.94,136.14,2,90.06,0,88.79,104.99,99.48,3.73,Fjord,wagon,private,25957
17,0,500,126.18,2,73.94,0,99.1,104.54,88.21,3.44,Boreal,van,private,59247
18,4,63047.96,90.29,2,66.63,0,91.68,109.36,91.32,4.01,Fjord,compact,fleet,22606
18,10,174759.78,81.56,3,56.16,1,74.61,106.87,97.83,3.32,Dune,suv,dealer,30424
18,10,130775.45,96.8,4,42.59,0,66.36,104.45,96.15,3.73,Aster,suv,private,14134
18,3,56701.41,135.59,2,98.73,0,88.58,101.15,103.36,3.65,Fjord,compact,private,50758
18,7,109333.29,93.98,3,72.88,0,77.9,106.57,94.95,3.83,Boreal,suv,fleet,26309
18,7,104639.11,74.6,2,70.51,0,67.09,106.32,93.94,3.5,Boreal,compact,dealer,13152
18,5,99886.44,85.25,2,69.98,0,84.51,103.62,90,3.12,Fjord,compact,private,35257
18,1,41123.84,89.48,1,86.5,0,92.84,107.34,100.21,3.56,Boreal,compact,fleet,45639
18,8,80613,79.81,1,42.77,1,71.49,104.11,94.9,3.52,Cobalt,compact,private,30499
18,7,119628.12,108.42,2,64.67,1,76.64,103.43,98.07,3.64,Aster,sedan,dealer,27670
18,2,500,49.01,3,93.53,0,92.13,105.33,101.24,3.23,Boreal,sedan,dealer,42745
18,13,206659.98,131.55,4,62.18,1,68.09,104.88,99.23,3.69,Aster,compact,private,10315
18,12,158844.83,147.8,2,47.45,0,52.58,106.78,95.35,3.73,Fjord,van,private,33016
18,12,171541.5,61.8,3,24.9,0,79.54,100.06,99.55,3.81,Boreal,compact,dealer,9444
18,6,108105.26,120.27,1,58.56,1,79.88,106.52,96.95,3.7,Cobalt,sedan,fleet,19983
18,11,188507.91,120.14,4,71.48,0,67.65,106.55,99.87,3.42,Fjord,van,dealer,32377
18,3,23059.48,147.04,1,76.8,0,86.76,106.08,95.82,3.64,Aster,suv,fleet,50975
18,8,147349.2,178.26,3,51.71,1,80.07,110.65,93.24,3.53,Boreal,suv,fleet,18328
18,0,500,80.38,2,69.2,0,96.34,106.3,94.17,4.04,Ember,sedan,fleet,37733
18,11,175889.73,138.12,5,66.5,0,53.75,107.26,98,3.45,Ember,compact,dealer,22316
18,8,105228.08,155.64,1,56.45,0,74.86,105.88,90.23,3.45,Boreal,wagon,dealer,46342
18,16,261746.21,132.54,5,20,0,57.51,97.64,99.31,3.45,Fjord,sedan,private,3570
18,3,35712.06,86.68,1,66.52,0,93.36,109.21,95.41,3.48,Aster,sedan,fleet,34833
18,6,136206.54,208.27,3,62.01,0,83.39,104.14,100.58,3.81,Cobalt,suv,private,47975
18,12,185081.62,164.85,4,63.03,0,63.77,110.18,101.28,3.79,Aster,sedan,private,19357
18,11,101384.38,173.44,1,73.62,0,68.43,105.73,95.16,3.63,Fjord,suv,fleet,24667
18,8,98405.36,109.1,3,85.05,0,79.6,111.7,107.65,3.67,Boreal,wagon,fleet,16802
18,5,61687.25,146.03,2,68.2,0,74.93,104.62,100.35,3.7,Cobalt,compact,fleet,46994
18,8,151458.36,108.03,3,84.67,0,74.73,105.1,100.83,3.92,Dune,van,dealer,39181
18,6,74181.69,130.97,2,50.6,0,71.9,103.86,92.83,3.66,Boreal,compact,fleet,26475
18,12,155405.23,151.52,4,55.14,0,62.89,107.33,94.8,3.06,Ember,suv,dealer,34229
18,8,144070.65,89.13,1,65.79,0,70.68,109.17,103.24,3.67,Cobalt,suv,dealer,26927
18,4,59634.65,45,1,91.22,0,89.15,103.09,96.78,3.18,Fjord,compact,dealer,31545
18,7,119183.29,58.91,3,47.69,0,80.41,104.15,100.87,3.55,Boreal,sedan,dealer,24299
18,9,135723.45,96.47,3,57.29,2,73.29,106.83,101.09,3.75,Aster,van,dealer,17422
18,15,206555.18,100.19,4,55.91,0,55.99,107.76,99.64,3.51,Fjord,sedan,fleet,1200
18,0,500,99.84,1,41.74,1,100,105.29,98.09,3.32,Ember,sedan,private,33974
18,12,131790.34,63.62,3,65.84,0,68.81,110.19,96.06,3.16,Boreal,suv,private,36563
18,7,109000.77,77.9,3,68.9,2,83.34,105.98,93.25,3.3,Boreal,compact,dealer,21278
18,7,160854,180.19,2,74.96,0,73.93,106.81,108.36,3.6,Ember,suv,fleet,31472
18,14,175346.86,110.69,3,62.32,0,60.3,107.86,100.15,3.76,Aster,compact,private,11479
18,13,163156.28,82.47,3,56.99,0,66.55,108.64,97.25,3.86,Ember,sedan,private,6073
18,13,143797.04,54.75,5,52.79,1,72.84,107.99,92.74,3.64,Dune,compact,private,11239
18,13,196024.57,124.34,3,35.04,0,69.86,101.96,103.18,3.7,Cobalt,compact,private,8714
18,8,93381.11,133.27,2,65.43,0,69.81,107.79,96.29,3.63,Dune,sedan,private,40785
18,4,36562.98,109.65,1,80.84,0,92.51,104.36,94.87,3.79,Aster,suv,fleet,25333
18,7,152317.26,104.87,2,68.43,0,71.36,107.63,95.89,3.13,Ember,compact,dealer,19288
18,9,125382.27,141.7,3,43.07,0,79.12,106.05,94.47,3.88,Aster,suv,fleet,28440
18,3,66316.78,105.74,2,92.94,0,87.22,104.73,106.49,3.31,Cobalt,compact,private,44714
18,10,145827.8,89.27,4,65.79,1,73.44,100.97,99.25,3.85,Cobalt,sedan,fleet,36113
18,9,123294.85,104.36,3,44.16,1,72.99,108.47,96.81,3.36,Aster,sedan,fleet,21316
18,3,53123.41,62.4,3,49.84,2,93.05,106.91,103.2,3.35,Boreal,sedan,fleet,4404
18,0,500,151.98,1,62.51,0,100,107.28,96.17,3.49,Dune,compact,private,61198
18,9,120569.3,173.02,3,73.46,0,74.58,108.03,102.59,3.68,Boreal,suv,fleet,27899
18,5,56661.06,116.87,3,66.31,0,95.6,106.2,94.63,3.7,Cobalt,suv,dealer,63241
18,8,131951.24,76.84,3,71.12,0,73.33,110.29,97.4,3.52,Cobalt,wagon,fleet,24673
18,14,192618.76,125.13,4,43.68,0,56.02,101.58,101.02,3.41,Cobalt,wagon,dealer,14287
18,16,241929.86,51.36,4,58.12,1,57.46,105.85,96.32,3.36,Cobalt,compact,dealer,1200
18,7,97936.54,172.9,2,80.28,0,73.82,103.96,97.1,3.48,Aster,suv,dealer,40338
18,6,57421.64,167.8,2,54.61,0,91.74,107.04,96.01,3.38,Cobalt,sedan,private,43270
18,3,73936.64,136.38,1,78.62,0,90.31,106.04,95.22,3.79,Boreal,sedan,fleet,40476
18,12,151734.76,45,4,41.97,1,67.99,105.72,95.81,3.92,Boreal,sedan,private,1200
18,9,149725.66,134.82,3,87.24,0,72.52,107.9,91.21,3.68,Dune,suv,fleet,35926
18,4,59269.52,96.57,1,65.17,0,84.59,106.27,101.95,3.78,Aster,suv,fleet,38497
18,7,120884.34,148.54,2,66.71,1,83.14,104.85,100.03,3.36,Dune,compact,fleet,36974
18,9,152557.62,85.26,4,79.74,1,65.8,101.48,99.82,3.48,Aster,sedan,private,3595
18,19,215968.67,100.61,5,44.96,1,51.25,106.01,103.92,3.47,Boreal,sedan,dealer,1200
18,3,37069.09,87.39,2,82.43,1,83.43,106.83,102.1,3.64,Ember,wagon,private,39331
18,7,157717.82,45,3,48.29,2,78.73,102.93,89.83,3.56,Boreal,van,fleet,14168
18,12,152644.24,139.83,3,48.18,1,67.92,112.56,96.57,3.71,Dune,sedan,private,41043
18,2,52595.74,111.62,2,80.28,0,94.8,102.13,89.04,3.82,Boreal,sedan,fleet,33693
18,8,68530.36,100.2,2,61.29,0,79.81,107.92,97.55,3.45,Ember,wagon,fleet,21687
18,5,51747.36,140.82,2,81.43,0,81.45,101.84,99.13,3.47,Dune,compact,private,36414
18,7,115509.5,92.95,3,79.55,0,74.71,105.48,97.95,3.9,Boreal,compact,fleet,19631
18,10,159034.87,177.58,3,72.7,0,77.65,106.45,98.97,3.53,Ember,suv,dealer,31892
18,14,165110.37,56.05,4,58.57,0,60.14,102.18,94.94,3.57,Ember,van,fleet,19879
18,6,104280.25,135.69,2,89.93,1,84.25,106.75,90.32,3.62,Boreal,wagon,fleet,36184
18,3,81556.39,127.69,2,95.83,0,87.26,109.58,99.93,3.44,Boreal,suv,private,43883
18,13,177911.59,108.14,4,59.67,1,57.18,106.29,96.6,4.01,Cobalt,compact,private,7381
18,8,85934.09,175.28,2,60.57,1,80.43,105.55,93.96,3.34,Aster,suv,dealer,45045
18,9,149821.5,137.91,3,84.64,0,76.65,101.63,98.96,3.44,Cobalt,suv,dealer,23264
18,11,136848.82,125.69,4,51.6,0,64.48,103.24,98.33,3.62,Dune,suv,private,11691
18,7,118744.37,70.96,2,71.85,0,69.6,106.36,96.56,3.71,Fjord,sedan,private,33959
18,5,32175.04,63.87,2,85.72,0,80.33,103.63,102.34,3.69,Cobalt,van,dealer,43778
18,3,61666.98,174.49,2,51.03,0,89.93,104.46,100.54,3.79,Boreal,suv,fleet,34267
18,13,153619.37,114.04,4,47.72,0,64.23,107.28,94.61,3.85,Dune,suv,private,10799
18,0,500,45,2,72.34,1,95.58,111.72,99.11,3.27,Ember,compact,dealer,23319
18,9,81790.88,103.79,2,61.11,0,76.09,105.27,97.67,3.64,Cobalt,compact,dealer,25343
18,10,163941.27,131.84,3,74.72,2,68.14,103.15,102.76,3.2,Dune,suv,private,23125
18,1,16969.18,120.95,1,48.82,0,100,109.47,100.11,3.3,Boreal,van,private,38507
18,15,235879.98,147.68,5,54.28,2,59.78,106.13,96.98,3.58,Ember,compact,dealer,1200
18,6,79968.37,66.84,1,62.39,1,99.1,110.53,95.7,3.82,Dune,wagon,private,33533
18,3,48891.41,151.71,1,64.85,1,91.77,105.27,100.3,3.85,Dune,suv,private,58905
18,7,109487.21,111.76,2,69.94,0,76.67,106.99,96.84,3.12,Cobalt,compact,fleet,35072
18,13,145725.49,62.79,3,44.27,0,60.59,103.7,100.91,4.01,Boreal,compact,fleet,3134
18,11,161084.55,199.67,3,60.86,0,61.73,101.69,98.32,3.33,Boreal,suv,private,33701
18,7,86691.55,153.83,3,81.71,0,73.39,106.57,100.63,3.6,Cobalt,suv,private,51956
18,3,58327.72,88.6,3,98.05,0,85.76,103.87,94.55,3.92,Cobalt,compact,dealer,30252
18,4,64423.15,124.9,3,62.83,1,86.84,107.78,93.66,3.58,Ember,suv,private,43903
18,8,118461.71,142.59,4,65.68,0,80.14,107.17,93.01,3.77,Aster,suv,private,20445
18,8,136078.74,141.23,1,74.92,0,86.1,100.13,90.44,3.63,Fjord,van,fleet,26747
18,13,168396.39,110.9,3,44.18,1,69.33,106.82,103.92,3.56,Boreal,compact,dealer,3291
18,3,82887.36,86.62,3,78.83,0,100,105.91,100.97,3.65,Cobalt,wagon,fleet,40108
18,6,70796.62,76.23,2,55.98,0,94.35,102.77,97.04,3.55,Cobalt,sedan,dealer,34023
18,7,78809.55,102.79,2,64.08,0,77.14,106.81,95.26,3.37,Aster,van,private,15357
18,15,199991.59,130.83,5,75.97,0,53.75,96.79,95.91,3.86,Ember,sedan,private,8690
18,0,53604.38,45,2,69.88,0,94.74,111.01,91.18,3.89,Aster,compact,private,34082
18,3,51435.75,83.43,1,69.16,0,100,104.61,94.33,3.93,Fjord,compact,dealer,35820
18,16,274570.71,125.42,3,74.58,0,55.74,105.82,93.93,3.79,Fjord,suv,dealer,27128
18,9,112888.32,152.45,3,46.01,1,74.71,106.96,104.02,3.33,Ember,suv,fleet,9929
18,13,192291.33,105.47,4,68.98,0,56.8,104.83,91.75,3.55,Cobalt,compact,dealer,10943
18,10,115043,170.33,3,58.73,1,76.45,105.32,95.06,3.36,Cobalt,suv,dealer,33009
18,8,97321.42,139.77,2,66.4,0,81.92,101.74,99.41,3.41,Ember,compact,private,33919
18,7,67191.58,110.87,4,60.24,1,64.23,101.98,105.29,3.27,Boreal,sedan,private,32915
18,4,104671.94,117.04,1,52.01,0,81.92,106,101.05,3.95,Boreal,compact,dealer,31831
18,0,500,86.41,2,70.34,0,97.32,107.76,101.88,3.83,Dune,sedan,fleet,44297
18,0,60016.05,111.97,1,76.54,0,95.21,106.45,96.45,3.19,Aster,sedan,private,36094
18,14,146519.96,111.24,4,44.91,0,58.68,110.86,94.49,3.5,Cobalt,sedan,fleet,30336
18,11,144885.45,112.58,3,56.25,1,69.33,102.78,92.55,3.58,Aster,compact,private,2716
18,9,98858.14,191.78,3,73.95,0,72.63,104.71,92.39,3.56,Aster,van,private,24345
18,1,23691.67,94.55,1,58.98,0,98.57,100.96,101.93,3.53,Boreal,suv,private,38094
18,10,140485.44,172.59,3,32.82,1,68.35,105.52,99.56,3.4,Aster,sedan,private,1200
18,12,157814.81,147.61,4,58.93,0,69.39,106.21,97.78,3.56,Boreal,compact,private,21588
18,9,114287.68,95.97,2,44.09,0,68.34,105.85,100.25,3.74,Boreal,compact,private,13965
18,8,98863.87,66.1,3,55.56,0,66.44,102.27,102.52,3.55,Aster,compact,fleet,22901
19,2,49415.88,109.78,1,74.46,2,100,107.29,94.29,3.92,Boreal,suv,dealer,28043
19,3,92795.48,130.35,1,46.27,0,85.38,102.71,94.41,3.31,Ember,compact,private,26658
19,10,139948.67,100.55,3,71.32,0,73.59,101.83,94.94,3.53,Boreal,suv,fleet,36318
19,8,99447.13,138.2,2,88.97,0,76.47,105.15,97.08,3.55,Aster,suv,private,29608
19,11,163828.27,169.71,2,74.21,0,58.62,107.42,92.21,3.39,Aster,suv,private,31404
19,0,500,106.42,1,88.3,0,100,106.75,95.32,3.63,Boreal,compact,private,41002
19,7,114709.87,93.95,2,68.54,0,72.12,107.48,90.88,3.5,Ember,suv,dealer,35810
19,9,98212.92,86.97,2,62.63,0,81.8,108.45,102.48,3.81,Aster,sedan,dealer,35944
19,5,71460.94,145.36,2,74.65,0,88.59,108.15,99.36,3.51,Boreal,suv,private,31797
19,10,155887.12,116.68,4,32.26,0,82.37,104.8,90.27,3.21,Ember,wagon,dealer,26361
19,7,92270.83,169.8,3,44.24,0,85,107.87,102.22,3.8,Aster,wagon,dealer,32188
19,7,101600.39,104.91,1,67.33,0,80.29,105.9,95.97,3.9,Aster,compact,private,4889
19,11,139507.12,95.12,3,33.78,0,61.81,105.07,94.14,3.58,Ember,compact,fleet,18572
19,9,153510.73,107.91,3,79.81,0,83.27,103.08,96.18,3.83,Cobalt,wagon,dealer,32042
19,2,59617.63,64.77,1,70.08,1,91.42,106.48,97.8,3.69,Cobalt,wagon,fleet,39341
19,7,66961.04,133,2,55.64,1,82.25,105.94,101.99,3.75,Cobalt,suv,private,37719
19,2,36092.47,108.12,2,64.93,0,88.91,111.03,97.68,3.6,Fjord,sedan,dealer,41152
19,10,145869.49,72.82,3,59.57,0,64.51,113.75,96.15,3.84,Aster,sedan,private,1348
19,11,197902.78,142.22,4,75.65,0,67.31,107.83,104.16,3.27,Cobalt,wagon,fleet,16605
19,11,136807.33,104.56,3,68.45,0,64.45,105.09,100.49,3.29,Boreal,wagon,private,18814
19,7,122167.79,112.94,2,59.8,0,83.4,108.4,99.83,3.36,Fjord,sedan,dealer,42367
19,6,136763.14,122.43,1,47.88,0,85.55,106.21,92.31,3.48,Cobalt,sedan,fleet,33224
19,3,56823.67,116.35,2,66.01,0,88.6,106.58,95.63,3.76,Boreal,suv,fleet,59341
19,4,84154.7,86.85,2,67.44,1,82.82,103.01,98.47,3.34,Fjord,sedan,private,34352
19,12,183136.45,197.46,4,69.25,0,67.79,106.16,90.79,3.4,Boreal,suv,dealer,39014
19,11,162021.83,136.54,4,29.79,1,73.74,112.42,93.27,3.65,Aster,suv,private,17176
19,16,260153.56,103.03,4,49.04,0,47.58,102.73,97.13,3.36,Ember,van,fleet,1200
19,8,111673.53,98.87,4,69.24,0,72.36,106.32,96.45,3.94,Aster,wagon,private,26212
19,12,193045.46,74.04,4,42.2,0,66.41,107.27,94.57,3.83,Boreal,sedan,fleet,10354
19,3,58282.26,89.3,2,72.02,0,87.67,103.83,95.83,3.95,Boreal,sedan,private,43457
19,10,128953.5,113.05,3,66.6,0,70.12,99.11,97.92,3.58,Fjord,compact,fleet,5124
19,11,173398.01,84.98,3,39.2,1,68.71,107.48,97.61,3.71,Ember,suv,dealer,1200
19,4,103287.98,136.49,2,84.59,0,90.7,104.44,91.25,3.81,Dune,wagon,private,50545
19,5,78799.99,83.69,2,59.66,0,89.87,103.63,98.51,3.34,Boreal,suv,dealer,21052
19,10,170641.71,121.74,3,57.77,0,75.18,105.24,95.45,3.61,Cobalt,van,dealer,7858
19,6,96315.54,124,2,58.83,1,81.29,110.41,92.58,3.47,Cobalt,sedan,private,25793
19,5,61544.59,148.84,2,74.51,0,76.72,103.7,105.67,3.7,Dune,suv,private,42456
19,9,113063.32,141.37,4,33.07,0,81.85,101.41,96.4,3.82,Dune,compact,private,21634
19,9,105026.51,121.71,2,44,0,91.05,102.88,101.9,3.51,Ember,wagon,private,31284
19,8,131679.23,107.43,2,62.93,1,77.55,106.72,93.33,3.48,Ember,sedan,private,20248
19,12,157235.99,60.38,4,65.64,0,71.28,102.08,94.98,3.37,Aster,sedan,fleet,1200
19,8,145951,136.29,3,74.37,0,81.76,103.16,98.91,3.49,Cobalt,wagon,dealer,42610
19,13,216668.51,108.97,4,58.39,1,63.66,105.62,91.56,3.43,Boreal,compact,dealer,8522
19,3,29333.92,160.97,2,64.14,0,90.58,104.43,86.97,3.47,Dune,suv,dealer,62883
19,8,125401.38,133.89,3,66,2,81.57,107.83,94.58,3.6,Fjord,van,fleet,19616
19,10,122753.18,129.82,2,68.6,1,74.05,100.85,91.54,3.59,Boreal,suv,private,41021
19,5,119651.53,107.67,2,77.57,0,94.31,105.1,92.05,3.77,Aster,van,fleet,18502
19,10,148117.42,120.17,3,66.29,0,70.39,108.21,99.72,3.65,Fjord,suv,dealer,7241
19,1,38858.63,119.97,2,48.12,0,90.11,100.63,93.75,3.48,Aster,sedan,dealer,27645
19,19,257804.02,76.55,6,64.78,0,53.03,106.37,97.52,3.61,Ember,compact,private,1200
19,4,58071.32,101.2,2,58.14,1,82.64,101.4,99.8,3.69,Boreal,sedan,dealer,22945
19,4,74420.03,112.71,2,86.11,2,83.96,102.49,101.97,3.32,Fjord,sedan,fleet,29188
19,7,123203.72,119.05,1,60.95,0,86.49,105.96,96.09,3.73,Dune,compact,dealer,36262
19,6,116215.38,112.64,3,52.02,1,80.12,108.7,94.34,3.37,Dune,wagon,fleet,32304
19,4,68776.37,156.29,1,56.65,1,89.04,101.09,101.73,3.6,Fjord,wagon,dealer,44659
19,8,111949.67,120.52,3,49.26,0,78.44,106.73,101.65,3.34,Boreal,compact,private,9762
19,3,67646.77,146.47,2,92.35,0,86.94,107.93,98.86,3.69,Boreal,compact,dealer,30293
19,1,12554.06,175.7,1,62.65,0,93.92,104.44,104.31,4.08,Boreal,compact,private,39528
19,5,52061.58,139.5,2,86.35,1,82.99,102.99,92.42,3.47,Aster,sedan,private,30298
19,9,96759.6,48.24,3,46.17,0,77.04,103.79,97.12,3.6,Boreal,compact,private,34542
19,11,158729.84,134.2,3,57.57,1,65.11,99.2,100.12,3.04,Cobalt,sedan,private,2243
19,10,140576.25,162.49,3,73.22,0,79.2,109.05,97.52,3.15,Cobalt,van,private,30337
19,11,128432.98,102.94,3,66.54,0,80.12,102.39,99.45,3.82,Aster,suv,private,12513
19,6,87255.75,98.11,3,76.64,0,74.4,104.75,91.84,3.32,Cobalt,compact,dealer,37395
19,4,88992.23,151.85,2,92.99,0,86.23,103.08,97.03,3.48,Fjord,van,fleet,37742
19,8,115195.91,88.61,3,50.59,0,74.38,105.07,96.3,3.5,Boreal,van,dealer,41411
19,14,183616.15,106.43,4,33.21,1,53.96,106.22,92.48,3.22,Cobalt,wagon,dealer,3275
19,7,88787.51,157.71,2,49.11,0,84.48,107.99,102,3.55,Boreal,suv,dealer,53798
19,6,73020.36,53.93,2,87.96,0,79.72,109.18,103.43,3.74,Aster,compact,dealer,37596
19,3,54507.93,110.41,1,55.13,0,95.66,108.15,88.92,3.26,Aster,suv,dealer,54219
19,12,134317.94,81.35,2,83.12,0,61.18,109.35,95.77,3.47,Boreal,suv,private,8855
19,12,160263.85,147.44,3,58.95,0,60.68,108.38,98.23,3.36,Fjord,compact,fleet,1200
19,8,116891.65,100.01,1,64.76,1,74.63,106.16,97.88,3.4,Boreal,compact,dealer,14926
19,0,11144.61,120.24,1,78.31,0,97.95,103.6,99.33,3.15,Ember,sedan,fleet,39471
19,11,172502.87,155.15,4,53.86,0,70.24,103.84,89.91,3.54,Boreal,suv,dealer,35664
19,0,61470.8,124.84,1,91.58,0,90.58,104.97,97.64,3.37,Aster,suv,fleet,43104
19,4,54455.75,87.98,1,81.21,0,82.9,111.36,93.83,3.76,Boreal,suv,fleet,46139
19,6,60000.49,75.86,1,83.29,1,81.13,107.17,94.71,3.45,Boreal,compact,fleet,30672
19,14,172142.29,74.86,4,36.76,0,59.71,102.74,102.17,3.76,Aster,compact,private,5241
19,16,208109.16,80.85,3,52.31,0,60.79,108.21,99.08,3.68,Fjord,wagon,private,13018
19,8,113240.22,78.07,2,47.72,1,82.76,100.85,92.81,3.82,Cobalt,compact,dealer,13196
19,3,55221.78,142.26,2,100,0,77.68,102.08,101.32,3.78,Boreal,suv,private,34527
19,8,107705.74,130.45,4,88.79,0,71.46,107.65,106.07,3.83,Ember,van,dealer,21483
19,3,41199.88,113.62,2,77.23,1,94.28,101.86,101.64,3.34,Boreal,sedan,dealer,34153
19,2,33169.6,80.81,3,79.92,1,100,108.96,97.4,3.34,Cobalt,wagon,private,52361
19,8,106761.66,95.63,3,85.74,0,75.61,102.97,101.67,3.42,Ember,wagon,private,27100
19,9,151930.25,123.05,3,40.39,0,68.05,105.28,96.11,3.26,Aster,sedan,fleet,11812
19,8,113873,100.54,3,42.69,0,77.29,104.11,98.94,3.98,Dune,wagon,fleet,25038
19,12,107956.48,106.63,3,38.17,1,63.54,108.23,101.56,3.81,Aster,wagon,dealer,11702
19,16,219289.74,120.88,3,57.83,0,59.68,105.65,98.43,3.96,Aster,suv,dealer,1200
19,5,69699.19,163.8,3,67.81,0,94.37,109.74,102.77,3.55,Ember,suv,private,36611
19,6,124359.85,224.71,2,81.4,1,90.72,110.02,98.63,3.72,Aster,suv,private,42882
19,6,85749.2,159.69,2,35.89,0,79.03,103.91,95.81,3.44,Aster,suv,fleet,32819
19,12,195971.37,134.86,4,55.03,0,57.06,109.49,102.1,3.49,Fjord,suv,fleet,47889
19,5,76692.5,65.93,3,64.35,0,90.44,106.55,95.94,3.69,Boreal,compact,private,34417
19,12,198600.4,118.48,3,65,0,56.49,106.32,93.2,3.66,Boreal,sedan,private,19164
19,4,54798.11,121.25,1,76.76,1,86.05,103.88,96.94,3.3,Dune,sedan,dealer,27956
19,8,109360.45,128.2,4,84.17,0,75.96,102.22,94.14,3.94,Ember,compact,fleet,13979
19,6,73650.07,87.66,1,83.46,1,88.35,104.51,104.8,3.24,Aster,suv,fleet,21283
19,12,172290.86,55.95,3,44.18,0,59.29,111.59,95.23,3.54,Cobalt,sedan,fleet,1200
19,5,82149.63,138.45,3,89.33,1,79.19,108.51,103.44,3.49,Aster,suv,dealer,38537
19,7,103857.77,82.24,3,89.46,0,83.99,108.89,95.38,3.58,Dune,suv,fleet,40537
19,3,44403.1,106.49,2,74.06,1,79.83,107.32,98.3,3.13,Cobalt,compact,private,40972
19,6,92585.38,160.63,2,85.72,1,86.51,106.22,97.67,3.41,Cobalt,van,fleet,38540
19,5,84114.5,109.63,1,57.8,0,91.64,106.98,99.34,3.18,Cobalt,compact,dealer,32803
19,8,77172.42,145.76,4,85.61,1,65.5,109.82,104.61,3.66,Aster,suv,dealer,28487
19,13,170451.4,92.41,3,39.48,1,46.47,107.04,96.62,3.55,Cobalt,wagon,dealer,8439
19,5,66839.31,98.87,3,63.33,2,92.12,106.38,91.39,3.72,Ember,sedan,dealer,21869
19,16,199877.47,121.36,5,64.14,0,48.43,105.42,97.2,3.78,Cobalt,van,dealer,11636
19,10,139639.81,75.07,4,51.92,0,72.87,97.69,101.03,3.3,Aster,compact,private,13573
19,9,117293.34,169.14,2,62.78,0,74.53,105.37,95.17,3.57,Aster,suv,dealer,24477
19,5,83448.72,134.97,3,80.45,1,82.04,110.52,95.77,3.6,Ember,suv,private,45289
19,9,132871.03,137.03,4,76.05,0,72.01,106.65,100.93,3.43,Ember,suv,private,41816
19,11,158727.75,96.07,3,54.98,0,70.55,108.88,101.52,3.56,Aster,van,private,1200
19,5,91296.78,119,2,87.22,1,83.04,106.44,96.3,3.13,Cobalt,sedan,dealer,36663
19,12,187942.54,135.83,3,57.85,2,60.27,106.4,97.36,3.36,Aster,sedan,private,1200
19,10,108460.04,118.73,3,71.37,0,75.24,111.13,104.37,3.34,Aster,suv,dealer,30312
19,10,164538.77,126.94,4,72.02,0,72.27,110.32,98.58,3.67,Dune,suv,fleet,35598
19,1,28178.29,127.7,1,86.64,1,89.74,104.05,105.25,3.28,Aster,suv,fleet,43219
19,7,124534.24,129.46,3,77.31,0,75.29,107.4,95.01,3.93,Dune,sedan,private,41402
19,6,120614.14,151.23,3,60.7,0,83.8,106.69,100.7,3.78,Boreal,suv,fleet,32963
19,5,117036.66,93.03,2,90.26,0,77.38,107.07,101.43,3.76,Fjord,compact,fleet,28224
19,8,111561.91,106.21,4,66.56,0,80.15,103.33,100.11,3.5,Dune,suv,dealer,43615
19,10,137150.78,78.2,3,51.3,0,79.17,101.76,107.02,3.65,Boreal,suv,dealer,23849
19,0,500,134.99,1,58.66,0,91.09,102.2,87.7,3.54,Boreal,compact,dealer,33700
20,10,190143.21,86.81,3,48.69,0,67.49,104.54,102.59,3.41,Cobalt,compact,private,27997
20,6,72911.49,87.38,2,59.98,0,83.3,109.86,95.6,3.88,Aster,compact,private,17887
20,0,500,132.52,2,91.02,0,100,107.33,102.27,3.56,Dune,suv,private,65344
20,5,90495.77,116.82,1,65.98,0,92.82,105.47,101.64,3.87,Boreal,sedan,dealer,22648
20,11,153769.53,45,3,54.82,1,61.83,107.27,91.71,3.31,Fjord,compact,dealer,1200
20,7,71504.94,117.16,2,74.71,0,80.39,108.54,91.78,3.4,Dune,sedan,private,38816
20,17,237655.68,182.94,5,60.05,0,59.85,105.32,102.06,3.77,Fjord,suv,private,38398
20,6,88758.93,125.19,2,63.9,0,80.47,105.25,93.95,3.71,Fjord,compact,private,26840
20,0,38316.16,124.41,1,100,0,100,106.02,104.73,3.55,Aster,suv,private,47562
20,5,125488.02,119.45,1,65.46,0,91.87,107.3,95.92,3.71,Aster,suv,dealer,33056
20,6,32744.32,102.02,2,65.22,0,93.73,107.76,92.52,3.77,Boreal,sedan,fleet,16115
20,2,35436.84,84.27,2,60.56,1,99.13,110.21,94.92,3.63,Fjord,van,private,26558
20,11,145855.83,45,4,58.16,0,75.85,108.99,91.16,3.68,Dune,compact,private,22878
20,11,132619.58,196.09,3,49.33,0,81.35,104.3,104.18,3.84,Fjord,compact,fleet,27869
20,9,169760.86,73.09,3,56.74,0,78.67,106.54,97.46,3.41,Cobalt,compact,fleet,29912
20,5,69274.71,158.91,1,63.58,0,93.15,105.61,96.79,3.22,Ember,compact,dealer,38679
20,4,72598.7,112.57,1,64.77,1,93.24,110.47,93.6,3.39,Aster,suv,private,26304
20,4,66271.95,100.77,2,95.91,1,84.95,104.64,97.12,3.57,Boreal,van,private,22128
20,15,194041.37,109.31,4,41.54,0,57.49,105.63,100.59,3.88,Boreal,compact,dealer,4206
20,9,127885.72,72.22,3,91.76,1,83.42,103.06,99.07,3.28,Cobalt,compact,fleet,18249
20,10,148922.38,86.72,2,48.23,0,61.49,107.48,94.27,3.6,Boreal,sedan,dealer,25015
20,15,218226.8,131.35,3,47.38,0,64.04,103.85,91.48,3.34,Fjord,suv,fleet,11958
20,2,40251.06,159.86,1,85.63,0,94.79,111.02,99.06,3.5,Aster,suv,dealer,47250
20,12,168438.86,153.44,3,41.14,0,62,104.34,91.86,3.51,Fjord,suv,dealer,41264
20,7,99432.82,122.9,2,44.75,1,70.13,111.15,100.73,3.57,Boreal,van,dealer,28225
20,9,147375.14,124.97,2,60.64,0,76.33,104.6,99.06,3.45,Cobalt,suv,dealer,22727
20,6,78345.02,129.56,3,50.84,0,88.64,106.09,100.8,3.82,Boreal,suv,private,38986
20,14,218804.31,143.06,3,46.79,0,65.52,109.81,102.91,3.74,Aster,compact,dealer,1200
20,6,83780.12,153.01,3,79.08,0,91.88,109.5,90.58,3.54,Boreal,wagon,private,31627
20,6,90595.98,109.74,2,70.24,0,88.85,104.75,99.96,3.82,Ember,sedan,private,26866
20,9,98102.65,114.05,3,74.96,0,84.65,107.94,96.82,3.8,Boreal,compact,fleet,20980
20,10,177862.5,80.68,4,72.86,1,57.87,107.96,96.88,3.91,Aster,compact,fleet,5111
20,7,115481.57,45,3,54.33,1,77.04,106.45,100.32,3.31,Aster,compact,dealer,8360
20,5,66887.45,114.58,4,94.61,0,86.02,112.83,97.49,3.27,Fjord,compact,fleet,37436
20,8,64722.2,153.78,1,42.49,1,74.31,104.26,96.15,3.45,Boreal,suv,fleet,27881
20,14,177459.4,103.77,4,49.44,1,60.34,102.9,100.23,3.41,Dune,suv,fleet,14104
20,19,293198.08,56.37,6,43.36,1,42.08,104.71,94.39,3.61,Ember,compact,fleet,1200
20,5,98637.01,91.14,3,59.76,0,90.73,100.84,93.97,3.99,Boreal,compact,fleet,26229
20,10,166909.44,89.18,3,65.79,1,81.4,107.13,97.18,3.74,Aster,compact,fleet,1200
20,10,179166.35,112.65,3,44.25,0,77.06,105.7,98.93,3.48,Boreal,wagon,fleet,15185
20,12,157195.72,88.05,4,62.5,0,58.9,106.87,98.39,3.76,Dune,compact,fleet,1503
20,6,97603.81,93.68,2,38.4,1,83.97,107.27,88.93,3.29,Aster,compact,dealer,6015
20,3,59489.44,140.86,1,86.05,0,92.9,107.25,93.17,3.6,Boreal,suv,dealer,45317
20,9,161961.31,51.35,1,54.38,0,74.72,102.8,99.75,3.72,Cobalt,compact,private,1200
20,7,85589.03,87.68,3,52.41,0,86.17,105.58,88.58,3.75,Dune,sedan,fleet,43165
20,12,185334.79,120.22,2,58.2,0,64.04,110.44,99.19,3.77,Cobalt,compact,private,21772
20,6,72926.41,122.99,2,39.48,1,81.41,106.19,92.3,3.63,Ember,compact,private,26015
20,6,84015.36,174.6,2,75.9,1,81.37,105.97,94.52,3.69,Dune,sedan,dealer,41085
20,6,96012.62,112.26,2,71.08,0,82.97,110.15,100.58,3.61,Ember,suv,fleet,27706
20,6,115000.58,131.33,2,66.93,1,87.46,105.72,98.91,3.49,Aster,suv,dealer,24194
20,4,74935.19,135.25,1,67.91,1,82.3,107.35,101.8,3.35,Ember,suv,fleet,37914
20,9,129378.43,111.86,3,59.04,0,68.78,103.8,92.42,3.61,Ember,compact,private,14758
20,10,141616.63,111.6,3,88.58,0,78.05,107.4,101.08,3.52,Cobalt,suv,fleet,20037
20,14,191802.62,122.65,4,27.17,0,68.24,108.13,94.14,3.36,Ember,compact,dealer,16301
20,10,148155.74,124.27,2,50.46,0,80.45,103.12,102.28,3.46,Aster,sedan,dealer,14998
20,14,223322.68,102.9,4,36.44,0,57.69,108.03,90.63,3.5,Cobalt,suv,dealer,24362
20,5,82244.07,48.31,3,83.37,0,77.61,104.57,104.85,3.83,Boreal,van,private,21997
20,11,157624.08,97.42,3,52.67,0,81.55,106.6,101.64,3.67,Ember,wagon,private,25703
20,2,4334.58,155.19,2,73.71,0,94.16,102.15,89.12,3.54,Cobalt,suv,dealer,63364
20,8,122987.88,136.08,3,73.35,0,75.98,105.81,99.28,3.88,Boreal,wagon,dealer,22189
20,11,163103.31,102.84,2,42.11,0,65.97,108.52,95.83,3.55,Cobalt,van,fleet,19439
20,7,108240.56,155.45,3,64.33,0,78.99,109.55,95.36,3.78,Boreal,suv,private,40671
20,9,132932.18,149.38,2,64.41,0,64.24,110.3,92.95,3.73,Boreal,suv,private,42748
20,12,163272.16,68.07,4,64.8,0,65.98,105.3,98.53,3.75,Fjord,wagon,fleet,11302
20,8,114820.01,160.64,1,56.13,1,85.54,108.81,94.08,3.49,Cobalt,suv,fleet,23386
20,3,23555.21,111.3,1,67.01,1,86.57,108.53,97.68,4,Aster,suv,dealer,42000
20,5,93292.83,112.8,2,58.01,0,90.59,106.2,89.1,3.39,Aster,suv,dealer,35611
20,7,74074.69,135.57,4,51.24,1,81.52,108.38,99.41,3.57,Cobalt,suv,fleet,35435
20,12,155649.46,72.31,3,72.99,1,63.3,108.78,98.52,3.51,Dune,suv,dealer,28293
20,3,46742.15,83.9,1,75.08,0,84.79,109.72,100.58,3.42,Aster,suv,fleet,33955
20,2,30156.89,108.46,1,45.38,0,99.39,109.51,90.82,3.71,Cobalt,suv,dealer,50484
20,7,67745.25,78.86,1,73.41,0,85.58,108.59,92.09,3.68,Boreal,compact,private,3448
20,12,157115.05,143.7,4,69.73,0,65.13,104,94.44,3.3,Boreal,compact,dealer,10783
20,4,3694.07,160.87,1,65.34,0,87,110.52,91.82,3.65,Aster,suv,private,41787
20,9,190059.58,96.85,2,56.49,0,73.87,102.5,98.04,3.4,Cobalt,van,fleet,29369
20,5,43851.21,101.7,2,49.83,0,87.07,102.66,94.93,3.56,Aster,compact,private,28623
20,8,123008.03,101.69,2,58.73,0,83.26,105.38,93.76,3.45,Dune,sedan,private,49436
20,5,52036.77,66.29,1,85.82,0,92.9,106.83,93.36,3.76,Dune,sedan,fleet,46599
20,3,20446.06,128.77,1,84.8,0,85.17,106.56,98.91,3.21,Cobalt,suv,private,53973
20,7,66213.42,109.89,4,63.68,0,85.25,108.52,99.2,3.43,Fjord,compact,dealer,36435
20,7,84734.42,84.8,3,58.6,0,70.36,106.47,89.03,3.45,Cobalt,compact,dealer,35855
20,16,236372.75,102.84,3,33.55,1,48.09,108.53,98.3,3.54,Boreal,compact,private,15404
20,3,37755.86,93.46,2,78.35,1,89.84,104.36,99.13,3.23,Aster,van,fleet,24511
20,13,134542.92,148.66,3,50.79,0,68.66,112.43,95.78,3.68,Boreal,compact,private,11637
20,4,43991.66,137.68,1,49.83,0,91.45,110.81,92.28,3.7,Boreal,sedan,dealer,31085
20,12,132793.12,82.61,3,71.18,1,65.01,109.05,99.26,3.41,Fjord,compact,fleet,1200
20,9,144868.53,113.65,2,38.29,1,76.28,106.16,91.98,3.75,Boreal,sedan,dealer,21482
20,11,159389.64,162.65,1,49.94,1,64.72,103.82,97.35,3.84,Boreal,suv,dealer,27542
20,17,232022.06,106.5,5,52.2,0,59.86,103.67,101.35,3.92,Aster,sedan,dealer,1200
20,6,74681.46,134.38,4,66.98,0,92.72,110.19,100.12,3.7,Cobalt,suv,private,55194
20,8,73832.64,146.71,4,54.53,0,76.18,107.66,102.8,3.78,Fjord,compact,fleet,25023
20,0,33833.15,82.23,1,77.35,0,97.56,105.75,91.69,3.68,Ember,compact,dealer,32736
20,5,106514.35,91.14,2,83.05,0,86.93,102.65,91.3,3.6,Ember,suv,fleet,24019
20,13,187393.08,119.53,4,48.94,1,61.27,105.53,94.01,3.66,Boreal,compact,dealer,1200
20,12,158478.98,169.49,4,38.27,0,58.24,104.31,100.26,3.64,Cobalt,suv,private,43324
20,7,91217.05,183.95,2,76.26,1,85.3,107.57,90.43,3.5,Fjord,wagon,dealer,32643
20,6,95061.91,67.37,1,73.43,0,80.32,103.7,105.13,4.04,Cobalt,sedan,fleet,46565
20,11,143735.14,61.46,4,48.21,0,80.03,101.59,99.44,3.74,Boreal,sedan,fleet,1200
20,10,124927.31,108.63,3,61.26,0,65.58,105.81,101.96,3.42,Aster,van,dealer,19985
20,10,119528.85,108.22,3,41.88,0,67.49,105.96,98.43,3.73,Boreal,sedan,fleet,28461
20,3,74021.66,141.84,1,55.91,0,97.92,105.09,94.27,3.76,Boreal,suv,dealer,57331
20,0,12380.31,199.36,1,70.66,1,99.36,108.68,94.03,3.33,Aster,suv,fleet,37763
20,8,87019.02,45,3,47.93,0,77.31,101.6,94.28,3.58,Aster,compact,private,6480
20,10,117769.22,103.74,4,72.2,0,62.71,105.99,96.05,4.01,Ember,sedan,dealer,6283
20,4,55814.83,87.75,2,78.07,0,87.3,107.5,93.25,3.6,Ember,compact,fleet,26811
20,20,295514.57,140.19,5,39.26,0,42,107.57,97.95,3.67,Cobalt,suv,private,9517
20,8,82541.9,70.14,1,68.33,0,76.27,107.72,99.46,3.91,Ember,compact,fleet,6927
20,6,93690.61,78.46,1,74.85,0,83.94,108.5,101.03,3.49,Fjord,compact,fleet,25485
20,0,500,95.36,1,82.01,0,89.53,107.64,93.15,3.82,Aster,sedan,dealer,46745
20,10,131143.55,133.21,4,58.22,1,62.22,106.59,98.39,3.31,Aster,wagon,fleet,20716
20,14,161712.92,139.21,5,64.48,1,62.76,102.41,93.71,3.51,Boreal,sedan,fleet,17054
20,6,90108.51,122.5,4,62.91,0,82.29,106.84,92.35,3.32,Aster,sedan,private,32377
20,0,52753.43,71.61,2,90.3,0,100,108.28,90.74,3.87,Boreal,van,fleet,45521
20,6,126586.52,186.26,1,53.88,0,85.8,109.13,91.69,3.65,Cobalt,sedan,fleet,50117
20,10,188617.28,83.81,4,53.3,0,76.82,104.93,89.5,3.22,Ember,compact,dealer,16844
20,0,500,45,1,83.25,0,98.96,104.38,97.98,3.73,Fjord,compact,dealer,42992
20,10,153711.6,140.69,3,54.44,1,61.94,102.27,110.99,3.67,Ember,sedan,fleet,25657
20,13,207364.42,98.39,3,61.58,1,53.37,107.98,104.84,3.56,Cobalt,compact,private,18358
20,13,206030.06,190.45,3,62.72,0,65.55,107.77,90.83,3.87,Aster,suv,dealer,30309
20,9,150952.97,87.82,3,68.73,1,91.09,107.05,91.73,3.55,Dune,compact,dealer,34400
20,7,150002.02,188.11,1,60.3,0,81.03,104.16,93.7,3.55,Fjord,suv,fleet,40651
20,9,136510.74,147.13,3,69.51,0,66.3,107.55,99.1,3.62,Ember,compact,fleet,14763
20,4,81339,127.84,1,55.31,1,96.44,102.45,98.49,3.54,Fjord,compact,fleet,27272
20,10,163199.45,107.31,4,60.55,0,65.71,104.38,99.27,3.43,Aster,suv,fleet,20012
20,6,133174.04,113.02,2,71.08,0,82.3,104.84,99.05,3.6,Cobalt,sedan,dealer,32876
21,4,52002.74,128.45,1,53.83,1,80.8,106.5,99.21,3.43,Aster,suv,dealer,29367
21,6,72177.54,78.14,1,74.47,1,78.81,106.27,97.2,3.72,Ember,sedan,private,15968
21,12,153098.89,74.1,4,78.57,1,64.47,111.22,95.9,3.46,Ember,suv,private,2732
21,13,184116.64,100.14,3,67.24,0,54.84,100.6,90.46,3.59,Cobalt,sedan,private,18131
21,4,69024.12,100.24,3,70.74,0,89.1,112.23,88.63,3.71,Cobalt,compact,private,43803
21,7,95327.59,87.25,3,73.61,0,82.89,106.38,91.63,3.76,Aster,sedan,fleet,19210
21,4,32250.57,155.76,2,57.27,0,84.12,107.28,95.86,3.89,Boreal,suv,private,50873
21,3,68620.4,126.42,3,65.74,2,97.49,101.9,95.05,3.71,Aster,suv,dealer,37175
21,8,115511.14,73.72,3,52.38,0,82.77,104.89,100.24,3.58,Boreal,sedan,fleet,1200
21,7,114763.71,77.87,3,71.48,1,81.51,110.4,93.07,3.61,Dune,compact,dealer,33392
21,11,167581.01,94.19,4,84.06,0,78.65,109.52,95.06,3.51,Ember,van,fleet,9855
21,2,29978.15,139.31,1,90.17,0,90.48,103.33,91.09,3.58,Ember,wagon,fleet,46733
21,7,101736.96,155.13,2,71.77,1,94.52,105.63,96.92,3.68,Fjord,suv,fleet,35756
21,7,83062.25,144.58,2,58,1,74.53,109.28,100.17,3.39,Dune,sedan,dealer,44671
21,0,47728.66,186.26,3,75.24,0,90.86,103.51,95.44,3.62,Cobalt,suv,private,75096
21,7,114291.35,98.83,2,64.5,0,85.43,109.39,94.87,3.43,Aster,compact,private,28136
21,5,74321.53,89.32,3,66.52,1,86.55,105.16,92.92,4.21,Dune,compact,dealer,36565
21,6,85116.26,105.74,3,66.13,1,88.82,101.24,99.07,3.65,Fjord,sedan,fleet,19382
21,6,63518.18,93.35,1,58.91,0,78.62,108.83,100.49,3.85,Dune,van,fleet,30562
21,2,36112.63,121.44,1,66.55,1,98.16,110.66,88.95,4.18,Cobalt,sedan,dealer,33041
21,12,175597.04,112.18,4,40.98,1,66.19,110.76,95.79,4.07,Cobalt,compact,fleet,18933
21,2,19043.06,144.07,1,69.01,0,97.3,109.24,96.2,3.26,Boreal,wagon,private,50781
21,4,67269.11,137.46,2,64.93,0,92.98,105.48,98.56,3.68,Fjord,suv,fleet,49161
21,0,500,76.12,1,88.98,1,100,105.85,97.67,3.4,Dune,compact,private,52679
21,11,123944.25,106.64,4,72.25,0,66.09,105.92,100.58,3.65,Boreal,compact,fleet,12973
21,5,102389.99,80.48,2,74.27,2,94.49,106.57,98.43,4.03,Cobalt,sedan,fleet,17757
21,1,500,86.15,2,77.49,2,99.41,103.65,89.05,4,Fjord,van,fleet,23397
21,4,60682.12,89.47,1,63.03,0,85.37,108.3,93.38,3.54,Aster,sedan,dealer,25034
21,8,82161.98,76.04,3,34.45,0,86.46,104.1,89.68,3.26,Boreal,compact,private,25099
21,5,86981.38,105.67,2,81.12,0,90.87,109.86,96.75,3.6,Aster,compact,dealer,24301
21,6,81754.01,191.5,2,82.42,0,82.99,109.98,98.45,3.59,Boreal,suv,fleet,53477
21,6,85563.75,108.36,3,81.42,0,81.39,109.35,106.69,3.54,Aster,compact,fleet,1415
21,7,101147.63,114.31,2,71.3,1,87.02,107.42,93.56,3.64,Dune,sedan,fleet,21576
21,6,99671.96,135.71,3,81.05,0,90.97,107.54,95.83,3.44,Cobalt,suv,fleet,54158
21,4,32836.14,84.2,1,74.64,0,94.6,103.5,98.36,3.77,Fjord,compact,fleet,27230
21,16,244686.35,110.84,4,57.59,1,55.25,102.36,97.27,3.24,Aster,wagon,private,11141
21,6,92157.97,155.37,2,75.66,0,83.85,109.02,92.6,3.91,Cobalt,compact,fleet,34185
21,3,30585.47,96.36,2,81.08,1,94.76,110.31,98.35,3.24,Aster,suv,private,36540
21,10,146747.49,95.25,2,60.75,0,72.3,103.22,100.07,3.8,Aster,compact,dealer,19487
21,8,123397.69,118.46,3,67.32,0,76.05,107.92,99.85,3.12,Fjord,sedan,dealer,24942
21,16,219205.09,85.72,4,51.58,0,69.26,107.25,95.87,3.31,Dune,compact,private,12520
21,4,10199.28,101.34,1,72.5,0,93.09,108.05,97.2,3.58,Boreal,wagon,fleet,41081
21,13,190732.47,45,4,42.42,0,63.99,105.66,89.15,3.55,Aster,van,fleet,1200
21,6,69410.29,109.1,2,78.15,1,92.8,109.6,96.95,3.69,Aster,wagon,private,24216
21,9,142732.91,60.83,4,41.55,0,70.44,109.01,92.75,3.71,Boreal,wagon,dealer,1200
21,1,500,162.34,2,84.83,0,98.23,103.99,101.48,3.84,Aster,wagon,dealer,44726
21,6,75686.79,110.09,1,100,1,91.33,114.11,88.24,3.4,Boreal,compact,dealer,34559
21,9,158235.61,122.22,3,60.2,0,77.16,106.76,95.06,3.9,Aster,compact,dealer,21154
21,10,142712.13,126.99,1,61.65,0,69.79,109.24,90.69,4.01,Boreal,van,fleet,29752
21,8,115679.8,106.26,2,55.08,0,80.41,104.11,90.52,3.65,Boreal,van,private,36800
21,5,74694.67,127.02,2,72.19,0,81.57,106.72,96.71,3.77,Boreal,sedan,fleet,45701
21,2,29398.55,126.01,2,67.1,1,88.99,98.43,99.03,3.18,Aster,sedan,dealer,31874
21,7,54981.32,175.19,3,51.13,0,81.71,106.24,98.16,3.47,Fjord,suv,private,39525
21,6,95126.2,129.38,2,39.42,0,97.77,111.04,97.36,3.47,Aster,compact,private,22960
21,5,50424.1,146.41,1,74.11,0,82.89,106.55,93.73,3.85,Aster,sedan,dealer,37735
21,6,127762.47,137.05,2,77.23,0,81.42,110.13,97.11,3.73,Cobalt,suv,fleet,26674
21,6,95647.34,156.33,2,60.28,1,75.92,107.7,98.66,3.45,Cobalt,sedan,private,29959
21,11,180602.45,107.63,3,68.24,0,73.82,106.42,98.88,3.67,Cobalt,van,fleet,36376
21,9,147304.71,106.11,3,74.18,0,75.11,109.22,97.17,3.73,Fjord,compact,private,29557
21,0,500,108.83,1,60.94,0,98.03,109.85,94.58,3.39,Ember,compact,private,46213
21,11,173269.11,113.94,3,39.29,0,63.24,101.44,101.32,3.71,Boreal,suv,fleet,21612
21,8,119404.17,86.24,2,67.51,0,87.57,106.56,85.64,3.5,Boreal,sedan,dealer,37272
21,8,110541.28,223.54,2,72.35,0,73.59,108.17,105.79,3.64,Ember,suv,fleet,42351
21,11,188793.6,78.78,4,58.57,2,63.82,108.77,95.47,3.32,Boreal,sedan,fleet,13613
21,3,49159.47,75.6,2,44.87,2,91.72,108.4,97.65,3.6,Cobalt,sedan,fleet,27497
21,7,83663.2,120.14,2,67.23,1,83.43,107.89,91.7,3.52,Cobalt,wagon,dealer,28424
21,0,500,117.22,1,62.88,0,100,107.11,93.46,3.68,Fjord,sedan,private,42962
21,1,16598.74,123.24,1,79.07,1,98.44,107.45,98.48,3.73,Boreal,wagon,dealer,54022
21,11,126835.79,155.68,4,51.91,0,66.46,104.26,99.73,3.33,Cobalt,suv,dealer,49262
21,7,59740.05,139.02,2,32.33,0,72.1,106.58,96.05,3.58,Dune,suv,private,35445
21,7,110562.09,119.14,3,54.85,0,90.85,112.58,92.76,3.52,Ember,suv,private,30058
21,11,162021.96,93.68,4,50.83,0,75.27,104.7,96.82,3.47,Aster,compact,dealer,7536
21,6,103359.05,124.58,2,66.99,0,74.89,107.82,91.17,4.17,Aster,sedan,private,21224
21,7,78782.7,60.93,1,52.86,0,82.37,109.2,89,3.97,Cobalt,sedan,private,17511
21,14,204872.86,152.02,5,55.56,1,55.7,108.96,97.94,3.48,Boreal,compact,fleet,1200
21,10,148524.05,115.36,3,47.82,1,71.39,109.97,94.92,3.82,Cobalt,van,dealer,29004
21,5,63401.22,45,2,66.47,0,96.63,109.89,105.14,3.61,Aster,wagon,dealer,18182
21,6,55864.79,99.82,3,50.28,0,79.3,109.65,95.13,3.65,Aster,suv,dealer,38124
21,0,500,126.07,1,78.16,0,100,108.93,95.28,3.86,Aster,sedan,fleet,35467
21,1,23279.94,132.34,1,85.81,0,93.05,109.02,94.96,3.56,Ember,wagon,private,37357
21,7,147425.31,134.55,1,60.91,0,98.2,107.53,88.82,3.64,Boreal,sedan,fleet,24196
21,4,72980.51,144.63,3,90.58,1,84.18,106.37,95.74,3.3,Ember,compact,dealer,24995
21,8,55134.91,104.82,3,65.05,0,81.17,105.73,95.79,3.18,Dune,suv,fleet,41329
21,5,67936.23,96.17,1,63.55,1,85.39,104.68,87.78,3.45,Aster,sedan,private,29103
21,12,177107.93,211.87,4,46.96,0,66.57,106.41,96.98,3.67,Cobalt,suv,private,17660
21,9,111361.41,145.3,2,64.53,0,73.57,108.22,98.36,3.66,Aster,suv,fleet,19545
21,3,57319.31,154.67,3,64.07,0,98.05,106.75,100.23,3.53,Ember,wagon,fleet,29089
21,5,80007.07,176.78,2,74.5,0,81.06,108.93,89.65,4.01,Boreal,suv,dealer,62133
21,14,237426.48,134.59,3,46.12,0,68.26,107.01,93.19,3.9,Dune,van,dealer,21694
21,6,85467.16,148.49,2,71.37,0,81,104.62,101.25,3.51,Cobalt,suv,fleet,58049
21,10,159738.94,149.72,3,59.27,0,70.46,102.31,91.12,3.5,Cobalt,compact,fleet,16493
21,3,67266.88,175.61,1,78.48,0,92.14,110.73,93.41,3.44,Cobalt,sedan,private,58166
21,11,134376.23,116.87,2,60.27,1,70.45,107.5,93.65,3.75,Ember,suv,dealer,25086
21,7,111033.27,152.92,3,77.56,0,67.47,105.94,93.14,3.89,Aster,sedan,dealer,34991
21,6,91598.6,81.04,3,51.73,0,87.59,106.6,95.55,3.86,Dune,compact,fleet,32322
21,14,197948.69,121.38,4,71.85,0,52.65,110.17,97.9,3.45,Aster,compact,dealer,15435
21,8,127853.72,139.16,2,52,0,85.59,111.55,99.63,3.71,Aster,sedan,private,22782
21,4,61413.33,153.22,1,77.42,0,93.32,106.81,98.13,3.72,Boreal,suv,private,50244
21,6,57023.33,96.45,3,72.68,0,94.22,106.51,98.3,3.9,Ember,compact,fleet,38226
21,12,171526.13,113.39,3,47.97,0,60.41,103.28,87.97,3.8,Boreal,sedan,dealer,1200
21,7,107152.54,53.58,2,60.27,0,81.69,109.98,106.36,3.78,Ember,van,fleet,1200
21,5,93718.53,128.57,2,59.57,1,84.56,102.73,91.77,3.65,Fjord,suv,dealer,36177
21,9,123882.15,57.53,3,47.26,0,64.17,103.34,97.12,3.34,Fjord,wagon,private,34298
21,5,49137.12,119.8,2,67.34,0,88.22,105.91,98.01,3.46,Boreal,van,fleet,32295
21,7,102980.58,129.64,2,67.21,2,77.75,104.34,96.09,4.27,Aster,compact,fleet,5505
21,12,193053.17,116.89,4,70.25,1,56.12,111.27,93.52,3.38,Ember,suv,fleet,13357
21,10,161460.67,159.4,3,70.18,0,74.84,104.99,99.61,3.3,Boreal,compact,fleet,18560
21,10,143558.07,111.79,3,72.37,1,51.1,112.69,90.37,3.93,Cobalt,van,private,12230
21,9,146010.19,147.22,5,59.11,0,60.7,109.62,98.04,3.69,Fjord,van,private,18529
21,8,139019.89,153.06,3,57.68,0,76.36,106.12,99.98,3.39,Boreal,van,fleet,41386
21,10,125888.15,45,3,75.94,0,78.24,105.78,95.2,3.71,Cobalt,wagon,fleet,20703
21,12,197333.97,129.91,3,77.14,1,55.23,111.55,97.17,3.74,Boreal,compact,private,1200
21,13,199534.87,162.47,4,42.99,0,68.84,103.63,98.35,3.82,Fjord,suv,dealer,37027
21,7,139930.55,58.12,3,73.95,0,78.94,103.2,90.26,3.61,Aster,suv,fleet,21127
21,12,174578.53,156.94,4,54.09,0,68.82,110.58,95.8,3.96,Boreal,sedan,fleet,1200
21,12,181323.76,108.6,3,67.19,0,61.1,103.01,91.77,3.45,Aster,suv,dealer,21517
21,9,143193.63,87.77,4,58.34,0,68.5,108.16,99.89,3.55,Ember,wagon,fleet,10540
21,1,9565.6,45,1,91.48,0,83.43,106.38,100.38,3.81,Cobalt,compact,dealer,39636
21,6,55898.25,128.17,2,45.98,0,86.61,102.84,96.63,3.63,Boreal,suv,dealer,42856
21,5,69391.03,136.61,3,40.43,1,94.56,106.03,92.58,3.76,Ember,compact,dealer,30553
21,7,108794.89,120.14,3,66.51,1,79.02,109.7,97.48,3.67,Fjord,suv,fleet,26403
21,9,115918.92,210.69,2,42.47,1,80.04,100.94,92.79,3.15,Boreal,suv,dealer,57665
21,4,30170.01,115.1,2,69.2,1,96.73,107.41,93.53,3.67,Boreal,van,private,36814
21,4,71617.13,73.33,1,52.27,0,87.79,110.18,94.42,3.74,Cobalt,van,dealer,30223
21,6,98556.27,89.29,1,45.17,1,79.69,106.05,100.3,4.12,Aster,compact,fleet,29812
22,12,201477.11,46.25,3,56.37,0,69.23,106.21,93.5,3.28,Cobalt,van,dealer,1200
22,11,152603.51,161.91,4,70.89,1,66.68,110.86,95.45,3.57,Cobalt,suv,dealer,26507
22,6,79776.42,163.35,2,71.61,0,80.46,100.15,100.92,3.38,Boreal,compact,private,29070
22,0,500,112.95,2,70.68,0,94.01,105.75,90.77,3.59,Ember,van,fleet,23534
22,10,114847.45,86.95,3,71.14,0,63.56,106.33,98.98,3.47,Fjord,wagon,dealer,13127
22,2,52954.34,140.02,3,64.54,1,100,108.51,94.7,3.67,Aster,wagon,fleet,38173
22,8,110396.04,128.3,2,55.07,1,83.84,106.71,94.04,3.55,Boreal,sedan,private,23873
22,0,53761.34,102.91,1,87.76,0,97.83,109.11,101.69,3.5,Dune,compact,fleet,43324
22,6,115668.96,84.63,2,70.35,0,98.88,108.7,90.27,3.94,Fjord,sedan,fleet,21593
22,8,108086.56,95.63,3,53.4,0,82.15,113.69,91.11,3.98,Cobalt,compact,private,26975
22,0,36228.88,104.8,2,100,0,93.01,107.55,90.46,3.74,Fjord,van,private,46814
22,6,88651.08,74.27,2,73.55,0,93.92,103.59,81.78,3.81,Ember,wagon,private,41162
22,3,61152.07,109.31,1,73.57,0,91.39,104.21,91.77,3.83,Aster,suv,private,43632
22,12,167816.35,68.55,3,68.44,0,61.61,104.01,93.92,3.48,Cobalt,wagon,dealer,12158
22,7,130678.35,183.3,2,82.11,2,79.59,107.68,98.12,3.39,Aster,suv,dealer,27218
22,6,84919.62,68.36,3,66.51,0,85.43,109.17,104.34,3.67,Aster,wagon,fleet,19353
22,11,168601.29,67.3,5,58.2,1,67.5,106.76,96.16,3.39,Aster,suv,fleet,3313
22,12,170118.96,90.56,2,68.69,0,63.87,105.1,95.62,3.51,Ember,sedan,dealer,1731
22,12,192044.36,76.51,3,52.43,0,55.19,107.45,99.09,3.32,Aster,sedan,fleet,35034
22,5,82946.19,111.24,2,80.09,1,85.26,111.25,90.06,3.45,Ember,compact,private,25247
22,11,184375.94,45,4,70.71,0,65.8,105.58,94.26,3.63,Ember,wagon,private,6792
22,5,83388.76,119.14,2,77,0,82.88,102.7,95.19,4.04,Ember,sedan,dealer,41619
22,5,79861.63,141.39,2,69.55,0,87.64,114.35,93.44,3.8,Aster,wagon,dealer,35962
22,9,107246.18,83.33,2,58.92,0,75.91,105.5,96.58,3.77,Cobalt,compact,private,18271
22,7,109410.33,118.67,3,64.07,0,83.73,105.68,99.9,3.65,Aster,compact,private,11811
22,1,46567.41,58.44,1,79.02,2,89.01,105.29,96.26,4.1,Boreal,sedan,private,19791
22,3,34924.92,104.75,1,83.15,0,100,110.38,102.97,3.61,Aster,suv,private,51293
22,7,110355.09,148.72,2,75.4,0,90.14,106.59,97.55,3.65,Boreal,suv,fleet,46245
22,11,178828.57,102.23,3,59.54,0,68.19,109.16,90.44,3.77,Fjord,suv,private,21777
22,5,43485.09,99.37,2,48.89,0,88.44,106.15,96.39,3.4,Dune,suv,private,47033
22,13,146095.66,112.61,3,63.89,1,71.67,104.21,97.03,3.88,Aster,sedan,fleet,6778
22,7,122966.29,131.2,2,71.47,0,76.69,109.02,99.75,3.49,Aster,wagon,dealer,17806
22,6,58284.75,126.64,2,87.08,0,78.53,110.89,97.97,3.48,Cobalt,sedan,fleet,41047
22,3,58533.7,185.49,2,69.67,0,86.25,105.92,91.86,3.75,Boreal,suv,fleet,56223
22,10,171752.35,96.32,4,66.27,0,67.49,103.97,96.98,3.16,Ember,compact,fleet,5261
22,9,148742.48,132.82,3,59.61,1,68.5,105.42,91.5,3.73,Aster,compact,fleet,1408
22,4,60288.04,95.42,1,93.09,0,89.15,103.16,96.96,3.46,Dune,sedan,fleet,50077
22,7,99531.8,135.11,2,84.23,0,83.07,108.51,93.82,3.73,Ember,sedan,private,18082
22,13,176217.29,144.48,4,41.12,1,62.91,103.76,97.55,3.49,Ember,compact,private,3492
22,7,77293.24,167.82,3,67.45,0,84.67,107.13,97.84,3.32,Boreal,suv,dealer,54836
22,9,128238.27,140.86,3,57.93,0,78.33,109.49,95.04,3.8,Ember,wagon,dealer,11254
22,11,120082.64,80.17,4,64.34,0,68.15,111.49,91.33,3.61,Aster,sedan,private,1200
22,10,176030.95,147.39,3,65.01,0,79.64,105.26,94.85,3.63,Boreal,suv,fleet,33519
22,11,137351.37,103.88,3,58.25,0,64.6,109.45,94.77,3.41,Boreal,wagon,dealer,21510
22,14,195062.7,123.69,3,85.92,0,57.38,106.67,99.02,3.77,Boreal,sedan,dealer,10055
22,10,140733.56,98.46,3,49.15,1,73.36,103.09,98.98,3.53,Boreal,compact,dealer,10439
22,7,53816.72,100.86,1,75.19,0,82.9,107.97,95.39,3.67,Dune,compact,private,37093
22,9,162762.41,110.24,2,69.15,0,75.63,106.57,84.89,3.51,Cobalt,sedan,dealer,32085
22,14,200808.25,152.51,4,34.37,1,61.67,107.81,96.06,3.66,Cobalt,suv,dealer,24842
22,10,116030.78,170.79,3,57.62,0,76.98,108.56,95.19,3.67,Cobalt,compact,private,34521
22,5,88253.68,64.71,2,61.99,0,80.82,111.28,95.6,3.37,Ember,compact,fleet,16902
22,8,112723,125.53,3,60.58,0,87.57,107.4,100.12,4.06,Aster,suv,dealer,28435
22,2,16995.2,179.62,1,61.91,0,86.57,104.75,97.52,3.63,Boreal,suv,fleet,60755
22,10,138925.19,122.14,4,71.2,0,73.74,106.19,93.8,3.76,Cobalt,suv,dealer,33327
22,5,70037.68,69,2,55.69,1,78.65,109.21,97.12,3.71,Aster,compact,fleet,18982
22,11,129890.19,128.98,2,56.72,0,70.31,109.13,96.68,3.61,Fjord,wagon,private,25157
22,7,94143.47,80.86,3,68.57,0,79.56,107.85,101.11,3.24,Fjord,sedan,dealer,22691
22,9,107621.02,72.41,2,82.55,0,76.1,108.97,94.63,3.84,Fjord,sedan,private,10943
22,8,141349.91,132.17,3,62.95,0,78.74,103.81,94.24,3.94,Fjord,compact,fleet,24301
22,12,194246.47,134.89,3,60.85,1,73.66,105.03,100.93,3.51,Aster,wagon,private,3487
22,7,115072.79,120.54,1,67.03,0,84.16,108.29,92.21,3.47,Boreal,compact,private,22443
22,12,182159.29,135.06,3,40.98,0,69.04,107.65,98.57,3.14,Dune,suv,dealer,32083
22,2,18950.84,198.53,3,74.22,1,93.13,108.79,90.57,3.89,Cobalt,sedan,dealer,44382
22,12,150888.47,119.04,3,36.75,0,68.8,102.03,90.7,3.47,Ember,compact,fleet,2393
22,13,182459.48,51.1,3,72.26,0,72.3,108.22,95.83,3.82,Boreal,compact,private,3823
22,9,99652.97,89.07,3,74.36,0,75.84,112.04,93.52,3.74,Boreal,sedan,fleet,22291
22,11,143447.33,95.69,2,76.85,0,70.59,109.97,104.36,3.61,Dune,suv,dealer,36990
22,2,53487.81,155.34,1,89.63,0,90.77,104.51,89.79,3.74,Dune,suv,fleet,55825
22,0,25202.81,91.78,1,89.39,0,98.65,106.19,96.99,3.57,Ember,wagon,private,39075
22,8,157781.82,45,3,72.53,0,82.08,109.51,99.98,3.83,Boreal,compact,private,30277
22,0,500,141.4,1,66.94,1,100,108.52,90.65,3.29,Cobalt,suv,fleet,51755
22,0,6396.62,90.18,1,81.41,1,96.2,104.54,95.12,3.6,Boreal,compact,dealer,24397
22,8,87210.68,130.89,3,33.39,0,79.56,107.96,91.38,3.71,Cobalt,suv,fleet,29644
22,7,83584.83,179.65,4,55.52,1,83.6,103.74,93.09,3.71,Aster,suv,dealer,47538
22,4,19298.75,109.48,2,68.5,0,93.88,110.51,97.41,3.37,Dune,van,fleet,40447
22,15,192827.36,97.61,5,28.76,1,57.48,109.24,100.56,3.47,Cobalt,compact,private,1200
22,6,116677.73,89.09,2,77.33,0,86.28,102.71,96.37,3.65,Fjord,compact,dealer,21088
22,7,117139.93,91.34,2,43.72,0,91.92,104.66,92.12,3.55,Cobalt,sedan,dealer,22130
22,6,109465.53,109.52,2,52.8,0,74.85,109.25,87.64,3.53,Aster,suv,private,44978
22,6,63940.93,180.23,3,78.5,0,91.57,101.13,98,3.68,Fjord,suv,dealer,66217
22,6,72405.12,99.93,3,75.12,0,92.77,108.38,97.01,3.47,Dune,suv,dealer,42803
22,12,159074.34,75.49,4,52.35,0,69.76,104.84,97.27,3.6,Boreal,compact,fleet,24883
22,0,500,151.17,2,79.27,1,100,105.64,96.8,3.76,Boreal,wagon,fleet,34972
22,6,82457.49,91.03,2,71.79,0,86.91,107.68,97.95,3.28,Boreal,sedan,dealer,35795
22,10,125836.75,137.49,3,54.53,0,74.63,110.19,95.51,3.49,Aster,suv,fleet,36801
22,20,303780.14,114.34,4,56.63,0,45.5,105.69,99.47,3.74,Cobalt,suv,dealer,11780
22,12,188806.06,121.45,1,51.08,1,63.87,105.67,97.98,3.64,Ember,wagon,fleet,1953
22,4,70615.01,60.44,2,76.46,0,95.07,107.24,93.1,3.48,Cobalt,suv,fleet,43320
22,12,153173.6,100.93,2,65.16,1,59.36,109.89,92.35,3.63,Boreal,suv,fleet,1926
22,9,151480.12,122.19,4,74.15,0,76.44,104.54,94.42,3.27,Cobalt,wagon,dealer,17877
22,9,100299.39,49.73,3,85.83,1,68.86,104.46,93.6,3.95,Cobalt,wagon,fleet,11382
22,0,18917.95,172.48,1,80.37,0,100,111.2,95.99,3.56,Cobalt,wagon,dealer,68442
22,9,84956.01,94.41,3,58.08,0,80.35,105.8,100.67,3.71,Boreal,wagon,private,34654
22,5,68999.16,188.09,2,77.42,0,89.05,110.08,89.48,3.51,Aster,suv,dealer,38534
22,7,65727.97,96.41,3,55.81,0,76.21,105.68,97.72,3.75,Boreal,suv,dealer,40225
22,10,118293.18,86.52,4,62.3,0,80.45,102.42,94.56,3.65,Aster,sedan,dealer,1200
22,9,134134.58,187.72,3,44.87,1,88.06,100.45,97.87,3.3,Cobalt,suv,private,36434
22,10,141846.69,181.63,2,76.21,1,73.46,110.68,94.06,3.51,Fjord,suv,fleet,29296
22,9,78220.73,141,2,41.87,0,74.27,108.78,92.82,3.66,Cobalt,suv,fleet,38197
22,0,9383.11,157.68,1,74.51,0,100,108.59,96.98,4.06,Ember,suv,dealer,62885
22,4,78852.76,150.59,2,72.78,0,89.28,110.31,98.47,3.58,Aster,sedan,dealer,34390
22,4,112264.49,63.15,1,77.47,1,92.79,104.08,91.48,3.51,Ember,sedan,dealer,25768
22,3,88837.94,116.29,2,80.23,0,96.05,101.15,93.5,3.61,Cobalt,compact,fleet,35312
22,4,72692.95,67.64,2,82.84,1,74.43,107.65,93.05,3.67,Aster,wagon,fleet,33558
22,5,111474.75,188.85,1,69.27,1,88.61,110.85,92.03,3.36,Ember,suv,private,40022
22,4,73986.97,140.74,3,50.83,1,86.29,102.64,100.24,3.64,Boreal,compact,fleet,11693
22,7,78199.75,133.19,4,47.13,0,69.66,106.65,91.9,3.73,Boreal,suv,private,38229
22,5,72335.61,146.13,3,56.3,0,89.93,105.77,88.32,3.81,Boreal,suv,fleet,41924
22,9,131103.22,151.29,3,35.58,0,70.99,105.34,97.37,3.61,Cobalt,wagon,private,26455
22,3,76957.84,205.32,1,73.46,0,100,110.91,88.75,3.36,Ember,suv,private,58647
22,11,142485.2,105.48,3,44.26,0,60.22,106.58,96.35,3.54,Cobalt,sedan,dealer,37353
22,8,153283.48,130.21,3,67.57,0,74.23,103.1,96.71,3.38,Cobalt,sedan,private,31935
22,4,73808.61,144.94,2,87.8,0,92.67,105.31,95.28,3.66,Boreal,sedan,fleet,42563
22,9,127669.22,63.39,2,66.53,0,75.15,103.65,98.55,3.49,Aster,van,dealer,11652
22,12,197239.2,144.77,3,69.02,0,58.66,109.67,94.82,3.48,Aster,sedan,private,5749
22,7,45726.91,58.38,3,68.86,1,84.51,108.42,103.61,3.3,Dune,wagon,fleet,34347
22,8,115734.93,143.96,3,74.88,0,81.79,106.85,99.71,3.18,Boreal,van,fleet,28688
22,9,115814.87,102.65,2,76.61,0,76.87,108.89,90.87,3.77,Aster,wagon,private,21910
22,8,130920.5,106.96,2,70.87,0,69.04,106.38,97.69,3.8,Cobalt,suv,dealer,31023
22,8,159993.35,140.76,3,68.74,0,86.21,107.16,93.9,3.66,Aster,van,dealer,24825
22,13,199777.7,125.55,5,59.7,0,66.55,104.21,90.12,3.64,Cobalt,compact,dealer,13228
22,9,146399.26,90.64,3,64.72,0,80,108.01,98.59,3.71,Cobalt,wagon,fleet,20286
22,12,188113.31,110,3,77.64,0,72.01,111.96,95.91,3.62,Ember,wagon,fleet,3319
22,9,104939.35,92.48,4,33.09,0,77.42,109.23,100.78,3.39,Ember,sedan,private,21264
22,14,169707.53,85.82,4,44.31,1,57.69,106.85,103.47,3.45,Fjord,sedan,dealer,1200
23,20,263786.26,139.34,5,56.74,2,43.94,112.57,87.22,3.31,Dune,compact,fleet,25258
23,14,186740.83,127.16,4,64.39,0,61.83,108.02,95.53,3.67,Boreal,compact,dealer,2307
23,5,44548.41,95.9,1,75.96,1,90.81,107.74,90.56,3.59,Fjord,compact,fleet,40187
23,1,44373.04,77.93,1,83.52,0,90.94,108.94,95.79,3.44,Boreal,wagon,dealer,42444
23,17,220097.22,104.55,6,57.24,1,54.01,104.58,104.18,3.43,Fjord,van,dealer,1200
23,0,500,158.4,1,77.46,1,98.37,106.16,99.67,3.81,Boreal,suv,fleet,59077
23,5,79901.55,144.99,1,74.3,0,80.74,105.74,90.47,3.96,Aster,sedan,dealer,23248
23,12,222401.76,142.53,3,66.71,1,63.75,109.13,89.02,4.02,Cobalt,suv,dealer,29690
23,11,132023.74,52,3,58.26,0,75.45,107.81,95.22,3.48,Cobalt,wagon,dealer,11056
23,6,68091.92,45,2,47.1,1,83.42,109.56,90.53,3.68,Boreal,sedan,fleet,3365
23,9,105143.06,69.77,3,77.3,0,71.38,107.97,87.35,3.86,Aster,sedan,fleet,2921
23,7,94297.54,68.76,4,60.03,0,78.3,113.07,90.96,3.71,Aster,wagon,fleet,14137
23,5,75631.99,168.88,3,75.86,1,84.81,101.61,96.32,4.06,Dune,suv,fleet,51060
23,12,135402.66,98.61,5,62.67,0,72.9,104.54,93.58,3.47,Ember,sedan,fleet,1200
23,9,162637.65,90.74,2,62.72,0,72.91,105.84,97.99,3.63,Dune,compact,private,27545
23,0,20646.7,124.48,2,89.97,0,93.38,104.24,93.68,3.88,Fjord,suv,dealer,57272
23,6,75546.17,92.73,1,85.28,0,84.24,104.53,97.32,3.56,Boreal,wagon,private,32368
23,1,86156.22,93.7,2,52.86,1,100,106.53,87.53,3.68,Aster,wagon,dealer,22707
23,10,126202.42,187.44,3,61,0,73.9,107.96,100.44,3.78,Aster,suv,dealer,35879
23,11,141452.7,105.23,4,36.45,0,84.75,106.6,93.48,3.62,Ember,wagon,private,14173
23,10,184140.12,94.2,4,65.84,1,74.25,112.23,96.55,3.6,Fjord,sedan,dealer,19120
23,4,72405.11,123.33,1,68.03,0,76.46,107.4,94.12,3.76,Aster,compact,dealer,31728
23,5,57742.94,99.11,3,38.54,0,92.51,110.63,86.43,3.67,Boreal,compact,fleet,26288
23,9,145070.41,75.85,2,55.54,0,66.46,106.45,96.17,3.56,Aster,sedan,private,19472
23,11,131915.28,148.91,4,58.01,0,70.49,107.16,93.74,3.97,Boreal,suv,dealer,32272
23,13,198475.19,139.2,4,41.47,0,68.48,107.76,105.77,3.34,Cobalt,van,fleet,19377
23,9,115670.74,82.98,3,74.76,0,85.6,100.91,96.96,3.64,Aster,wagon,dealer,21227
23,11,166930.13,55.67,4,46.78,2,63.62,105.22,94.86,3.75,Dune,sedan,fleet,8418
23,4,51327.37,150.33,1,66.08,0,78.13,106.43,90.54,3.89,Boreal,sedan,dealer,58397
23,17,271307.73,73.85,4,57.1,0,48.15,104.78,91.81,3.94,Fjord,wagon,dealer,7137
23,11,188459.22,147.08,3,49.88,2,72.61,106.13,94.37,4.26,Boreal,suv,dealer,24722
23,15,210552.94,67.22,4,48.72,0,63.84,103.75,92.77,3.8,Fjord,compact,private,11159
23,6,109394.62,81.34,3,62.19,0,85.12,108.21,91.73,3.53,Ember,van,fleet,31346
23,6,55381.74,70.73,1,63.31,0,82.09,106.56,104.87,3.95,Aster,wagon,fleet,22900
23,2,4711.29,129.04,2,80.41,0,100,105.4,92.66,3.27,Aster,sedan,dealer,43556
23,12,178776.82,68.9,4,50.27,1,70.08,107.05,97.56,3.68,Dune,sedan,fleet,1200
23,8,146888.37,97.65,2,63.34,0,75.35,108.99,99.2,3.66,Ember,suv,fleet,14458
23,4,39771.9,118.45,3,62.99,1,79.29,103.26,93.13,3.65,Aster,sedan,dealer,39502
23,3,68100,136.32,1,67.97,0,97.53,107.82,98.11,3.45,Aster,suv,fleet,44158
23,5,98998.49,135.64,1,65.67,0,86.76,113.25,90.88,3.38,Fjord,compact,private,45509
23,12,158803.8,129.37,4,73.81,0,63.3,109.18,89.76,3.65,Aster,sedan,private,17690
23,5,50103.1,61.25,1,80.08,0,92.76,103.41,92.82,3.49,Ember,compact,private,25653
23,14,231457.1,146.99,5,88.89,2,61.7,108.57,100.94,3.77,Boreal,wagon,private,1200
23,0,39019.74,110.93,2,53.7,0,96.43,109.7,95.94,3.28,Ember,sedan,private,39553
23,8,132051.42,95.84,3,60.71,0,72.73,108.1,93.3,3.88,Aster,compact,dealer,2202
23,1,500,107.56,2,64.11,0,92.06,113.15,96.91,3.98,Aster,compact,private,36193
23,5,89648.68,83.2,2,80.15,1,84.01,108.03,92.53,3.81,Ember,suv,fleet,10894
23,4,66566.68,130.28,2,49.27,0,90.34,110.14,89.98,3.35,Aster,suv,dealer,28027
23,13,160104.24,72.85,3,68.46,0,59.1,106.51,83.19,3.75,Ember,sedan,fleet,1200
23,11,172270.47,48.59,4,47.41,0,64.46,105.07,91.87,3.62,Boreal,compact,fleet,7366
23,3,53341.84,82.45,2,52.81,0,83.13,109.06,94.88,3.73,Ember,suv,fleet,27543
23,0,613.57,177.42,1,79.05,0,97.76,108.42,87.59,3.53,Ember,suv,dealer,74235
23,8,89509.1,145.66,3,68.22,1,81.92,112.01,95.85,3.84,Cobalt,sedan,dealer,37907
23,12,147151.43,168.58,4,40.45,0,71.36,103.76,91.86,3.05,Fjord,suv,fleet,23269
23,14,175571.17,47.52,4,45.56,0,58.1,109.12,95.81,3.2,Aster,suv,fleet,1200
23,12,157209.28,127.05,2,43.88,1,71.25,110.98,97.36,3.87,Dune,wagon,fleet,25937
23,4,35119.22,76.09,2,67.1,0,92.69,103.68,96.73,3.46,Boreal,compact,private,34644
23,5,90408.24,134.22,1,55.86,0,94.8,107.24,96.25,3.42,Dune,sedan,fleet,36750
23,7,41355.02,193.23,3,52.86,0,83.14,109.03,92.86,3.5,Boreal,suv,fleet,50254
23,6,105072.08,146.49,2,70.97,0,81.56,108.09,96.27,3.63,Cobalt,suv,fleet,28272
23,9,153431.49,134.56,2,62.34,1,81.99,107.54,93.16,3.54,Ember,suv,fleet,33146
23,16,191037.76,111.97,3,67.64,1,65.58,104.98,97.66,3.85,Boreal,wagon,dealer,17729
23,0,17182.31,139.33,1,62.59,1,100,106.03,93.01,4.06,Boreal,suv,dealer,59071
23,5,106676.51,98.39,3,62.04,1,85.78,112.72,95.08,3.93,Cobalt,sedan,dealer,23740
23,13,147815.36,92.42,4,66.34,0,59.46,105.52,102.09,3.22,Dune,sedan,private,37932
23,9,158439.89,64.49,2,57.6,1,73.45,108.78,101.44,4.04,Ember,compact,private,1262
23,3,21906.02,95.17,2,68.33,0,85.34,115.25,96.16,3.86,Cobalt,suv,dealer,49365
23,4,45496.96,67.6,1,85.47,0,88.81,103.87,87.56,3.67,Boreal,compact,fleet,23262
23,7,86679.39,45,2,52.63,1,84.4,107.12,95.27,3.86,Boreal,van,fleet,11841
23,13,205326.6,95.84,3,71.84,0,59.37,104.66,89.38,3.53,Aster,suv,private,31460
23,7,145244.53,126.89,2,65.25,0,82.26,107.31,87.94,3.6,Dune,suv,private,40075
23,6,112471.9,78.56,2,72.94,2,79.29,107.5,88.42,3.96,Ember,compact,dealer,30911
23,12,169181.37,95.18,4,56.9,1,66.77,113.45,95.11,3.84,Cobalt,van,fleet,25882
23,17,254422.29,155.81,4,64.11,0,55.1,109.06,96.09,3.52,Ember,van,dealer,10717
23,8,118407.85,60.14,2,52.65,0,63.42,104.17,100.54,3.67,Ember,suv,fleet,32801
23,8,141809.11,101.6,2,64.66,0,81.16,112.09,95.75,3.54,Dune,wagon,private,35980
23,9,160462,104.24,3,37.92,0,71.64,105.01,93.27,3.7,Boreal,wagon,dealer,26994
23,7,109058.04,125.84,2,61.19,0,85.55,108.89,87.72,3.48,Aster,compact,private,27600
23,11,133849.6,112.46,4,51.58,1,69.66,111.21,98.42,3.6,Ember,wagon,fleet,10524
23,12,202874.92,161.03,3,64.72,0,68.88,106.97,89.81,3.83,Boreal,sedan,fleet,24009
23,2,500,131.56,1,73.01,0,89.69,108.91,96.17,3.59,Aster,sedan,fleet,26509
23,16,232411.53,85.42,3,70.85,0,50.15,109.69,93.2,3.65,Boreal,sedan,fleet,1200
23,3,56915.64,45.81,1,75.9,0,100,106,102.62,3.13,Boreal,sedan,dealer,40493
23,8,125093.6,156.65,4,72.37,2,73.14,106.96,96.49,3.23,Dune,van,private,17166
23,8,73111.3,122.59,3,69.49,0,79.37,103.27,98.65,3.51,Fjord,sedan,dealer,24968
23,1,534.78,112.43,1,84.16,1,88.8,106.62,94.42,4.05,Fjord,compact,private,37646
23,2,47916.68,45,1,65.79,1,98.33,104.3,92.24,3.49,Aster,van,fleet,18943
23,6,60396.74,88.56,4,61.7,0,86.01,105.79,101.69,3.53,Aster,sedan,fleet,21574
23,5,46221.23,134.46,2,63.95,1,86.89,105.68,92.86,3.39,Fjord,wagon,dealer,38941
23,6,59449.55,95.92,3,43.48,0,88.06,105.79,98.21,3.65,Fjord,compact,private,30128
23,12,217448.75,77.6,3,49.29,0,62.52,105.58,96.61,3.82,Ember,sedan,fleet,16745
23,11,131406.11,88.03,4,70.13,0,63.81,106.11,96.04,3.33,Fjord,sedan,fleet,10120
23,11,113515.51,140.89,3,50.81,0,88.21,106.35,94.39,3.6,Cobalt,suv,private,42127
23,7,61808.68,125.08,1,61.22,0,75.09,106.89,92.4,3.67,Aster,suv,fleet,36619
23,11,169210.15,145.45,4,81.43,0,71.72,111.63,105.01,3.68,Aster,van,private,1200
23,10,152741.9,155.3,4,36.37,0,74.19,104.53,101.17,3.88,Cobalt,suv,fleet,29135
23,10,151283.09,74.27,4,64.56,0,82.06,110.12,95.57,3.29,Fjord,sedan,private,23062
23,13,186194.68,156.88,4,65.18,1,63.71,110.49,101.83,3.66,Dune,suv,fleet,25454
23,6,51182.12,110.17,3,54.92,0,88.57,108.15,90.53,2.96,Aster,compact,dealer,13985
23,11,159442.72,73.23,3,52.26,0,74.45,109.66,100.06,3.78,Ember,compact,fleet,1200
23,14,226546.18,139,4,64.57,0,61.35,109.72,90.88,3.44,Ember,van,fleet,6759
23,6,86238.52,110.85,1,54.33,1,94.13,109.25,87.42,3.79,Ember,suv,private,27988
23,7,99678.24,91.18,3,69.11,0,77.3,104.04,87.4,3.44,Aster,sedan,dealer,15328
23,9,137060.84,138.44,1,45.97,0,79.81,111.2,92.04,3.9,Boreal,compact,fleet,13673
23,9,117250.47,99.14,2,69.86,0,79.96,107.52,92.57,3.77,Ember,compact,dealer,34945
23,4,60650.11,138.37,1,76.67,0,82.64,106.88,89.07,3.74,Boreal,compact,fleet,29350
23,3,66099.54,120.89,2,82.47,0,92.08,107.17,97.81,3.31,Cobalt,van,fleet,26168
23,2,39433.09,105.97,2,79.65,0,100,108.37,96.98,3.86,Fjord,compact,private,27685
23,5,103550.62,156.12,2,57.39,0,85.96,104.7,97.37,3.59,Ember,wagon,fleet,33039
23,15,217077.46,139.27,4,63.88,1,54.49,99.85,100.29,3.69,Boreal,suv,private,10871
23,0,500,78.31,2,78.02,2,92.87,106.1,97.23,3.61,Boreal,suv,private,44051
23,10,110861.07,118.06,3,64.12,0,80.17,102.46,92.93,4.12,Ember,suv,dealer,38167
23,9,162237.92,137.18,2,40.71,0,68.22,108,95.41,3.53,Ember,suv,private,29368
23,9,126364.72,96.42,2,37.17,0,82.12,104.58,98.72,3.95,Boreal,compact,fleet,12613
23,8,117060.58,127.81,3,79.64,0,78.64,103.82,90.68,3.88,Boreal,van,dealer,30799
23,0,48952.86,129.5,1,93.72,1,100,103.29,97.39,3.56,Ember,wagon,private,47917
23,7,154299.26,98.02,3,50.16,1,86.41,108.24,90.92,3.91,Boreal,van,private,13953
23,8,116400.46,133.3,3,63.51,2,75.76,112.31,89.8,3.49,Boreal,sedan,private,30640
23,5,78344.26,124.63,2,25.95,0,83.06,108.45,93.07,3.67,Aster,compact,private,11817
23,8,82562.01,151.2,2,76.06,2,74.14,102.84,89.74,3.66,Cobalt,suv,dealer,31166
23,4,55588.06,93.21,2,49.86,2,100,106.05,91.88,3.66,Fjord,compact,dealer,17019
23,7,91464.19,154.6,3,80.96,1,82.2,107.07,91.67,3.45,Dune,suv,fleet,41991
23,0,7416.69,83.05,1,71.47,0,99.29,110.17,92.83,3.83,Boreal,wagon,dealer,44640
23,12,187601.77,98.98,3,66.56,0,60.59,107.58,93.57,3.42,Fjord,wagon,dealer,9134
23,11,138671.15,94.32,4,56.99,0,75.77,109.47,93.56,3.73,Boreal,compact,dealer,29114
24,8,104821.91,102.31,2,83.23,1,80.69,111.15,100.25,3.45,Ember,sedan,private,23111
24,8,103412.73,75.28,3,79.65,1,74.22,106.85,93.31,3.93,Fjord,compact,fleet,22882
24,6,93809.33,138.66,1,45.11,1,75.88,107.51,97.11,3.73,Cobalt,sedan,dealer,43417
24,11,173039.48,110.82,3,51.11,0,65.51,112.46,98.76,3.77,Cobalt,compact,dealer,15999
24,5,88264.83,146.12,1,74.98,0,76.94,105.29,91.11,3.63,Dune,suv,private,59738
24,4,58322.17,106.75,2,55.62,0,89.16,105.82,98.33,3.64,Fjord,wagon,private,50055
24,12,205916.56,45,4,46.55,0,73.62,105.43,88.22,3.69,Fjord,sedan,dealer,6480
24,13,168070.33,79.14,4,51.92,0,65.27,105.94,95.64,3.54,Aster,compact,dealer,7608
24,2,80910.87,112.12,2,51.03,1,92.72,110.15,88.73,3.66,Boreal,wagon,fleet,32622
24,12,144652.42,62.36,4,69.05,1,64.61,102.05,94.24,3.38,Aster,sedan,dealer,6200
24,7,101164.13,146.46,3,56.25,0,79.56,105.95,90.01,3.92,Boreal,suv,fleet,55245
24,14,192668.13,94.01,4,45.98,2,59.75,110.19,103.03,3.56,Ember,sedan,dealer,1200
24,9,104057.81,127.13,3,39.03,1,76.37,106.29,98.24,3.68,Aster,van,fleet,9816
24,13,226371.28,129.46,3,40.23,0,60.51,109.77,94.35,3.37,Cobalt,suv,private,13909
24,12,159955,51.63,4,54.48,0,62.33,103.73,96.27,3.47,Boreal,wagon,fleet,7285
24,10,190878.59,110.12,3,71.98,0,77.85,106.97,94.72,3.57,Cobalt,wagon,dealer,2832
24,11,178123.67,133.57,3,87.12,1,72.66,106.67,102.88,3.81,Cobalt,suv,private,32032
24,6,80706.26,101.45,3,60.61,1,82.94,106.41,100.47,3.96,Boreal,sedan,dealer,49674
24,10,160377.23,72.8,3,56.94,0,73.37,111.55,90.38,3.93,Boreal,sedan,private,3320
24,6,61012.52,137.15,3,58.55,0,83,107.99,97.63,3.82,Dune,compact,fleet,34908
24,4,62242.33,113.57,1,58.47,1,98.73,105.26,92.86,3.97,Ember,suv,private,26626
24,10,194079.38,128.59,2,51.09,0,78.98,102.05,93.78,3.77,Boreal,van,fleet,12349
24,4,88882.99,127.75,2,80.84,0,79.85,110.99,103.25,3.7,Aster,suv,fleet,34376
24,6,83660.43,103.92,2,62.07,0,99.79,110.03,98.66,3.79,Boreal,suv,fleet,37396
24,12,147039.41,78.15,3,51.57,0,65.15,110.61,101.42,3.73,Dune,sedan,private,29466
24,10,162417.82,148.37,3,59.39,0,74.05,107.82,93.94,3.75,Aster,wagon,fleet,39670
24,10,105669.43,64.5,4,64.42,0,64.55,108.32,84.77,3.44,Dune,compact,private,37514
24,6,139207.74,120.2,1,63.62,0,79.42,106.17,87.4,3.67,Aster,suv,fleet,40524
24,1,500,142.53,2,82.9,1,100,108.22,94.8,3.88,Fjord,suv,private,61470
24,6,75492.51,88.25,1,73.57,0,83.34,109.1,89.08,3.8,Dune,sedan,private,36992
24,7,73158.76,96.69,2,63.71,0,82.16,106.95,92.14,3.47,Ember,sedan,private,29293
24,3,61334.84,99.24,2,52.91,0,89.99,107.77,89.54,3.27,Dune,sedan,private,28093
24,9,159876.54,73.64,3,59.92,0,74.8,106.74,94.15,3.65,Dune,wagon,fleet,9074
24,10,138626.22,125.96,4,60.29,0,74.03,110.82,99.13,3.6,Boreal,wagon,dealer,27325
24,9,106819.48,146.84,2,45.17,0,81.08,108.98,87.43,3.36,Ember,compact,dealer,4665
24,10,145000.38,113.57,3,58.42,0,74.38,111.57,98.83,3.69,Boreal,compact,private,7500
24,7,91560.34,126.28,2,47.64,0,77.23,108.12,88.58,3.69,Boreal,suv,private,38846
24,8,97330.87,151.2,3,44.02,0,84.98,109.47,93.29,3.89,Cobalt,suv,dealer,35338
24,2,20284.72,142.17,2,65.45,0,83.52,113.94,87.24,3.69,Fjord,sedan,fleet,39078
24,12,157368.23,110.15,3,61.96,0,62.92,102.31,97.41,3.72,Ember,compact,fleet,16858
24,9,143661.09,129.07,2,43.81,0,77.92,109.27,90.81,3.78,Aster,suv,dealer,11679
24,5,60950.31,131.03,2,59.83,0,92.95,106.1,95.62,4.16,Aster,suv,private,33456
24,8,110530.47,144.36,4,35.31,0,84.01,105.27,91.9,3.49,Fjord,wagon,fleet,14228
24,2,30367.29,129.54,2,53.95,0,98.28,113.59,92.11,4.11,Aster,compact,private,28854
24,2,500,80.63,3,66.48,0,96.85,108.59,102.66,3.31,Aster,compact,fleet,20901
24,5,99440.95,120.91,3,39.19,0,84.83,108.56,88.72,3.6,Aster,suv,private,36892
24,0,24605.34,84.54,1,75.86,1,93.18,111.01,97.68,3.52,Cobalt,sedan,private,52360
24,2,46361.78,87.15,1,53.77,0,100,107.54,92.52,3.83,Aster,compact,dealer,19863
24,4,44565.95,149.05,2,78.9,0,86.53,107.52,95.79,3.72,Aster,compact,private,33607
24,10,117504.51,129.6,2,69.25,0,62.43,106.99,97.04,3.57,Dune,compact,dealer,20707
24,12,156748.58,128.47,3,50.08,0,58.15,109.19,92.11,3.67,Fjord,suv,dealer,33450
24,8,166008.31,126.48,3,71.72,1,77.62,106.54,91.4,3.96,Cobalt,suv,fleet,16807
24,12,188320.33,198.77,4,69.56,0,63.42,109.35,95.75,3.33,Cobalt,suv,fleet,33669
24,7,123059.55,145.46,2,79.31,1,93.25,105.88,95.95,3.58,Boreal,suv,fleet,33948
24,0,33981.5,86.07,1,75.51,0,95.81,107.27,97.19,4.06,Aster,compact,fleet,31899
24,5,36980.33,105.91,3,59.28,0,89.65,116.62,93.54,3.65,Ember,suv,fleet,36284
24,13,192765.08,106.13,4,53.01,1,62.44,106.65,90.11,3.55,Fjord,suv,fleet,23647
24,6,99044.86,165.7,2,49.58,0,85.22,108.32,101.23,3.55,Ember,suv,fleet,35559
24,8,127024.13,95.8,3,74.53,0,72.8,109.57,99.71,3.54,Aster,compact,fleet,17542
24,6,53799.71,70.15,2,51.71,0,85.99,106.41,98.93,3.92,Cobalt,sedan,private,34244
24,12,158036.05,113.97,3,55.57,0,64.27,106.75,95.51,3.89,Aster,suv,dealer,22335
24,9,102979.57,111.45,3,39.09,0,79.6,107.7,99.22,4,Dune,sedan,dealer,41544
24,7,86477.62,122.54,2,87.99,1,79.99,103.9,90.81,3.26,Cobalt,suv,dealer,27918
24,6,70263.34,77.1,2,50.58,1,87.31,104.25,98.21,3.72,Ember,suv,fleet,29377
24,5,68161.31,66.17,1,73.16,0,86.67,105.99,92.7,3.89,Aster,van,fleet,12856
24,10,187064.42,91.08,5,47.43,1,72.03,108.27,96.59,4.1,Ember,van,fleet,1200
24,7,68188,94.23,3,70.24,0,79.01,104.12,94.71,4.18,Cobalt,compact,private,27717
24,10,125424.6,66.47,3,40.91,0,64.62,108.16,101.52,3.92,Cobalt,sedan,fleet,16632
24,18,240747.56,183.4,5,49.8,0,60.42,110.98,98.15,3.36,Cobalt,suv,fleet,1200
24,5,69562.25,76.93,3,73.55,0,86.4,105.58,90.3,3.63,Aster,suv,private,30221
24,4,75028.31,113.72,2,78.02,0,83.36,104.76,88.29,3.74,Dune,compact,dealer,48945
24,9,140760.62,184.41,4,77.93,1,66.59,106.29,91.99,3.62,Cobalt,suv,private,42723
24,14,204700.69,45,5,62.37,0,61.23,108.95,88.63,3.42,Boreal,compact,private,1200
24,11,111069.81,105.26,3,39.65,1,77.13,108.3,96.29,3.63,Aster,wagon,private,8297
24,11,167878.72,107.39,4,43.27,0,69.98,106.68,97.67,3.61,Aster,compact,private,1200
24,8,92516.37,86.3,3,42.47,0,69.21,107.16,88.09,3.68,Ember,compact,fleet,12701
24,9,112099.68,150.36,4,55.35,1,85.14,103.42,92.33,3.56,Boreal,compact,fleet,1200
24,7,99428.45,64.21,2,47.93,1,79.38,110.19,91.75,3.7,Cobalt,compact,fleet,7917
24,14,195116.65,140.79,4,71.13,0,60.8,102.09,105.3,3.96,Ember,suv,private,11457
24,0,1932.89,87.73,2,73.32,2,94.06,106.03,95.24,3.88,Ember,suv,fleet,42177
24,8,99915.91,148.33,2,65.56,1,71.94,105.46,96.25,3.79,Dune,wagon,dealer,49629
24,10,92154.96,126.18,2,83.84,1,71.12,106.94,94.5,3.65,Fjord,suv,dealer,31805
24,9,153412.46,206.41,2,60.62,0,73.4,102.28,101.05,3.59,Dune,suv,dealer,48517
24,9,100332.5,185.76,2,51.26,0,78.43,111.82,93.71,3.33,Dune,compact,dealer,33233
24,5,78913.25,81.6,1,75.66,0,92.21,108.83,98.55,3.73,Aster,suv,dealer,36946
24,8,78953.83,104.82,3,51.04,0,83.95,110.85,94.72,3.43,Dune,van,dealer,41120
24,14,172832.06,91.98,4,57.42,1,55.94,112.05,96.41,3.83,Cobalt,sedan,private,10763
24,6,147625.21,172.61,3,87.5,0,86.18,108.57,92.39,3.43,Fjord,suv,fleet,42964
24,5,49372.56,192.27,2,86.24,1,83.81,107.91,98.92,3.83,Cobalt,sedan,private,34925
24,7,90214.24,195.42,2,66.2,0,87.75,108.34,93.91,3.54,Aster,suv,dealer,51923
24,3,104373.65,90.07,1,78.6,1,94.95,105.63,100.09,3.85,Ember,sedan,dealer,25534
24,0,2823.17,99.03,1,82.42,0,100,108.77,90.97,4,Cobalt,suv,dealer,60659
24,7,126374.6,118.34,2,63.22,0,73.15,111.26,96.93,3.91,Fjord,compact,fleet,30627
24,5,52530.08,45,3,68.48,1,79.41,103.64,96.52,4.06,Dune,compact,dealer,24879
24,3,38985.82,151.89,2,79.69,0,90.85,109.42,98.69,3.64,Boreal,sedan,dealer,46045
24,12,182259.47,106.22,4,63.21,1,66.52,107.21,96.69,3.87,Dune,sedan,dealer,17329
24,13,188055.55,150.53,4,59.66,0,62.94,103.67,94.92,3.65,Aster,suv,dealer,27524
24,12,173390.69,153.41,2,44.06,1,64.03,106.36,93.85,3.46,Fjord,compact,fleet,27737
24,7,91081.63,129.25,1,61.24,0,75.64,103.84,90.19,3.61,Boreal,suv,dealer,34951
24,6,110425.93,73.53,2,63.66,0,70.83,104.09,95.83,3.9,Cobalt,van,private,21331
24,0,41611.06,108.32,1,68.43,1,100,105.62,102.98,3.45,Aster,compact,private,33301
24,14,201654.9,69.62,3,60.18,0,55.72,106.76,88.53,3.77,Boreal,sedan,dealer,1200
24,9,99802.8,104.86,4,64.32,0,77,106.99,94,3.89,Boreal,wagon,dealer,18019
24,2,500,139.07,2,67.2,2,92.64,107.75,94.69,3.48,Ember,wagon,private,26338
24,6,71723.99,64.85,3,50.01,0,82.83,108.91,93.36,3.51,Boreal,wagon,dealer,25869
24,9,138096.05,101.33,2,45.47,0,76.81,100.44,91.22,3.76,Aster,compact,fleet,7165
24,12,201860.19,84.55,3,52.43,1,67.56,108.83,92.63,3.14,Boreal,compact,private,15155
24,4,22405.29,203.01,1,59.73,1,84.05,103.24,91.91,3.92,Ember,suv,fleet,48970
24,8,127418.89,134.55,3,88.27,0,78.06,107.97,97.38,3.66,Aster,van,fleet,4707
24,2,77903.87,60.29,2,63.05,0,97.29,111.79,92.16,3.81,Aster,compact,dealer,29679
24,7,113324.27,109.95,2,57.39,0,76.66,108.69,95.61,3.38,Ember,compact,private,11080
24,0,33431.46,117.77,1,93.58,0,100,108.67,95.4,4.18,Boreal,van,fleet,44434
24,6,81583.82,116.08,4,76.2,0,88.29,109.17,91.45,3.35,Fjord,sedan,fleet,15086
24,5,68950.98,45,2,61.21,0,85.13,107.85,92.61,3.6,Boreal,van,private,28809
24,17,227699.76,62.02,4,56.23,0,53.43,113.01,92.64,3.71,Aster,compact,dealer,7694
24,13,192026.63,145.06,4,55.57,1,61.88,109.98,100.95,3.85,Dune,sedan,dealer,12605
24,3,106214.56,97.61,1,71.21,1,100,108.16,99.67,4.02,Fjord,sedan,dealer,33701
24,3,108353.01,175.53,1,72.07,0,97.42,110.02,102.34,3.41,Dune,suv,dealer,62673
24,15,183934.39,111.19,4,62.97,0,53.18,106.7,94.16,3.9,Dune,suv,fleet,18677
24,1,9728.4,130.86,2,64.86,0,100,106.57,99.44,3.7,Cobalt,suv,fleet,50194
24,9,87857.98,153.27,4,58.56,0,71.62,107.45,91.31,3.62,Cobalt,compact,fleet,16256
24,5,76065.51,138.23,1,60.75,0,84.28,108.16,91.5,3.82,Ember,suv,private,39808
24,10,130539.1,79.46,2,54.04,0,67.28,106.26,90.68,3.79,Cobalt,compact,fleet,19973
24,13,203455.56,78.64,4,43.91,0,59.73,106.39,93.86,4,Boreal,wagon,private,20155
24,4,26745.21,125.8,3,55.37,0,92.6,106.1,94.86,3.73,Fjord,suv,dealer,30086
25,6,68462.97,137.37,3,49.19,0,87.39,107.52,87.75,3.64,Aster,compact,dealer,15748
25,10,156366.03,159.34,3,37.35,0,74.01,112.19,99.84,3.47,Aster,suv,dealer,30416
25,6,57259.07,101.58,1,69.4,0,85.85,105.51,101.35,3.84,Ember,sedan,fleet,23872
25,6,42344.04,64.77,3,35.22,0,83.17,110.91,87.62,4,Ember,sedan,dealer,29974
25,6,102786.24,112.18,1,77.98,0,78.58,110.33,93.28,4.23,Aster,sedan,private,37222
25,9,143969.49,107.1,3,73.55,0,72.37,106.15,94.55,4.26,Boreal,suv,fleet,18657
25,7,85853.62,154.14,3,61.97,0,85.49,107.77,99.08,4.13,Fjord,wagon,dealer,46339
25,10,120099.53,141.44,3,65.91,0,71.54,105.2,96.04,3.78,Cobalt,suv,private,29567
25,7,70666.61,50.68,3,53.6,0,83.54,109.31,96.47,3.85,Cobalt,sedan,dealer,28131
25,5,79596.52,78.13,2,92.49,0,86.04,107.87,96.55,3.9,Cobalt,sedan,dealer,24519
25,11,145241.37,81.06,4,50.98,0,66.89,104.3,85.72,3.76,Boreal,sedan,fleet,7780
25,8,85742.99,108.15,3,68.88,1,78.85,107.44,99.81,3.3,Boreal,wagon,private,10088
25,13,166308.24,51.01,3,51.14,0,58.3,104.05,86.5,3.4,Cobalt,wagon,fleet,8930
25,9,154671.72,97.95,2,74.54,0,81.98,108.24,92.61,3.68,Aster,van,dealer,22219
25,11,127114.5,113.5,4,63.22,0,56.73,112.39,91.27,3.91,Cobalt,sedan,dealer,53458
25,11,162666.48,116.72,3,71.32,1,67.9,113.95,97.46,3.98,Cobalt,compact,fleet,16620
25,8,105455.35,154.19,2,65.33,1,62.19,112.24,91.62,3.65,Ember,suv,dealer,22725
25,9,139555.73,144.32,4,85.97,0,65.9,110.54,98.81,3.99,Ember,suv,private,16351
25,6,86794.12,123.55,2,66.81,1,89.24,106.48,97.52,4,Aster,suv,private,34524
25,10,139385.95,198.02,4,68.01,1,64.41,108.59,91.07,3.66,Ember,suv,private,36376
25,4,54421.49,90.49,2,90.88,0,85.79,111.05,98.11,3.76,Cobalt,van,fleet,30239
25,10,161734.36,79.91,2,60.94,1,71.5,110.6,92.75,3.6,Boreal,compact,dealer,1200
25,13,163291.15,66.44,4,52.95,0,61.79,111.22,94.04,3.79,Cobalt,wagon,dealer,25607
25,8,89970.55,45,4,45.17,1,77.04,110.01,91.34,3.72,Fjord,sedan,fleet,22163
25,7,152163.25,117.44,4,75.95,1,76.84,110.67,94.36,3.91,Cobalt,sedan,fleet,19003
25,5,48513,155.86,3,72.44,0,96.74,110.42,104.27,3.86,Aster,suv,private,43299
25,16,201053.89,70.68,5,45.91,0,57.61,104.72,93.43,3.5,Ember,compact,fleet,1200
25,14,197916.44,157.7,4,51.4,1,57.23,108.41,93.63,3.96,Dune,compact,dealer,20949
25,14,192421.8,45,4,61.77,1,58.64,107.21,96.92,3.91,Ember,sedan,dealer,1200
25,13,142648.83,61.1,4,57.04,0,63.54,110.51,99.12,4.02,Aster,compact,private,6449
25,10,122756.51,111.97,3,49.04,0,76.66,109.58,97.85,3.66,Aster,sedan,dealer,24681
25,13,172056.25,109.16,3,48.27,0,61.61,108.7,94.17,3.19,Dune,compact,dealer,26905
25,1,25739.36,149.81,1,77.38,2,100,107.66,96.71,3.56,Fjord,suv,private,48803
25,10,169027.64,171.57,4,51.21,1,74.92,110.04,97.72,4.05,Fjord,suv,dealer,42693
25,7,125348.56,94.09,2,73.82,0,84.13,104.38,94.41,3.71,Cobalt,sedan,fleet,41939
25,8,138634.02,84.83,3,67.2,0,79.8,101.93,91.21,3.89,Cobalt,wagon,dealer,34438
25,10,161834.32,150.03,2,71.99,0,77.95,106.26,98.22,3.7,Aster,van,dealer,8114
25,6,141780.87,144.23,3,94.32,0,79.67,107.92,89.86,3.52,Dune,suv,fleet,60653
25,14,202558.63,117.82,3,60.78,1,67.79,110.14,103.25,3.92,Fjord,compact,fleet,16919
25,10,137736.53,156.58,3,48.29,0,75.12,108.09,95.01,3.73,Boreal,compact,private,22954
25,9,157595.72,108.88,3,85.16,0,73.92,108.09,83.29,3.91,Aster,compact,fleet,5855
25,9,120210.77,109.52,3,67.97,0,79.77,109.17,92.33,3.54,Boreal,compact,dealer,14909
25,5,98386.36,138.06,2,72.44,0,78.67,109.81,90.85,4.05,Aster,suv,fleet,25150
25,10,122532.15,134.42,4,48.47,0,72.97,104.6,98.91,3.76,Aster,wagon,private,5258
25,10,148167.52,84.97,4,53.92,0,68,109.11,98.11,3.6,Boreal,van,dealer,8372
25,4,72080.35,101.57,1,64.29,0,92.2,109.02,95.03,3.65,Cobalt,suv,private,52411
25,9,108194.98,203.84,3,62.09,1,76.68,107.3,91.71,3.69,Boreal,suv,fleet,16844
25,0,500,118.72,2,68.03,0,97.02,103.41,96.1,4.11,Aster,wagon,dealer,51394
25,6,94704.08,123.76,1,50.9,1,76.96,107.83,95.24,3.98,Aster,sedan,dealer,35891
25,5,36854.15,83.49,1,76.95,0,99.51,111.74,103.18,3.92,Cobalt,sedan,dealer,32365
25,2,500,83.6,1,68.19,0,88.33,107.05,87.63,3.86,Boreal,suv,fleet,39582
25,6,74721.08,155.28,3,83.37,0,72.55,106.06,88.97,3.83,Boreal,suv,dealer,44782
25,10,175209.96,45,4,65.93,0,70.79,107.11,95.64,3.96,Fjord,wagon,private,1200
25,9,156924.58,88.05,3,39.01,0,82.44,106.34,98.11,4.07,Dune,compact,private,1200
25,8,114974.56,53.99,2,62.27,0,81.7,110.81,97.97,3.62,Cobalt,sedan,dealer,21185
25,11,149435.87,52.14,3,60.19,0,68.23,106.9,95.18,3.78,Boreal,sedan,private,12829
25,5,41103.21,89.77,2,67.12,2,84.77,108.95,98.19,3.35,Boreal,compact,dealer,20240
25,7,150047.51,79.87,3,78.59,1,80.27,108.94,87.03,3.94,Cobalt,compact,dealer,10219
25,11,170771.8,93.28,4,46.11,1,75.36,112.69,97.13,3.39,Aster,suv,dealer,1200
25,6,112291.13,113.36,1,55.31,0,77.22,110.1,97.1,4,Ember,compact,private,10167
25,4,85471.56,152.77,1,83.63,1,96.97,109.34,92.54,3.28,Fjord,sedan,dealer,57200
25,9,109797.04,154.85,3,59.1,0,64.68,109.89,91.89,3.9,Cobalt,suv,private,33261
25,7,139743.76,111.65,2,45.61,0,81.48,108.79,92.27,3.88,Cobalt,suv,private,48098
25,11,146031.51,112.09,2,38.26,1,66.99,107.53,96.04,3.67,Aster,sedan,dealer,4435
25,1,62966.79,62.5,1,64.8,0,85.98,111.05,99.85,3.76,Dune,compact,private,40381
25,13,195231.32,164.32,4,47.26,0,60.29,107.28,97.66,3.9,Ember,suv,dealer,25721
25,4,58925.9,131.18,2,85.27,0,94.87,110.29,96.96,3.68,Boreal,sedan,dealer,43047
25,0,62092.96,62.37,2,72.64,0,93.7,103.25,90.72,3.66,Boreal,sedan,dealer,46467
25,8,103851.12,204.88,2,72.47,0,82.42,113,91.18,3.7,Dune,suv,fleet,41404
25,13,172265.72,76.11,4,51.05,0,63.06,107.06,99.38,3.93,Boreal,suv,dealer,20133
25,5,97983.03,99.43,3,75.05,0,89.31,107.45,99.15,3.66,Fjord,suv,fleet,36008
25,14,197130.34,148.05,3,54.5,0,58.57,109.18,91.36,3.74,Boreal,suv,fleet,5237
25,5,97604.45,114.3,3,72.22,1,84.32,107.85,90.28,3.6,Fjord,suv,private,40765
25,10,166551.05,137.25,2,70.82,0,77.01,107.13,92.84,4.11,Cobalt,suv,private,34347
25,7,118967.65,80.94,2,64.24,1,88.66,101.84,92.3,3.72,Aster,compact,private,1200
25,6,83958.77,138.9,2,52.9,0,84.8,109.87,97.9,3.4,Boreal,suv,fleet,33637
25,5,54295.73,113.06,3,64.75,0,81.85,107.17,94.63,3.64,Ember,wagon,dealer,27543
25,3,55727.5,150.39,1,69.27,0,89.12,111.18,91.88,3.45,Aster,suv,fleet,35216
25,4,92505.48,138.1,1,75.06,0,92.14,106.73,101.08,3.77,Dune,compact,fleet,42314
25,6,59049.26,141.31,2,73.46,0,78.78,111.44,93.98,3.57,Ember,sedan,private,27927
25,6,101014.73,127.8,3,60.49,0,75.35,106,103.2,3.68,Aster,wagon,fleet,17705
25,12,180435.66,94.96,4,47.12,1,70.88,111.84,99.23,3.96,Aster,sedan,dealer,1537
25,6,132563.54,106.02,3,70.73,2,78.22,107.54,92.82,3.36,Ember,compact,private,13719
25,9,143959.38,153.65,3,73.46,0,73.93,103.95,92.54,4.05,Fjord,sedan,private,30085
25,9,151046.86,108.54,2,84.51,1,78.2,110.65,101.16,3.55,Cobalt,compact,private,23131
25,5,94682.12,45,2,62.69,2,88.85,110.65,91.16,3.53,Dune,sedan,fleet,35166
25,10,171961.63,109.66,4,56.89,1,75.96,109.4,96.68,3.58,Boreal,compact,fleet,2055
25,9,130322.95,59.8,3,34.16,1,72.28,110.13,94.29,3.72,Fjord,compact,fleet,7369
25,11,168968.31,51.91,4,53.9,1,85.32,108.99,88.96,3.48,Boreal,compact,fleet,1200
25,8,154596.41,183.58,2,60.56,1,72.88,108.6,90.14,3.76,Cobalt,sedan,private,40034
25,0,37042.68,103.71,1,76.5,0,89.08,109.09,89.07,3.88,Aster,van,dealer,51189
25,11,136167.33,53.06,4,69.4,0,68.63,110.18,105.41,3.42,Boreal,compact,fleet,5774
25,1,35463.43,79.47,1,86.78,0,97.58,109.51,90.38,3.67,Boreal,compact,private,45539
25,2,40480.26,122.24,2,81.99,1,97.45,106.78,95.49,3.89,Ember,compact,private,23130
25,16,258519.25,177.84,4,47.63,0,57.69,108.45,93.67,3.9,Cobalt,suv,dealer,25726
25,14,188335.45,112.08,3,65.64,0,61.6,110.82,93.47,3.76,Ember,sedan,dealer,22644
25,14,178778.38,135.46,4,53.56,0,71.35,107.06,94.61,3.5,Cobalt,sedan,private,23432
25,11,163377.43,45,3,70.52,0,65.66,103.82,93.51,3.58,Boreal,sedan,private,6437
25,12,159069.36,114.91,2,31.6,0,72.17,111.29,89.77,3.65,Ember,wagon,fleet,8088
25,13,174301.36,92.55,4,64.2,0,66.73,108.78,92.34,3.81,Cobalt,suv,dealer,39897
25,7,86222.98,72.55,2,44.3,0,67.71,108.21,96.82,3.77,Cobalt,sedan,private,30694
25,8,94514.01,142.25,1,60.66,0,73.51,108.08,101.69,3.76,Boreal,sedan,dealer,20055
25,5,72301.37,75.3,3,77.34,1,80.6,111.43,101.05,4.09,Fjord,suv,private,23180
25,7,187008.17,192.94,2,74.88,0,87.71,110.81,93.28,3.69,Cobalt,suv,private,43605
25,12,182457.35,88.11,4,57.79,0,66.98,103.57,96.91,3.89,Ember,compact,private,1200
25,5,61281.62,112.33,3,80.08,1,86.25,105.72,98.11,3.94,Fjord,suv,private,38573
25,13,186398.65,45,4,64.64,0,71.45,111.85,98.04,3.4,Cobalt,compact,dealer,18740
25,7,125263.74,131.41,2,76.93,0,87,111.64,95.13,3.67,Ember,sedan,private,18771
25,3,83217.37,120.21,2,56.38,0,95.98,109.69,90.3,3.61,Cobalt,compact,fleet,39562
25,6,93070.99,128.24,2,66.77,0,81.56,113.22,100.8,3.77,Ember,suv,private,35152
25,6,93891.33,124.66,2,64.91,0,73.66,105.71,92.23,3.6,Aster,suv,fleet,29038
25,8,130185.5,102.72,2,74.53,0,74.1,107.39,96.51,3.98,Fjord,van,private,12321
25,12,208664.1,81.74,3,49.17,0,65.75,109.27,88.09,3.6,Cobalt,sedan,fleet,20383
25,3,66974.87,107.73,3,75.02,1,88.94,110.25,91.87,3.19,Ember,suv,fleet,40752
25,7,104636.35,100.09,2,71.09,0,87.74,103,90.69,3.84,Boreal,suv,dealer,42578
25,13,165597.05,79.92,4,48.98,0,51.62,107.02,95.95,3.84,Boreal,sedan,dealer,19691
25,13,181301.6,155.9,3,53.8,1,61.35,106.21,97.87,3.77,Boreal,suv,dealer,14008
25,5,75787.69,55.19,1,80.94,0,91.71,105.64,88.13,3.68,Cobalt,sedan,fleet,35942
25,4,100974.43,121.75,2,69.68,0,89.49,108.35,92.7,3.8,Boreal,sedan,fleet,39677
25,15,224304.72,85.74,3,41.92,1,57.09,107.89,91.44,3.81,Dune,wagon,private,20212
25,10,139911.67,108.38,3,67.37,0,69.74,109.9,101.29,3.93,Dune,wagon,private,19690
25,7,105001.16,137.86,2,58.17,0,84.1,106.39,99.49,4.06,Boreal,compact,dealer,28408
25,3,21773.71,110.95,1,47.68,0,95.44,109.57,84.92,3.72,Cobalt,van,private,49611
25,0,19524.02,84.6,1,83.44,0,100,111.6,93.09,3.48,Ember,compact,private,39089
25,14,229856.74,68.67,5,62.05,0,67.14,106.73,104.83,3.32,Dune,van,fleet,22505
26,16,245059.47,105.62,6,38.07,1,51.83,105.52,100.02,3.51,Cobalt,compact,fleet,1200
26,8,129343.77,108.98,2,54.56,2,70.58,104.76,94.87,3.7,Cobalt,compact,fleet,7683
26,9,104697.63,117.14,3,50.63,0,81.62,107.65,95.17,3.59,Cobalt,compact,fleet,31123
26,15,226390.23,103.71,4,53.8,0,53.27,109.83,100.41,3.77,Aster,van,fleet,1200
26,10,168621.52,102.21,5,62.34,1,70.68,103.69,97.29,4.1,Fjord,compact,private,1200
26,9,134325.13,133.49,2,78.17,0,66.27,111.73,97.72,3.78,Dune,suv,private,42554
26,8,105781.77,85.81,2,45.51,1,73.37,109.3,99.73,3.96,Cobalt,suv,dealer,29464
26,8,123492.7,167,4,78.11,0,80.91,108.69,89.88,3.76,Ember,sedan,private,37276
26,3,57813.97,145.4,1,53.03,0,96.23,109.45,94.32,3.25,Aster,suv,dealer,55240
26,5,89967.98,72.63,2,72.67,1,82.13,108.68,98.65,3.95,Cobalt,van,private,20228
26,6,63767.05,166.74,3,46.12,0,79.39,108.2,98.59,3.52,Fjord,suv,private,44908
26,8,107237.09,90.58,2,53.59,0,81.5,108.78,93.9,3.79,Ember,compact,private,8988
26,5,81989.66,136.79,2,76.6,0,84.55,104.91,102.08,3.56,Cobalt,suv,private,59681
26,7,87643.53,72.64,3,51.05,1,76.38,109,88.2,4,Ember,compact,private,5121
26,10,179401.07,54.36,4,73.35,0,74.19,108.91,95.29,3.43,Dune,sedan,private,26625
26,4,72177.77,165.28,3,71.58,0,83.35,106.39,97.36,3.38,Cobalt,sedan,dealer,51465
26,2,13277.58,122.03,1,57.92,1,86.54,107.63,101.61,4.05,Cobalt,compact,dealer,43450
26,6,108717.43,79.77,2,63.12,0,72.12,108.88,99.47,3.61,Ember,wagon,fleet,19216
26,6,80279.23,79.04,2,65.99,0,89.2,106.37,101.05,3.5,Aster,compact,private,22865
26,5,130627.97,166.4,4,62.86,1,89.2,107.84,93.51,3.47,Dune,suv,dealer,50253
26,12,156738.15,114.22,3,63.73,1,79.31,113.64,99.81,3.69,Ember,sedan,dealer,22560
26,9,136786.84,103.73,1,46.09,0,87.53,112.27,90.4,3.77,Fjord,suv,fleet,35469
26,3,89007.5,116.79,2,65.81,0,83.67,113.41,98.35,3.71,Aster,wagon,fleet,32753
26,10,100840.47,136.72,3,67.14,0,74.66,108.06,91.03,4.13,Fjord,sedan,private,35032
26,14,188249.92,45,4,37.29,1,54.17,107.54,94.34,3.88,Aster,sedan,fleet,1200
26,13,190941.83,108.88,3,65.99,0,65.37,111.3,89.58,3.79,Aster,compact,dealer,9449
26,7,105180.29,68.28,2,79.31,0,81.72,109.32,96.29,3.86,Fjord,compact,fleet,29870
26,6,50562.51,69.67,3,65.07,1,81.94,111.04,103.85,4.06,Dune,suv,private,36273
26,9,129877.16,198.54,3,58.67,0,67.34,107.7,99.14,3.44,Cobalt,suv,dealer,49666
26,7,69797.32,76.23,3,78.11,0,80.87,103.01,99.95,3.45,Ember,sedan,dealer,23613
26,5,92094.17,106.74,2,68.12,0,84.07,108.47,97.26,4.05,Aster,suv,private,30308
26,9,111656.91,144.92,3,59.05,0,62.15,105.98,99.45,3.75,Cobalt,compact,fleet,27446
26,13,174766.21,123.9,4,53.25,0,54.12,108.96,104.89,3.46,Aster,compact,private,6575
26,0,23608.66,95.69,1,85.72,0,95.46,109.17,97.27,3.92,Fjord,van,dealer,54706
26,4,90906.06,142.05,2,76.65,1,90.37,111.89,97.89,3.68,Boreal,suv,private,26959
26,1,500,144.36,1,83.45,0,90.96,111.78,98.75,3.75,Aster,suv,private,60770
26,5,73924.62,45.13,1,64.44,0,89.92,109.64,94.74,4.03,Cobalt,compact,private,19986
26,7,81666.9,61.51,2,58.06,0,79.9,110.63,101.53,3.92,Cobalt,compact,dealer,25241
26,7,101747.45,73.67,3,72.07,0,70.87,108.64,97.12,3.76,Fjord,van,fleet,38605
26,7,132182.71,45,2,75.92,0,82.1,108.81,94.22,3.96,Boreal,compact,dealer,8176
26,9,88521.9,102.3,2,43.03,0,68.78,112.21,97.91,3.88,Aster,wagon,fleet,14865
26,6,82215.92,151.25,3,38.02,0,87.9,107.98,98.2,3.93,Dune,compact,private,45074
26,15,240001.96,136.72,3,74.67,0,48.02,105.64,96.51,3.64,Cobalt,compact,fleet,22839
26,6,67907.11,110.68,3,83.38,0,91.38,111.93,90.91,3.69,Aster,sedan,private,24592
26,11,145340.98,105.79,4,54.74,1,62.2,109.33,95.26,3.75,Boreal,suv,fleet,22389
26,9,168261.14,150.37,3,47.3,1,71.14,105.75,97.23,3.93,Boreal,suv,private,41532
26,6,104880.75,110.37,3,74.56,0,82.01,111.53,89.62,4.02,Fjord,sedan,private,49010
26,10,131466.54,50.81,3,54.04,0,75.94,115.16,94.15,4.08,Fjord,compact,private,1200
26,7,134607.56,167.47,2,70.24,0,80.36,108.78,98.31,3.72,Ember,suv,dealer,40446
26,7,100213.2,95.39,3,84.37,1,73.99,107.25,93.59,3.79,Dune,sedan,dealer,25522
26,6,103369.59,106.85,2,42.54,0,83.04,110.02,99.01,4.26,Aster,compact,private,19209
26,18,249899.42,132.58,6,54.92,0,42,109.23,91.39,3.48,Boreal,suv,dealer,1200
26,6,100313,101.01,2,87.5,1,84.34,106.28,97.37,3.8,Ember,wagon,dealer,17503
26,10,131545.96,104.59,4,60.94,0,65.41,110.52,101.96,3.64,Boreal,compact,private,16810
26,2,5736.64,116.48,2,82.33,0,100,107,99.81,4.14,Aster,van,private,40598
26,0,500,96.27,1,58.06,1,100,105.78,101.12,4.1,Boreal,sedan,fleet,31389
26,7,66123.81,163.94,4,60.49,0,82.93,108.14,93.85,3.73,Fjord,sedan,private,22691
26,7,112794.72,122.77,3,76.48,1,84.88,109.99,98.83,3.9,Cobalt,compact,fleet,29093
26,13,230881.41,69.18,3,77.13,0,62.74,106.93,97.04,3.85,Aster,wagon,fleet,1200
26,1,7549.16,140.95,1,100,1,100,106.4,98.69,3.71,Cobalt,suv,dealer,55674
26,6,91146.24,141.39,1,81.35,1,82.39,105.05,93.12,4,Boreal,sedan,fleet,31386
26,4,73620.05,118.27,1,82.71,0,91.18,109.86,92.17,4.08,Ember,sedan,fleet,31100
26,10,160423.22,96.13,2,57.49,0,72.03,109.03,86.41,3.39,Aster,compact,fleet,12145
26,7,64379.03,186.44,2,59.8,0,84.44,112,94.42,3.72,Aster,sedan,fleet,27086
26,16,172083.82,58.65,3,75.82,0,57.51,104.56,100.5,3.43,Cobalt,van,private,1200
26,14,191889.58,133.63,4,37.24,1,63.89,111.61,97.35,3.49,Cobalt,suv,dealer,21458
26,3,31758.06,144.31,2,70.97,1,99.06,104.58,98.93,3.69,Aster,compact,dealer,43628
26,8,145950.56,45,1,64,0,70.41,109.85,92.24,3.78,Boreal,wagon,fleet,14835
26,4,67363.3,102.08,1,36.15,0,94.73,107.79,99.7,3.97,Dune,van,fleet,30412
26,8,116374.26,112.84,3,58.77,0,81.1,110.11,93.74,3.46,Dune,compact,private,16329
26,13,204845.38,50.55,4,44.83,0,57.74,109.21,89.31,3.65,Boreal,suv,fleet,31065
26,6,66323.94,101.15,2,69.95,0,81.81,102.09,103.75,3.86,Boreal,compact,fleet,20024
26,7,80078.99,194.62,3,59.69,0,72.59,106.18,87.98,3.67,Ember,suv,dealer,28256
26,5,102704.5,146.8,1,58.66,0,77.41,109.38,96,3.76,Ember,sedan,private,26283
26,5,104859.55,100.12,2,67.87,2,81.41,112.16,92.33,3.52,Boreal,wagon,fleet,21629
26,1,26651.7,118.99,1,74.91,1,92.82,104.6,93.68,3.93,Aster,sedan,fleet,28073
26,10,115798.19,112.3,2,48.56,0,73.17,109.72,99.47,3.81,Aster,compact,dealer,22208
26,1,34442.95,90.93,1,55.17,1,100,110.5,90.4,3.71,Fjord,suv,fleet,44021
26,11,140699.56,169.53,2,61.51,0,65.98,106.05,94.48,3.9,Ember,suv,fleet,33771
26,13,202334.71,75.26,4,51.86,0,60.47,101.78,86.95,3.52,Fjord,sedan,dealer,16403
26,15,232457.99,100.55,3,50.35,0,56.45,105.24,89.98,3.58,Fjord,sedan,fleet,1200
26,11,127963.08,45,3,59.08,0,66.84,110.55,94.95,3.89,Cobalt,van,private,24304
26,7,113870.6,88.06,2,81.86,1,87.08,109.74,98.94,4.07,Ember,wagon,private,31402
26,2,62404.95,118.32,1,74.74,0,91.98,109.63,95.4,3.82,Ember,suv,dealer,35796
26,3,62917.66,45,1,65.05,0,94.77,108.04,99.96,3.58,Boreal,compact,dealer,38260
26,4,28896.95,103.69,1,66.05,0,77.88,106.35,98.33,3.37,Boreal,compact,dealer,31504
26,1,500,134.58,2,73.72,0,95.8,109.11,89.81,3.68,Aster,wagon,fleet,28152
26,5,27324.27,110.77,1,59.96,0,89.63,110.18,99.34,3.66,Cobalt,sedan,fleet,41835
26,4,58906.52,114.73,2,88.76,2,88.82,110.3,94.13,3.93,Cobalt,wagon,private,20212
26,13,137463.33,94.61,3,70.78,0,54.73,105.01,88.97,3.29,Boreal,compact,dealer,13816
26,12,162577.12,130.32,4,53.18,1,55.85,109.23,98.62,3.77,Ember,van,dealer,5918
26,10,146501.48,111.89,3,44.83,0,73.78,109.04,90.18,4.11,Dune,wagon,dealer,36701
26,7,135352.83,148.39,3,49.5,0,69.53,111.27,101.58,3.77,Cobalt,suv,private,30216
26,2,19224.58,124.64,1,58.73,0,91.47,109.9,92.06,3.55,Cobalt,sedan,fleet,43270
26,5,38899.85,91.36,3,65.9,0,85.82,108.72,97.1,3.94,Fjord,suv,fleet,32643
26,13,162610.5,104.16,4,58.86,0,55.17,112.61,95.38,3.98,Ember,sedan,private,19490
26,7,86587.56,157.06,3,50.8,0,87.75,105.15,91.55,3.72,Aster,compact,dealer,12400
26,11,158830.22,111.58,3,40.74,0,74.69,107.38,90.57,4.02,Ember,compact,fleet,1200
26,11,175453.64,57.29,3,40.73,1,68.06,107.98,94.16,3.83,Cobalt,wagon,dealer,32733
26,12,152147.27,161.07,3,42.83,0,76.19,104.29,87.58,3.69,Cobalt,compact,private,6587
26,12,203730.35,101.59,2,52.79,0,54.96,104.28,88.9,3.58,Cobalt,sedan,dealer,18824
26,5,115114.98,130.38,2,50.25,0,84.41,108.94,102.17,3.98,Aster,compact,dealer,29308
26,5,68528.89,147.75,2,46.23,0,90.34,107.61,95,3.85,Cobalt,sedan,dealer,48411
26,13,174390.12,54.26,5,48.26,1,67.67,105.17,93.09,3.55,Aster,sedan,fleet,1200
26,0,500,102.74,1,60.74,1,95.61,107.77,91.08,3.61,Boreal,sedan,private,47626
26,6,90264.52,140.7,2,56.57,0,86.5,107.06,90.94,4.14,Boreal,van,private,26859
26,9,117478.93,102.98,2,65.26,1,75.22,103.19,97.2,3.75,Fjord,van,fleet,32039
26,10,142267.25,161.68,3,56.09,0,85.42,109.39,95.2,3.73,Cobalt,wagon,private,38593
26,7,95754.63,110.34,1,80.77,0,73.26,103.99,103.54,3.63,Boreal,compact,private,28519
26,7,84790.76,80.87,3,69.65,1,73.31,106.73,98.87,4.12,Boreal,compact,dealer,19338
26,4,32738,82.33,2,44.51,0,79.2,108.31,95.4,3.5,Aster,van,fleet,24810
26,5,48843.94,97.39,2,68.68,0,88.07,112.29,98.62,3.8,Fjord,compact,dealer,31267
26,8,97961.94,131.83,3,50.72,1,71.5,107.71,85.59,3.66,Boreal,sedan,private,39122
26,8,131849.78,122.42,3,55.96,0,76.86,107.74,100.04,3.54,Dune,suv,private,40918
26,5,91965.15,103.11,2,74.45,1,77.16,107.2,92.58,3.78,Dune,suv,private,52217
26,10,168157.59,86.21,4,93.97,0,69.94,109.27,93.73,3.63,Aster,sedan,fleet,19122
26,14,244204.05,145.03,4,30.07,1,60.25,112.96,98.9,3.8,Cobalt,suv,dealer,20404
26,5,77809.89,57.58,2,77.28,0,94.18,111.96,97.09,3.56,Boreal,sedan,private,14355
26,12,178983.09,91.2,4,44.69,0,60.61,109.15,96.08,3.74,Aster,van,fleet,1200
26,4,72185.06,122.61,1,74.08,1,83.43,108.42,100.84,3.8,Dune,suv,private,59870
26,7,153022.7,81.6,2,68.04,0,80.52,106.4,95.89,3.62,Dune,van,dealer,47754
26,20,258523.98,133.26,6,55.84,1,42.42,108.59,89.06,3.87,Boreal,sedan,private,5359
26,8,72672.52,125.39,3,85.18,0,72.65,108.92,100.74,3.56,Dune,suv,private,53429
26,4,66139.82,74.11,1,90.55,0,79.9,102,91.8,3.66,Ember,sedan,private,21495
26,10,162681.34,134.44,3,73.8,0,64.79,107.97,105.89,3.69,Boreal,compact,dealer,24940
27,12,136582.31,86.76,3,66.8,0,59.56,107.64,99.01,3.52,Ember,compact,fleet,1200
27,7,133456.23,146.41,1,64.15,0,81.66,110.91,99.74,3.78,Cobalt,wagon,fleet,18862
27,16,214726.22,78.29,6,71.06,1,48.18,106.26,99.21,3.91,Cobalt,sedan,fleet,1200
27,10,162699.9,78.19,4,50.99,0,71.89,106.11,92.71,3.96,Aster,compact,dealer,1261
27,5,66994.48,97.9,3,60.88,0,85.58,105.36,96.53,3.54,Fjord,suv,dealer,39305
27,18,233505.05,128.49,5,34.16,0,49.98,110.99,95.73,3.87,Cobalt,suv,fleet,10066
27,11,151274.44,159.07,3,55.44,1,71.65,104.11,91.21,3.87,Dune,suv,private,32121
27,12,151699.93,135.11,3,56.73,1,72.46,101.14,99.84,3.97,Aster,compact,fleet,4382
27,1,35647.22,134.01,1,78.54,0,100,105.15,99.02,3.62,Aster,sedan,private,38911
27,4,112274.04,109.55,1,50.43,0,86.93,108.62,89.96,3.86,Boreal,suv,private,35528
27,9,122086.58,107.88,2,64.69,0,75.3,108.01,102.97,3.87,Fjord,van,dealer,8053
27,11,151599.35,71.54,3,64.63,1,81.56,110.79,92.15,4.05,Boreal,compact,private,1200
27,6,106280.82,145.58,2,57.06,0,83.32,103.46,91.23,3.55,Ember,suv,private,51619
27,11,125376.11,65.44,3,53.89,0,65.07,111.97,98.93,3.83,Aster,compact,dealer,15489
27,0,21223.09,116.75,2,60.49,0,99.88,104.95,100.56,3.44,Cobalt,suv,fleet,58935
27,15,181970.59,164.07,4,52.18,1,57.98,105.25,90.25,3.87,Aster,wagon,private,22435
27,15,179126.24,86,3,60.53,0,50.93,108.72,97.38,3.56,Fjord,compact,dealer,8526
27,6,101295.64,92.83,2,79.47,0,86.94,108.58,93.34,4.08,Aster,wagon,fleet,24556
27,10,170167.25,150.58,2,55.33,0,73.13,110.77,99.23,3.77,Cobalt,suv,private,22688
27,7,139018.97,95.59,3,60.86,0,74.12,109.9,94.51,3.63,Ember,suv,fleet,12234
27,10,195505.17,109.47,3,78.73,2,63.46,110.89,98.58,3.94,Aster,sedan,dealer,1200
27,8,172400.69,74.52,2,56.04,0,85.79,107.36,102.23,3.83,Cobalt,sedan,fleet,28723
27,10,197627.14,116.9,4,68.21,0,69.19,110.2,95.44,3.49,Cobalt,wagon,dealer,23871
27,10,120860.17,78.3,4,56.95,0,66.08,104.51,86.28,3.58,Boreal,van,dealer,13940
27,3,66706.64,81.75,1,73.08,0,86.46,107.57,92.23,3.74,Cobalt,wagon,private,35761
27,7,121349.08,156.92,2,44.89,0,86.39,107.92,99.26,3.7,Cobalt,wagon,dealer,32437
27,6,106972.94,113.19,1,88.42,0,83.97,112.5,99.53,3.75,Aster,compact,dealer,38086
27,3,4081.77,139.17,2,59.25,0,98.52,105.02,97.53,3.88,Ember,compact,dealer,32439
27,9,99448.44,130.7,3,48.48,0,71.51,110.3,96.61,3.67,Ember,compact,fleet,2900
27,7,105930.89,126.75,3,57.33,0,83.09,106.14,96.55,4.1,Ember,sedan,private,24393
27,8,103362.78,79.77,2,92.44,0,69.46,108.27,95.63,3.59,Ember,sedan,dealer,22793
27,8,177398.23,45,3,66.02,0,75.26,110.5,97.77,3.61,Dune,suv,fleet,21858
27,8,121225.93,182.54,2,45.89,0,77,109.7,103.17,3.67,Dune,suv,dealer,52198
27,5,17181.37,132.06,2,62.69,0,87.42,107.37,99.28,3.93,Boreal,sedan,private,33795
27,0,500,123.93,1,90.42,0,96.61,105.44,99.35,3.87,Aster,sedan,private,53116
27,9,124064.75,85.16,2,46.63,0,76.78,107.14,93.35,4.16,Boreal,compact,fleet,15811
27,4,63412.39,122.86,2,62.11,1,95.85,106.61,98.92,4.16,Aster,suv,dealer,26818
27,3,48014.77,136.96,1,86.41,0,91.67,106.28,98.59,3.92,Dune,suv,fleet,41978
27,8,104096.37,145.1,2,63.72,0,81.44,107.84,97.35,3.76,Aster,sedan,fleet,30287
27,4,99543.56,174.04,1,58.67,0,92.04,110.1,97.59,3.78,Fjord,van,dealer,51439
27,11,163975.19,149.62,3,51.22,0,79.09,106.16,98.32,3.98,Boreal,suv,fleet,34929
27,3,78015.92,165.05,1,87.04,0,84.39,108.63,101.45,3.71,Boreal,sedan,dealer,43843
27,10,181313.13,143.68,3,42.6,1,66.81,107.84,99.19,3.74,Cobalt,suv,fleet,30949
27,1,36732.73,162.02,2,68.8,0,93.53,107.04,96.32,3.54,Ember,sedan,fleet,29300
27,12,153371.38,117.83,3,40.35,0,62.26,105.74,97.86,3.16,Cobalt,van,fleet,10950
27,13,192952.09,108.39,4,51.54,0,62.41,108.13,103.29,3.97,Cobalt,sedan,fleet,10575
27,18,275063.42,141.14,4,39.15,0,57.61,108.76,91.78,3.78,Boreal,compact,private,6321
27,7,124405.06,79.84,2,42.15,0,77.42,111.98,95.24,3.83,Dune,wagon,fleet,40833
27,12,194920.56,79.53,4,46.58,1,72.99,102.75,99.18,3.7,Ember,van,fleet,3688
27,3,54720.85,118.64,3,75.8,0,90.9,109.5,101.15,3.58,Ember,suv,dealer,54469
27,13,196937.94,106.28,3,64.27,0,73.62,108.75,91.3,4.07,Cobalt,suv,private,10534
27,9,97674.3,45,4,79.64,0,80.43,106.15,100.58,3.72,Cobalt,wagon,dealer,33325
27,5,85255.94,94.25,2,88.89,0,76.61,109.08,98.42,4.12,Aster,sedan,dealer,26881
27,6,92284.58,131.08,3,73.85,0,80.16,107.04,100.66,3.85,Fjord,suv,fleet,28653
27,8,160776.38,105.47,2,82.39,1,80.91,106.94,99.5,3.63,Cobalt,sedan,fleet,20861
27,8,130851.38,66.12,2,73.19,0,74.16,108.75,99.13,3.62,Boreal,wagon,private,16640
27,14,172676.26,135.92,3,64.88,1,68,107.1,96.09,4.05,Boreal,van,private,1200
27,14,208915,164.37,5,59,0,61.08,106.55,98.52,3.78,Cobalt,wagon,private,10007
27,8,140466.42,169.38,3,72.72,0,79.19,108.36,90.91,3.77,Fjord,suv,dealer,41367
27,8,149126.34,51.64,3,66.09,2,81.62,110.09,102.13,3.88,Dune,compact,private,23867
27,10,154698.8,67.53,3,71.48,0,83.99,104.18,93.81,3.67,Ember,wagon,fleet,15616
27,13,233621.08,73.38,4,52.17,0,50.08,108.61,96.87,3.89,Fjord,compact,fleet,1200
27,0,500,77.12,1,95.18,1,93.53,107.26,96.8,3.67,Dune,van,fleet,53399
27,2,32040.5,161.47,2,75.4,2,95.31,110.17,93.05,3.61,Cobalt,compact,private,33629
27,4,106488.54,54.92,2,60.24,1,74.52,109.42,99.95,3.8,Boreal,compact,private,25229
27,0,500,95.57,1,62.99,1,93.5,114.15,97.66,4,Boreal,suv,fleet,52434
27,9,150158.02,98.32,3,58.6,0,69.06,111.15,93.17,3.58,Boreal,van,fleet,16189
27,4,71415.56,152.45,1,77.94,1,85.36,109.65,101.15,3.89,Ember,suv,dealer,45999
27,12,189534.63,101.52,2,42.72,1,61.39,107.16,98.55,3.88,Cobalt,van,dealer,23902
27,10,147665.18,114.15,4,71.64,1,76.09,111.95,93.59,3.97,Cobalt,suv,dealer,26945
27,2,14751.78,137.97,1,77.43,0,81.18,107.48,99.07,3.5,Ember,suv,fleet,39200
27,12,158881.06,186.26,3,46.55,0,64.59,107.38,96.42,3.71,Cobalt,suv,private,36331
27,9,84738.31,135.19,4,67.38,0,78.86,108.8,97.17,4.09,Aster,sedan,dealer,15913
27,5,68840.17,121.42,2,79.75,1,78.75,109.7,98.33,3.86,Ember,compact,private,1200
27,8,150219.61,99.09,2,71.67,1,76.73,105.99,103.77,4.08,Cobalt,suv,private,30914
27,10,159838.57,80.47,1,36.73,0,75.49,106.69,92.63,3.7,Aster,compact,fleet,8049
27,11,163850.13,84.91,3,68.44,0,69.86,101.59,86.9,3.56,Cobalt,compact,dealer,33162
27,2,21411.99,126.73,2,65.4,1,93.5,105.39,97.86,3.85,Boreal,suv,fleet,44917
27,10,137022.64,54.78,3,49.15,0,81.43,105.58,98.88,3.62,Ember,compact,private,20349
27,5,65704.66,196.03,2,58.69,1,83.71,108.88,97.89,3.75,Aster,suv,private,45036
27,8,114051.89,150.16,2,44.95,0,73.29,111.37,93.19,4.06,Aster,sedan,private,3527
27,14,175802.28,128.71,3,40.17,0,69.75,107.65,92.93,3.44,Aster,wagon,fleet,9331
27,13,139774.24,113.8,4,68.83,1,64.03,109.03,98.25,3.57,Ember,suv,private,8596
27,14,166324.15,126.93,4,47.13,1,65.47,113.14,86.65,3.84,Boreal,wagon,private,1200
27,0,9361.44,103.73,1,62.97,0,97.96,106.13,97.41,3.7,Dune,suv,private,49917
27,11,148901.36,83.07,3,46.46,1,64.74,106.39,97.05,3.49,Cobalt,wagon,private,18687
27,8,115339.42,77.86,3,75.4,1,80.19,110.3,94.95,3.89,Cobalt,suv,dealer,20456
27,2,78604.19,90.35,2,60.61,0,93.28,109.66,96.15,3.66,Cobalt,sedan,dealer,42237
27,6,108860.84,157.66,1,73.17,0,90.5,112.57,100.16,4.02,Dune,suv,private,45711
27,11,144974.99,141.64,4,82.16,1,76.7,101.82,99.12,3.75,Boreal,suv,fleet,32695
27,5,67272.29,96.94,2,74.38,0,86.66,111.78,95.08,3.62,Fjord,compact,dealer,38494
27,18,274281.88,157.59,5,41.19,0,47.58,108.81,101.55,3.74,Aster,suv,fleet,13715
27,9,102936.45,132.98,4,25.14,1,71.98,108.38,99.32,3.76,Ember,van,private,26944
27,10,126893.86,156.85,2,36.92,1,71.44,108.8,97.75,3.65,Boreal,compact,fleet,6300
27,9,179346.13,175.51,1,51.27,0,73.08,104.91,97.29,4.21,Ember,suv,private,49385
27,6,69941.88,141.85,2,82.48,1,85.67,111.95,91.21,4,Dune,suv,private,42052
27,9,157504.47,160.23,3,66.67,0,73.96,106.2,98.98,4.04,Boreal,suv,fleet,31487
27,9,118929.27,83.3,3,55.39,0,77.78,109.26,96.35,3.59,Fjord,suv,fleet,43519
27,10,143595.44,157.59,3,54.68,1,72.42,109.26,96.44,3.9,Aster,suv,dealer,11302
27,4,104275.14,160.36,2,91.05,1,78.96,113.12,92.16,3.84,Dune,suv,fleet,41805
27,15,208384.32,163.24,4,54.18,1,61.61,107.27,94.75,3.98,Boreal,suv,fleet,11831
27,1,51580.57,118.01,2,88.49,0,97.87,111.75,95.28,4.05,Ember,suv,fleet,32499
27,5,55406.05,80.34,2,65.74,1,82.39,110.68,92.58,3.79,Cobalt,compact,fleet,23385
27,5,84885.68,98.1,3,62.64,0,92.5,109.78,99.81,3.7,Cobalt,compact,dealer,25294
27,7,89682.93,45,3,88.41,0,77.4,110.34,102.2,3.92,Aster,sedan,private,10447
27,13,205470.5,120.56,3,26.65,1,59.49,110.99,97.35,3.92,Boreal,compact,dealer,8949
27,9,170527.3,80.78,2,61.98,0,59.14,106.34,102.38,3.68,Ember,sedan,dealer,24390
27,7,103929.04,126.59,3,75.57,2,84.33,107.46,96.57,3.85,Aster,suv,dealer,29210
27,7,81682.91,82.78,2,51.72,1,77.34,111.83,96.03,3.61,Aster,compact,dealer,8606
27,3,60542.01,161.15,1,54.12,0,89.09,106.63,98.76,3.79,Boreal,suv,fleet,52734
27,3,67561.43,61.86,2,63.08,0,97.52,111.11,94.47,3.65,Boreal,wagon,fleet,31759
27,5,87003.6,91.67,2,87.77,1,91.62,107.5,102.41,3.84,Aster,compact,dealer,28949
27,5,131806.44,169.25,3,86.62,0,83.89,107.62,97.45,3.81,Dune,van,private,41687
27,15,239832.71,59.18,4,55.39,0,59.58,107.97,94.26,4.19,Dune,compact,dealer,7131
27,4,77004.67,123.66,2,35.25,0,96.21,108.65,89.91,4.09,Fjord,suv,dealer,37067
27,6,96509.14,49.32,3,50.06,1,77.39,104.09,101.55,3.52,Boreal,sedan,private,19144
27,11,169654.76,156.32,4,43.78,0,62.45,104.45,94.26,3.79,Boreal,sedan,dealer,17979
27,11,170011.98,129.32,1,47.18,0,74.34,106.24,98.25,4.02,Fjord,compact,fleet,10610
27,5,101876.03,65.52,3,70.71,0,93.69,105.98,89.02,3.55,Fjord,compact,dealer,36218
27,4,42511.75,179.65,3,73.71,1,95.52,109.14,94.01,3.31,Fjord,compact,private,23429
27,7,105172.69,128.33,2,63.71,0,75.76,105.15,90.7,3.66,Boreal,compact,private,32244
27,8,84764.36,98.1,2,65.72,0,68.17,105.56,92.36,3.75,Aster,suv,dealer,20985
27,10,192185.32,107.13,4,64.42,0,67.76,109.9,101.21,3.85,Cobalt,sedan,fleet,21769
27,4,79148.91,83.86,2,68.34,0,88.06,105.18,96.29,3.65,Fjord,suv,private,50628
27,9,163497.58,143.88,2,44.8,0,69.55,107.22,93.21,3.86,Boreal,compact,dealer,13779
28,7,101515.39,66.73,3,61.01,0,82.83,116.22,95.08,3.91,Cobalt,sedan,private,21567
28,5,61294.63,64.04,2,54.8,1,81.73,113.17,98.25,4.07,Aster,wagon,fleet,25890
28,8,115969.08,145.81,3,60.37,0,73,109.16,98.21,3.77,Cobalt,suv,fleet,20581
28,11,196293.02,162,2,41.91,0,78.52,108.22,95.81,3.93,Ember,suv,fleet,17503
28,1,2664.02,85.22,1,78.32,0,100,113.13,97,3.87,Boreal,compact,private,38357
28,2,57524.03,192.85,1,81.26,0,100,109.84,97.17,3.74,Ember,suv,dealer,72822
28,13,200072.55,78.81,3,62.62,1,79.83,110,106.21,4.1,Aster,compact,private,9386
28,4,39704.77,146.92,2,69.03,0,90.31,111.21,95.17,3.46,Boreal,van,dealer,38193
28,2,24773.73,64.66,1,78.86,0,89.29,109.96,93.04,3.87,Cobalt,compact,private,29862
28,3,69948.14,55.07,2,80.94,0,100,104.82,97.77,3.73,Dune,compact,fleet,29096
28,6,64504.01,105.24,1,80.86,1,94.12,114.03,98.27,3.64,Fjord,sedan,fleet,25991
28,10,166856.22,102.42,4,59.52,0,68.63,112.17,105.58,3.29,Boreal,sedan,fleet,11171
28,10,126008.31,164.26,3,37.73,1,65.69,112.57,96.26,3.82,Boreal,compact,private,28638
28,11,155456.02,109.96,3,51.65,0,68.47,107.32,95.17,4.07,Ember,compact,private,3728
28,11,149980.08,97.26,5,61.4,0,76.69,106.79,99.4,3.63,Aster,compact,fleet,6802
28,12,169904.95,74.03,3,69.92,0,70.09,110.21,93.28,3.67,Cobalt,van,fleet,21542
28,10,125339.28,157.74,3,47.29,0,64.55,109.69,100.39,4.03,Cobalt,suv,private,34888
28,13,173763.81,118.6,4,62.02,1,59.48,107.32,94.95,3.71,Aster,sedan,fleet,5809
28,0,32754.09,122.55,2,87.79,1,91.16,112.22,95.17,3.75,Cobalt,wagon,private,40892
28,7,120844.09,105.53,3,38.8,0,88.98,106.76,98.09,3.93,Fjord,wagon,fleet,12386
28,12,163996.68,106.82,4,62.24,0,73.77,107.27,97.32,3.84,Aster,compact,private,1259
28,9,147248.53,158.31,3,47.53,0,66.91,114.58,92.62,3.73,Ember,sedan,dealer,12084
28,6,92851.39,97.36,3,40.65,0,89.01,112.71,98.71,4.07,Aster,wagon,private,24885
28,9,121481.03,46.28,4,39.09,0,84.93,107.1,96.67,3.79,Ember,compact,fleet,14763
28,1,25783.6,142.26,1,79.45,1,90.4,108.07,103.92,4.11,Cobalt,suv,dealer,54620
28,6,122161.35,120.24,2,85.92,0,92.6,109.09,99.65,3.55,Fjord,compact,fleet,38700
28,12,145546.84,111.3,4,38.59,0,61.64,103.52,102.32,3.47,Ember,van,dealer,14852
28,10,152385.29,170.92,3,52.64,0,77.62,113.18,91.16,3.77,Cobalt,wagon,private,35616
28,12,161888.72,80.13,3,55.22,0,73.93,106,101.59,3.88,Dune,sedan,dealer,35670
28,7,117338.47,45,2,65.18,0,85.87,107.94,95.54,4.04,Cobalt,compact,private,32225
28,5,136970.28,101.02,2,68.87,0,78.04,108.23,102.6,3.86,Cobalt,van,private,27529
28,3,19249.73,126.95,1,75.44,1,93.95,110.56,97.29,3.48,Cobalt,sedan,fleet,51329
28,16,194906.15,184.64,5,48.2,0,55.92,107.19,97.01,4.05,Aster,suv,fleet,7483
28,1,5362.88,67.53,2,85.71,0,100,110.8,98.56,3.65,Aster,van,private,31792
28,0,17690.43,45,1,80.67,0,100,112.84,93.85,3.74,Fjord,compact,private,39272
28,2,44434.14,188.37,1,77.95,0,90.05,108.97,93.22,3.39,Ember,compact,fleet,35420
28,8,146163.13,101.83,2,81.14,0,89.66,107.74,98.15,3.84,Ember,compact,fleet,1200
28,7,148255.63,151.31,2,45.15,0,71.19,112.51,98.23,3.71,Boreal,suv,fleet,32449
28,3,97453.81,102.89,2,43.17,0,93.93,111.43,100.71,3.81,Aster,van,dealer,31285
28,0,24726.47,162.62,1,97.08,1,95.91,110.57,96.02,3.64,Aster,van,fleet,53777
28,6,67658.42,65.49,4,68.95,0,78.74,110.01,93.59,4.19,Cobalt,sedan,fleet,16682
28,0,500,89.02,2,52.78,1,100,114.28,99.96,3.54,Cobalt,compact,fleet,32130
28,9,153272.66,134.43,2,84.95,2,72.59,108.29,97.61,3.71,Fjord,van,fleet,6683
28,9,129686.73,197.85,3,68.56,0,78.15,108.74,100.66,3.53,Aster,van,fleet,28390
28,5,83685.53,92.87,2,74.65,1,91.1,108.26,101.61,3.87,Boreal,suv,private,33147
28,5,44796.16,137.03,2,61.69,1,87.14,109.58,99.47,3.55,Boreal,sedan,dealer,39881
28,8,100852.39,126.44,3,68.94,1,75.74,114.37,94.67,3.58,Ember,compact,private,19680
28,16,232840.63,144.98,4,57.79,0,68.59,106.48,99.41,4.27,Fjord,suv,dealer,14969
28,4,62877,122.85,1,90.75,1,82.78,111.39,91.99,3.56,Cobalt,van,dealer,41253
28,8,116539.42,130.88,2,38.58,1,75.5,110.18,100.44,3.67,Boreal,compact,private,8599
28,12,248111.16,114.7,4,69.36,1,63,106.63,94.8,3.94,Aster,suv,dealer,18700
28,10,168915.97,45,1,74.57,1,72.8,110.46,93.51,3.48,Ember,compact,private,14516
28,5,52405.44,74.41,2,66.22,0,80.78,111.73,101.73,4.07,Aster,sedan,private,36860
28,3,73100.6,143.64,1,82.45,0,92.29,107.74,102.35,4.01,Ember,compact,fleet,45106
28,10,162709.43,118.06,4,78.64,0,66.29,109.51,96.51,3.66,Cobalt,sedan,fleet,14587
28,14,198651.29,128.82,4,51.96,1,71.89,107.94,94.85,4.08,Boreal,wagon,fleet,1200
28,3,605.94,139.15,2,59.6,0,94.18,113.38,99.17,3.7,Boreal,van,private,38625
28,7,79820.28,122.4,2,57.63,0,77.1,113.26,97.45,3.54,Ember,compact,dealer,27932
28,6,125107.45,137.1,2,64.6,0,77.22,108.81,99.47,3.84,Aster,suv,dealer,34838
28,7,124475.03,118.29,2,100,1,86.64,112.07,99.81,3.62,Aster,suv,private,13184
28,12,142237.7,132.28,3,81.05,0,73.31,101.36,91.55,3.79,Dune,van,dealer,24721
28,9,160509.72,134.68,3,46.24,0,73.61,107.44,93.66,3.44,Boreal,suv,dealer,33720
28,8,95747.41,69.93,3,68.61,0,85.97,106.31,95.41,3.59,Aster,suv,fleet,11482
28,4,44385.21,158.07,1,58.05,0,89.2,109.83,96.3,3.67,Fjord,suv,dealer,51564
28,8,121252.49,132.62,2,65.23,1,70.19,106.5,91.16,3.72,Aster,suv,dealer,24568
28,3,86154.38,54.72,1,59.09,0,90.14,109.27,105.48,3.93,Cobalt,sedan,private,25116
28,7,77152.43,127.2,2,71.82,1,92.96,109.82,96.14,3.97,Aster,sedan,fleet,29724
28,5,98619.74,133.83,3,100,0,83.31,105.85,102.02,3.81,Aster,van,private,33229
28,0,1599.18,160.98,1,73.11,0,97.84,106.54,99.24,3.94,Cobalt,compact,dealer,61371
28,10,101823.14,149.12,3,48.98,1,77.86,112.89,94.21,3.62,Aster,suv,fleet,14716
28,8,111432.86,122.85,2,67.22,0,88.49,102.53,105.82,3.98,Boreal,compact,private,32682
28,4,62218.52,140.37,2,70.22,0,93.76,104.48,95.3,3.92,Cobalt,suv,private,45034
28,6,123245.9,98.66,3,69.44,1,71.63,110.2,97.2,3.52,Aster,sedan,private,24696
28,12,174608.82,80.53,4,73.8,0,59.04,107.55,110.05,4.06,Cobalt,suv,private,15441
28,5,95666.11,149.35,1,58.16,0,93.6,109.01,91.81,3.49,Ember,suv,fleet,38456
28,14,188872.34,144.69,4,57.16,0,66.71,113.04,97.24,4.17,Aster,suv,dealer,25847
28,3,500,99.12,2,80.71,0,99.48,102.51,96.35,3.75,Cobalt,sedan,private,49610
28,10,164617.74,84.5,2,62.76,0,67.43,109.52,93.97,3.83,Boreal,suv,dealer,17470
28,6,109910.79,134.46,2,63.24,1,82.61,112.48,98.5,3.7,Ember,compact,private,29459
28,11,170212.12,174.13,4,49.12,0,70.45,105.08,97.72,3.62,Boreal,suv,dealer,18152
28,11,103674.72,111.32,2,33.96,0,67,110.9,88.67,3.77,Cobalt,suv,dealer,27307
28,4,23541.79,140.41,2,72.5,0,81.65,111.72,89.48,3.51,Aster,suv,fleet,31599
28,1,63847.85,84.11,1,71.95,1,86.53,108.97,99.88,4.07,Aster,sedan,fleet,21386
28,8,122495.31,91.61,2,59.83,0,78.84,109.47,103.01,3.53,Dune,compact,private,26595
28,9,121769.48,45,3,64.53,2,77.83,111,103.77,3.87,Dune,sedan,dealer,31031
28,5,67545.9,120.31,1,76.2,0,86.42,112.01,105.24,3.93,Ember,suv,dealer,45179
28,2,37593.41,80.34,1,79.32,0,98.61,108.53,93.77,3.88,Dune,compact,fleet,48939
28,12,176859.37,97.76,3,45.61,0,61.87,105.83,104.72,3.93,Boreal,compact,fleet,1200
28,14,231033.05,72.45,4,72.5,0,68.89,103.47,96.31,3.98,Aster,suv,private,21045
28,8,127591.48,183.25,2,51.48,0,82.35,107.3,93.87,4.01,Cobalt,suv,private,37766
28,2,46237.36,135.86,2,86.21,0,83.57,105.62,90.77,3.69,Cobalt,compact,private,44544
28,7,87272.37,146.53,2,76.56,0,84.05,107.72,93.19,4.02,Aster,wagon,fleet,22785
28,5,89069.34,117.64,2,64.12,1,92.05,105.91,95.71,3.72,Ember,suv,fleet,28103
28,4,61205.86,145.61,1,65.67,0,98.5,107.4,98.5,3.87,Ember,suv,dealer,48150
28,11,154740.63,97.97,3,41.64,0,61.54,107.14,88.18,3.81,Ember,sedan,private,18213
28,7,97202.82,173.7,3,68.04,1,73.1,113.83,93.25,3.78,Boreal,compact,private,26582
28,5,51899.83,105.32,2,90.02,0,89.05,113.97,98.17,3.62,Ember,suv,private,43605
28,9,118526.98,90.81,3,36.18,0,81.36,113.37,98.92,3.73,Boreal,suv,fleet,35139
28,3,54047.98,67.18,3,72.7,0,88.64,111.26,98.19,3.9,Aster,compact,fleet,17326
28,10,102134,149.4,2,35.12,0,76.89,112.11,98.46,3.72,Boreal,suv,fleet,31694
28,13,203222.2,162.18,3,69.69,0,61.43,106.13,95.4,3.69,Cobalt,wagon,dealer,17384
28,0,34026.33,114.49,2,90.68,1,100,107.12,93.31,4.17,Aster,compact,dealer,38279
28,6,123971.75,97.59,1,52.53,0,71.59,115.64,100.18,3.85,Boreal,compact,private,14283
28,9,85468.72,112.83,2,70.77,0,65.97,112.04,99.53,4.39,Boreal,sedan,fleet,21145
28,0,41825.76,128.3,1,84.75,0,93.34,109.45,102.75,3.78,Aster,compact,private,41863
28,5,37825.49,135.78,1,71.38,0,88.86,109.46,88.63,3.56,Aster,suv,fleet,23664
28,8,99693.69,101.7,3,52.81,0,87.4,108.49,100.22,3.95,Ember,compact,dealer,28580
28,7,106353.12,106.09,3,78.39,1,89.48,111.62,99.28,3.97,Fjord,compact,fleet,7033
28,12,170340.68,92.51,4,47.53,1,59.22,111.05,95.24,4.15,Cobalt,sedan,fleet,23860
28,10,135201.07,120.82,4,57,0,73.17,112.4,99.75,3.75,Boreal,compact,fleet,22339
28,7,109285.14,121.91,1,73.81,0,78.67,109.41,93.24,3.59,Ember,wagon,private,30870
28,13,174907.42,80.42,3,56.61,0,67.41,108.8,97.81,4.02,Boreal,wagon,fleet,1200
28,6,85453.28,57.81,3,71.49,1,73.66,108.12,97.46,3.85,Ember,wagon,private,13850
28,8,112887.67,93.97,3,74.93,0,79.96,110.17,90.25,3.66,Aster,sedan,fleet,16656
28,11,183826.18,160.12,4,69.1,0,68.62,111.2,96.13,3.92,Boreal,suv,fleet,22567
28,12,174864.72,60.96,3,61.35,1,77.41,108.03,96.1,3.88,Ember,compact,private,1200
28,2,20075.59,126.34,2,58.88,1,98.43,110.39,93.86,3.76,Fjord,suv,fleet,33894
28,12,190935.71,128.82,3,53.23,1,68.69,112.39,97.41,3.52,Ember,sedan,fleet,1200
28,7,111753.83,155.21,2,84.05,0,76.55,111.64,93.91,3.72,Cobalt,sedan,private,43943
28,6,125787.44,92.22,1,59.45,0,93.91,107.22,98.32,3.94,Boreal,van,dealer,28335
28,6,76250.89,78.81,3,73.41,0,78.5,110.9,90.69,3.8,Ember,compact,private,17801
28,5,104711.35,138.82,2,77.06,0,88.47,112.97,100.41,4.16,Cobalt,suv,private,32073
28,4,26269.7,86.44,2,100,1,83.75,113.37,100.67,4.1,Aster,sedan,private,35056
28,7,127348.91,100.91,2,57.71,1,85.16,109.54,92.39,3.77,Dune,compact,fleet,31519
28,10,187133.57,45,3,64.56,1,72.37,112.99,97.09,3.55,Ember,compact,dealer,10264
29,10,160848.98,79.4,4,66.69,1,76.48,111.41,97.13,3.8,Ember,compact,dealer,1900
29,10,124720.39,66.72,4,59.66,0,71.68,110.68,98.55,3.57,Cobalt,suv,fleet,13004
29,2,61774.63,114.77,2,74.96,0,92.55,113.81,100.59,4.1,Boreal,compact,private,34327
29,14,173127.47,114.28,3,54.75,1,62.86,104.16,95.63,4.12,Dune,wagon,fleet,15313
29,7,145035.08,105.76,3,58.3,0,78.63,114.45,99.03,3.64,Ember,suv,dealer,28479
29,13,168584.18,73.61,5,66.33,0,59.29,112.97,89.86,3.61,Dune,compact,fleet,1200
29,16,217758.65,67.83,5,61.68,0,61.93,106.96,102.63,3.63,Aster,compact,dealer,1200
29,13,219035.32,149.6,4,38,0,69.05,106.12,95.07,3.87,Boreal,suv,private,39570
29,8,137413.9,207.86,2,57.42,0,81.89,109.34,94.11,4.11,Boreal,sedan,fleet,15760
29,9,116054.16,128.36,2,62.38,0,67.15,109.29,100.8,3.55,Dune,wagon,fleet,33528
29,12,152410.4,131.89,3,51.74,1,66.5,112.91,92.09,3.5,Fjord,van,fleet,16178
29,7,128054.55,106.16,2,74.71,1,83.62,106.57,96.65,4.13,Fjord,wagon,dealer,23349
29,7,122094.21,179.45,4,66.5,0,79.61,109.78,102.82,3.73,Ember,suv,private,34786
29,8,133133.22,88.45,4,71.47,0,78.69,106.48,94.98,4.05,Aster,compact,dealer,22760
29,0,4666.25,143.46,1,65.06,0,100,110.75,94.08,4.21,Boreal,sedan,private,37650
29,10,152923.82,136.09,4,55.39,0,73.43,109.34,96.99,4.14,Fjord,sedan,private,28372
29,3,32943.49,201.21,1,61.37,1,93.19,112.48,95.26,3.99,Cobalt,suv,fleet,39801
29,9,121268.73,90.07,3,72.52,0,72.06,107.28,101.32,3.96,Aster,compact,fleet,1200
29,8,146547.9,124.55,3,47.49,0,80.49,108.49,100.02,3.62,Ember,compact,dealer,26100
29,11,182971.27,118.08,2,61.27,0,68.41,107.75,98.36,4.13,Boreal,van,fleet,33481
29,6,98822.78,91.68,3,49.72,1,74.49,111.39,94.88,3.71,Fjord,compact,fleet,13321
29,4,75024.52,141.7,2,58.9,0,92.66,109.8,97.79,3.43,Boreal,van,fleet,33897
29,5,69586.6,178.47,2,84.2,1,87.66,107.96,99.92,3.92,Fjord,suv,dealer,38925
29,7,85023.69,175.58,3,66.44,1,68.25,106.14,96.53,3.96,Aster,suv,dealer,31632
29,12,177346.59,45,4,25.85,0,68.49,107.74,104.27,3.91,Fjord,sedan,fleet,1200
29,6,75504.05,45,1,64.12,0,81.11,113.3,102.62,3.83,Fjord,sedan,dealer,34735
29,13,158231.86,87.32,4,58.69,0,51.18,111.57,108.53,4.03,Boreal,wagon,private,21233
29,12,190529.53,118.57,3,42.36,1,71.29,110.41,99.53,4.1,Dune,sedan,fleet,10722
29,6,118265.33,45,3,61.55,0,84.4,108.65,94.6,4.07,Ember,compact,private,9852
29,12,123857.28,192.84,3,56.4,0,70.46,109.8,99.89,3.85,Boreal,suv,private,13095
29,10,114675.47,119.33,4,36.71,0,62.48,108.42,102.35,4.02,Boreal,sedan,private,30782
29,8,151173.36,129.43,3,59.91,2,77.78,107.84,98.57,3.49,Aster,compact,fleet,25082
29,5,72715.24,99.26,2,77.56,1,100,106.26,102.92,3.79,Cobalt,van,private,42668
29,9,135830.97,110.22,1,74.66,0,71.14,111.9,93.19,3.99,Ember,compact,fleet,19671
29,8,100743.3,110.92,2,68.97,0,78.34,106.01,93.35,4.34,Fjord,suv,private,34573
29,6,121936.67,114.31,2,58.57,1,91.75,107.21,98.04,4.09,Ember,suv,fleet,9830
29,17,246981.39,127.04,4,55.79,1,42.27,110.97,99.13,3.66,Fjord,wagon,private,1200
29,9,168778.99,72.83,4,52.06,0,85.84,109.12,105.29,3.73,Ember,compact,dealer,5031
29,8,100338.55,136.64,3,59.04,1,76.94,117.75,95.96,3.66,Cobalt,compact,fleet,24016
29,13,166051.28,124.04,4,39.41,0,59.48,113.5,93.39,3.76,Boreal,van,fleet,9089
29,10,116576.1,108.06,3,44.16,0,63.22,113.4,101.95,3.77,Cobalt,compact,private,4368
29,2,40503.81,76.49,2,80.4,0,93.65,111.4,95.9,3.64,Boreal,compact,private,39070
29,12,136671.86,106.21,4,52.42,1,65.22,108.5,101.38,3.95,Ember,wagon,fleet,6137
29,3,19197.06,119.36,2,87.32,1,90.03,108.45,93.49,3.82,Fjord,compact,fleet,39905
29,10,145400.32,135.64,3,53.8,1,66.72,113.26,104.91,3.87,Ember,compact,fleet,18517
29,16,216359.66,92.4,4,40.28,0,53.25,107.76,99,3.48,Cobalt,suv,dealer,21475
29,10,116584.99,134.13,4,63.83,0,67.61,105.02,101.88,3.69,Cobalt,suv,fleet,26355
29,7,152683.06,153.21,3,72.8,1,70.82,110.04,101.92,3.73,Boreal,suv,private,39959
29,6,134703.41,146.07,2,66.59,0,71.07,107.85,101.51,3.84,Boreal,van,dealer,24450
29,11,123575.69,125.27,1,83.21,2,71.21,106.14,98.75,3.72,Boreal,compact,private,22100
29,4,103687.38,132.07,1,79.29,0,91.3,106.68,91.28,4.31,Dune,compact,fleet,33839
29,8,76998.32,102.83,2,64.65,0,76.22,109.43,101.82,3.71,Fjord,compact,private,36840
29,10,153428.04,106.01,3,52.94,1,78.7,111.82,100.53,3.98,Aster,compact,dealer,9945
29,1,36716.65,141.88,1,84.34,0,94.44,109.63,102.66,4.02,Boreal,suv,private,60148
29,5,104884.97,138.19,2,85.05,0,84.91,106.32,105.39,4.24,Fjord,suv,private,50724
29,10,167971.09,88.01,4,51.77,0,75.81,109.4,94.94,4.14,Fjord,compact,private,16413
29,8,71019.59,114.16,3,45.64,0,73.01,109.7,96.69,3.96,Boreal,sedan,private,22713
29,10,155888.69,116.84,4,51.79,0,77.45,116.6,91.55,4.15,Aster,suv,dealer,16579
29,9,66726.48,125.26,2,95.01,0,75.24,109.83,105.12,3.87,Dune,van,private,26676
29,7,104106.19,95.85,2,65.83,1,77.16,103.98,96.23,3.82,Boreal,suv,fleet,20674
29,15,190752.75,102.98,4,56.77,1,64.64,107.68,96.82,3.91,Ember,sedan,fleet,1200
29,15,231080.93,119.56,4,30.94,1,62.25,110.53,102.01,3.88,Ember,suv,dealer,12421
29,7,93681.33,107.48,3,71.37,0,88.26,110.92,98.59,4.16,Aster,compact,dealer,18081
29,6,36650.73,127.28,3,69.45,0,71.89,115.33,90.6,3.64,Ember,suv,dealer,23199
29,7,100896.45,117.19,2,69.3,0,82.66,109.18,97.53,3.59,Cobalt,sedan,fleet,24929
29,3,55497.66,142.44,3,45.6,1,99.39,108.9,98.96,3.93,Cobalt,compact,fleet,27300
29,0,500,98.52,2,55.3,0,98.5,109.59,96,3.82,Boreal,sedan,dealer,42929
29,10,141659.14,45,3,67.63,1,76.87,106.5,92.44,3.95,Boreal,wagon,dealer,13889
29,0,58417.91,86.85,2,76.05,2,100,114.46,94.39,3.65,Boreal,compact,dealer,33147
29,7,111021.63,184.16,2,68.45,0,80.24,107.69,106.68,3.77,Cobalt,suv,dealer,61259
29,10,153663.09,101.27,4,65.18,0,69.98,113.14,103.7,4.01,Cobalt,sedan,private,15881
29,9,152449,52.19,3,58.93,1,76.48,108.03,92.2,3.62,Boreal,compact,private,1200
29,7,105344.26,104.48,1,37.54,0,84.64,105.07,104.45,3.35,Aster,wagon,private,31076
29,12,197423.49,133.49,3,38.38,0,57.79,113.72,89.51,3.74,Aster,compact,dealer,2377
29,9,120067.94,136.67,3,44.4,0,69.75,106.72,102.15,3.69,Ember,suv,fleet,23575
29,10,158255.2,94.82,2,70.74,0,72.86,109.12,91.37,3.92,Aster,compact,dealer,28156
29,5,87580.9,115.95,2,73.59,2,91.05,107.48,94.9,3.97,Fjord,compact,private,18305
29,4,78501.19,132.65,2,55.46,1,90.27,108.53,97.82,4.2,Cobalt,suv,private,36161
29,14,215367.48,83.54,4,50.44,0,57.96,112.98,95.27,3.43,Ember,wagon,private,10535
29,17,232767.4,94.51,4,58.51,1,48.54,110.83,94.35,4.12,Fjord,wagon,dealer,1200
29,4,42370.07,79.83,2,58.12,1,100,110.79,103.93,3.78,Cobalt,sedan,dealer,37969
29,4,45127.74,74.15,2,75.39,0,80.32,107.72,98.25,3.69,Ember,suv,fleet,40986
29,8,57019.9,129.37,2,63.55,0,86.3,106.87,94.36,3.66,Ember,sedan,dealer,31556
29,5,99533.66,134.24,3,58.22,1,81.85,108.17,92.27,3.67,Boreal,compact,dealer,13894
29,14,189924.83,165.15,4,64.62,0,48.71,107.23,94.71,3.56,Cobalt,suv,private,33251
29,14,222164.65,130.29,5,54.08,0,57.74,110.67,97.92,4.02,Fjord,sedan,private,1720
29,20,286389.84,144.65,5,51.02,0,50.06,110.33,100.28,3.95,Dune,compact,fleet,15641
29,16,240940.02,119.53,5,38.99,1,44.66,106.13,95.78,3.89,Ember,van,dealer,6471
29,5,84897.55,100.48,3,75.13,0,77.45,109.77,101.46,3.79,Boreal,van,fleet,32020
29,13,196078.44,134.24,3,41.4,0,64.55,109.13,95.75,3.71,Aster,compact,fleet,1696
29,5,96863.74,154.59,1,71.67,0,92.36,107.34,93.1,3.33,Aster,suv,fleet,35062
29,13,193481.36,89.06,4,81.27,0,57.07,109.61,97.56,3.41,Ember,sedan,private,16115
29,7,118030.15,177.33,2,83.07,1,68.25,109.89,101.94,4.17,Fjord,suv,dealer,27472
29,11,124065.69,168.96,4,40.16,0,73.91,107.67,92.15,3.42,Aster,sedan,fleet,17934
29,5,117770.57,52.73,2,80.49,0,77.66,108.34,97.24,3.76,Dune,compact,dealer,31790
29,2,30439.86,149.6,1,43.17,0,89.22,112.72,93.48,3.64,Cobalt,suv,private,47214
29,9,93298.49,105.59,2,32.55,0,73.69,112.24,93.7,3.78,Ember,compact,private,13566
29,15,195276.55,105.53,5,38.1,0,52.28,111.65,96.29,3.59,Boreal,suv,private,16238
29,14,143613.44,116.38,4,57.48,1,67.07,109.92,100.04,3.49,Cobalt,suv,fleet,26095
29,9,78820.55,131.45,2,51.27,0,78.79,105.96,95.58,4.07,Cobalt,suv,fleet,31257
29,0,21905.47,90.43,1,86.14,0,97.59,105.88,96.44,3.84,Aster,suv,fleet,45642
29,5,78216.31,132.19,1,76.89,0,82.1,109.61,99.17,3.76,Aster,sedan,dealer,34293
29,3,15434.7,97.57,1,82.93,0,87.49,112.1,94.77,4.16,Cobalt,wagon,fleet,37162
29,10,80324.79,59.07,4,45.71,0,72.51,108.79,101.56,3.63,Boreal,van,dealer,20948
29,11,159914.73,130.42,4,44.99,0,74.26,106.59,97.6,4.17,Dune,suv,fleet,19499
29,7,79231.74,129.69,2,57.71,0,84.32,111.24,97.57,3.97,Dune,suv,fleet,53939
29,6,60101.09,137.07,3,63.56,1,80.47,114.36,98.1,3.71,Cobalt,compact,private,28625
29,10,129941.09,119.78,4,72.57,1,64.98,105.11,100.99,3.8,Fjord,wagon,dealer,26078
29,7,96542.93,99.61,2,81.45,1,84.86,109.13,89.91,3.69,Boreal,sedan,fleet,19922
29,8,130362.11,106.98,3,65.23,0,81.21,108.49,97.11,3.49,Boreal,sedan,private,41455
29,6,113067.7,64.68,3,66.97,1,91.29,107.9,96.45,3.64,Dune,sedan,private,1200
29,8,140165.91,45,3,45.73,0,67.56,109.25,93.65,3.89,Cobalt,compact,fleet,25643
29,1,34321.57,64.84,1,78.79,1,95.91,109.47,96.63,3.59,Ember,sedan,fleet,28572
29,6,106697.71,97.45,2,63.89,0,85.83,111.25,96.22,3.96,Dune,compact,fleet,35332
29,10,162509.62,134.01,3,40.24,0,71.42,102.92,96.54,4.14,Ember,compact,dealer,27111
29,6,83126.6,162.4,2,73.61,1,85.5,110.92,99.83,3.99,Fjord,sedan,fleet,23147
29,5,60047.88,128.98,2,46.03,1,81.12,110.09,104.26,3.6,Boreal,compact,dealer,42545
29,5,52297.36,66.39,1,66.16,1,75.6,111.27,98.44,3.84,Boreal,wagon,dealer,29428
29,6,80570.61,167.31,1,47.91,0,81.46,106.41,98.51,4.16,Fjord,suv,fleet,33141
29,13,191280.65,125.45,2,49.09,1,61.87,108.9,96.52,3.35,Dune,sedan,dealer,23187
29,5,52878.51,69.62,1,64.12,0,86.64,113.87,96.9,3.76,Ember,compact,fleet,16560
29,6,85643.23,121.41,1,54.16,1,83.16,110.61,97.1,3.91,Dune,van,private,43099
29,13,150597.23,143.79,5,39.39,0,62.76,104.82,92.7,3.83,Aster,suv,dealer,15393
29,4,61719.71,123,1,88.91,1,92.9,109.7,95.99,3.89,Boreal,sedan,dealer,28399
29,6,75703.14,61.91,1,83.49,0,80.99,107.86,99.62,3.64,Dune,compact,fleet,27799
30,14,206760.77,132.07,4,34.97,0,48.85,113.23,95.71,4.2,Boreal,suv,fleet,13637
30,7,101717.05,134.48,2,66.39,0,78.66,107.52,112.42,3.71,Aster,compact,fleet,11539
30,12,138219.71,112.63,3,64.2,0,66.08,109.23,97.41,3.79,Aster,suv,private,26717
30,5,75339.14,89.93,1,67.11,1,98.6,112.46,95.66,4.23,Boreal,suv,dealer,44320
30,10,189300.91,84.97,2,54.18,0,66.54,109.61,94.47,3.8,Cobalt,wagon,fleet,20644
30,0,4061.17,131.72,1,73.34,1,92.27,111.55,101.86,4.42,Aster,van,fleet,35267
30,6,67208.21,132.44,2,47.38,0,72.74,112.26,99.02,3.56,Cobalt,suv,private,39016
30,9,127112.89,80.33,2,57.11,0,67.3,114.24,97.7,3.53,Aster,sedan,fleet,11732
30,11,173203.78,111.34,3,43.63,0,65.65,110.26,100.49,3.41,Aster,compact,fleet,12701
30,7,118360.53,126.22,2,92.83,0,81.65,111.37,103.59,4.31,Cobalt,sedan,fleet,16548
30,14,253554.81,82.4,4,51.11,0,61.22,113.26,95.65,3.79,Boreal,compact,fleet,3605
30,6,56752.43,100,2,67.69,0,76.99,110.22,107.35,3.79,Boreal,compact,fleet,15128
30,8,136408.73,127.09,3,55.65,0,82.06,111.37,94.76,3.86,Aster,van,dealer,28832
30,0,14800.35,93.75,1,65.84,2,100,110.99,96.31,3.91,Dune,suv,private,50314
30,4,88963.53,115.32,3,86.11,0,89.94,104.17,100.74,3.99,Fjord,van,dealer,51996
30,2,36166.78,106.08,1,69.33,0,87.79,111.9,97.52,4.03,Aster,compact,fleet,27149
30,6,38626.77,133.93,3,79.97,0,86.44,115.02,101.86,3.79,Ember,suv,private,28664
30,4,57247.6,125.59,1,73.25,0,98.12,108.74,102.76,3.41,Aster,sedan,private,38265
30,2,18396.33,174.41,1,47.83,0,86.72,111.1,95.54,3.71,Cobalt,sedan,private,43901
30,11,142460.07,102.98,3,58.47,0,67.33,106.85,100.63,3.94,Fjord,compact,dealer,16713
30,14,198033.3,118.79,3,52.35,0,57.92,111.24,100.51,3.48,Aster,van,fleet,1200
30,5,23011.77,120.05,1,73.47,0,83.98,108.55,94.46,4.13,Fjord,wagon,fleet,37072
30,8,88577.19,150.07,3,41.37,0,81.48,111.88,96.37,4.17,Ember,compact,private,25899
30,17,238655.86,115.05,5,26.58,1,44.33,112.06,100.22,4.11,Aster,van,dealer,1200
30,15,179909.17,141.63,4,35.97,1,52.64,108.26,103.16,3.73,Fjord,suv,dealer,15110
30,7,126582.79,45,3,76.87,0,85.18,106.45,101.3,3.81,Aster,compact,dealer,1200
30,8,109259.07,152.66,3,63.65,0,77.34,114.38,91.2,3.69,Aster,suv,dealer,40645
30,15,227045.87,98.28,4,37.4,0,51.98,110.04,94.03,4.02,Dune,compact,dealer,11788
30,5,63104.67,148.27,3,66.46,0,84.27,115.12,95.01,3.45,Cobalt,compact,private,37349
30,11,176589.6,98.87,3,58.87,1,58.04,108.23,98.52,4.16,Boreal,suv,fleet,10350
30,4,82274.71,184.04,3,60.49,1,88.64,108.98,93.42,3.52,Boreal,suv,fleet,33829
30,6,99510.7,45.28,2,39.18,2,78.29,110.14,102.3,3.59,Dune,sedan,fleet,17851
30,11,168746.88,160.92,2,50.7,0,63.08,109.67,90.76,4.04,Cobalt,suv,dealer,33370
30,10,128804.18,103.34,2,70.52,1,72.72,108.02,106.86,3.55,Ember,suv,fleet,30490
30,11,170727.6,85.27,5,73.92,1,69.31,111.6,105.94,4.32,Dune,wagon,dealer,23818
30,9,132477.31,125.93,3,45.16,1,77.25,113.08,89.58,3.92,Fjord,suv,fleet,20223
30,6,107685.95,143.87,2,84.21,1,81.33,112.91,102.51,4.1,Boreal,sedan,private,34742
30,5,55066.42,155.6,1,77.76,0,79.7,103.79,94.35,3.86,Dune,compact,dealer,35293
30,4,61467.5,82.85,2,75.76,0,86.42,106.24,98.82,3.93,Fjord,wagon,dealer,40226
30,7,119242.76,65.5,1,53.74,0,79.65,108.49,101.28,4.14,Ember,wagon,private,11303
30,5,82296.43,130.46,2,55.36,0,89.98,107.96,102.51,4,Dune,sedan,fleet,34895
30,7,113502.8,71.2,2,71.78,1,76.44,107.76,96.02,4.05,Boreal,wagon,dealer,12942
30,8,156896.53,83.77,3,42.25,0,74.76,109.67,97.34,4.15,Dune,wagon,fleet,25691
30,17,214633.85,98.11,4,38.44,1,51.69,105.03,99.92,3.55,Cobalt,sedan,private,1200
30,2,4205.08,114.71,2,69.98,0,87.03,106.77,100.68,3.91,Dune,van,fleet,36939
30,11,178796.14,117.22,3,62.52,0,78.07,108.28,98.03,3.59,Fjord,suv,dealer,22843
30,0,57598.12,102.35,1,81.56,2,100,110.32,96.79,3.51,Aster,suv,dealer,40322
30,13,183028.82,112.25,4,68.31,1,65.37,111.25,89.84,4.01,Aster,compact,private,1200
30,12,156337.4,158.73,4,58.94,0,74.41,111.63,93.09,3.95,Cobalt,suv,dealer,32164
30,14,188922.62,83.06,3,69.13,1,73.32,109.48,102.53,3.87,Dune,wagon,fleet,1759
30,9,167644.09,145.63,2,89.47,0,86.22,113.46,94.64,3.59,Aster,suv,private,21511
30,9,126867.87,142.32,3,70.07,0,76.43,112.68,93.3,4.11,Aster,suv,private,32812
30,3,97992.43,127.31,2,79.01,0,85.39,106.51,97.09,3.85,Boreal,suv,dealer,38844
30,4,67480.52,98.6,2,72.45,1,89.85,110.12,93.67,3.52,Ember,compact,fleet,15035
30,8,129413.38,149.61,3,55.56,0,89.25,109.62,96.98,3.46,Dune,suv,private,55137
30,4,91173.87,55.78,1,68.08,0,84.91,111.26,102.36,3.8,Ember,compact,fleet,26953
30,7,123767.46,98.79,3,77.3,0,79.22,108.66,101.48,3.43,Cobalt,suv,dealer,32938
30,9,149753.1,74.43,2,67.41,0,79.95,105.71,95.95,3.53,Cobalt,sedan,private,30783
30,6,112449.38,80.7,4,66.71,0,85.31,111.4,93.69,3.79,Boreal,compact,private,31149
30,0,500,111.3,1,62.01,0,99.11,111.09,99.75,3.82,Aster,compact,private,40093
30,9,105865.76,200.78,3,73.22,1,77.12,110,96.13,4,Cobalt,suv,private,49127
30,5,112212.57,68.38,3,75.96,1,80.5,108.83,104.93,3.72,Ember,compact,dealer,30775
30,9,147588.36,116.82,3,67.43,0,76.19,111.21,102.15,3.79,Cobalt,van,private,20665
30,3,41689.66,105.16,1,64.48,0,91.52,106.43,96.89,3.97,Ember,wagon,fleet,25320
30,11,199906.71,86.29,3,51.87,0,69.27,110.71,98.38,3.64,Boreal,wagon,dealer,9569
30,10,154009.96,156.51,3,71.95,1,70.42,105.46,99.62,3.74,Aster,van,dealer,15984
30,6,70573.42,132.77,4,63.67,1,89.67,113.32,95.48,3.74,Cobalt,suv,dealer,53199
30,10,150753.26,92.32,4,73.45,1,78.09,109.72,92.84,4.14,Aster,van,private,2857
30,8,144019.65,84.68,2,55.53,0,71.85,111.55,97.95,3.12,Ember,sedan,private,26030
30,11,140285.61,133.56,4,74.13,0,69.06,112.01,94.99,3.83,Ember,compact,private,14832
30,3,50770.57,106.94,2,72.2,1,85.65,106.97,99.31,4.02,Boreal,compact,private,25869
30,14,173006.23,188.67,4,38.65,0,63.03,112.1,95.76,3.84,Ember,suv,dealer,17652
30,9,121002.55,91.54,3,78.28,0,74.78,107.97,102.16,4.18,Dune,suv,private,36790
30,7,94638.46,125.9,3,96.92,0,78.82,109.61,94.1,3.73,Cobalt,compact,fleet,32505
30,12,204406.23,82.43,3,68.81,0,61.65,109.23,90.76,4.04,Boreal,compact,dealer,5241
30,7,66271.08,168.47,3,64.14,2,83.02,111.89,99.15,4.19,Cobalt,sedan,private,43730
30,6,84386.46,132.8,2,50.39,1,89.06,110.69,91.33,3.96,Cobalt,suv,private,40637
30,7,96537.76,159.84,2,75.38,0,76.34,110.22,100.81,3.78,Ember,compact,fleet,31340
30,13,158573.81,85.87,4,75.37,0,70.57,109.84,97.96,3.91,Aster,suv,private,12369
30,15,217057.76,119.12,4,56.12,1,55.86,114.2,93.37,3.82,Cobalt,suv,private,24551
30,5,89769.86,143.06,2,61.48,0,93.3,105.83,97.31,4.26,Aster,sedan,private,24651
30,6,32021.31,45,2,38.51,0,82.89,110.32,106.06,3.99,Cobalt,sedan,dealer,34770
30,9,136105.85,152.96,3,64.46,1,70.11,112.81,96.78,3.68,Cobalt,sedan,dealer,30494
30,7,132085.83,100.49,2,59.17,0,91.86,106.38,94.23,3.71,Aster,wagon,fleet,21648
30,12,149794.1,78.69,3,78.83,0,59.59,108.13,92.87,3.67,Cobalt,wagon,dealer,25525
30,13,184444.97,94.75,4,59.52,2,54.68,109.76,104.18,3.96,Cobalt,sedan,private,1200
30,11,164458.1,96.57,2,69.41,0,64.97,102.3,102.38,3.55,Dune,wagon,private,41556
30,5,77635.67,172.94,2,70.71,0,91.94,105.85,91.93,4,Aster,compact,private,32193
30,4,106104.8,105.67,2,73.27,0,96.93,106.56,96.23,3.79,Boreal,sedan,private,37032
30,11,156681.85,101.98,3,67.23,0,68.73,114.06,95.82,3.61,Cobalt,suv,fleet,40123
30,15,271001.51,116.97,4,58.47,1,59.45,112.62,97.1,3.77,Ember,wagon,private,1200
30,12,190995.45,141.85,5,80.49,1,66.92,109.44,97.24,4.1,Cobalt,suv,dealer,26054
30,18,248435.21,136.73,4,45.66,1,51.83,105.47,98.94,3.57,Cobalt,van,dealer,1200
30,8,119194.52,157.15,2,67.52,0,73.92,113.73,101.15,3.6,Boreal,compact,fleet,25072
30,11,181297,57.09,4,69.94,0,65.78,112.27,94.77,3.82,Cobalt,suv,dealer,33852
30,9,149685.29,116.58,4,67.16,0,83.99,110.37,99.62,3.74,Dune,suv,fleet,37913
30,8,133256.53,124.47,2,53.63,1,76.6,113.86,101.11,4.06,Cobalt,suv,dealer,33995
30,5,117370.59,153.67,2,75.49,0,90.82,109.36,94.49,4.62,Ember,suv,dealer,37799
30,13,187172.06,155.38,4,56.31,1,70.08,107.6,98.62,3.69,Fjord,compact,private,17583
30,6,79419.01,97.39,2,52.07,1,81.83,107.31,99.2,3.97,Boreal,compact,dealer,12564
30,4,58013.42,103.68,2,84.36,1,82.27,108.32,99.3,3.98,Boreal,suv,fleet,20574
30,9,106424.95,93.66,3,63.37,1,76.34,111.58,101.31,3.51,Ember,sedan,fleet,7491
30,9,113850.92,121.21,2,61.84,0,73,106.55,107.14,3.73,Dune,compact,fleet,39174
30,10,140041.82,103.52,3,62.8,1,74.82,110.74,96.34,3.65,Fjord,suv,fleet,17285
30,9,138274.12,102.1,3,63.93,0,85.23,108.16,95.73,3.78,Boreal,suv,private,21964
30,7,122110.27,159.99,3,78.33,1,88.07,113.17,95.84,4,Fjord,suv,private,42358
30,9,114250.11,180.73,3,68.93,0,69.22,109.21,106.77,3.86,Cobalt,suv,private,34748
30,8,115700.47,45,2,63.62,0,73.68,113.03,99.91,4.01,Cobalt,sedan,fleet,23561
30,6,113922.69,77.44,2,77.23,0,88.62,110.8,100.4,4.21,Fjord,compact,dealer,32401
30,13,172708.95,91.52,5,62.01,0,68.6,108.34,97.87,4.04,Cobalt,compact,fleet,8213
30,8,107384.15,151.63,1,53.41,0,76.57,110.57,101.93,4.28,Dune,compact,private,37985
30,10,163795.38,105.27,2,59.5,1,68.08,112.21,96.41,4.26,Cobalt,compact,private,11552
30,13,216730.08,116.16,3,58.78,0,54.53,106.9,101.48,3.82,Boreal,compact,private,11822
30,13,185050.13,86.55,3,49.34,0,57.16,107.55,99.29,3.74,Dune,compact,dealer,10817
30,13,191112.66,117.01,4,68.95,1,66.64,111.46,98.48,3.81,Boreal,suv,private,21747
30,5,129213.39,125.48,4,52.74,0,84.01,108.35,98.63,3.68,Boreal,suv,dealer,41365
30,8,132903.19,141.23,2,68.18,0,84.34,115.19,98.47,3.55,Fjord,suv,dealer,42015
30,9,115238.61,84.09,2,83.19,0,68.52,114.57,102.15,4.01,Ember,compact,private,15201
30,12,163837.98,73.98,4,75.91,2,70.51,109.09,95.32,3.73,Aster,suv,fleet,1558
30,16,220916.33,210.97,4,20,0,50.64,108.77,89.76,4.11,Fjord,suv,private,10383
30,9,148426.86,65.19,1,62.91,0,84.28,106.67,103.82,3.56,Fjord,compact,private,21417
30,11,177256.53,177.44,3,91.51,1,64.39,111.73,90.18,3.87,Aster,suv,fleet,32515
30,7,116471.12,111.59,3,71.01,0,79.09,110.26,98.86,3.75,Boreal,suv,private,40972
30,0,37080.76,119.92,1,73.61,2,100,113.18,104.63,4.25,Boreal,suv,private,41455
30,4,54756.15,109.41,2,75.61,2,89.16,109.65,94.78,3.63,Ember,van,private,26664
31,18,203686.09,91.37,5,33.09,0,51.03,107.84,96.36,4.05,Dune,wagon,fleet,20593
31,0,500,154.42,2,38.6,0,92.6,112.95,101.66,3.93,Aster,wagon,fleet,38338
31,11,169583.51,156.05,3,52.52,0,75,112.06,95.72,4.14,Cobalt,wagon,private,24502
31,6,90351.54,93.34,4,79.43,0,83.82,114.15,102.96,3.69,Aster,compact,fleet,19264
31,8,165346.31,156.4,1,70.68,2,76.09,111.32,104.08,3.99,Cobalt,suv,fleet,36005
31,1,6703.81,70.8,1,77.35,0,100,112.73,102.85,4.33,Boreal,van,private,33460
31,2,56937.41,127.47,2,79.93,1,87.21,107.65,95.46,3.77,Ember,sedan,dealer,41180
31,5,108286.16,121.01,2,59.79,1,79.26,111.02,99.43,3.56,Ember,compact,fleet,19747
31,20,256927.95,62.04,6,44.98,1,42,106.53,99.29,4.04,Fjord,suv,dealer,1200
31,11,108486.02,78.97,2,58.12,0,66.35,107.28,100.26,3.68,Cobalt,suv,fleet,9151
31,1,56275.76,113.02,1,62.87,0,100,110.97,98.38,3.71,Dune,wagon,dealer,55562
31,7,77221.7,174.15,4,76.71,0,77.92,107,101.05,3.7,Ember,compact,dealer,28936
31,7,81138.05,90,1,64.14,1,75.13,110.64,100.79,3.86,Cobalt,wagon,fleet,39723
31,11,146595.04,124.57,4,66.21,0,67.78,107.63,102.85,3.82,Fjord,wagon,dealer,12283
31,14,174677.65,45,5,41.94,0,67.55,111.29,94.55,3.78,Fjord,sedan,dealer,28708
31,4,43045.24,83.74,1,77.22,0,81.56,117.24,98.15,3.95,Boreal,suv,dealer,47773
31,11,160620.54,98.63,4,43.49,1,64.68,109.23,93.15,3.89,Ember,compact,fleet,4276
31,3,37370.07,189.26,2,77.39,0,98.15,113.33,92.26,3.6,Aster,wagon,private,37734
31,1,500,114.39,1,88.21,1,84.29,108.02,96.91,3.93,Ember,compact,private,39373
31,13,156212.51,156.68,3,53.18,0,67.07,111.24,96.38,4.08,Boreal,sedan,private,14268
31,9,94894.81,120.51,2,60.15,0,77.22,110.14,94.68,3.87,Aster,sedan,private,14307
31,7,118498.23,135.48,2,47.86,1,82.77,106.31,94.48,3.87,Cobalt,compact,fleet,10881
31,7,132302.16,52.09,3,48.57,1,82.45,106.38,100.25,4.23,Fjord,sedan,fleet,4551
31,10,169013.1,45,3,59.57,1,65.21,108.05,96.73,4.15,Aster,sedan,fleet,1200
31,16,237849.27,131.01,5,30.62,0,66.57,116.98,97.21,4.02,Ember,suv,private,6498
31,7,122881.26,142.12,3,73.8,1,77.12,113.9,104.3,4.1,Ember,sedan,fleet,36126
31,12,167856.77,107.63,2,56.17,0,65.77,111.42,102.17,3.68,Fjord,suv,fleet,22919
31,8,134513.21,93.42,5,65.2,0,75.69,114.32,105.31,3.86,Cobalt,sedan,dealer,11665
31,11,187727.08,48.05,4,75.72,1,64.71,107.47,94.83,3.75,Boreal,suv,dealer,12760
31,10,124950.99,78.26,4,55.8,0,71.23,108,100.56,3.91,Boreal,sedan,fleet,17500
31,11,115005.8,155.82,3,56.14,0,70.55,108.12,103.09,4.16,Aster,compact,fleet,1200
31,8,92914.79,78.9,2,63.12,1,76.54,110.66,90.5,3.55,Aster,compact,private,27197
31,2,12080.82,116.66,1,72.84,0,88.16,110.66,95.66,3.62,Dune,wagon,private,63858
31,8,137606.73,110.96,3,61.04,1,81.44,109.22,94.71,3.41,Fjord,van,dealer,30064
31,16,199918.84,129.75,3,36,2,42,110.5,94.69,3.93,Ember,compact,private,1200
31,12,133282.18,132.58,6,45.22,1,75.15,105.98,93.81,3.8,Ember,suv,dealer,32278
31,6,62527.04,130.92,3,35.31,1,87.44,104.59,101.06,3.89,Boreal,wagon,fleet,31800
31,12,186858.85,134.32,3,66.39,0,56.22,105.2,102.53,3.99,Aster,compact,fleet,8722
31,8,132844.39,117.99,2,54.5,0,78.32,109.61,102.03,3.47,Aster,sedan,fleet,14570
31,15,246835.02,142.06,4,54.89,0,62.47,111.16,98.7,3.94,Aster,suv,dealer,4088
31,10,129756.45,105.56,3,65.6,1,75.8,111.18,108.72,3.5,Boreal,sedan,private,12377
31,5,81197.41,163.42,3,81.84,0,82.24,112.51,102.23,3.93,Boreal,van,dealer,37243
31,0,34028.85,147.12,1,70.06,0,88,111.5,106.07,3.68,Aster,compact,private,36750
31,0,4429.05,136.87,2,61.61,1,100,109.63,98.78,3.81,Ember,van,dealer,52850
31,0,20692.05,127.32,1,64.37,0,95.29,102.17,105.34,3.91,Ember,suv,dealer,52910
31,6,64178.33,81.28,3,48.16,0,89.61,110,101.19,3.85,Fjord,wagon,dealer,26921
31,7,108743.39,122.49,3,53.06,1,82.84,110.15,100.74,3.97,Dune,wagon,fleet,28458
31,12,145488.45,148.79,3,50.82,1,76.85,112.78,106.83,3.95,Cobalt,suv,private,34380
31,2,42933.94,152.42,2,56.61,0,93.23,112.36,103.33,4.03,Fjord,suv,dealer,48484
31,11,138595.28,174.27,3,64.7,0,73.94,110.97,97.87,4.09,Cobalt,compact,dealer,25815
31,12,168539.71,57.09,3,54.05,0,67.29,112.54,95.36,4.2,Ember,compact,private,1728
31,8,148823.32,87.57,3,87.59,1,77.36,110.43,94.08,4.08,Cobalt,sedan,private,19094
31,0,5218.05,111.46,1,100,0,95.56,109.72,97.69,4.02,Cobalt,suv,private,63935
31,4,37052.92,75.44,2,78.14,1,89.14,107.31,100.84,3.99,Boreal,wagon,dealer,30518
31,8,82888.9,99.81,2,63.31,0,77.87,104.65,99.3,3.71,Boreal,sedan,dealer,34743
31,11,139348.06,100.56,3,64.5,1,71.35,107.91,97.65,3.63,Dune,wagon,private,31146
31,9,133219.37,115.8,3,79.94,0,73.91,106.23,104.61,3.92,Boreal,compact,dealer,14806
31,1,36391.13,182.64,1,76.44,0,100,108.15,91.84,3.69,Boreal,compact,fleet,33411
31,4,85385.91,161.26,1,78.11,1,90.36,113.41,97.3,4.02,Boreal,suv,private,52868
31,4,109416.76,174.45,2,67.8,0,89.24,111.63,104.85,3.76,Boreal,wagon,private,48027
31,15,197578.36,76.85,5,48.02,0,64.99,109.58,99.16,3.37,Aster,compact,private,1200
31,6,57034.51,117.24,3,35.82,0,89.84,110.43,101.5,3.73,Fjord,compact,dealer,19802
31,10,112062.78,113.57,3,38.9,0,66.17,108.72,104.74,3.75,Ember,compact,fleet,7644
31,9,88168.05,79.82,3,52.36,1,61.29,115.29,99.98,3.72,Cobalt,compact,dealer,11106
31,10,164530.38,132.1,3,77.33,1,67.15,109.06,99.18,3.52,Cobalt,wagon,fleet,2399
31,11,136877.98,93.58,3,95.09,0,70.75,105.53,99.7,3.91,Fjord,sedan,private,9393
31,10,135739.43,110.84,3,52.03,0,76.47,106.37,98.2,3.83,Aster,compact,private,13245
31,3,48884,138.89,1,72.39,0,87.2,107.74,102.07,4.17,Dune,suv,dealer,54621
31,10,161759.83,153.55,3,84.69,1,74.34,113.14,102.38,4.39,Boreal,suv,fleet,30975
31,3,14585.71,45,2,76.13,0,96.16,108.08,106.69,3.97,Boreal,sedan,private,31005
31,1,5010.35,165.4,1,75.93,1,100,107.72,110,3.63,Boreal,suv,fleet,59133
31,3,84745.04,78.8,1,94.19,0,87.6,105,103.82,3.76,Ember,compact,dealer,24818
31,9,127219.03,122.1,2,54.37,1,77.34,112.9,87.49,4.14,Aster,wagon,dealer,19802
31,11,158895.31,149.64,3,51.29,1,68.81,111.59,108.13,3.79,Aster,suv,private,19191
31,9,88190.01,108.75,3,41.84,0,75.95,107.65,104.36,3.8,Aster,van,private,5964
31,14,196650,110.66,4,51.43,0,69.91,108.62,108.82,3.95,Ember,sedan,dealer,8922
31,6,96502.79,115.67,4,52.48,0,84.35,105.79,107.13,3.92,Cobalt,suv,fleet,47354
31,7,76955.86,75.97,3,59.08,0,79.99,109.78,92.49,3.79,Boreal,wagon,dealer,20342
31,10,133871.68,159.95,3,66.59,0,79.41,111.96,107.35,4.04,Cobalt,van,private,28215
31,5,97962.24,92.15,2,80.04,1,87.4,111.85,104.31,3.94,Boreal,sedan,dealer,24979
31,6,88062.03,130.75,1,88.73,0,88.57,111.03,100.39,3.79,Boreal,sedan,fleet,22402
31,12,185975.09,45,5,61.18,1,70.99,111.34,99.81,3.86,Ember,wagon,private,10478
31,7,120974.93,93.31,2,71.41,0,86.7,109.08,97.38,3.95,Aster,sedan,fleet,10767
31,11,178557.2,116.56,3,50.89,0,65.3,110.18,100.08,3.83,Fjord,suv,fleet,20314
31,2,5988.47,132.56,1,82.49,2,96.86,109.84,96.64,3.97,Cobalt,sedan,private,35759
31,3,68241.58,145.26,3,64.97,0,83.82,111.79,100.92,4.09,Fjord,suv,private,56815
31,8,148441.92,158.25,2,72.97,0,72.05,111.35,92.59,3.72,Cobalt,sedan,dealer,31481
31,8,109643.26,132.18,3,57.23,2,74.37,114.32,99.74,3.92,Fjord,suv,fleet,20973
31,10,120957.34,150.92,4,73.52,1,68.66,106.06,94.46,3.86,Cobalt,suv,fleet,39462
31,3,50045.31,108.11,1,66.67,2,88.34,109.95,99.82,4.3,Aster,suv,dealer,27132
31,11,135665.08,63.06,2,37.48,0,69.65,113.09,107.61,3.78,Ember,sedan,dealer,14992
31,0,17440.91,142.92,1,79.96,0,100,111.55,100.31,3.95,Aster,sedan,fleet,31900
31,4,45658.06,78.55,1,66.88,1,94.34,106.77,100.99,3.92,Cobalt,suv,private,56751
31,5,53620.1,109.46,1,78.91,0,85.1,115.06,96.15,3.7,Aster,suv,fleet,34325
31,11,177810.64,99.2,3,54.34,0,82.17,115.38,108.5,3.85,Fjord,sedan,private,33712
31,5,61320.03,98.81,4,74.82,0,75.31,110.49,93.67,3.68,Boreal,van,private,39626
31,8,113350.45,73.36,3,51.24,0,92.1,108.42,99.81,4.06,Fjord,compact,dealer,19974
31,4,73335.28,74.14,2,77.02,1,86.19,109.31,96.3,3.69,Boreal,sedan,dealer,19828
31,3,61760.15,94.79,2,70.02,0,98.59,109.48,100.2,3.75,Ember,sedan,private,35555
31,7,93928.11,126.39,3,72.44,1,75.33,106.77,101.33,3.94,Aster,suv,private,28934
31,10,133357.92,154.41,2,62.5,0,72.98,106.96,94.74,3.81,Aster,sedan,fleet,18335
31,7,91392.42,143.35,2,63.4,0,79.4,110.71,101.71,3.86,Aster,suv,private,32765
31,3,35506.11,76.73,3,51.4,0,100,104.8,102.13,3.73,Aster,compact,private,25584
31,3,20846.49,139.88,2,69.87,1,92.28,111.5,98.06,3.98,Aster,compact,private,15855
31,9,86663.5,114.9,4,47.4,0,68.22,108.33,98.69,3.45,Dune,sedan,dealer,21396
31,3,73959.93,151.14,1,74.59,0,89.82,108.47,90,3.75,Ember,suv,private,51615
31,2,4541.54,122.98,1,74.87,0,89.53,110.05,96.87,4.07,Boreal,compact,fleet,34897
31,8,96173.66,112.7,2,53.38,1,71.18,106.67,105.88,3.72,Aster,suv,private,15761
31,7,136313.03,64.07,2,58.65,0,75.47,108.3,97.92,3.93,Aster,compact,dealer,12916
31,11,156724.54,45,4,39.79,0,60,108.35,101.62,3.43,Aster,compact,fleet,1200
31,4,77873.03,97.99,2,87.09,0,88.38,109.34,104.25,3.9,Boreal,sedan,dealer,33543
31,8,130847.01,144.62,3,58.75,0,82.55,111.75,92.89,4.09,Aster,suv,dealer,21628
31,4,44014.56,86.53,1,46.56,2,80.69,110.99,96.96,3.93,Fjord,sedan,private,28536
31,1,9930.08,102.33,3,55.5,0,100,114.85,107.69,3.8,Cobalt,compact,fleet,46094
31,13,176244.62,45,3,63.07,1,72.05,109.78,99,3.95,Aster,compact,dealer,1200
31,14,219142.27,69.25,2,71.2,0,59.3,112.02,96.2,3.77,Boreal,sedan,private,24961
31,13,133221.17,81.94,3,39.04,0,56.38,110.55,97.84,3.94,Aster,suv,dealer,18873
31,3,68330.17,110.56,2,76.48,2,98.15,113.04,97.09,3.7,Dune,compact,fleet,32432
31,13,155447.18,136.4,4,40.51,0,67.5,104.48,101.14,3.96,Ember,van,dealer,35664
31,18,264761.36,124.22,4,49.43,1,47.52,112.75,93.8,3.73,Boreal,suv,fleet,1200
31,12,159590.31,142.48,3,58.86,0,69.63,107.58,93.38,3.53,Dune,sedan,private,7711
31,13,220571.76,76.03,5,52.44,0,61.19,111.27,93.71,3.63,Ember,wagon,fleet,13268
31,1,13556.3,167.97,2,71.25,1,100,108.6,104.8,3.59,Ember,wagon,dealer,36862
31,0,8116.42,105.96,1,82.82,0,100,105.51,98.73,4.09,Boreal,van,fleet,42608
31,7,86105.38,142.49,2,35.58,1,86.63,109.34,100.88,3.89,Boreal,compact,fleet,13128
32,6,108858.12,109.38,2,55.55,0,83.89,113.87,98.3,3.96,Ember,compact,private,28979
32,7,93264.14,84.04,1,63.99,0,80.98,112.31,97.16,4.29,Ember,wagon,private,26687
32,0,500,109.92,1,78.42,0,88.68,106.59,101.51,3.89,Ember,suv,private,51247
32,9,124318.64,86.14,2,66.22,0,73.89,108.58,100.17,3.92,Fjord,suv,dealer,23731
32,7,114873.42,112.6,3,58.21,1,87.28,108.42,93.99,4.16,Dune,compact,dealer,22568
32,6,54145.39,114.7,2,59.24,1,83.72,109.3,103.35,3.8,Fjord,compact,fleet,33512
32,8,116532.18,102.52,2,73.91,0,78.01,106.5,104.7,3.42,Boreal,sedan,private,16861
32,1,23821.14,109.99,1,57.54,0,99.87,111.85,98.33,4.02,Fjord,compact,dealer,39875
32,0,500,133.93,1,66.18,1,100,111.99,100.84,4.08,Boreal,wagon,dealer,43105
32,8,124798.04,89.21,2,69.55,1,78.89,112.61,103.05,3.7,Dune,sedan,dealer,26973
32,13,169249.66,129.89,4,33.82,1,64.37,108.94,99.62,4.11,Boreal,suv,dealer,19546
32,7,135883.91,110.63,2,86.32,1,71.99,104.66,102.46,4.02,Boreal,suv,private,18820
32,11,153171.69,60.37,3,59.12,0,64.04,116.39,107.61,3.96,Aster,sedan,fleet,1200
32,10,189690.3,130.46,1,66.24,0,70.16,107.83,97.48,3.93,Dune,compact,dealer,18987
32,11,152136.55,121.93,3,76.11,1,70.76,102.93,103.56,4.17,Fjord,suv,dealer,40314
32,15,180208.78,138.87,5,54.22,0,59.07,110.69,97.25,3.75,Fjord,wagon,dealer,1200
32,11,182243.44,52.75,2,43.93,0,75.91,109.25,99.52,3.82,Cobalt,van,dealer,24285
32,8,129257.5,136.48,4,42.17,0,74.79,111.06,108.02,3.72,Cobalt,sedan,dealer,24966
32,14,198570.85,125.32,3,72.13,0,60.74,112.38,99.39,3.8,Cobalt,compact,private,11913
32,0,20991.53,175.15,1,68.36,0,100,114.39,105.79,3.95,Boreal,suv,fleet,42887
32,5,72346.06,177.47,3,73.25,1,90.87,112.79,98.53,4.28,Aster,compact,dealer,22080
32,9,118796.16,81.02,2,53.41,0,73.01,109.25,104.74,3.73,Aster,wagon,fleet,7568
32,11,123314.78,115.52,3,57.74,0,63.55,118.19,96.73,4.08,Ember,sedan,dealer,14009
32,6,59525.5,98.1,2,68.97,0,89.18,108.27,91.89,4.16,Dune,sedan,fleet,42233
32,1,40222.87,183.26,2,85.48,1,100,114.42,101.06,4.1,Ember,suv,dealer,57026
32,8,109138.69,110.15,2,68.94,0,79.86,105.79,101.9,3.92,Aster,sedan,dealer,12372
32,6,119747.23,85.33,2,39.83,0,85.3,109.51,104.5,4.12,Boreal,compact,fleet,26414
32,12,161164.11,107.33,4,55.96,0,70.57,112.7,98.19,4.1,Aster,compact,private,6734
32,8,155310.11,46.44,2,57.66,1,75.39,112.92,101.59,4.05,Ember,wagon,dealer,3159
32,6,104809.91,167.37,3,73.6,0,86.01,111.43,104.57,4.09,Fjord,compact,fleet,36227
32,10,147567.42,82.91,3,74.36,0,80.52,110.93,100.86,4.09,Ember,van,dealer,17165
32,14,135636.01,120.6,4,51.58,1,68.15,109.47,102.43,3.81,Ember,compact,fleet,1200
32,5,97725.33,125.38,1,78.1,0,87.17,110.82,96.55,4.42,Fjord,suv,fleet,41142
32,3,38275.97,99.96,2,100,2,98.75,110.06,100.09,3.57,Ember,compact,private,29447
32,1,27475.51,87.48,2,74.27,0,88.22,109.19,93.71,4.17,Aster,sedan,private,30136
32,2,42975.52,188.31,1,66,0,100,112.65,98.49,3.83,Cobalt,compact,private,46410
32,0,14475.34,104.08,1,91.17,1,100,108.86,103.47,3.87,Boreal,sedan,dealer,44412
32,10,140387.94,117.51,3,54.85,2,88.35,105.96,99.26,4.1,Aster,suv,fleet,15838
32,7,102707.49,160.18,1,64.01,0,80.27,111.76,101.26,4.25,Ember,sedan,private,36113
32,4,75268.82,118.99,1,51.28,0,85.01,105.87,106.69,3.9,Boreal,suv,fleet,35572
32,6,147368.94,110.86,2,88.15,1,86,107.3,99.28,4.05,Aster,compact,fleet,13444
32,8,84359.97,150.69,4,87.11,0,73.02,107.79,92.98,3.82,Ember,van,fleet,25245
32,11,130939.59,165.2,2,55.72,0,83.05,107.81,104.67,3.89,Fjord,suv,private,45155
32,14,158699.2,94.04,5,32.08,1,63.16,109.14,98.82,3.92,Fjord,wagon,fleet,1200
32,16,191969.03,136.56,3,59.34,0,51.79,113.08,104.39,4.08,Boreal,suv,private,7974
32,0,19575.98,86.58,1,82.57,0,100,106.72,98.11,3.6,Fjord,compact,fleet,44150
32,6,88892,117.03,2,83.72,0,84.15,109.54,94.84,4.32,Boreal,suv,dealer,35390
32,9,140827.47,104.3,2,68.19,0,76.2,110.16,98.57,3.88,Ember,suv,private,29486
32,9,127065,94.54,3,57.59,1,61.93,114.5,104.9,4.17,Ember,sedan,dealer,4898
32,6,97516.36,175.78,1,63.57,1,83.34,105.32,96.42,4.48,Boreal,suv,private,49400
32,10,116059.18,86.47,3,68.34,0,73.06,109.42,103.76,3.85,Dune,compact,private,17228
32,13,185730.06,164.34,4,40.89,0,53.38,110.13,101.97,4.03,Aster,sedan,private,24287
32,2,69151.79,102.09,2,80.73,0,80.47,112.04,107.58,4.34,Cobalt,wagon,fleet,41286
32,12,155621.55,91.12,3,39.52,0,71.88,108.18,99.24,3.49,Aster,compact,fleet,1200
32,11,136958.84,124.41,4,39.88,0,78.81,112.2,106.29,3.67,Aster,suv,private,15743
32,2,57254.06,145.52,2,80.65,0,92.07,111.1,98.32,3.81,Ember,sedan,private,65454
32,11,123216.75,147.16,3,67.59,0,72.67,109.88,104.24,3.95,Cobalt,wagon,private,27663
32,9,150105.03,81.33,2,72.53,1,75.93,105,103.54,3.97,Fjord,compact,fleet,13469
32,6,117325.31,113.03,2,32.69,0,87.96,110.77,107.82,4.14,Aster,compact,fleet,8304
32,10,141000.86,63.75,2,46.04,0,60.76,115.24,105.2,4.03,Boreal,compact,dealer,27878
32,8,120421.54,111.11,1,55.56,0,80.62,101.29,97.87,3.77,Ember,wagon,private,15593
32,8,93190.7,170.87,3,30.87,0,74.37,111.83,101.44,3.88,Boreal,suv,dealer,41933
32,7,123743.55,106.29,3,89.59,1,81.88,107.31,98.31,3.33,Cobalt,suv,dealer,22016
32,12,176572.82,103.68,4,48.61,0,67.88,112.32,95.03,3.68,Boreal,sedan,private,26651
32,4,43335.25,114.41,1,94.44,0,93,110.75,102.19,4.03,Ember,van,dealer,29579
32,3,4613.89,69.39,2,80.84,0,93.05,111.77,94.09,3.67,Boreal,compact,fleet,23244
32,11,121796.73,103.93,3,40.93,0,72.86,110.61,105.54,4.18,Boreal,suv,private,27599
32,5,119631.73,132.31,2,48.26,0,74.35,107.73,100.21,3.65,Boreal,wagon,private,29625
32,8,155262.38,181.71,2,72.72,0,82.42,108.23,94.79,3.94,Cobalt,suv,private,36006
32,3,26115.03,99.45,1,71.02,1,79.56,111.15,100.78,3.55,Dune,wagon,dealer,45104
32,8,119691.74,78.2,4,74,1,66.77,111.47,96.84,3.55,Aster,wagon,fleet,1200
32,13,173967.75,60.81,3,37.39,0,58.3,111.3,100.16,3.97,Dune,van,dealer,4020
32,11,171293.36,152.27,3,58.61,1,76,112.11,101.22,3.69,Ember,sedan,private,7030
32,12,218001.48,92.23,3,54.57,0,68.6,106.98,100.12,4.13,Cobalt,wagon,dealer,16435
32,13,183273.41,172.38,3,52.5,0,62.01,113.98,103.94,3.86,Boreal,suv,dealer,22642
32,16,209720.02,140.43,5,44.01,1,55.96,104.25,100.77,3.67,Aster,compact,private,30613
32,10,143072.56,79.45,3,58.49,0,70.65,111.69,99.03,3.98,Dune,sedan,private,21660
32,13,178420.82,106.63,3,62.71,0,64.49,109.58,98.45,3.66,Boreal,compact,fleet,3514
32,11,132702.8,103.95,2,38.34,0,68.03,108.13,97.3,3.92,Aster,van,private,1200
32,6,72829.34,143.43,2,69.22,1,71.04,110.16,101.31,3.85,Boreal,suv,dealer,44286
32,12,142547.4,95.91,5,50.5,0,59.56,112.92,106.1,3.66,Boreal,compact,private,13309
32,10,148293.82,45,3,47.69,1,70.38,110.21,100.02,3.85,Aster,compact,dealer,1200
32,7,96102.61,102.7,2,59.02,0,86.83,110.02,101.07,3.82,Boreal,compact,fleet,14947
32,6,82271.95,154.68,1,88.21,0,77.93,112.31,111.3,4.06,Boreal,sedan,private,30436
32,13,170889.06,76.67,4,53.45,0,56.99,107.63,98.52,3.71,Ember,sedan,private,1200
32,4,54100.35,122.06,2,60.87,0,92.36,112.68,99.31,4.2,Boreal,sedan,fleet,31580
32,7,81086.63,106.83,3,69.53,0,71.71,112.47,102.27,3.95,Cobalt,suv,dealer,38575
32,13,185536.88,76.16,4,44.59,0,58.42,111.62,105.64,3.84,Fjord,compact,private,5362
32,1,500,77.48,2,93.72,0,99.62,112.35,98.77,4.21,Aster,compact,fleet,24850
32,12,162430.97,77.73,3,29.57,1,68.88,111.18,99.7,4.01,Dune,sedan,fleet,19923
32,13,166107.19,76.77,3,54.64,0,59.66,111.55,101.94,3.53,Boreal,compact,dealer,17961
32,0,2825.55,132.27,1,67.89,0,94.65,111.78,103.89,4.27,Cobalt,sedan,dealer,55409
32,11,121980.72,116.47,3,56.12,0,61.43,105.53,92.04,4.25,Dune,van,private,36186
32,11,173355.92,71.39,3,76.47,1,76.93,109.94,98.82,3.93,Fjord,van,private,6672
32,9,133186.62,87.29,2,21.29,0,72.8,108.94,102.81,3.63,Dune,van,fleet,38650
32,4,44374.55,60.12,2,89.32,1,74.34,109.14,107.39,3.51,Boreal,wagon,private,53595
32,8,81874.14,101.88,1,50.76,0,79.99,116.29,92.88,3.9,Aster,van,dealer,19792
32,7,60277.94,105.85,3,75.43,1,73.05,111.66,103.19,4.15,Fjord,wagon,private,11868
32,13,224857.23,138.6,5,50.62,1,64.55,112.83,103.84,3.88,Ember,compact,private,1200
32,7,110545.16,135.36,3,53.82,0,83.1,110.73,104.51,3.8,Fjord,sedan,dealer,34169
32,6,79522.73,127.03,3,84.11,0,82.74,106.98,105.46,3.79,Dune,suv,fleet,44638
32,4,61043.77,149.91,1,95.73,0,77.95,112.18,97.9,3.92,Ember,suv,fleet,49304
32,12,149022.82,121.8,4,44.43,0,71.9,107.85,95.45,4.13,Boreal,sedan,dealer,36064
32,2,56996.78,130.88,1,77.1,0,90.81,112.02,98.54,3.86,Cobalt,sedan,fleet,39774
32,8,105820.25,127.33,2,37.89,1,87.08,113.41,98.69,3.99,Cobalt,van,private,23337
32,14,233687.23,106.9,5,49.7,0,52.04,109.52,101.15,4.05,Cobalt,suv,private,36912
32,10,163452.15,77.98,3,43.39,0,69.22,112.09,101.41,3.69,Dune,compact,private,22603
32,1,40012.98,115.19,1,66.62,0,85.72,113.75,100.89,3.92,Aster,suv,private,39476
32,14,183818.67,108.58,3,44.32,0,57.41,111.69,102.48,3.82,Fjord,suv,dealer,1200
32,11,156469.67,130.11,3,67.91,0,73.18,111.11,98.82,4.08,Aster,compact,fleet,4269
32,4,82636.23,132.26,1,76.42,0,85.11,103.65,104.14,3.55,Boreal,sedan,dealer,27852
32,7,136042.42,61.86,3,61.18,1,90.95,113.03,106.83,3.5,Boreal,compact,fleet,2338
32,18,251416.39,149.59,5,70.75,0,56.25,109.01,97.2,3.44,Dune,wagon,fleet,6767
32,11,173992.16,96.09,3,30.53,1,71.77,105.91,94.27,4.25,Boreal,sedan,fleet,14942
32,14,194019.39,140.83,3,59.73,1,61.06,105.35,102.66,3.9,Dune,van,private,10383
32,6,108727.25,147.51,2,81.95,1,88.15,112.17,99.64,4.08,Dune,compact,private,36306
32,7,118101.35,97.36,2,70.25,1,78.03,106,110.42,4.05,Ember,suv,dealer,29439
32,2,27526.14,154.73,1,46.41,1,99.44,109.19,102.5,3.64,Fjord,wagon,fleet,39173
32,10,153477.11,103.73,3,55.3,0,67.01,111.81,102.48,4.06,Aster,wagon,dealer,25381
32,12,106768.47,104.51,4,53.58,0,82,113.5,104.16,4.34,Cobalt,sedan,dealer,35821
32,1,60106.64,165.03,1,83.67,1,96.56,110.19,108.22,3.8,Aster,suv,fleet,58458
32,5,91729.65,108.79,2,54.65,0,89.94,108.4,104.38,3.77,Boreal,suv,fleet,38393
32,7,130472.45,64,2,67.49,2,85.32,111.16,102.2,3.82,Fjord,sedan,fleet,11797
32,10,167697.03,91.61,4,59.36,0,72.19,110.9,95.14,3.59,Boreal,compact,fleet,8942
32,18,227468.91,125.39,5,62.9,1,57.45,111.84,101.12,3.95,Cobalt,suv,private,28968
33,5,80571.8,71.92,2,58.05,1,78.43,112.74,95.16,3.89,Cobalt,sedan,private,32322
33,7,73258.58,151.49,2,61.78,0,89.29,108.95,94.86,4.1,Dune,suv,private,56936
33,7,141258.98,157.84,2,56.17,0,91.9,107.54,98.78,4.13,Fjord,wagon,dealer,24792
33,8,121249.91,107.91,2,67.31,0,70.17,112.62,100.5,3.84,Boreal,sedan,dealer,34473
33,2,23311.01,151.75,2,66.18,0,96.61,105.88,96.61,4.05,Cobalt,sedan,dealer,50249
33,0,500,76.38,1,70.41,0,100,107.43,103.25,3.87,Ember,wagon,dealer,44384
33,7,107520.29,134.99,3,77.53,0,82.75,106.02,110.77,3.68,Boreal,suv,dealer,39474
33,16,221044.49,126.52,3,37.7,1,72.54,109.62,101.66,3.49,Cobalt,compact,dealer,1200
33,8,112397.99,202.06,2,56.33,0,82.89,107.93,100.29,4.18,Dune,sedan,fleet,46747
33,9,119436.89,79.14,2,63.03,1,67.59,111.35,99.35,3.86,Boreal,compact,fleet,32210
33,7,132636.03,101.77,1,82.49,1,84.13,111.52,103.64,4.07,Aster,van,private,32822
33,8,130032.47,124.74,3,59.06,0,74.34,109.22,100.43,3.75,Boreal,compact,private,13546
33,6,128015.13,152.27,3,72.42,0,92.2,108.25,98.66,3.74,Aster,suv,dealer,37576
33,8,115314.6,62.47,2,41.83,0,77.51,111.86,98.88,3.91,Ember,compact,fleet,16071
33,7,81919.8,188.49,2,54.93,0,79.12,112.71,102.19,3.51,Boreal,suv,dealer,56604
33,17,230285.53,50.74,5,41.02,0,58.07,113.02,107.33,3.89,Cobalt,compact,fleet,23931
33,7,123503.23,118.9,2,79.55,1,79.61,117.99,105.5,3.95,Boreal,van,fleet,37466
33,4,67682.42,84.16,1,62.32,0,84.34,113.94,102.14,3.98,Aster,wagon,private,36968
33,14,207869.39,139.43,3,25.68,0,60.37,108.4,100.01,3.63,Cobalt,suv,dealer,57893
33,13,179602.45,57.73,3,72.61,0,61.15,110.84,104.97,3.64,Ember,compact,fleet,1200
33,3,33861.83,84.8,1,43.8,0,94.35,110.01,104.12,3.61,Cobalt,wagon,private,40845
33,9,157588.17,125.31,2,73.74,0,77.78,108.2,96.12,3.88,Dune,compact,fleet,22581
33,4,13346.78,158.65,2,84.88,1,94.63,106.3,92.26,3.93,Dune,suv,dealer,67611
33,9,156150.06,75.18,3,58.33,0,75.63,108.55,90.23,3.85,Boreal,sedan,fleet,11370
33,12,168961.54,115.54,4,73.19,0,66.06,111.09,106.84,4.01,Cobalt,sedan,private,33747
33,11,174691.22,102.98,4,61.57,0,74.59,112.79,99.96,3.8,Dune,suv,fleet,21653
33,12,195824.6,108.12,3,56.15,1,62.72,116.71,100.37,3.55,Aster,van,fleet,1200
33,3,45579.89,110.51,3,81.31,0,78.89,110.05,99.54,4.25,Aster,wagon,private,25935
33,8,106552.59,97.56,3,76.63,0,67.56,113.86,109.12,3.81,Boreal,sedan,fleet,27895
33,13,230227.45,55.26,4,50.09,1,67.87,111.47,100.18,3.89,Cobalt,van,dealer,13772
33,1,5159.96,123.25,1,54.85,0,96.43,109.04,102.35,3.74,Aster,sedan,private,37760
33,3,112271.04,105.53,1,68.49,1,85.17,112.99,93.72,3.99,Aster,wagon,private,26658
33,10,161192.98,95.72,2,38.4,1,71.12,107.05,99.62,3.85,Boreal,compact,dealer,19709
33,8,103055.31,77.4,3,86.67,0,75.75,111.13,101.68,3.96,Aster,compact,private,21075
33,7,124235.47,67.84,2,65.72,1,86.06,115,106.87,4.08,Cobalt,compact,dealer,31192
33,14,214365.27,104.77,5,43.38,0,59.41,113.94,94.76,3.77,Boreal,sedan,fleet,1200
33,9,123514.79,120.63,3,74.6,0,73.63,108.97,104.37,4.12,Aster,compact,fleet,29340
33,5,47259.3,139.11,2,84.29,0,86.06,119.09,99.96,3.85,Fjord,suv,dealer,53970
33,11,142198.18,104.12,3,61.4,0,74.97,112.56,108.74,3.69,Fjord,sedan,dealer,10916
33,8,92117.83,162.98,2,62.78,0,75.95,109.04,104.15,4.03,Fjord,van,private,32340
33,16,256803.33,80.33,3,41.76,0,55.26,118.05,100.23,3.83,Cobalt,sedan,private,10842
33,10,152675.91,77.21,1,39.52,0,77.55,111.97,98.39,4.11,Cobalt,compact,dealer,24291
33,0,500,102.61,1,89.9,0,93.95,110.7,101.88,3.42,Aster,sedan,dealer,46196
33,16,239595.17,156.49,4,34.55,0,55.89,110.83,106.39,4.07,Boreal,suv,private,17235
33,12,141893.73,138.89,4,53.75,1,63.62,113.55,100.88,3.99,Cobalt,compact,fleet,1200
33,9,125212.81,87.32,2,74.66,0,79.96,106.45,103.49,3.9,Boreal,wagon,private,28487
33,12,208682.46,92.1,3,47.57,2,64.69,108.22,104.22,3.93,Ember,wagon,dealer,9011
33,11,139381.99,129.11,4,63.33,0,70.67,110.48,104.59,4.06,Aster,suv,private,15222
33,9,135215.4,119.07,2,90.02,0,69.37,111.07,101.87,4.27,Dune,suv,fleet,31745
33,12,147881.52,133.12,4,83.49,0,71.35,109.22,108.59,3.8,Aster,suv,private,11160
33,6,63622.86,144.34,2,76.91,0,89.76,109.19,107.23,4.11,Boreal,suv,private,48280
33,5,74618.17,95.79,1,76.66,0,84.82,110.15,103.64,3.96,Aster,suv,fleet,23666
33,8,136439.08,105.81,2,67.29,1,83.3,112.13,106.02,4.12,Ember,suv,dealer,39055
33,3,57762.67,140.94,1,79.48,0,97.59,115.06,102.85,4,Cobalt,compact,private,44317
33,8,142837.49,99.99,3,62.06,0,80.93,113.05,98.47,4.04,Aster,suv,private,31227
33,10,99038.33,128.9,4,64.93,0,63.3,107.79,93.82,4.04,Boreal,sedan,private,28336
33,5,95734.62,99.08,3,77.84,1,98.76,110.14,102.3,4.15,Aster,compact,dealer,25276
33,5,62326.68,99.92,2,53.81,1,76.87,108.89,101.11,4.27,Aster,suv,dealer,38607
33,9,164020.8,87.59,3,79.87,1,79.33,110.11,106.21,4.06,Boreal,sedan,private,1460
33,15,201201.03,114.16,4,51.34,0,62.59,112.66,95.6,3.6,Boreal,sedan,private,7489
33,12,150470.19,64.52,3,41.65,1,61.71,109.15,101.99,3.89,Fjord,wagon,fleet,2258
33,5,81053.48,95.68,2,82.06,0,89.56,110.33,102.6,4.07,Cobalt,compact,private,33824
33,14,199272.41,126.97,4,51.4,0,66.94,110.28,104.59,3.64,Ember,suv,fleet,29013
33,8,113951.87,92.48,4,49,0,70.99,108.67,106.72,4.19,Dune,van,fleet,25070
33,7,126291.33,145.55,2,74.76,1,94.85,111.22,106.1,3.99,Cobalt,suv,fleet,42865
33,10,126129,144.43,4,78.85,0,75.62,110.14,100.49,3.65,Aster,compact,dealer,6819
33,4,43747.88,190.09,2,67.39,0,90.99,106.2,97.96,3.95,Fjord,suv,private,52643
33,10,156318.15,109.54,4,88.68,0,69.93,107.92,96.04,4.23,Cobalt,compact,fleet,34150
33,7,105465.55,177.26,3,40.31,1,84.32,116.02,97.91,3.94,Ember,compact,private,4935
33,10,161517.11,147.4,3,49.48,0,68.27,113.32,104.92,3.65,Ember,suv,fleet,39796
33,6,88144.25,154.34,3,72.39,0,85.74,110.18,100.82,3.62,Cobalt,suv,private,52840
33,10,118775.21,75.3,3,70.95,0,72.91,112.38,105.69,4.26,Cobalt,sedan,fleet,15839
33,7,108929.16,105.48,1,62.42,0,84.24,109.68,108.52,3.75,Fjord,sedan,private,20402
33,12,155927.35,101.3,5,64.93,0,74.47,111.24,97.23,3.97,Fjord,wagon,private,25884
33,10,181855.17,174.45,2,55.27,0,72.15,110.16,96.83,3.9,Cobalt,suv,dealer,45264
33,8,85903.01,81.63,3,72.4,0,76.53,111.04,102.03,4.03,Cobalt,sedan,private,33107
33,15,208449.86,135.41,4,55.46,1,54.74,114.98,101.27,3.79,Fjord,suv,dealer,18705
33,11,176705.25,153.62,3,70.84,1,75.42,110.53,101.39,4.08,Fjord,van,dealer,17485
33,10,162287.96,68.13,3,83.22,0,76.63,107.15,108.44,4.25,Fjord,wagon,fleet,18652
33,10,167954.2,86.8,4,72.84,1,68.02,108.44,97.29,4,Dune,sedan,private,34526
33,6,63720.52,75.53,2,62.44,0,85.09,113.27,99.32,4.09,Ember,suv,dealer,36783
33,1,16324.19,115.6,2,82.81,0,95.19,112.92,104.54,3.77,Boreal,compact,dealer,37338
33,6,128865.84,169.7,3,86.05,0,81.51,111.61,97.52,4.13,Ember,compact,fleet,25854
33,5,87688.42,154.41,2,52.05,0,82.08,111.88,106.63,3.87,Cobalt,suv,private,54991
33,10,122418.25,57.88,3,59.25,0,73.6,111.7,106.8,4,Aster,sedan,fleet,9062
33,4,63520.46,193.08,1,74.77,0,89.47,113.72,95.77,3.84,Dune,suv,fleet,48006
33,9,199234.32,134.64,1,55.35,0,79.81,112.08,97.35,3.73,Cobalt,compact,private,30178
33,7,103269.3,145.13,3,62.99,0,76.11,111.13,98.5,3.85,Boreal,suv,dealer,48024
33,6,94853.47,88.05,3,65.1,0,81.24,116.51,94.91,3.88,Cobalt,wagon,private,37081
33,5,84603.96,45,3,41.63,0,82.64,112.18,100.11,3.98,Aster,wagon,dealer,29404
33,8,107793.11,132.73,3,45.27,0,78.09,114.96,103.86,4.09,Ember,compact,dealer,28463
33,13,155457.01,142.85,4,54.95,1,54.69,109.85,104.6,3.64,Boreal,van,dealer,5170
33,3,83948.13,67.15,1,82.02,0,88.99,107.52,96.37,4.23,Cobalt,compact,dealer,32480
33,10,166086.2,46.43,3,59.35,2,66,113.04,100.13,3.56,Aster,wagon,private,19900
33,0,500,124.54,1,97.99,0,99.53,113.24,104.65,3.77,Dune,compact,dealer,50414
33,7,89491.78,112.39,4,50.08,0,78.25,104.05,102.39,3.62,Fjord,sedan,private,16745
33,10,163169.36,170.84,3,47.08,1,83.52,109.21,103.98,4.28,Ember,suv,private,20923
33,6,123822.24,93.73,1,66.82,1,80.56,109.25,105.26,4.05,Dune,sedan,private,53527
33,9,157385.15,56.54,2,56.11,1,76.45,109.69,107.44,3.89,Dune,sedan,private,29165
33,2,66807.77,86.41,1,52.26,0,90.82,107.68,102.66,4.15,Aster,suv,fleet,38544
33,8,77661.63,82.89,2,93.98,0,78.61,107.21,94.68,4.19,Aster,compact,fleet,13441
33,7,93927.27,45,4,74.61,0,67.18,107.33,98.5,3.97,Boreal,sedan,dealer,28901
33,13,160752.8,139.78,5,69.74,0,58.83,106.06,98.52,3.89,Cobalt,wagon,fleet,1200
33,12,168779.57,88.41,3,48.29,0,65.41,111.61,102.09,3.91,Boreal,compact,dealer,11932
33,4,64919.03,117.12,3,67.56,0,91.79,107.48,106.66,3.67,Boreal,sedan,fleet,28592
33,4,69379.89,78.48,2,68.44,0,80.04,116.21,103.52,3.89,Aster,van,dealer,24653
33,5,51660.86,136.65,2,81.09,1,92.01,113.05,100.02,4.14,Boreal,suv,fleet,39144
33,16,241485.1,81.45,4,67.35,0,54.42,110.43,102.94,4.34,Aster,sedan,dealer,1200
33,8,128493.57,143.16,3,77.89,0,71.46,111.74,94.3,3.86,Boreal,suv,fleet,17355
33,5,97634.18,137.28,2,57.71,1,82.6,115.31,96.71,4.24,Boreal,suv,dealer,53892
33,13,211747.9,90.61,2,58.31,1,51.36,115.47,107.02,3.92,Boreal,suv,dealer,1945
33,10,210560.22,164.34,3,53.64,0,68.73,113.26,102.99,4.12,Aster,suv,private,11004
33,8,113260.01,130.17,2,45.63,1,92.27,109.21,102.58,4.35,Aster,wagon,private,6452
33,5,80624.06,118.95,3,78.45,0,95.68,110.67,100.53,3.66,Aster,compact,fleet,14714
33,7,104325.98,122.51,3,66.57,1,78.02,107.54,110.1,4.02,Boreal,wagon,private,27354
33,12,161050.97,118.29,4,62.75,0,69.3,108.07,93.71,3.98,Fjord,suv,dealer,13928
33,7,73145.13,100.9,1,81.35,1,85.72,112.38,94.32,4.07,Ember,van,dealer,21814
33,16,238739.47,79.31,4,40.89,1,55.51,109.33,101.61,4.06,Fjord,sedan,dealer,10901
33,11,152324.81,84.28,4,35.76,1,59.09,110.22,92.94,3.59,Fjord,compact,fleet,10839
33,16,235738.91,128.04,5,53.36,0,56.7,108.65,100.31,4.09,Aster,sedan,fleet,7176
33,13,132756.25,204.9,4,43.5,0,71.81,110.89,101.63,3.77,Cobalt,suv,fleet,45966
33,8,70171.36,106.16,2,53.2,0,71.67,112.54,101.5,3.92,Aster,sedan,fleet,18283
33,4,22192.74,112.66,1,74.87,0,83.29,115.79,100.95,3.86,Fjord,suv,dealer,68653
33,11,139794.41,102.52,2,46.85,0,64.58,112.98,105.88,4.07,Ember,suv,fleet,1200
33,8,145656.3,127.68,2,52.39,0,77.8,110.53,103.7,3.84,Fjord,suv,fleet,31110
34,9,138705.46,105.48,2,38.26,1,72.73,112.94,101.96,3.84,Fjord,compact,fleet,16917
34,6,115594.4,96.94,1,38.74,0,78.94,116.22,106.95,4.22,Boreal,compact,private,32899
34,11,110569.64,76.63,4,47.16,0,65.3,110.14,103.67,3.72,Aster,suv,dealer,33690
34,5,40455.68,166.85,2,57.88,0,89,113.11,103.53,4.36,Ember,suv,fleet,43551
34,6,45701.38,98.53,2,68.22,0,78.41,111.18,103.02,4.13,Ember,wagon,private,30312
34,13,143168.28,102.35,3,20,0,62.33,109.68,106.41,3.96,Fjord,compact,private,41636
34,12,220327.09,80.6,3,72.04,0,61.63,112.37,101.07,4.16,Ember,compact,fleet,3911
34,9,133328.73,84.66,4,58.03,0,73.16,111.76,93.39,3.91,Cobalt,suv,dealer,25835
34,16,237978.87,55.31,6,20,1,51.33,113.18,96.83,4.1,Boreal,wagon,dealer,16675
34,16,236675.27,134.75,3,58.62,0,62.48,113.2,105.74,3.97,Boreal,compact,dealer,1200
34,11,176897.15,113.9,3,46.63,0,71.07,110.07,101.72,4.14,Boreal,suv,fleet,16227
34,11,149996.48,144.77,1,72.72,0,70.49,113.54,100.91,4.03,Boreal,suv,dealer,29221
34,5,64130.67,161.68,1,70.07,1,88.26,108.87,96.72,3.79,Fjord,sedan,dealer,40268
34,9,117524.74,45,2,56.81,0,75.22,112.35,99.43,3.95,Cobalt,wagon,fleet,18921
34,6,101598.49,117.18,2,73.65,0,76.62,110.99,107.06,4.03,Boreal,suv,private,36402
34,8,85864.81,71.26,2,39.94,1,75.92,106.97,101.84,3.98,Aster,compact,private,34498
34,14,182618.88,153.99,4,68.32,1,64.77,109.78,113.17,4.07,Aster,compact,private,1200
34,7,52969.19,99.67,3,62.87,0,82.8,114.94,100.2,4.04,Cobalt,compact,private,23248
34,17,234801.55,61.91,4,42.88,0,57.6,110.68,101.34,3.81,Ember,compact,private,1200
34,14,228803.46,45,4,45.93,0,68.21,107.3,104.08,4.36,Aster,sedan,dealer,1200
34,10,129257.03,88.32,3,60.68,0,70.41,107.14,95.95,3.85,Cobalt,suv,dealer,38676
34,0,500,95.88,1,71.17,0,93.34,112.56,96.56,4.09,Boreal,sedan,private,40129
34,8,99799.94,85.61,2,69.26,1,73.79,114.44,104.4,4.04,Cobalt,sedan,private,23847
34,6,51807.83,198.6,2,70.03,0,86.8,117.41,105.81,3.86,Ember,suv,fleet,22438
34,14,163500.84,118.49,4,40.28,2,62.19,110.83,95.64,4.44,Aster,sedan,private,1200
34,14,203214.14,133.27,4,58.64,1,60.31,109.19,97.77,3.95,Aster,compact,fleet,1200
34,11,199454.83,160.52,2,60.51,0,59.48,111.31,107.34,3.91,Aster,suv,private,17002
34,7,115074.47,110.96,2,64.85,0,75.56,106.18,105.1,3.71,Aster,suv,fleet,28843
34,0,13601.12,148.04,1,74.9,1,100,116.14,96.84,3.8,Ember,suv,dealer,53379
34,2,63203.22,139.55,2,72.36,0,92.34,113.58,95.68,4.33,Dune,compact,dealer,54538
34,10,146818.06,86.67,3,63.08,0,66.32,108.85,98.62,4.22,Ember,compact,fleet,18722
34,8,99363.63,112.52,4,56.34,0,77.16,114.66,100.77,3.86,Aster,sedan,dealer,18380
34,9,72878.29,99.29,3,72.86,0,78.41,109.81,101.68,3.93,Dune,compact,dealer,34245
34,5,68775.17,101.99,2,42.86,0,82.3,109.14,94.52,3.79,Ember,sedan,private,31194
34,9,154838.31,127.92,3,55.45,0,70.58,110.19,104.12,4.05,Fjord,sedan,private,23262
34,10,157869.49,139.38,2,69.38,1,67.42,109.87,98.23,3.91,Fjord,sedan,dealer,2502
34,10,163163.73,78.81,3,85.2,1,75.02,107.06,105.13,3.67,Fjord,compact,dealer,28056
34,11,191317.77,137.43,3,46.46,0,73.62,111.44,97.58,4,Boreal,suv,dealer,26824
34,0,61097.35,195.01,2,74.95,0,100,113.92,95.59,4.33,Boreal,suv,private,55470
34,12,175125.91,128.51,4,48.46,0,84.23,114.99,103.58,3.65,Boreal,suv,private,22832
34,15,179580.6,200.31,4,55.39,1,58.8,110.98,105.95,4,Boreal,suv,private,1200
34,13,185128.87,130.5,4,37.45,0,57.55,109.16,104.93,3.77,Aster,compact,dealer,12581
34,4,87840.73,132.32,2,71.51,0,93.76,112.17,99.58,3.83,Aster,wagon,fleet,38247
34,4,60616.66,124.92,2,69.71,0,93.87,107.04,102.35,3.78,Fjord,compact,private,22909
34,5,88755.73,45,2,56.31,1,86.87,108.89,100.3,3.98,Ember,sedan,fleet,28643
34,11,187037.71,100.88,4,60.36,1,77.87,111.36,99.06,3.93,Aster,compact,fleet,1200
34,13,172200.98,81.32,4,60.9,0,60.05,110.4,102.62,4.24,Aster,wagon,private,14350
34,10,181185.42,222.93,4,51.93,1,68.79,109.06,103.12,4.1,Ember,suv,fleet,33000
34,9,154233.93,135.93,4,37.94,0,72.26,112.09,98.2,3.82,Boreal,suv,dealer,47731
34,12,119664.93,107.38,4,64.23,0,61.39,112.55,103.26,3.84,Boreal,compact,fleet,12373
34,11,209923.41,169.72,3,59.62,0,70.39,110.3,96.79,4.04,Aster,wagon,private,6964
34,10,147278.39,80.76,4,59.13,1,66.97,112.23,102.36,3.89,Ember,sedan,private,10468
34,14,211591.07,68.5,3,52.67,1,58.49,112.1,100.61,3.95,Cobalt,van,private,1200
34,5,68359.84,100.05,2,63.18,0,95.31,108.62,98.83,3.89,Dune,wagon,private,39996
34,4,43907.73,140.45,2,25.32,0,88.54,114.08,106.77,3.88,Fjord,sedan,fleet,36466
34,10,139006.3,110.61,2,62.73,1,72.07,111.91,103.76,3.89,Boreal,van,dealer,13099
34,16,242683.8,132.38,5,47.64,0,56.59,109.99,101.76,4.09,Boreal,compact,private,4582
34,11,147239.53,87.19,4,64.37,0,66.28,107.66,102.83,3.86,Fjord,van,dealer,16056
34,2,46977.06,107.13,2,77.18,0,89.58,104.86,96.54,3.89,Boreal,suv,dealer,47781
34,10,126183.3,53.17,3,72.3,0,80.69,112.93,105,3.96,Aster,wagon,dealer,4907
34,6,94185.14,64.7,1,58.94,1,88.87,104.37,106.54,4.1,Cobalt,compact,dealer,25979
34,12,169990.66,154.53,2,58.43,0,71.04,109.16,98.68,3.79,Aster,sedan,dealer,22434
34,9,154097.82,110.04,3,72.73,1,76.98,107.25,101.04,4.2,Cobalt,compact,fleet,12181
34,6,53385.53,76.54,2,47.03,0,69.89,108.5,104.47,3.93,Cobalt,sedan,dealer,38237
34,10,154279.84,76.53,2,59.96,2,78.67,108.86,103.21,4.05,Fjord,compact,fleet,2916
34,11,130889.86,94.74,3,54.88,1,68.9,109.29,105.58,3.56,Fjord,compact,dealer,24200
34,11,172882.35,155.5,2,57.7,0,66.46,111.04,107.74,4.4,Boreal,compact,fleet,18419
34,11,129172.68,101.41,2,51.91,0,69.17,111.85,104.09,3.75,Cobalt,suv,private,49455
34,6,51867.89,134.97,2,79.19,0,90.97,109.42,104.91,3.88,Aster,suv,dealer,41372
34,10,126316.63,181.39,3,49.61,1,73.65,112.81,98.93,3.85,Cobalt,suv,dealer,50937
34,7,121621.87,140.95,3,53.67,0,88.52,112.62,102.65,3.78,Boreal,van,fleet,31354
34,7,130145.77,81.55,2,65.62,2,81.8,110.77,103.5,3.31,Aster,van,fleet,10720
34,10,166675.16,141.02,3,68.14,0,76.22,114.37,104.24,3.93,Boreal,van,fleet,26178
34,17,227077.23,139.76,5,31.94,0,57.9,118.26,103.05,4.09,Aster,compact,dealer,1200
34,7,128779.8,85.12,2,73.16,0,71.03,108.57,101.75,3.76,Cobalt,compact,private,19658
34,14,190670.32,71.73,4,60.2,0,45.86,109.19,109.59,4.01,Ember,compact,private,1200
34,9,170320.93,82.59,2,54.32,0,72.24,112.33,101.97,4.04,Ember,compact,dealer,15530
34,4,56146.51,174.64,2,67.37,0,86.79,115.73,104.05,3.74,Cobalt,suv,private,55885
34,18,253085.15,125.17,4,58.95,0,47.84,114.99,107.54,4.35,Cobalt,compact,fleet,1200
34,12,189905.21,131.89,4,50.02,0,63.29,109.71,101.51,3.77,Fjord,sedan,dealer,18216
34,10,173218.98,98.7,2,54.8,0,69.44,110.68,99.75,3.74,Ember,compact,private,15487
34,11,182660.05,214.56,2,43.63,0,73.12,115.78,104.56,3.99,Cobalt,suv,private,24457
34,7,110269.14,176.44,3,69.4,0,78.39,112,104.91,3.74,Dune,suv,fleet,42877
34,15,180698.87,151.45,4,77.08,0,62.01,114.75,103.85,4.05,Boreal,sedan,private,16730
34,9,128572.97,70.81,2,48.05,0,76.31,111.53,105.29,3.99,Fjord,compact,fleet,19970
34,6,135471.86,142.28,2,70.9,1,92.46,112.41,98,3.75,Ember,suv,dealer,38373
34,11,165925.43,134.64,4,76.26,0,70.17,117.54,101.13,4.35,Cobalt,van,private,18732
34,8,108140.82,82.89,2,37.78,0,82.79,108.85,103.68,3.64,Aster,compact,dealer,8390
34,11,126323.73,97.71,4,68.39,0,66.93,113,103.87,3.84,Fjord,compact,fleet,12208
34,10,131347.76,129.7,3,31.48,1,72.35,108.05,97.42,3.98,Aster,compact,dealer,2334
34,7,62949.48,134.59,2,62.34,0,70.93,109.3,102.16,3.72,Dune,compact,fleet,27780
34,5,65198.27,78.13,1,72.12,0,82.48,107.82,99.8,3.87,Boreal,sedan,fleet,14933
34,5,124332.99,94.72,2,73.7,0,85.34,112.19,100.34,4.19,Boreal,compact,private,25322
34,12,107555.6,112.49,3,52.12,0,59.08,111.73,96.53,4.11,Ember,compact,dealer,20100
34,6,82634.28,97.83,3,60.42,0,87.85,113.88,112.53,3.74,Boreal,wagon,dealer,39550
34,13,178481.83,128.09,3,54.53,0,60.24,111.22,105.32,3.71,Aster,compact,private,1200
34,8,123164.15,104.84,2,83.44,1,72.14,113.2,100.26,3.66,Aster,suv,private,17428
34,9,163009.77,45.97,2,47.63,1,86.21,112.32,107.73,4.01,Boreal,wagon,dealer,26057
34,12,173319.19,81.84,3,75.87,1,72.22,107.42,104.39,3.86,Ember,wagon,private,11068
34,9,111952.37,96.52,4,67.18,0,82.62,112.93,98.28,4.37,Ember,sedan,private,20389
34,13,162608.91,128.83,4,79.92,0,65.29,110.47,104.93,3.75,Boreal,suv,dealer,26988
34,10,93003.59,130.03,3,61.89,1,63.64,111.75,102.3,3.67,Boreal,van,fleet,20876
34,10,156719.93,123.06,2,65.15,0,59.27,107.18,98.18,3.98,Cobalt,suv,private,24094
34,7,106511.05,55.39,2,69.2,1,71.3,109.2,105.12,3.79,Ember,sedan,fleet,10625
34,9,169821.18,115.33,3,68.03,0,77.32,109.22,101.63,3.84,Dune,sedan,fleet,26537
34,11,191808.48,123.75,3,59.56,0,73.47,104.45,98.79,3.83,Cobalt,sedan,dealer,27905
34,8,102140.96,90.68,3,69.05,0,87.36,113.83,111.29,4.04,Boreal,compact,fleet,20016
34,2,30990.53,96.1,2,99.25,0,86.19,103.76,97.89,3.94,Fjord,compact,dealer,31764
34,3,59604.92,121.34,2,69.56,1,86.08,109.79,101.58,4.25,Boreal,suv,dealer,40178
34,4,59674.99,108.6,3,83.06,0,87.88,109.01,105.49,4.13,Cobalt,wagon,private,39793
34,6,80808.33,93.49,3,64.56,0,95.79,113.19,102.45,3.97,Aster,sedan,private,28324
34,8,110945.31,91.49,2,46.36,0,81.51,108.92,103.09,3.82,Fjord,sedan,dealer,36659
34,6,127469.63,169.22,3,72.59,0,80.02,106.89,101.84,3.76,Cobalt,suv,dealer,36762
34,7,104366.03,109.02,3,44.78,0,83.1,115.73,106.56,3.72,Boreal,van,dealer,34506
34,12,193261.47,58.04,3,61.9,0,68.37,113.91,101.12,3.96,Cobalt,compact,private,16956
34,1,5842.02,119.63,2,92.19,0,100,111.43,97.89,3.85,Fjord,sedan,private,33011
34,10,167521.36,127.05,3,74.25,0,69.96,110.6,105.24,3.77,Cobalt,sedan,fleet,41266
34,5,71922.16,80.15,2,66.14,1,84.46,106.59,103.14,3.88,Ember,wagon,dealer,21509
34,7,114414.5,103.47,3,39.34,1,75.77,109.91,96.37,4.07,Cobalt,wagon,dealer,21566
34,9,104059.47,84.85,2,65.81,0,68.42,110.06,99.83,4.04,Ember,van,private,10570
34,3,57681.58,130.33,2,60.16,0,94.33,109.01,104.99,4.11,Cobalt,compact,fleet,34598
34,8,123235.63,120.24,3,63.16,0,73.4,114.53,104.62,3.95,Cobalt,compact,fleet,16830
34,12,168570.84,171.72,3,38.24,0,49.48,112.92,100.56,3.81,Fjord,suv,private,10427
34,10,133158.64,117.9,3,41.83,1,68.3,104.62,110.7,3.88,Ember,sedan,private,1200
34,13,149889.44,60.24,4,62.61,0,73.25,108.45,106.43,3.79,Aster,wagon,private,2623
35,6,99784.36,109.04,3,44.22,1,81.44,109.92,106.32,3.98,Boreal,wagon,dealer,18792
35,8,53098.91,82.65,3,46.81,0,78.14,111.92,108.45,3.8,Fjord,compact,dealer,28877
35,11,131304.64,148.92,4,50.21,0,73.7,108.78,98.67,4.02,Cobalt,suv,fleet,27894
35,4,90674.12,176.55,2,59.32,1,84.7,103.02,103.61,3.92,Dune,compact,private,47603
35,4,75143.07,87.48,1,70,0,93.18,113.5,102.19,4.14,Boreal,sedan,private,30296
35,9,157985.92,69.03,2,42.48,0,77.05,107.97,105.53,3.76,Boreal,wagon,private,6097
35,8,124796.97,108.46,2,64.63,1,86.61,109.85,103.06,3.99,Fjord,sedan,private,20685
35,12,179092.37,87.68,5,70.84,2,65.95,116.67,98.12,4.05,Ember,wagon,private,1200
35,8,123345.27,134.29,3,53.3,0,67.06,111.03,100.78,3.96,Fjord,compact,dealer,11083
35,2,20425.79,163.94,1,75.78,0,89.46,114.47,103.28,3.98,Aster,sedan,dealer,43540
35,3,20208.22,83.38,1,72.71,0,93.08,111.51,103.43,3.84,Cobalt,compact,dealer,48120
35,9,87082.78,58.55,2,65.32,1,73.8,111.7,102.97,3.92,Cobalt,suv,dealer,10802
35,4,27048.16,124.68,3,72.86,1,85.6,107.78,99.49,3.58,Cobalt,suv,fleet,37788
35,10,116401.91,119.85,4,49.89,0,61.2,113.44,107.74,3.97,Boreal,wagon,fleet,7863
35,4,61588.07,85.84,2,61.12,0,84.29,111.36,99.65,3.93,Ember,van,dealer,37031
35,5,116763,60.79,3,82.54,1,89.7,110.63,101.52,3.65,Dune,sedan,dealer,28944
35,13,158877.28,182.05,4,44.38,0,71.23,113.69,101.22,3.74,Ember,suv,fleet,14439
35,17,226767.74,132.23,5,38.06,0,51.91,112.84,106.02,3.87,Boreal,wagon,dealer,25780
35,4,88001.5,122.13,2,88.35,0,100,109.66,104.11,3.85,Ember,van,private,32640
35,9,120494.19,128,3,51.68,0,70.39,109.51,106.3,4.18,Fjord,wagon,private,29366
35,7,87356.85,108.02,2,53.34,0,79.68,113.14,105.59,3.65,Boreal,suv,dealer,31698
35,8,129909.24,126.14,2,69.84,0,76.12,111.2,99.96,3.81,Cobalt,compact,fleet,17158
35,9,67987.7,146.88,3,66.7,0,78.17,110.99,99.22,3.9,Boreal,compact,fleet,33341
35,8,104641.12,46.07,2,74.78,1,80.38,111.89,106.18,4.19,Boreal,sedan,dealer,27036
35,5,86742.02,147.38,2,65.07,1,80.69,109.88,99.02,3.8,Cobalt,sedan,dealer,39558
35,9,116564.85,77.59,2,53.74,0,73.27,110.78,107.55,3.87,Cobalt,sedan,fleet,14551
35,9,181505.5,91.79,3,75.58,0,73,112.3,100.55,4.06,Boreal,van,private,14375
35,7,82991.97,92.12,1,60.87,0,82.01,110.16,94.49,4.13,Boreal,van,dealer,5776
35,0,500,64.24,2,76.76,1,100,113.37,100.9,4.3,Aster,sedan,dealer,34706
35,11,156172.43,195.74,3,79.86,0,65.69,111.18,101.45,4.39,Fjord,suv,private,17868
35,2,16724.02,135.87,1,75.37,0,100,111.7,108.3,4.25,Cobalt,suv,private,47348
35,7,154589.26,87.61,2,68.13,0,76.53,112,99.09,4.01,Boreal,compact,fleet,18185
35,2,72813.35,155.36,1,91.13,0,99.07,108.74,100.17,4.07,Boreal,compact,private,56335
35,9,144470.55,97.97,4,61.21,0,76.47,114.2,106.21,3.78,Aster,compact,dealer,19629
35,6,74136.09,76.15,3,55.49,0,79.39,114.04,109.4,3.94,Boreal,compact,dealer,27090
35,7,108929.53,125.98,4,89.91,1,75.41,112.07,105.51,4.29,Fjord,suv,fleet,23183
35,14,219079.87,73.88,4,35.16,0,66.53,115.56,103.96,3.63,Ember,wagon,fleet,1200
35,5,84674.61,94.48,2,64.43,0,90.9,109.02,103.59,3.77,Boreal,van,fleet,36178
35,5,61452.26,168.62,2,37.38,0,81.76,108.7,101.68,3.62,Boreal,van,dealer,33158
35,5,104251.27,121.73,3,71.96,0,90.71,110.78,107.87,3.83,Fjord,wagon,dealer,42586
35,12,175240.84,108.8,3,51.96,0,63.59,109.33,104.98,3.92,Dune,compact,fleet,18660
35,14,148861.82,144.18,5,32.2,1,63.82,111.77,106.04,4.06,Aster,wagon,fleet,8229
35,5,32987.16,110.73,1,41.83,1,88.71,112.29,103.96,3.95,Ember,sedan,dealer,29012
35,5,40611.34,75.77,2,85.29,0,83,113.28,98.61,4.14,Boreal,suv,fleet,38268
35,10,147953.33,70.44,3,73.67,1,75.69,111.45,104.16,3.79,Boreal,compact,fleet,4060
35,3,38162.48,124.93,1,73.62,0,100,115,100.5,4.44,Aster,compact,private,36002
35,8,104868.24,141.11,2,52.54,0,68.77,106.5,106.53,4.1,Boreal,van,dealer,11072
35,6,59770.56,137.72,2,65.27,0,91.26,108.15,101.17,3.83,Boreal,wagon,dealer,36223
35,11,167413.74,110.12,4,50.66,0,66.49,112.49,106.13,4.17,Aster,suv,fleet,5783
35,3,500,100.27,2,64.48,1,85.74,106.94,101.71,3.52,Aster,compact,private,22264
35,4,105816.08,165.8,1,79.53,1,90.47,108.98,96.59,4.11,Cobalt,suv,private,53626
35,4,64891.72,103.47,1,86.35,1,91.28,111.17,98.16,4.07,Dune,suv,private,49806
35,9,121571.01,158.37,2,72.38,0,72.89,111.28,105.21,3.93,Boreal,suv,fleet,41473
35,3,30547.38,90.44,2,71.78,1,90.66,110.41,101.71,4.3,Boreal,compact,fleet,18611
35,16,223136.48,118.25,4,32.49,1,58.98,110.55,103.54,3.92,Ember,sedan,dealer,9004
35,12,179181.12,133.17,3,65.17,0,63.84,110.47,102.6,3.93,Ember,compact,fleet,2651
35,4,39906.87,120.2,3,82.1,0,81,111.37,99.07,4.18,Ember,compact,fleet,18110
35,8,109093.2,180.41,2,65.62,0,74.49,110.51,103.71,4.04,Fjord,compact,fleet,35740
35,14,139815.98,106.86,5,55.89,0,75.35,109.91,103.45,4.03,Fjord,compact,fleet,14679
35,7,109037.35,127.82,3,77.65,0,84.89,103.64,110.91,4.19,Fjord,sedan,dealer,46425
35,3,11191.94,155.3,1,68.52,0,85.54,110.18,99.48,4.08,Ember,sedan,fleet,56953
35,14,229328.91,84.6,3,45.82,0,57.87,112.57,98.59,4.29,Cobalt,compact,private,7402
35,9,136208.11,150.82,2,53.93,0,69.06,108.26,102.17,4.28,Cobalt,sedan,fleet,20623
35,8,135726.07,163.89,3,88.3,0,77.9,113.11,106.54,4.13,Ember,suv,dealer,39999
35,9,137308.94,150.16,4,55.58,1,75.94,112.62,103.28,4.32,Boreal,suv,fleet,36345
35,11,165446.42,81.84,3,74.29,0,66.28,111.34,104.69,4.16,Boreal,compact,fleet,1200
35,10,106885.06,139.53,2,54.21,1,76.59,112.93,105.07,4.47,Aster,wagon,dealer,16277
35,17,254350.95,130.64,5,23.92,0,65.6,112.58,100.67,3.93,Cobalt,suv,dealer,7838
35,4,89806.23,126.83,2,84.97,0,94.03,113.61,103.58,4.07,Ember,suv,fleet,39964
35,7,121617.46,88.72,3,74.43,0,74.39,111.05,99.84,4.06,Aster,wagon,private,22219
35,5,77444.48,156.2,1,50.13,1,89.67,112.61,100.21,4.01,Boreal,compact,private,37613
35,12,176128.62,114.33,2,60.09,0,55.2,108.82,95.78,3.96,Aster,compact,fleet,1200
35,6,107956.36,102.28,1,54.82,1,77.73,110.84,101.78,3.61,Aster,sedan,private,33187
35,5,94235.9,73.82,3,56.59,0,87.35,111.41,100.03,3.6,Aster,wagon,private,31446
35,9,159330.6,100.75,4,67.55,0,78.65,112.09,102.73,3.92,Ember,suv,dealer,13117
35,19,280625.75,118.9,4,33.48,0,42,109.11,99.04,4.09,Boreal,suv,fleet,2622
35,16,223255.49,79.03,4,45.19,0,67,110.45,106,4.09,Dune,suv,fleet,7817
35,3,37945.94,60.8,2,71.88,1,90.48,108.25,98.34,3.67,Dune,wagon,private,44931
35,8,149444.25,103.23,3,69.07,1,83.76,110.59,105.93,3.74,Boreal,compact,dealer,10068
35,1,36812.84,161.77,1,85.04,0,97.57,111.09,103.55,3.93,Boreal,suv,private,55865
35,8,120027.35,152.41,3,75.87,1,87.22,110.63,107.66,4.3,Dune,suv,dealer,41375
35,10,133947.45,113.72,3,70.41,0,76.66,102.81,95.84,3.89,Dune,sedan,fleet,18417
35,14,169187.58,107.72,2,50.59,0,67.05,114.57,104.88,4.23,Aster,sedan,fleet,2428
35,16,219610.35,94.72,5,61.07,0,58.13,111.82,110.66,3.56,Fjord,compact,dealer,4449
35,9,115224.5,156.38,2,57.51,2,69.37,116.59,107.22,3.76,Aster,compact,fleet,8243
35,4,36282.82,103.43,2,61,0,83.23,110.75,108.06,3.95,Boreal,compact,dealer,28695
35,7,131017.72,132.53,3,49.97,0,65.3,107.49,105.85,3.79,Boreal,sedan,private,35604
35,6,75588.77,112.73,2,50.59,1,81.79,114.84,103.03,3.97,Cobalt,compact,private,40264
35,8,132564.6,99.77,3,59.04,0,71.32,108.16,104.03,3.56,Boreal,wagon,private,35014
35,9,95709.89,74.96,3,45.08,1,63.72,115.84,104.14,4.11,Boreal,compact,dealer,19155
35,8,110209.61,186.13,2,57.15,0,77.74,112.96,102.16,4.29,Boreal,suv,fleet,33159
35,11,158817.69,213,3,28.24,0,60.54,110.15,107.4,3.98,Fjord,suv,fleet,51897
35,9,159408.21,97.95,3,69.63,2,82.52,109.79,105.28,3.78,Boreal,compact,dealer,1200
35,8,73751.33,70.47,3,55.52,2,76.8,109.76,101.58,4.07,Boreal,compact,private,6148
35,6,91345.11,87.34,1,52.59,1,84.71,109.71,102.35,4.12,Aster,suv,private,28433
35,9,88751.74,125.57,2,64.96,0,74.93,110.58,104.18,4.23,Dune,compact,dealer,38590
35,4,92514.31,123.75,2,56,0,81.52,109.78,100.06,4.08,Boreal,suv,private,37661
35,0,49607.72,188.48,1,78.18,0,98.21,107.29,102.67,4.03,Aster,wagon,dealer,39134
35,3,46007.27,105.58,2,67.04,1,93.52,106.35,98.5,4.14,Aster,sedan,private,26230
35,10,190953.95,119.54,3,55.66,1,80.64,114.36,100.96,4.09,Aster,wagon,dealer,25919
35,13,130179.85,126.58,5,40.23,1,71.03,110.71,107.2,4.44,Cobalt,suv,fleet,28542
35,11,156877.47,77.28,2,43.55,0,61,112.79,102.46,3.98,Aster,compact,fleet,1200
35,6,74274.96,170.76,2,82.96,2,79.06,110.52,103.43,3.83,Ember,suv,fleet,37195
35,2,33226.02,140.73,2,75.68,0,90.02,109.26,105.11,3.86,Ember,suv,private,36437
35,5,109400.8,164.48,2,61.71,0,85.7,113.92,106.04,4.13,Boreal,wagon,dealer,35862
35,3,32682.59,161.88,3,63.78,0,100,109.79,104.48,3.95,Ember,suv,fleet,48018
35,14,172845.16,49.68,4,20,1,68.9,108.75,101,3.95,Dune,sedan,dealer,9756
35,7,128418.06,113.63,3,100,0,64.7,111.64,96.16,3.76,Boreal,sedan,dealer,35589
35,9,115213.96,123.51,3,57.76,0,68.25,110.48,100.73,3.89,Cobalt,compact,fleet,23289
35,8,114772.93,140.57,3,54.45,0,84.59,114.41,99.48,3.62,Boreal,suv,private,22468
35,12,206351.66,104.41,4,56.54,0,62.98,113.31,98.66,4.12,Cobalt,van,private,3397
35,9,138659.49,161.43,2,67.45,1,75.29,110.41,104.49,3.85,Boreal,suv,dealer,30767
35,12,120059.98,118.04,4,40.58,0,67.7,109.53,103.76,3.85,Cobalt,compact,fleet,18527
35,15,168425.45,64.88,3,63.72,0,55.39,107.39,100.89,4.13,Dune,suv,private,10014
35,7,121315.61,125.04,3,41.77,0,78.56,106.1,101.25,4.01,Fjord,suv,dealer,41235
35,13,184792.68,57.25,5,46.68,0,59.39,105.32,98.71,4.39,Boreal,compact,dealer,11637
35,8,124823.51,83.6,3,85.37,1,73.32,111.83,106.42,3.95,Dune,suv,private,28004
35,9,154296.13,118.49,4,62.47,0,75.22,111.16,105.48,3.68,Cobalt,van,private,29512
35,11,141891.1,136.9,3,30.19,1,63.75,111.41,107.25,3.85,Cobalt,suv,fleet,23104
35,6,54694.07,192.27,3,55.51,1,95.36,108.9,95.51,4.02,Cobalt,suv,private,32308
35,5,54451.14,45.45,1,86.13,0,77.81,113.68,106.65,3.76,Dune,sedan,private,39963
35,2,59334.52,126.73,1,76.73,1,90.09,116.04,101.52,4.13,Aster,suv,dealer,45946
35,2,41880.25,179.78,3,73.25,1,100,110.3,107.91,3.73,Ember,suv,private,50537
35,7,94526.81,81.47,2,80.04,0,74.99,112.41,103.96,3.92,Fjord,compact,fleet,27774
35,12,208684.9,117.51,3,55.65,0,72,108.53,104.56,4.06,Aster,compact,private,1200
36,17,234597.63,113.88,5,57,0,54.38,115.33,106.5,4.11,Aster,sedan,private,1200
36,10,200710.64,142.83,1,69.09,0,70.34,116.98,106.47,4,Aster,suv,private,21101
36,7,128976.41,77.42,3,59.93,1,83.94,107.63,103.01,4.09,Fjord,wagon,fleet,28560
36,11,154637.68,97.09,4,93.37,0,77.33,114.15,106.06,4.45,Aster,wagon,fleet,1200
36,10,152889.52,144.65,3,68.61,0,80.45,109.69,107.38,3.6,Dune,suv,private,46176
36,5,73453.16,111.11,3,55.68,1,86.93,115.18,103.41,4.16,Boreal,compact,fleet,26501
36,7,145792.17,94.68,2,77.6,1,78.6,114.04,105.59,3.94,Cobalt,compact,fleet,36920
36,6,90324.73,129.63,2,72.06,1,84.52,115.39,101.54,3.51,Cobalt,van,fleet,46821
36,11,156036.69,79.93,4,54.36,0,62.23,111.69,100.85,4.07,Cobalt,suv,dealer,30574
36,11,199071.61,191.09,3,51.8,1,63.12,111.93,98.39,4.15,Cobalt,suv,private,37820
36,2,51566.56,78.65,2,51.34,1,88.55,110.45,107.15,4.09,Ember,sedan,dealer,27690
36,11,169487.05,113.63,4,67.12,0,55.23,110.23,103.7,4.41,Boreal,suv,private,25170
36,7,108499.96,120.22,2,67.37,1,75.73,114.41,101.99,3.71,Dune,sedan,dealer,45160
36,11,137850.94,47.41,3,45.45,0,63.58,110.38,102.83,3.88,Aster,suv,private,19866
36,12,160661.58,110.28,3,59.95,0,55.77,116.76,102.04,4.21,Cobalt,sedan,private,15176
36,11,112011.75,110.03,3,59.94,1,76,114.01,105.37,4.07,Cobalt,wagon,private,7449
36,8,117101.11,84.33,4,41.3,0,76.02,116.59,108.09,4.11,Cobalt,sedan,private,26578
36,12,146159,83.27,4,54.04,0,75.33,111.08,107.7,3.81,Aster,suv,dealer,11444
36,13,175497.65,178.44,3,50.87,0,67.09,104.25,109.05,4.3,Fjord,sedan,private,28546
36,8,103669.3,116.15,3,59.96,0,70.41,111.16,112.1,3.95,Ember,compact,dealer,25746
36,18,215051.15,45,4,31.4,0,56.95,109.29,104.99,3.75,Aster,wagon,dealer,1200
36,17,237467.2,132.94,5,63.09,0,54.31,109.65,111.33,4.1,Ember,compact,private,1200
36,11,179788.69,163.68,4,59.48,2,70.52,112.29,102.48,4,Cobalt,sedan,dealer,9613
36,8,127523.07,71.95,2,77.17,0,79.69,111.86,97.88,3.99,Cobalt,sedan,dealer,23203
36,10,155727.3,171.71,3,64.53,0,78.72,117.42,101.67,4.06,Dune,suv,fleet,33243
36,4,29778.68,136.48,2,79.11,0,82.14,110.52,95.84,4.06,Aster,sedan,fleet,36592
36,10,147389.92,141.36,1,44.88,0,74,105.73,97.77,4.22,Fjord,suv,fleet,57093
36,13,180680.5,72.21,3,53.78,0,66.72,110.97,107.31,4.13,Boreal,van,dealer,16689
36,14,237946.66,87.51,4,38.49,2,65.51,114.94,105.33,3.86,Boreal,compact,private,1200
36,7,106417.41,110.64,2,80.37,1,74.3,111.26,106.27,3.83,Cobalt,compact,dealer,25647
36,7,132662.93,97.1,2,83.03,0,86.32,113.31,100.35,3.79,Aster,compact,private,38753
36,7,104710.52,154.98,2,58.03,0,72.71,117.7,105.78,3.67,Cobalt,wagon,dealer,32845
36,12,143098.55,132.44,3,57.71,2,63.21,112.83,107.26,4.28,Cobalt,sedan,private,23786
36,6,133103.29,131.06,2,71.23,0,87.42,111.77,108.49,3.89,Boreal,compact,fleet,25150
36,7,101791.88,81.07,4,75.07,0,70.98,117.14,101.15,4.07,Boreal,suv,fleet,30188
36,0,30649.4,102.68,2,68.35,0,99.3,114.53,105.52,4.13,Cobalt,suv,private,60217
36,7,164604.75,110.63,2,57.73,0,70.05,106.74,107.03,3.95,Fjord,wagon,fleet,29472
36,7,102340.88,45,3,46.94,1,94.55,110.94,107.65,4.07,Ember,van,dealer,26667
36,19,272763.53,139.57,4,20,0,54.83,108.2,105.32,3.57,Cobalt,wagon,private,7659
36,5,50447.42,113.39,3,78.68,1,87.38,110.59,104.42,4,Aster,sedan,private,13363
36,11,207650.89,78.85,3,74.59,2,59.3,112,105.77,4.09,Boreal,sedan,private,4260
36,7,91779.55,97.24,2,72.77,0,71.96,105.58,105.61,3.96,Boreal,suv,dealer,42516
36,10,105071.74,116.32,4,56.81,0,78.39,106.72,101,4.27,Ember,compact,dealer,1200
36,6,64979.37,79.5,2,62.59,0,82.74,110.36,106.35,3.88,Boreal,sedan,fleet,23741
36,7,116561.94,64.59,2,58.16,0,87.16,113.5,106.81,4.12,Aster,compact,fleet,15351
36,16,247241.94,80.98,3,53.62,0,58.76,115.93,109.03,4.02,Ember,wagon,fleet,1200
36,6,102012.51,97.65,4,59.76,0,91.14,112.98,103.52,3.96,Ember,compact,private,18480
36,5,53171.51,140.06,2,60.76,1,87.14,113.58,102.6,3.86,Aster,suv,private,43145
36,3,52424.81,48.59,1,62.64,0,90.23,108.7,102.38,4.24,Cobalt,compact,dealer,49780
36,4,42929.81,211.33,1,66.19,0,87.63,115.87,105.57,4.1,Boreal,suv,dealer,62812
36,7,141907.22,109.32,3,51.24,0,84.73,107.17,93.32,4.08,Boreal,sedan,private,20026
36,12,203094.86,69.31,4,36.55,0,74.33,116.02,104.8,3.71,Cobalt,wagon,dealer,11724
36,2,21637.68,89.68,1,79.29,1,87.91,117.02,105.78,3.81,Cobalt,sedan,fleet,38795
36,4,70103.39,115.52,3,78.28,0,95.35,118.58,105.84,4.09,Fjord,wagon,dealer,35733
36,4,51963.12,48.8,3,75.14,0,91.44,114.01,102.79,3.99,Boreal,sedan,dealer,37366
36,9,94735.71,156.22,4,58.11,0,72.35,108.66,107.11,3.97,Fjord,suv,fleet,35028
36,4,66002.94,133.16,1,97.31,0,77.65,116.27,107.18,3.93,Aster,sedan,fleet,31969
36,6,107762.47,131.57,4,83.96,0,85.19,117.89,99.93,3.71,Dune,van,private,44212
36,5,86136.94,147.77,3,68.25,0,83.18,113.71,109.65,4.31,Ember,suv,dealer,49549
36,14,189584.88,115.95,3,52.37,0,63.7,112.61,99.12,3.76,Ember,sedan,private,14950
36,7,130765.41,135.58,3,66.15,0,84.15,111.19,96.57,4.34,Fjord,sedan,private,29489
36,6,100295.13,89.84,3,58.16,0,91.09,113.88,101.2,4.2,Cobalt,compact,dealer,35765
36,2,66530.6,100.48,1,68.88,0,97.82,112.39,103.42,3.54,Fjord,sedan,dealer,30865
36,4,112604.69,96.45,2,71.68,0,90.95,112.22,100.14,4.14,Aster,compact,fleet,16905
36,12,187311.26,129.3,3,59.02,0,67.36,117.68,107.78,3.68,Aster,sedan,dealer,4876
36,2,500,55.72,2,69.48,1,94.66,114.47,102.55,4.48,Ember,compact,private,17824
36,9,106916.21,65.32,3,43.18,0,70.51,108.75,108.65,3.63,Dune,compact,fleet,20838
36,12,160720.02,144.92,3,59.66,0,80.02,120.9,101.33,4.15,Ember,sedan,private,32679
36,11,176895.05,154.31,3,72.99,0,67.64,113.82,108.56,4.11,Fjord,suv,dealer,38528
36,4,47279.92,49.59,2,86.32,0,83.58,110.06,106.49,3.86,Cobalt,wagon,private,41574
36,12,116700.94,95.92,4,67.4,0,58.56,109.3,104.43,4.14,Dune,wagon,private,46876
36,8,103530.74,162.81,3,64.23,0,76.36,112.96,102.62,3.99,Aster,suv,fleet,40930
36,7,127111.7,183.29,2,72.3,0,81.63,110.12,99.6,3.85,Aster,suv,private,28617
36,3,71753.68,68.13,1,78.09,0,98.49,108.1,106.74,3.84,Boreal,van,dealer,44103
36,9,142930.78,117.1,2,76.98,0,64.73,106.11,102.9,3.93,Ember,sedan,fleet,7943
36,7,94414.03,74.05,2,59.66,0,77.8,111.11,102.44,4.05,Fjord,wagon,fleet,32335
36,8,121312.05,188.29,2,52.27,0,63.92,114.42,102.68,3.67,Fjord,suv,fleet,34162
36,8,109053.43,123.25,3,61.85,0,86.92,104.53,109.9,3.7,Dune,wagon,fleet,27272
36,7,69724.98,131.85,2,57.92,0,82.16,114.38,98.2,4.05,Boreal,compact,private,25291
36,8,127063.68,82.62,2,77.36,0,75.4,110,93.6,4.1,Boreal,sedan,dealer,15881
36,0,35484.01,194.5,1,93.83,2,92.8,109.06,112.43,4,Cobalt,suv,dealer,56032
36,7,85681.53,89.93,2,75.11,0,79.56,114.34,98.67,4.16,Cobalt,compact,dealer,32795
36,13,180681.58,175.73,4,37.79,1,59.91,112.77,108.23,4.16,Ember,suv,private,24460
36,3,31694.82,135.21,1,57.21,0,90.57,113.24,99.29,4.28,Cobalt,wagon,private,51356
36,6,75120.67,155.9,2,65.51,0,83.53,106.94,104.08,3.75,Aster,suv,private,38782
36,7,128910.75,133.57,3,77.54,0,83.17,113.35,104.33,3.92,Ember,suv,private,39980
36,10,161531.66,112.4,2,50.06,0,82.84,115.31,107.72,3.9,Cobalt,sedan,fleet,16100
36,2,1204.55,51.26,1,74.85,1,98.78,103.92,102.85,3.89,Dune,sedan,fleet,27555
36,6,74574.09,119.9,2,72.92,0,71.48,113.66,106.34,4.16,Boreal,van,private,30665
36,11,208024.47,91.47,4,74.43,1,64.87,113.3,101.06,3.96,Cobalt,suv,private,25682
36,3,54527.84,117.41,1,76.81,0,93.79,112.5,104.38,4.52,Ember,sedan,private,29195
36,8,89395.72,93.41,3,72.48,2,85.4,111.92,98.59,3.59,Fjord,sedan,dealer,16539
36,5,94544.15,75.14,2,53.71,0,77.4,111.49,105.74,3.9,Dune,suv,private,44332
36,8,102437.51,110.58,3,52.53,1,80.84,113.51,104.95,3.8,Boreal,wagon,dealer,24707
36,2,55791.53,143.01,1,89.6,1,92.5,112.3,102.72,4.03,Cobalt,suv,dealer,49551
36,11,145568.34,73.17,5,65.55,0,67.53,114.17,100.65,3.6,Fjord,sedan,private,1200
36,4,75532.14,87.06,1,66.56,0,91.88,107.49,96.8,4.02,Ember,van,private,32879
36,6,104486.34,95.8,2,59.86,0,87.55,110.26,111.32,4.15,Cobalt,compact,fleet,30140
36,10,153156.05,116.86,3,47.11,1,66.13,110.14,102.43,4.09,Fjord,van,fleet,1200
36,11,138208.52,45.32,3,61.87,0,60.8,110.38,108.49,4.1,Ember,suv,fleet,18490
36,9,110954.62,149.74,4,32.65,1,68.99,112.89,100.68,3.99,Ember,suv,fleet,18333
36,3,20362.99,92.9,1,85.93,1,85.1,110.83,103.93,4.28,Aster,compact,fleet,29796
36,10,172352.55,101.95,3,56.26,0,62.38,111.85,110.02,4.46,Dune,van,fleet,26604
36,8,55899.51,75.72,3,58.56,2,76.31,113.68,106.21,4.02,Cobalt,suv,dealer,19130
36,11,164013.18,106.09,3,40.71,1,71.57,112.12,107.02,4.09,Fjord,suv,dealer,41295
36,12,126447.23,91.12,3,41.69,0,55.94,112.89,112.9,3.64,Cobalt,van,dealer,28216
36,7,136555.46,104.45,2,64.31,2,83.7,111.25,104.12,3.74,Aster,compact,private,1200
36,9,116075.8,155.41,2,76.22,0,76.73,115.48,98.31,3.87,Cobalt,compact,private,24316
36,7,80260.44,160.04,1,75.48,0,82.65,111.34,102.89,4.2,Boreal,wagon,private,32769
36,2,500,122.74,3,72.11,0,92.76,110.08,112.39,4.04,Cobalt,van,private,60583
36,10,150250.51,78.48,3,29.22,1,70.03,113.29,110.78,4.1,Fjord,sedan,private,6287
36,3,77239.04,166.09,2,66.85,0,94.28,111.14,108.76,3.84,Boreal,suv,dealer,47287
36,5,47391.11,93.11,2,94.92,0,68.7,105.93,100.77,4.05,Aster,compact,fleet,21319
36,8,101639.44,123.04,2,50.93,0,81.64,111.52,105.47,4.29,Cobalt,wagon,private,47971
36,14,189428.64,100.78,4,63.19,1,57.67,108.41,100.46,4.07,Boreal,van,fleet,1200
36,0,3124.37,111.71,1,64.71,0,97.16,108.08,102.65,3.85,Cobalt,suv,private,66484
36,10,148415.59,45,2,63.88,0,65.43,113.03,100.49,3.89,Boreal,wagon,fleet,2751
36,13,148594.88,86.9,4,58.76,0,50.06,107.22,102.23,4,Dune,compact,private,21961
36,13,194930.3,130.74,4,55.34,1,60.32,113.32,109.32,4.19,Fjord,van,dealer,14826
36,8,82357.67,97.99,3,57.54,0,74.64,109.2,108.73,4.1,Fjord,wagon,fleet,25384
36,5,93064.63,97.02,1,90.1,0,85.53,108.65,101.45,3.81,Ember,compact,dealer,40129
36,4,53423.89,97.97,2,70.07,0,86.25,111.84,102.86,3.88,Fjord,compact,fleet,28723
36,9,101591.43,150.98,2,57.98,1,77.25,112.95,109.57,3.87,Dune,suv,private,34621
36,13,192147.1,143.19,3,49.89,1,61.44,111.66,101.63,3.72,Dune,suv,private,33575
36,2,500,45,2,37.19,0,85.71,115.44,97.41,4.07,Boreal,compact,dealer,30477
37,6,105835.87,160.5,3,63.81,0,72.9,109.23,105.75,3.81,Boreal,suv,fleet,35058
37,3,52671.65,111.98,1,66.62,1,84.62,111.47,106.01,3.77,Ember,compact,fleet,26775
37,20,287561.77,111.51,6,27.72,0,42,110.15,103.81,3.91,Ember,wagon,private,1200
37,4,93122.17,133.75,2,57.62,1,90.26,114.75,105.6,3.87,Dune,suv,dealer,55631
37,11,156956.56,90.27,3,45.76,0,72.4,111.07,108.05,3.98,Cobalt,compact,dealer,27093
37,11,189458.18,67.16,3,51.67,0,68.9,111.46,98.03,3.85,Fjord,van,dealer,22109
37,10,132913.14,61.05,3,39.43,0,77.31,117.61,105.26,3.9,Ember,sedan,fleet,6302
37,5,56287.38,153.23,4,71.06,0,83.61,109.94,112.13,3.97,Dune,suv,dealer,50487
37,12,172191.13,122.32,3,45.67,0,66.42,107.33,105.09,3.65,Boreal,van,dealer,11406
37,11,169180.69,144.29,4,40.89,0,68.2,110.42,105.32,3.9,Ember,wagon,fleet,10455
37,13,166139.39,79.55,4,36.58,2,70.77,109.47,100.73,4.37,Boreal,compact,fleet,1200
37,1,5147.52,95.38,2,72.52,0,99.13,116.3,104.69,3.56,Boreal,suv,fleet,47094
37,0,44995.36,144.33,1,96.44,0,99.21,113.96,110.23,4.1,Boreal,sedan,private,51296
37,4,74083.12,126.05,1,86.21,0,89.54,119.15,101.6,4.15,Dune,compact,fleet,41060
37,13,140291.58,121.96,5,40.97,0,54.29,111.27,108.4,4.26,Ember,suv,fleet,6056
37,6,75862.12,180.52,2,38.73,0,83.64,116.44,101.11,4.22,Fjord,suv,dealer,45053
37,4,114625.66,98.5,2,55.74,0,99.4,114.29,107.93,3.95,Dune,compact,private,41626
37,11,165180.75,88.39,3,56.53,1,70.24,114.74,106.06,4.01,Fjord,sedan,dealer,14945
37,4,67724.13,82.57,3,59.46,1,84.25,112.39,104.27,4.07,Boreal,sedan,dealer,25354
37,6,105593.92,78.64,2,39.39,0,83.33,110.05,106.69,3.98,Dune,compact,dealer,39274
37,11,167497.25,117.85,3,79.87,1,73.04,113.43,102.2,3.85,Boreal,suv,private,23602
37,7,135210.65,45,2,57.98,1,83.83,108.16,110.29,4.19,Cobalt,compact,private,10952
37,12,148131.23,133.86,4,65.65,0,65.49,110.18,109.62,4.11,Ember,compact,private,8169
37,13,195915.66,124.56,3,41.65,0,59.69,114.28,104.38,4.19,Cobalt,compact,private,15235
37,10,146151.11,117.28,4,50.96,0,71.78,109.26,109.02,3.89,Aster,suv,dealer,27652
37,8,126308.69,137.98,3,43.23,1,65.99,115.08,107,3.78,Aster,compact,private,16801
37,4,72571.52,161.89,1,85.38,0,87.81,115.87,106.41,4.27,Fjord,suv,private,48067
37,0,33933.49,145.97,1,71.85,1,95.03,105.48,105.23,4.4,Fjord,suv,dealer,52117
37,9,117573.47,54.16,2,59.74,0,62.41,113.55,102.75,3.93,Aster,wagon,private,15104
37,5,55221.99,121.46,1,53.41,1,84.26,115.55,101.12,4.07,Fjord,wagon,dealer,51532
37,10,165952.32,101.45,4,42.35,0,64.82,109.95,105.98,4.34,Cobalt,van,fleet,22911
37,9,132159.59,115.68,2,62.4,2,71.53,111.67,101.03,4.15,Cobalt,compact,fleet,19897
37,6,71063.04,160.27,2,63.73,0,89.77,112.69,104.19,3.81,Boreal,suv,private,37038
37,6,92056.7,156.31,3,79,0,81.73,111.05,105.44,3.88,Cobalt,wagon,private,37734
37,9,102892.51,111.26,3,38.57,0,72.99,113.91,111.65,3.96,Dune,compact,private,34482
37,12,159993.03,91.26,3,73.97,1,77.69,111.64,96.1,3.72,Aster,suv,dealer,1200
37,13,164023.05,125.19,3,59.99,0,66.88,111.63,102.29,4.09,Fjord,sedan,dealer,22905
37,3,26344.21,45,1,52.03,0,92.76,115.26,97.06,3.93,Boreal,compact,fleet,26384
37,13,199725.78,149.56,4,47.61,0,55.54,109.45,101.64,3.91,Boreal,suv,private,29610
37,10,169452.45,83.46,3,72.52,1,61.03,110.38,99.06,4.06,Cobalt,sedan,fleet,13990
37,7,79166.89,130.96,2,76.72,1,80.81,113.99,97.24,3.99,Fjord,suv,fleet,30251
37,12,178130.07,92.78,5,54.12,1,61.22,110.16,100.02,3.97,Ember,wagon,dealer,2758
37,11,176154.7,94.31,4,66.11,0,65.63,110.22,109.97,3.98,Dune,sedan,fleet,3880
37,7,116680.02,191.75,2,66.97,1,71.66,112.67,103.69,4.34,Ember,compact,fleet,33152
37,6,103849.89,147.54,3,65.46,0,83.06,110.94,106.53,3.91,Cobalt,suv,private,62082
37,7,119416.18,115.77,3,44.26,1,90.39,105.58,98.47,4.13,Boreal,suv,fleet,36665
37,7,108823.65,137.38,1,75.77,0,72.02,109.8,103.38,4.32,Aster,suv,private,30135
37,10,143666.56,125.74,3,39.55,1,72.43,113.57,105.37,4.07,Fjord,sedan,fleet,6783
37,4,60140.92,145.06,2,64.54,0,84.96,111.03,103.33,3.92,Cobalt,compact,fleet,36806
37,10,180353.37,115.19,3,64.79,1,60.95,111.29,106.37,3.86,Dune,sedan,fleet,5327
37,8,81808.06,136.83,2,54.87,0,78.11,117.38,110.12,4.08,Cobalt,van,private,47805
37,12,172566.65,117.53,4,57.06,0,61.97,111.08,99.75,4.18,Boreal,compact,dealer,11290
37,4,55448.63,63.66,2,85.73,0,81.87,110.34,104.66,4.08,Fjord,sedan,fleet,22951
37,6,91456.96,168.9,2,78.33,0,77.32,109.18,109.15,4.11,Fjord,suv,dealer,49667
37,13,189629.71,152.7,6,50.74,0,62.51,114.13,106.22,4.01,Cobalt,suv,dealer,23809
37,10,141502.17,190.32,3,74.75,2,71.12,110.21,104.68,4.09,Cobalt,compact,private,27164
37,13,165807.71,80.67,4,54.72,1,64.78,111.64,105,4.21,Ember,sedan,private,6966
37,16,204802.52,170.75,5,43.66,1,50.56,116.48,108.31,4.26,Ember,suv,dealer,5700
37,7,77424.79,86.21,1,74.63,0,79.03,109.36,106.78,4.1,Fjord,compact,fleet,30542
37,6,108542.26,61.01,2,77.6,0,87.05,110.34,109.87,4.23,Ember,compact,fleet,17432
37,4,79718.53,79.86,3,61.8,2,87.35,113.36,98.62,4.14,Boreal,sedan,private,8309
37,7,132486.9,80.45,2,87.26,0,83,108.17,102.86,4.18,Fjord,compact,fleet,17936
37,5,106962.94,152.48,3,94.9,1,95.37,111.43,104.86,4.33,Ember,sedan,private,36333
37,9,132203.55,157.66,2,62.41,1,73.19,109.24,98.85,3.97,Ember,suv,private,21118
37,10,150299.97,127.22,2,53.55,0,66.47,107.32,105.31,4.13,Fjord,sedan,dealer,28743
37,12,122226.03,115.47,3,61.26,0,77.07,117.01,99.53,3.84,Ember,compact,dealer,10974
37,14,262198.42,111.85,4,65.35,0,64.13,115.38,103.65,4.18,Aster,compact,dealer,1200
37,6,82011.17,129.51,3,83.57,0,77.1,112.36,110.64,4.03,Fjord,wagon,private,23400
37,10,147197.7,120.05,3,72.76,0,79.23,114.74,102.23,4.24,Fjord,wagon,dealer,19704
37,8,119662.24,96.99,2,71.01,0,78.52,117.61,109.39,4.1,Dune,compact,dealer,29120
37,5,71568.33,123.58,1,70.02,1,88.08,112.85,104.18,3.84,Fjord,sedan,fleet,29061
37,10,149849.19,80.86,2,48.32,0,70.34,115.34,101.58,3.95,Dune,van,fleet,22805
37,9,137483.73,73.93,3,47.06,0,70.58,112.19,101.4,3.93,Cobalt,wagon,dealer,29980
37,9,145734.62,74.3,2,53.92,1,82.14,118.18,101.48,3.51,Boreal,suv,fleet,30502
37,1,40414.81,156.46,1,85.97,0,95.85,113.56,102.37,4.05,Fjord,suv,fleet,53755
37,6,117359.56,130.43,3,52.72,1,84.76,109.63,107.73,4.26,Ember,compact,private,15431
37,8,117242.67,114.14,4,72.8,0,78.6,113.07,100.13,3.77,Boreal,compact,fleet,25244
37,8,148420.2,149.55,3,65.33,1,77.1,114.68,106.18,4.06,Boreal,van,private,12389
37,7,100518.04,137.63,2,49.26,1,91.18,111.42,107.88,3.66,Boreal,suv,fleet,30450
37,7,30262.8,112.42,2,65.59,0,83.17,112.95,107.47,4.18,Ember,van,fleet,23701
37,5,52381.42,117.24,2,62.46,1,100,110.78,111.77,4.1,Ember,suv,fleet,40793
37,6,94377.83,138.36,3,66.16,0,83.04,114.37,106.76,4.18,Boreal,suv,private,53729
37,5,77302.61,106.65,2,51.61,0,84.62,110.28,98.41,4.1,Ember,suv,private,38018
37,8,162375.82,120.62,3,63.55,1,82.53,113.49,111.67,3.79,Boreal,wagon,dealer,41287
37,15,212772.34,96.31,4,52.48,0,68.96,114.15,104.1,3.92,Aster,compact,dealer,15825
37,0,40165.66,65.97,1,73.88,0,100,110.82,107.37,3.96,Ember,compact,dealer,48741
37,6,132651.09,75.58,3,67.59,0,79.42,111.02,102.78,3.94,Dune,compact,dealer,34436
37,5,105548.89,119.3,2,87.33,0,95.14,111.69,101.31,4.09,Cobalt,compact,private,52991
37,8,154240.06,140.8,3,54.73,1,87.43,108.19,107.24,4.09,Fjord,suv,dealer,40371
37,5,27647.95,82.1,3,55.61,0,83.67,111.31,100.66,4.14,Dune,compact,fleet,28558
37,12,166047.98,78.69,3,43.55,1,75.2,111.62,101.61,3.97,Cobalt,sedan,fleet,18284
37,7,142661.39,149.1,1,69.9,0,84.01,108.78,103.03,3.95,Boreal,wagon,fleet,21357
37,7,84156.63,145.41,2,54.5,0,96.72,110.06,106.45,3.76,Boreal,compact,dealer,21250
37,8,101105.7,110.81,3,64.88,0,77.88,109.99,106.36,3.87,Aster,suv,dealer,14672
37,0,50311.1,144.44,1,67.99,0,96.78,115.77,112.63,3.75,Boreal,compact,dealer,39860
37,7,108148.24,101.68,3,63.31,0,80.79,108.9,106.92,4.23,Dune,sedan,fleet,35532
37,8,113209.82,157.3,3,66.32,0,83.14,107.36,96.91,4.4,Aster,suv,fleet,29547
37,9,143182.01,145.23,4,52.33,0,77.74,107.12,106.17,3.9,Cobalt,suv,fleet,30156
37,7,79540.61,56.82,2,75.1,0,82.94,113.88,107,3.89,Aster,wagon,fleet,19692
37,1,4147.61,109.01,2,87.01,2,95.42,107.89,105.19,3.87,Cobalt,sedan,dealer,45399
37,6,115000.6,125.62,2,64.63,0,80.53,108.31,105.66,4.18,Ember,compact,fleet,13390
37,5,99532.48,133.25,2,60.83,1,82.1,110.84,108.66,4.2,Ember,suv,fleet,25646
37,11,155952.42,143.22,2,78.01,0,68.37,115.32,103.99,3.95,Boreal,suv,private,36706
37,19,242180.45,161.1,4,51.47,0,48.15,114.25,102.38,3.88,Boreal,suv,fleet,5928
37,8,112816.59,131.58,3,93.24,0,77.34,113.83,99.63,3.7,Aster,suv,fleet,24501
37,7,56570.62,183.15,2,53.91,0,71.36,114.53,110.59,4.07,Ember,suv,private,47915
37,9,107315.05,108.92,2,47.51,0,60.5,112.11,102.46,3.63,Boreal,van,dealer,25950
37,5,54740.93,94.73,2,97.19,0,81.58,114.69,107.62,3.9,Ember,sedan,fleet,31239
37,9,144846.94,129.78,2,54.91,1,86.25,109.79,99.65,4.26,Aster,compact,fleet,12865
37,5,124905.77,121.95,1,78.64,1,88.58,111.24,105.98,4.19,Ember,suv,private,25172
37,3,27323.5,102.28,1,86.96,0,100,112.55,99.46,4.28,Fjord,suv,dealer,44428
37,12,147011.49,120.69,5,53.87,1,58.98,110.7,113.93,3.9,Boreal,suv,fleet,18041
37,4,39221.52,89.16,2,68.03,2,94.79,113.55,106.3,3.97,Fjord,suv,fleet,47875
37,10,124702.67,68.91,3,59.56,0,87.02,117.03,107.34,4.19,Aster,sedan,fleet,27291
37,9,140271.46,91.79,2,50.49,0,75.93,113.74,105.61,3.59,Fjord,sedan,dealer,30603
37,10,131133,107.24,3,58.94,0,72.21,114.29,105.45,3.98,Boreal,wagon,fleet,18113
37,12,112762.81,94.42,3,58.24,0,70.34,110.44,102.82,3.96,Aster,compact,dealer,1200
37,7,129194.17,99.31,4,37.79,0,86.34,113.71,106.89,3.87,Boreal,sedan,dealer,17988
37,8,107619.57,115.41,2,55.83,0,66.54,106.08,110.71,3.96,Ember,sedan,dealer,18781
37,10,162183.97,143.91,2,42.37,0,65.74,115.09,104.39,3.93,Fjord,suv,fleet,27354
37,12,134693.85,175.34,3,75.53,1,69.97,107.84,100.32,3.81,Boreal,suv,fleet,24009
37,8,143680.7,79.07,3,67.41,0,73.69,106.61,92.69,4.1,Ember,compact,dealer,9301
37,6,61769.51,159.33,2,40.1,1,74.04,111.47,104.78,3.96,Boreal,van,fleet,19065
37,10,157300.87,83.62,2,45.17,0,70.56,117.1,105.9,4.07,Cobalt,van,dealer,12001
37,5,154479.28,82.47,2,75.4,0,82.87,110.97,98.43,4.13,Aster,compact,fleet,20650
38,9,130972.46,125.62,4,70.34,0,73.92,114.2,112.21,4.32,Boreal,compact,private,15975
38,13,177107.45,102.84,4,66.99,0,66.24,110.94,107.66,4.53,Aster,suv,dealer,25826
38,7,103006.9,129.11,2,54.87,0,82.3,113.61,106.52,3.8,Fjord,van,dealer,47706
38,3,8790.19,109.54,2,58.32,0,95.14,109.35,106.42,3.87,Fjord,sedan,dealer,37295
38,8,95700.88,52.93,2,87.25,0,72.31,107.67,108.22,4.02,Ember,van,fleet,12761
38,11,187420.44,93.31,4,73.06,1,66.44,114.89,103.69,4.26,Ember,van,fleet,1200
38,9,159909.04,156.4,2,54.24,1,84.06,116.97,106.66,4.11,Ember,van,private,18376
38,9,135001.95,134.24,3,62.25,1,74.78,114.22,104.87,3.71,Boreal,compact,dealer,23173
38,5,110719.94,67.64,1,61.97,1,91.46,113.7,107.73,3.93,Boreal,wagon,dealer,33389
38,11,178979.19,107.98,3,55.64,0,68.6,112.72,96.42,3.73,Boreal,wagon,dealer,13088
38,14,207032.52,158.5,4,49.19,1,49.67,113.62,112.92,4.05,Ember,sedan,private,1960
38,4,75401.54,106.84,2,85.98,1,85.32,112.43,107.36,4.3,Boreal,compact,dealer,34520
38,8,139429.67,63.49,2,81.19,1,78.67,113.45,104.21,3.92,Aster,compact,private,24211
38,11,148173.18,136.49,4,51.15,1,68.22,113.57,116.11,4.1,Cobalt,sedan,fleet,21802
38,5,86086.34,146.4,2,72.01,1,86.61,111.54,105.28,4.43,Ember,suv,dealer,39071
38,9,146304.91,54.18,2,62.18,1,70,111.67,108.44,4.12,Boreal,sedan,private,6937
38,10,142273.35,95.09,4,50.72,0,69.75,112.84,107.3,3.85,Ember,suv,private,16965
38,17,203638.07,144.87,4,59.47,2,50.82,117.07,102.62,3.88,Boreal,sedan,fleet,1200
38,7,139519.93,64.66,2,48.86,0,70.86,111.23,103.06,4.22,Boreal,van,private,22090
38,11,99286.55,143.39,3,52.33,0,72.02,114.37,104.37,3.82,Fjord,compact,dealer,39005
38,9,157658.07,94.83,2,57.21,1,73.23,112.95,110.71,4.03,Boreal,sedan,fleet,13001
38,9,98050.13,101.18,3,49.08,2,78.72,111.53,110.73,3.99,Boreal,sedan,private,14995
38,7,109712.97,102.8,2,63.13,0,79.35,118.77,111.64,3.85,Ember,compact,private,39129
38,15,253280.44,54.78,4,33.06,0,62.12,114.77,104.89,4.33,Dune,compact,fleet,1200
38,15,187669.24,165.17,4,55.17,1,50.29,113.1,116.01,4.18,Fjord,suv,fleet,14480
38,5,87750.8,121.28,2,81.69,0,85.67,112.22,103.58,3.93,Boreal,compact,fleet,28243
38,6,67511.05,102.69,2,61.49,0,74.77,114.88,103.19,4.15,Fjord,sedan,fleet,26658
38,10,144142.37,159.81,4,79.12,0,71.07,114.22,102.13,3.85,Fjord,suv,dealer,18774
38,6,59166.44,143.55,3,70.12,0,81.63,107.61,104.62,4.24,Aster,sedan,fleet,38793
38,5,76403.98,203.67,2,59.48,1,94.04,112.96,110.91,4.37,Aster,suv,fleet,50293
38,14,190823.55,171.62,3,69.48,0,53.87,111.33,110.59,4.02,Ember,sedan,private,2267
38,11,140215.98,152.81,2,60.5,0,74.83,109.42,105.59,4.04,Cobalt,suv,private,37973
38,1,9981.34,115.44,2,43.19,0,92.39,114.6,105.72,4.06,Cobalt,compact,dealer,40323
38,6,72709.03,95.12,2,52.45,0,79.34,112.37,107.27,3.65,Boreal,compact,dealer,37458
38,12,163895.04,99.14,3,50.77,0,70.18,110.97,101.64,4.2,Cobalt,wagon,private,18817
38,17,249660.95,99.88,5,48.81,0,50.83,110.07,107.94,3.87,Dune,compact,dealer,3280
38,13,166255.15,67.71,3,49.09,0,59.85,110.35,94.26,3.78,Boreal,compact,dealer,1713
38,5,65346.51,88.2,2,50.74,1,92.94,111.89,114.77,4.3,Boreal,compact,private,15675
38,7,128203.65,115.32,3,64.58,0,70.05,114.99,109.06,4.1,Fjord,compact,dealer,21442
38,4,99764.17,69.98,1,72.22,2,86.79,108.81,93.19,4.25,Cobalt,wagon,private,21916
38,9,93732.92,116.03,4,68.14,0,76.43,116.48,103.53,4.2,Fjord,compact,dealer,23227
38,5,44885.73,125.04,2,74.59,1,86.57,110.54,102.43,4.09,Aster,van,fleet,34145
38,7,95210.84,115.01,3,61.24,0,86.49,112.65,103.56,3.83,Cobalt,suv,dealer,42420
38,9,135609.79,126.43,4,70.37,0,58.22,110.28,104.38,4.14,Cobalt,wagon,fleet,29982
38,11,113992.05,70.99,2,54.1,1,66.36,108.88,105.83,4.4,Ember,suv,dealer,24956
38,1,25342.89,163.55,1,76.47,0,92,113.21,107.39,4.28,Boreal,compact,dealer,48813
38,3,95015.93,110.33,2,63.63,0,98.8,115.97,96.62,4.18,Aster,wagon,private,25821
38,6,104872.74,98.37,2,60.73,0,72.41,106.71,105.73,4.37,Cobalt,sedan,dealer,16409
38,6,138608.87,131.52,2,54.38,0,90.63,111.14,101.92,4.14,Aster,van,fleet,31759
38,8,108335.71,91.88,1,92.4,1,83.13,112.8,102.92,3.81,Boreal,suv,dealer,19506
38,10,104761.41,139.06,2,56.34,0,74.86,112.71,98.73,4.34,Boreal,compact,fleet,14988
38,7,83990.03,97.15,2,74.72,0,84.95,109.12,104.48,3.8,Boreal,compact,private,32795
38,11,139298.63,114.94,3,47.84,0,71.92,105.11,101.66,4.16,Aster,suv,private,21873
38,7,101561.4,61.54,3,56.73,0,68.82,109.98,99.9,3.91,Fjord,sedan,private,19918
38,4,58191.75,125.98,3,80.02,0,82.07,110.13,105.57,4.2,Dune,suv,fleet,50413
38,16,240778.57,122.16,5,55.83,0,56.45,109.57,107.8,4.29,Cobalt,sedan,dealer,1200
38,9,108559.93,73.77,2,76.38,0,82.3,111.74,104.75,4.33,Fjord,sedan,dealer,14333
38,5,92099.69,103.62,3,67.66,0,82.91,112.28,103.21,3.66,Boreal,suv,private,42136
38,17,250975.28,77.09,4,23.41,0,60.14,109.71,105.98,4.33,Dune,wagon,fleet,1200
38,3,38303.73,81.41,1,72.97,0,88.67,108.23,109.68,4.17,Cobalt,van,dealer,38965
38,2,50901.78,117.26,2,69.87,0,100,112.57,106.13,4.06,Boreal,compact,dealer,52246
38,13,178061.79,103.84,4,51.61,0,57.83,113.44,102.49,4.66,Ember,suv,fleet,20639
38,8,105894.51,142.76,2,79.11,0,70.41,110.94,108.39,4.3,Boreal,compact,dealer,20642
38,6,90839,107.4,1,76.18,1,90.91,109.26,98.36,3.78,Dune,compact,private,40719
38,8,140470.03,117.86,2,61.18,0,74.03,111.91,103.95,3.71,Boreal,van,fleet,19055
38,9,146223.29,138.04,3,73.34,0,70.72,105.06,106.01,4.29,Dune,suv,dealer,45130
38,12,197508.13,118.42,3,46.99,0,70.43,111.13,106.22,3.91,Boreal,suv,fleet,17588
38,12,185164.76,113.93,3,44.07,0,60.39,113.2,100.93,4.23,Cobalt,sedan,fleet,14372
38,13,205639.21,126.51,5,36.78,0,67.93,119.13,112.22,4.18,Aster,van,dealer,1200
38,12,185295.57,114.33,4,53.27,1,67.5,109.92,101.45,3.58,Cobalt,wagon,private,10997
38,16,235096.26,138.79,4,45.55,0,48.98,113.4,101.21,4.07,Fjord,sedan,fleet,1200
38,4,53656.33,139.2,1,67.91,0,98.92,111.36,98.92,4.19,Dune,suv,fleet,57441
38,4,74877.76,119.85,2,55.13,0,89.95,115.24,102.05,4.11,Dune,suv,dealer,52671
38,13,170163.47,91.92,4,85.56,0,51.06,107.87,110.19,4.18,Ember,compact,dealer,5467
38,7,84295.15,110.59,2,69.05,0,77.84,110.69,102.58,3.8,Aster,sedan,fleet,23239
38,12,145052.56,76.08,4,55.6,0,65.31,107.93,103.27,4.14,Aster,suv,fleet,37386
38,6,114861.3,124.65,2,90.99,0,87.05,111.05,97.5,3.99,Ember,compact,dealer,16809
38,4,60977.6,145.95,2,56.98,0,83.43,114.97,108.37,3.89,Aster,suv,private,33218
38,10,175671.06,45,3,72.01,0,67.51,109.21,112.93,3.59,Ember,sedan,private,16625
38,7,67891.89,130.29,3,72.24,1,84.87,112.34,112.25,3.78,Fjord,van,fleet,34587
38,3,68102.27,123.62,1,67.82,0,83.27,113.09,106.35,3.97,Aster,van,fleet,34831
38,7,88337.76,125.45,2,57.89,0,78.3,114.3,106.26,3.84,Cobalt,compact,dealer,20352
38,4,62656.45,67.36,2,66.18,0,86.63,115,109.37,3.92,Fjord,suv,private,36661
38,1,37745.15,45,1,61.98,0,95.71,110.7,103,4.51,Aster,sedan,private,33775
38,13,159554.63,149.94,3,54.17,0,61.49,113.12,101.51,4.03,Dune,suv,private,42090
38,12,172133.21,93.35,4,61.22,0,62.54,112.09,107.76,4.29,Boreal,sedan,fleet,29640
38,6,79468.72,105.15,2,70.33,0,81.46,110.17,102.83,4.02,Ember,wagon,fleet,12011
38,18,265186.37,102.58,5,36.41,0,53.96,112.83,102.94,4.44,Aster,sedan,fleet,1200
38,13,163907.55,101.74,4,75.66,2,65.58,112.86,101.04,4.21,Dune,sedan,fleet,3579
38,11,122651.15,125.08,3,71.48,0,69.66,113.98,98.32,4.07,Fjord,suv,fleet,32753
38,6,56102.63,149.64,2,76.56,0,78.42,112.73,103.83,4.07,Boreal,compact,dealer,28835
38,19,215302.52,105.86,5,45.26,1,49.17,109.21,108.43,3.95,Ember,wagon,fleet,1200
38,9,125505.26,129.89,3,62.42,0,69.38,109.15,101.52,3.66,Fjord,compact,fleet,17503
38,0,5906.66,84.46,2,97.19,0,100,116.82,110.9,3.7,Boreal,sedan,dealer,40641
38,8,110155.35,105.65,2,67.69,0,79.93,113.92,107.17,3.84,Aster,wagon,fleet,30550
38,9,166042.94,169.2,2,92.15,1,68.71,109.08,109.93,3.73,Aster,suv,private,32677
38,10,122111.58,102.04,3,42.51,0,71.15,113.21,109.64,4.18,Aster,wagon,private,22828
38,7,119799.97,60.14,2,50.47,0,88.59,116.36,107.82,4.13,Boreal,compact,fleet,5951
38,6,103400.31,133.44,3,43.61,0,87.29,110.37,100.35,3.64,Dune,suv,private,49649
38,9,118829.71,80.29,2,79.66,0,84.88,106.9,100.05,3.97,Boreal,compact,fleet,12752
38,8,104175.43,99.34,3,74.25,0,69.97,113.1,100.23,4.17,Fjord,wagon,private,17977
38,4,83529.4,84.56,4,67.13,0,89.41,112.42,102.03,4.13,Aster,compact,private,18331
38,15,184520.7,75.79,3,54.75,1,53.66,114.7,103.77,4.22,Dune,sedan,dealer,1427
38,7,124750.48,168.98,3,73.97,0,83.64,111.62,113.08,3.77,Boreal,suv,fleet,28704
38,5,93365.71,174.26,2,56.99,1,94.4,114.99,105.39,3.73,Ember,suv,private,42415
38,4,70417.11,102.3,3,51.06,0,83.75,116.22,102.71,3.91,Fjord,sedan,fleet,33071
38,4,46424.38,195.71,2,65.69,0,97.15,115.71,103.63,3.87,Fjord,suv,dealer,52972
38,2,18472.08,187.14,1,93.51,0,98.41,113.01,106.05,4.11,Dune,suv,private,82395
38,14,226739.63,64.08,4,34.18,1,51.08,107.07,104.89,4.06,Dune,compact,dealer,4859
38,8,124069.13,115.02,3,73.44,0,81.43,111.44,104.32,4.42,Boreal,sedan,private,18596
38,10,136627.6,67.52,3,39.29,0,73.46,113.41,107.64,4.02,Ember,compact,fleet,4350
38,16,216742.04,132.59,4,56.35,0,56.8,112.19,109.52,3.89,Aster,suv,dealer,1200
38,10,162302.8,136.82,2,66.18,0,70.84,114.98,105.07,4.33,Fjord,suv,private,32995
38,12,159108,123.24,4,33.73,0,69.01,113.36,105.82,3.92,Cobalt,suv,dealer,42583
38,12,178956.45,126.29,4,56.04,0,69.21,111.92,105.24,4.25,Boreal,wagon,fleet,21423
38,7,126371.59,121.73,4,69.13,0,65.68,109.3,103.54,4.04,Cobalt,compact,private,16433
38,11,171030.44,58.57,3,48.75,0,67.97,115.01,104.93,4.03,Dune,compact,dealer,9137
38,0,41782.16,89.17,1,94.06,0,100,111.46,105.94,3.95,Ember,van,fleet,47384
38,5,80521.82,156.57,2,59.06,1,88.89,111.28,101.99,4.2,Boreal,suv,fleet,44749
38,9,132583.91,137.41,3,61.69,0,70.29,110.18,104.75,4.34,Dune,sedan,fleet,24404
38,9,164326.12,95.47,3,50.38,0,74.75,113.35,104.12,4.15,Cobalt,compact,fleet,11602
38,10,111626.28,132.98,3,70.37,0,71.53,113.91,99.87,3.68,Cobalt,wagon,private,33555
38,16,197617.01,63.44,4,44.85,1,47.55,109.95,103.03,4.11,Aster,wagon,dealer,7842
38,10,157682.51,124.61,4,24.33,1,82.99,115.92,106.06,4.29,Boreal,van,private,1200
38,0,8088.78,144.37,1,70.69,0,100,114.16,106.31,4.08,Boreal,compact,fleet,37416
39,8,123132.2,104.55,3,67.97,0,81.41,109.34,113.16,3.8,Cobalt,wagon,dealer,26663
39,9,119422.22,177.19,3,82.55,0,68.18,109.62,94.01,4.26,Aster,compact,private,14947
39,5,95052.4,51.4,4,58.64,0,86.63,108.27,107.75,3.79,Boreal,sedan,fleet,30438
39,7,142282.89,101.55,3,53.73,0,82.22,111.83,98,4.48,Cobalt,wagon,private,17928
39,11,156170.24,70.31,2,44.51,0,67.55,113.51,102.92,4.22,Aster,sedan,dealer,19739
39,3,99539.03,45,1,66.34,0,85.49,108.59,101.4,4.22,Ember,sedan,fleet,11826
39,7,124850.73,79.83,3,54.86,0,72.21,113.66,96.85,4.28,Boreal,wagon,fleet,24134
39,5,100790.36,144.89,3,77.18,0,73.06,113.16,105.74,3.91,Boreal,sedan,private,32705
39,14,194000.35,148.98,4,50.74,0,61.03,107.8,102.99,4.23,Aster,van,dealer,22091
39,8,121481.09,125.61,4,77.45,1,80.84,108.8,106.55,4.21,Ember,sedan,fleet,21189
39,11,164199.03,114.24,3,30.89,0,70.16,109.81,107.97,4.47,Fjord,wagon,private,28344
39,13,162786.08,154.5,4,60.47,0,64.01,116.24,105.55,4.41,Cobalt,suv,fleet,36694
39,15,194459.06,92.89,3,57.53,0,59.5,113.19,107.45,3.91,Aster,wagon,fleet,4367
39,10,155751.54,172.78,2,57.95,0,74.9,112.25,107.54,4.35,Boreal,sedan,fleet,20786
39,12,179153.06,117.2,3,37.91,0,59.37,111.76,106.19,4.08,Fjord,suv,dealer,14964
39,2,45845.11,56.73,1,57.97,0,91.49,115.97,97.04,4.18,Boreal,wagon,dealer,27711
39,10,156856.98,158.82,2,59.76,0,71.28,108.35,101.87,3.73,Boreal,sedan,dealer,30735
39,7,114900.06,53.74,3,86.63,0,93.23,106.96,99.79,4.3,Ember,compact,private,12499
39,6,108866.22,96.19,1,71.3,1,89,116.11,104.02,4.16,Boreal,wagon,dealer,26178
39,13,187692.02,115.9,5,53.15,1,64.69,109.59,107.83,4.26,Ember,wagon,fleet,32300
39,3,16635.1,78.73,1,69.54,0,92.36,108.75,102.84,3.6,Dune,wagon,private,43590
39,5,80263.37,72.75,1,75.71,0,84.59,111.59,105.15,4.05,Dune,suv,dealer,61099
39,13,176906.97,162.94,3,56.41,0,48.5,111.38,101.92,4.02,Fjord,compact,private,12782
39,8,139411.59,144.16,3,63.94,0,75.04,113.04,101.55,3.94,Cobalt,suv,fleet,37968
39,9,166446.58,114.69,3,74.59,0,68.37,117.09,99.58,4.5,Dune,compact,dealer,22940
39,5,68267.97,207.64,2,55.52,0,81.14,116.16,112.09,3.71,Cobalt,suv,dealer,67629
39,11,177244.83,98.43,2,60.39,0,66.05,109.39,108.24,3.99,Boreal,wagon,dealer,12188
39,13,182851.2,106.43,3,53.75,0,64.1,113.22,104.21,4.25,Aster,van,private,7067
39,13,173929.98,161.09,5,77.92,0,60.65,111.71,107.25,4.04,Boreal,suv,private,32634
39,10,140942.21,89.09,4,37,2,67.97,111.91,103.42,4.13,Fjord,sedan,fleet,1200
39,3,32221.82,99.59,2,58.49,0,92.2,111.8,104.64,3.88,Ember,sedan,private,30364
39,12,148511.34,153.75,3,64.19,0,62.82,111.65,108.12,3.93,Ember,suv,fleet,24019
39,3,50104.51,114.77,1,81.84,1,99.63,114.95,107.94,4.26,Boreal,wagon,private,34795
39,18,263461.48,94.77,4,58.24,1,50.96,110.58,105.78,3.93,Boreal,sedan,dealer,1200
39,8,102270,108.47,2,69.1,1,69.57,113.89,103.48,4.07,Aster,compact,private,26303
39,11,141464.95,105.37,4,58.23,0,63.83,113.63,102.81,4,Cobalt,sedan,fleet,35542
39,2,44437.37,86.01,1,91.07,0,94.8,109.76,107.87,4.21,Aster,wagon,fleet,35266
39,0,10962.27,72.1,1,80.76,0,89.13,114.7,102.49,4.4,Cobalt,wagon,fleet,46360
39,4,42885.76,115.35,2,74.47,0,82.55,116.21,104.55,4.04,Aster,sedan,private,29759
39,11,181465.08,45,3,55.4,1,69.47,111.38,101.26,4.19,Aster,compact,dealer,2249
39,8,145195.51,73.68,3,73.07,0,71.55,110.4,97.28,4.39,Boreal,compact,private,16451
39,2,62650.88,185.1,1,72.39,0,100,109.62,94.74,3.71,Fjord,suv,dealer,64052
39,7,94632.17,140.97,2,58.64,0,100,111.02,103.72,4.33,Boreal,suv,fleet,39004
39,8,106330.18,87.82,4,55.68,1,80.67,115.49,103.9,3.96,Boreal,compact,fleet,1200
39,11,178932.99,114.92,3,73.56,1,64.42,115.5,111.39,4.16,Cobalt,compact,dealer,24722
39,7,90851.56,112.96,3,88.59,0,79.32,108.44,101.56,4.27,Ember,compact,private,24902
39,9,96654.66,150.25,3,72.2,1,81.66,111.14,100.76,4.21,Dune,suv,fleet,36334
39,5,79410.34,130.12,2,75.59,1,82.84,113.48,101.31,3.53,Fjord,suv,dealer,43580
39,12,157776.76,119.55,3,51.01,1,70.8,110.03,107.61,4.51,Fjord,suv,fleet,22840
39,6,101306.91,105.6,2,66.48,0,87.37,113.5,107.47,4.02,Boreal,suv,dealer,33014
39,16,245445.62,85.86,3,57.28,1,64.98,115.18,104.36,3.83,Cobalt,compact,fleet,2196
39,7,89636.86,121.32,2,69.2,0,77.54,111.93,100.75,4.1,Boreal,suv,private,34985
39,15,201594.64,143.31,5,64.88,0,56.01,113.42,101.61,3.81,Boreal,suv,private,14264
39,8,93366.89,146.24,2,60.62,0,72.02,110.83,105.01,4.17,Ember,compact,dealer,40055
39,10,130881.13,101.86,2,43.77,0,66.64,109.9,102.91,4.16,Boreal,van,fleet,3637
39,13,196007.88,142.09,4,58.96,0,65.78,112.96,98.17,3.58,Boreal,suv,private,27618
39,17,281907.35,108.29,4,43.16,1,47.89,114.53,105.05,4.25,Boreal,compact,fleet,1200
39,13,225740.36,128.9,3,35.73,0,81.38,112.48,95.58,3.95,Ember,wagon,fleet,11216
39,2,50420.59,152.82,1,67.91,0,98.43,113.48,112.9,3.99,Boreal,suv,dealer,53111
39,9,152560.03,133.26,2,72.13,1,69.69,111.3,103.61,4.46,Ember,compact,fleet,16195
39,9,127607.18,45,2,68.15,0,69.15,108.76,103.4,4.26,Cobalt,van,private,23797
39,10,166977.52,120.66,2,61.4,0,75.13,105.55,114.41,3.91,Dune,sedan,fleet,38310
39,13,194148.05,151.74,3,55.67,0,56.86,109.15,103.82,4.01,Fjord,suv,fleet,15256
39,17,216624.65,141.83,4,50.82,0,42,115.17,97.25,4.25,Aster,suv,private,29063
39,14,195218.7,128.42,4,30.82,0,64.92,110.5,110.03,4.29,Cobalt,sedan,dealer,13032
39,9,115603.65,217.52,2,54.42,1,90.59,112.46,104.53,3.97,Boreal,compact,private,25287
39,12,170911.89,176.09,4,65.01,1,68.19,116.62,106,4.55,Boreal,suv,private,30944
39,7,126235.67,125.37,3,62.65,1,84.94,110.82,102.04,4.29,Boreal,sedan,private,32210
39,3,54257.37,100.46,2,81.64,0,95.86,111.99,105.16,4.22,Cobalt,compact,fleet,31549
39,6,99140.84,107.43,2,53.45,0,81.1,114.1,107.42,4.04,Cobalt,compact,fleet,41148
39,0,10264.4,96.61,1,92.37,0,96.03,110.45,104.52,4.05,Boreal,wagon,fleet,43550
39,5,123394.34,123.1,2,51.85,0,91.2,111.62,101.66,4.09,Ember,compact,dealer,16915
39,7,119960.82,101.17,2,55.9,0,78.95,111.92,102.92,4.44,Aster,sedan,fleet,26344
39,13,180146.67,104.46,3,53.16,0,63.8,110.42,105.74,4.14,Aster,compact,private,1200
39,5,37407.22,67.14,2,42.03,0,84.71,109.61,106.2,4.24,Fjord,compact,private,32729
39,6,125227.18,99.42,3,74.86,1,85.95,116.01,103.26,4.03,Ember,compact,dealer,32471
39,13,181187.08,45,5,50.26,0,63.57,112.58,107.3,4.21,Aster,wagon,dealer,1200
39,9,122909.27,90.66,2,64.32,1,81.64,109.61,109,3.98,Fjord,wagon,private,31378
39,10,133260.84,112.2,3,49.75,0,67.46,111.68,102.65,4.16,Aster,wagon,fleet,16534
39,7,119549.52,101.83,3,74.14,0,87.21,107.34,99.13,3.77,Boreal,compact,private,12125
39,4,60138.5,93.9,1,77.85,0,94.63,110.54,101.5,4.02,Boreal,suv,dealer,50183
39,13,167238.96,45,3,67.1,0,53.5,111.54,101.92,3.86,Aster,wagon,dealer,1200
39,4,64461.77,148.77,1,72.12,0,85.79,112.99,99.65,4,Dune,wagon,dealer,53780
39,9,173010.53,141.48,3,66.58,1,65.82,109.86,100.39,4.1,Dune,wagon,fleet,12387
39,11,153532.86,69.49,3,69.42,1,65.34,112.02,111.06,3.74,Ember,compact,dealer,11134
39,5,121661.05,99.35,2,88.66,0,84.41,113.59,103.07,4.18,Aster,compact,fleet,30468
39,0,22189.45,126.09,1,79.4,0,96.67,115.34,103.67,4.37,Boreal,sedan,dealer,48108
39,16,212462.61,88.99,5,38.32,0,46.59,113.94,107.38,3.65,Fjord,compact,dealer,15541
39,5,79048.44,76.81,2,72.44,1,84.76,113.26,107.85,4.13,Boreal,compact,dealer,23354
39,8,84689.11,108.96,2,54.29,0,75.6,109.5,105.03,4.24,Ember,sedan,fleet,25755
39,15,184802.61,154.78,3,42.6,0,53.34,111.42,112.27,4.03,Fjord,compact,dealer,16531
39,7,78042.66,157.79,1,55.21,0,85.17,110.72,98.59,3.85,Boreal,suv,fleet,40138
39,15,168901.85,88.34,4,38.18,1,55.85,118.5,104.78,3.85,Ember,compact,fleet,8784
39,10,154954.46,126.15,2,64.27,0,72.87,110.88,108.24,4.01,Ember,sedan,dealer,16409
39,11,139971.05,108.45,3,61.19,0,69.49,109.02,104.65,3.96,Cobalt,sedan,private,33344
39,12,158902.28,177.64,3,56.49,1,61.39,109.76,114.6,3.94,Ember,van,fleet,11546
39,12,189303.22,71.68,3,51.3,0,66.19,110.6,105.08,4.1,Dune,compact,private,15700
39,4,80304.96,113.71,2,83.09,1,93.49,110.92,105.39,4.16,Boreal,suv,private,46741
39,11,173352.45,92.53,3,47.31,0,69.34,108.12,105.83,3.64,Cobalt,compact,private,20782
39,13,184735.85,101.43,3,46.56,0,68.96,113.28,109.43,4.18,Boreal,compact,fleet,11089
39,0,8157.37,123.75,1,66.55,1,96.73,111.95,105.91,4.08,Cobalt,compact,private,37541
39,5,33606.23,107.56,3,67.67,0,76.56,114.21,101.17,4.21,Cobalt,compact,fleet,35463
39,11,127316.31,107.23,3,74.99,0,65.47,106.5,104.5,4.51,Aster,van,dealer,16340
39,8,121088.03,124.54,2,47.27,1,83.74,113.86,102.93,4.16,Ember,suv,private,40381
39,14,194927.98,69.29,6,32.15,0,55.77,110.96,109.19,4.43,Boreal,van,dealer,1200
39,10,134694.53,112.13,4,75.98,0,77.56,110.93,105.55,4.05,Fjord,suv,dealer,22793
39,5,93089.53,55.31,2,84.53,0,78.9,112.16,103,4.22,Boreal,compact,fleet,19849
39,8,120190.89,99.67,2,61.32,0,69.9,114.7,107,4.16,Cobalt,compact,dealer,40004
39,0,3687.41,106.95,1,91.15,1,97.23,112.12,107.85,4.31,Cobalt,sedan,fleet,40825
39,2,40523.33,154.04,1,63.64,0,99.71,115.12,102.7,3.99,Boreal,suv,fleet,38739
39,11,164507.41,83.16,3,65.3,1,82.1,108.63,110.8,4.03,Aster,sedan,fleet,1200
39,9,160455.4,118.27,2,49.35,1,72.76,111.98,110.75,3.82,Cobalt,compact,dealer,28461
39,12,165939.23,104.87,4,64.53,1,68.13,114.98,109.24,3.95,Aster,wagon,dealer,1200
39,8,111793.51,98.68,2,65.2,0,79.05,114.7,103.56,3.9,Cobalt,sedan,dealer,37993
39,2,43053.61,121.14,1,81.83,1,93.79,113.12,105.03,4.27,Boreal,sedan,fleet,27806
39,7,115181.63,117.21,1,56.14,1,75.55,112.17,100.66,3.94,Dune,compact,fleet,25698
39,10,109461.57,66.02,4,38.67,1,63.58,114.32,110.28,4.15,Fjord,wagon,dealer,4205
39,20,260938.38,80.04,5,51.02,0,62.54,109.24,107.65,3.79,Aster,compact,fleet,1200
39,9,113097.14,164.71,2,62.53,0,73.24,110.69,102.37,4.53,Fjord,suv,private,37258
39,6,74990.64,120.45,1,53.81,0,70.05,112.26,102.59,4.24,Boreal,van,private,31142
39,11,186637.22,68.48,3,39.9,1,61.31,117.73,106.15,4.1,Cobalt,suv,private,26089
39,9,110309.41,61.47,3,58.36,0,64.5,109.04,109.54,4.03,Ember,wagon,dealer,6062
39,16,234982.87,155.09,4,37.27,1,56.93,110.04,110.48,4.15,Aster,sedan,private,1200
39,8,77800.42,100.6,3,78.63,2,79.43,110.6,105.92,3.99,Fjord,compact,dealer,8296
39,10,159032.39,67.7,3,54.41,1,63.61,110.18,105.76,3.89,Boreal,wagon,private,14603
40,7,112196.71,108.88,1,28.71,0,77.34,113.02,110.05,4.1,Fjord,wagon,fleet,44744
40,5,71777.89,171.38,2,63.94,1,96.54,115.54,103.57,4.15,Fjord,compact,fleet,26737
40,10,124168.01,169.08,3,61.89,0,77.36,113.09,106.88,4.26,Aster,suv,dealer,25818
40,7,112957.76,117.95,1,61.93,0,75.19,114.65,102.38,4.37,Boreal,wagon,fleet,45084
40,8,117439.46,149.38,3,43.67,0,82.71,117.09,102.05,4.3,Boreal,compact,dealer,13053
40,6,91887.18,124.74,2,78.5,0,83.53,108.27,108.52,3.96,Aster,suv,fleet,42603
40,2,80249.14,75.52,1,61.6,1,100,111.16,103.33,4.17,Fjord,van,dealer,42030
40,5,76552.61,156.02,3,68.85,1,86.17,118.39,114.13,4.32,Aster,compact,fleet,12146
40,7,101731.64,78.56,3,50.91,1,79.88,116.69,106.75,3.97,Cobalt,wagon,fleet,18078
40,9,120477.99,107.79,3,63.23,2,81.32,113.63,105.36,3.57,Fjord,compact,fleet,13677
40,12,144642.53,170.16,4,28.23,1,62.75,107.37,97.12,4.05,Ember,suv,fleet,30456
40,6,66692.51,113.5,3,71.36,0,75.09,115.01,106.73,4.56,Cobalt,compact,private,31623
40,10,109686.56,134.56,2,51.23,0,62.35,114.94,103.48,3.85,Fjord,suv,dealer,26265
40,15,216392.48,115.72,3,38.06,1,55.16,114.4,99.94,3.99,Cobalt,compact,private,11672
40,2,33324.85,172.38,1,57.46,0,91.05,111.56,102.06,4.34,Boreal,suv,fleet,50366
40,14,171279.12,56.57,4,58.33,0,65.5,113.53,101.49,4.14,Cobalt,wagon,private,27283
40,7,85903.64,168.67,2,70.59,1,83.82,110.45,98.8,4.08,Boreal,van,fleet,26049
40,1,36357.54,103.48,1,60.65,0,100,112.57,112.38,4.16,Boreal,wagon,dealer,46649
40,13,172388.65,75.37,2,39.33,0,72.13,112.42,105.03,4.17,Boreal,van,private,8275
40,9,116288.34,95.18,3,61.13,0,62.46,118.01,112.25,3.88,Aster,suv,fleet,32156
40,10,130876.06,64,3,65.31,0,58.68,111.52,112.6,4.11,Dune,compact,private,23855
40,11,142245.38,50.5,2,65.14,0,67.7,114.3,94.2,4.46,Aster,wagon,fleet,3283
40,12,200384.05,54.23,3,57.62,0,77.73,111.56,102.83,4.09,Dune,compact,private,18255
40,7,110288.97,89.76,2,37.97,0,86.32,108.19,104.77,4.2,Ember,compact,private,8045
40,7,127267.44,69.01,3,100,0,87.49,115.04,102.23,4.13,Ember,wagon,dealer,18535
40,6,92606.48,121.76,2,76.94,0,91.72,116.23,96.07,3.71,Ember,sedan,dealer,27822
40,5,69984.52,100.61,3,60.22,0,87,110.85,104.58,4.16,Cobalt,sedan,dealer,32179
40,6,82619.82,153.63,1,69.76,1,73.47,116.6,108.29,4.14,Ember,wagon,dealer,26074
40,12,142374.98,114.84,3,63.57,0,60.04,111.23,112.25,4.06,Boreal,compact,private,13775
40,6,73981.81,92.08,3,64.93,0,88.42,109.33,115.68,4.37,Aster,wagon,fleet,23236
40,8,108164.17,151.47,3,55.95,0,70.13,109.11,105.27,4.09,Ember,compact,dealer,24225
40,10,160800.07,92.82,4,40.77,0,69.66,109.85,108.4,4.23,Aster,compact,fleet,7076
40,8,117201,145.93,2,73.7,0,81.33,109.93,114.49,4.19,Cobalt,suv,fleet,34124
40,0,17369.29,118.86,1,92.34,0,97.01,115.01,105.87,3.96,Cobalt,compact,private,47863
40,7,100118.21,111.5,3,83.85,0,83.2,115.65,107.72,4.07,Ember,suv,private,35817
40,9,142611.89,111.63,3,55.59,1,77.74,113.58,102.05,4.28,Ember,wagon,fleet,7774
40,6,70980.89,145.71,2,60.02,0,85.94,116.23,98.9,4.22,Aster,suv,private,35635
40,3,92794.98,157.15,2,79.48,0,85.25,115.7,104.35,4.62,Fjord,sedan,fleet,26198
40,3,84767.51,82.88,1,79.23,0,97.62,115.34,99.09,3.84,Ember,compact,dealer,38538
40,15,236363.99,150.53,3,47.18,0,55.23,111.52,106.58,3.95,Boreal,sedan,dealer,10407
40,17,237882.64,45,5,40.33,1,56.94,112.67,100.65,4.12,Boreal,sedan,fleet,1200
40,0,8685.23,134.2,1,75.69,0,100,115.92,104.26,4.46,Aster,suv,fleet,55840
40,6,117915.3,83.65,2,58.78,2,82.66,113.63,102.43,4.28,Dune,van,private,22871
40,4,64858.64,99.86,2,55.4,1,88.24,110.3,102.3,4.36,Boreal,suv,dealer,34780
40,7,111305.53,85.01,3,78.69,1,81.6,114.76,108.69,3.85,Boreal,sedan,fleet,15008
40,9,179234.77,159.19,2,50.34,0,61.77,108.63,104.77,4.3,Aster,suv,dealer,10254
40,9,160210.18,131.44,2,53.19,1,70.63,112.17,110.7,4.05,Aster,sedan,fleet,14203
40,0,500,85.95,1,61.19,1,96.75,112.29,108.12,4.42,Boreal,sedan,dealer,43508
40,8,85940.71,198.12,4,66.05,0,76.59,113.19,106.44,4.05,Boreal,compact,dealer,39386
40,6,92471.83,155.12,1,75.08,0,81.4,119.7,100.38,3.94,Boreal,sedan,dealer,40989
40,7,90366.85,183.36,3,74.85,0,69.34,110.93,108.84,3.75,Aster,wagon,private,19877
40,7,123904.47,99.28,2,41.62,0,81.82,112.4,98.74,4.01,Aster,suv,fleet,16312
40,19,232604.45,132.93,4,54.24,0,42,113.53,107.69,4.61,Boreal,sedan,private,1200
40,13,195060.74,91.68,4,76.18,0,68.61,114.83,104.8,4.23,Aster,van,fleet,1200
40,1,57302.11,204.25,1,68.24,1,92.49,118.1,104.68,3.63,Cobalt,compact,private,43514
40,6,107068.82,131.37,3,59.59,0,78.06,111.82,100.07,4.18,Dune,suv,private,44157
40,8,151239.53,173.52,2,65.72,1,69.9,106.94,106.86,4.2,Fjord,suv,dealer,36652
40,6,113285.8,120.45,2,72.62,0,75.35,110.67,106.24,4.13,Cobalt,suv,dealer,34965
40,6,37408.11,158.63,4,79.82,0,82.47,113.03,95.53,4.01,Aster,suv,private,51263
40,9,131343.37,119.75,3,71.46,2,79.96,112.99,102.62,3.86,Ember,wagon,private,12828
40,6,55641.5,125.86,2,54.37,0,77.23,111.26,104.92,3.91,Fjord,compact,dealer,28858
40,10,123429.19,96.1,4,58.14,1,74.89,115.83,102.01,4.14,Ember,compact,dealer,21734
40,12,185292.2,82.8,4,49.73,0,69.84,113.68,107.21,3.76,Ember,sedan,dealer,1200
40,6,128282.2,168.3,3,36.34,0,82.94,109.43,105.81,3.89,Boreal,compact,fleet,11053
40,10,143649.63,108.94,3,80.87,1,71.89,114.27,109.31,4.49,Aster,compact,fleet,11173
40,4,90810.56,156.49,2,63.68,0,91.27,116.66,107.85,4.39,Cobalt,van,dealer,54225
40,7,104059.47,108.54,3,75.7,1,76.36,112.09,105.99,4.02,Aster,van,fleet,9744
40,11,177367.56,153.65,3,55.89,1,67.77,116.87,113.19,4.25,Ember,compact,dealer,19926
40,11,183680.63,150.52,3,61.04,0,64.43,108.34,109.36,4.12,Cobalt,suv,private,35353
40,8,80434.65,110.54,3,55.33,0,91.76,111.27,99.61,4.13,Boreal,suv,fleet,30298
40,9,140091.23,120.11,4,65.99,1,78.36,108.35,108.43,3.88,Aster,suv,private,12987
40,6,109287.08,112.16,1,67.59,0,73.57,112.42,102.4,4.05,Boreal,sedan,fleet,33789
40,7,77820.23,74.51,3,59.03,0,73.61,109.88,105.31,3.92,Dune,suv,fleet,45164
40,0,26897.22,156.16,1,73.36,0,100,108.78,105.42,4.19,Ember,suv,private,48455
40,6,34575.74,128.75,1,40.42,0,80.79,116.67,108.29,4.38,Cobalt,sedan,dealer,40047
40,15,204870.92,113.39,5,41.07,1,68.42,117.06,103.07,4.19,Dune,wagon,dealer,4258
40,11,127020.33,86.79,4,34.81,1,75.44,111.61,101.01,4.01,Boreal,sedan,private,3332
40,9,120733.32,86.81,3,57.54,0,75.34,120.36,111.16,4.33,Ember,compact,fleet,4545
40,14,190647.66,136.96,3,42.03,0,56.05,105.21,105.21,4.57,Aster,compact,private,6718
40,7,124639.94,147.13,3,63.1,0,81.94,111.59,106.08,4.32,Ember,suv,dealer,26821
40,11,154633.08,75.48,4,63.75,0,70.56,109.97,103.71,4.05,Cobalt,compact,private,23714
40,9,135142.35,122.43,2,54.14,0,76.26,109.53,102.91,4.07,Boreal,suv,fleet,27401
40,7,124022.5,146.12,2,78.47,0,72.15,115.11,110.07,4,Ember,sedan,dealer,41346
40,4,54399.05,88.59,3,73.14,0,94.86,116.42,107.44,4.13,Boreal,compact,dealer,14706
40,13,139010.68,126.3,4,34.67,1,57.1,112.33,101.85,4.12,Dune,compact,dealer,13409
40,7,101594.36,140.44,4,66.26,0,80.89,115.15,108.67,4.28,Aster,suv,dealer,33250
40,10,116084.65,63.69,4,51.98,0,68.87,109.13,103.67,3.56,Boreal,sedan,dealer,25911
40,11,140197.88,102.3,4,72.77,0,62.36,105.56,101.47,4.09,Cobalt,suv,fleet,29275
40,8,128814.38,140.7,2,58.02,0,71.88,114.7,102.21,4.14,Cobalt,van,dealer,49441
40,2,56886.43,127.73,3,70.21,0,100,118.01,106.08,3.92,Ember,suv,fleet,54019
40,12,178976.27,113.5,4,59.74,0,65.79,111.08,108.95,4.28,Ember,sedan,fleet,24134
40,9,127312.77,148.44,3,42.66,1,72.26,112.42,97.36,3.8,Aster,van,dealer,11194
40,8,110048.8,110.64,3,73.12,0,72.89,114.91,108.02,4.02,Boreal,compact,fleet,22666
40,12,163505.5,133.23,2,54.62,0,71.71,112.99,104.38,4.61,Boreal,compact,fleet,1200
40,8,134577.43,114.21,3,48.53,1,65.06,112.24,98.82,4.39,Ember,compact,fleet,5627
40,11,151125.85,149.5,3,43.22,0,66.23,112.86,103.93,4.1,Fjord,suv,fleet,29950
40,12,164776.49,86.97,3,69.17,0,66.63,107.71,104.34,4.02,Aster,van,private,5494
40,11,139493.55,89.7,2,60.43,0,67.93,116.58,100.79,4.09,Boreal,compact,dealer,18726
40,8,83914.99,105.32,4,73.79,0,92.8,115,97.54,4.28,Ember,wagon,private,18117
40,3,60559.35,119.71,2,55.68,0,92.3,109.44,106.28,3.85,Fjord,suv,dealer,43980
40,10,148194.66,76.63,4,34.18,0,72.24,110.81,101.35,3.87,Cobalt,sedan,fleet,26704
40,1,52988.23,97.12,1,73.74,0,100,123.25,100.79,4.31,Boreal,compact,dealer,50881
40,6,113328.52,93.2,3,69.68,0,84.8,118.29,94.71,4.32,Cobalt,compact,fleet,39304
40,5,63566.77,143.01,2,56.54,0,78.26,109.95,107.59,3.58,Fjord,van,dealer,35621
40,9,88893.96,108.66,4,51.06,0,69.64,111.73,102.62,3.9,Aster,compact,fleet,4550
40,11,175639.72,167.35,4,50.29,0,75.65,111.58,105.45,4.19,Aster,suv,private,21411
40,11,168532.49,129.28,4,60.62,0,68.45,110.76,108.6,4.05,Cobalt,suv,private,41601
40,6,117191.15,131.76,2,59.72,1,80.25,113.31,103.63,4.07,Aster,compact,private,31590
40,3,31981.83,112.87,1,70.31,0,91.19,109.42,99.95,3.86,Boreal,sedan,private,42566
40,11,127835.3,118.97,3,44.62,0,73.45,107.46,108.07,4.05,Fjord,compact,dealer,19159
40,10,165423.85,72.8,4,40.84,0,69.75,114.81,102.5,4.24,Boreal,van,private,8229
40,4,54329.71,123.96,1,88.93,1,81.14,114.22,110.25,4.15,Fjord,compact,dealer,29688
40,5,102423.16,66.22,2,59.1,0,88.2,109.41,101.05,4.14,Aster,compact,fleet,3054
40,14,230720.45,109.16,5,40.06,1,69.63,104.84,105.05,3.94,Dune,wagon,dealer,20363
40,11,145444.3,137.5,2,64.15,0,68.81,112.31,103.18,4.16,Aster,sedan,fleet,11159
40,8,135816.06,109.02,3,49.6,0,78.29,111.25,102.85,3.85,Cobalt,van,private,30986
40,6,97028.77,77.41,3,77.51,1,76.77,107.79,111.34,4.14,Cobalt,suv,dealer,40779
40,10,134958.08,137.97,3,50.86,1,68.51,115.66,102.62,4.49,Boreal,compact,private,1200
40,5,106363.45,176.38,4,52.43,1,85.94,116.29,108.98,4.51,Fjord,suv,private,42868
40,13,194062.55,106.46,4,39.84,0,63.11,113.5,103.33,4.16,Aster,suv,dealer,20247
40,3,42703.15,149.09,1,81.42,1,91.47,113.73,104.72,3.92,Ember,van,dealer,40105
40,4,78378.3,108.75,3,54.86,1,88.79,113.99,102.94,3.98,Cobalt,van,private,27613
40,10,143381.32,69.27,4,54.26,0,78.55,108.98,105.28,4.52,Boreal,sedan,private,17980
40,8,86939.51,50.17,3,46.87,0,75.89,112.51,104.34,4.25,Fjord,sedan,fleet,10940
40,13,208070.07,140.44,4,49.6,0,55.84,113.57,106.24,3.8,Cobalt,suv,dealer,19460
41,5,86119.77,199.28,3,87.96,1,86.19,115.68,106.85,4.4,Ember,suv,fleet,44622
41,11,160251.82,103.3,2,46.99,0,62.86,110.76,110.32,4.06,Fjord,suv,dealer,36222
41,7,127258.11,76.79,3,67.69,0,74.53,113.8,101.87,4.42,Aster,wagon,fleet,22294
41,10,170454.24,116.79,2,44.75,0,70.26,111.68,109.39,4.31,Aster,compact,dealer,19875
41,10,169131.52,99.62,4,44.65,0,69.95,110.47,104.48,4.53,Cobalt,wagon,dealer,34538
41,3,21121.36,46.27,2,66.23,1,91.98,114.94,106.36,4.25,Boreal,compact,fleet,24735
41,8,88015.83,134.79,4,73.39,1,86.72,109.94,103.46,4.16,Boreal,van,private,24115
41,7,79291.99,120.32,1,61.81,0,79.23,111.48,105.15,4.06,Boreal,sedan,dealer,25193
41,9,131412.78,106.51,2,64.26,0,83.48,109.64,101.66,4.01,Dune,sedan,private,30937
41,9,156704.66,112.65,2,57,0,73.18,115.36,101.99,3.98,Ember,wagon,private,28394
41,10,155611.98,128.15,3,46.28,0,67.86,113.83,106.05,4.03,Fjord,suv,fleet,36820
41,12,166657.78,92.66,4,53.12,1,64.19,111.51,112.75,4.43,Aster,suv,fleet,1200
41,15,209562.95,107.6,4,78.16,1,53.77,116.49,103.25,4.15,Cobalt,van,fleet,2114
41,9,112749.56,171.8,2,33.72,2,75.72,105.4,106.01,4.36,Boreal,compact,fleet,11216
41,10,144015.95,109.76,4,70.78,0,66.21,109.9,104.85,3.86,Cobalt,wagon,dealer,22469
41,9,136807.75,115.37,4,74.98,1,70.16,114.27,110.94,3.91,Cobalt,compact,dealer,23760
41,5,91147.05,110.05,2,89.94,0,90.55,114.28,102.49,4.29,Fjord,sedan,fleet,41444
41,10,149540.48,105.99,3,44.8,0,66.85,112.62,105.48,3.73,Cobalt,suv,dealer,50452
41,6,103242.5,105.6,3,42.79,0,84.57,115.61,104.81,4.37,Aster,van,fleet,14404
41,6,110415.29,96.7,2,67.83,1,81.57,112.84,108.97,3.66,Boreal,sedan,dealer,22732
41,9,118110.06,116.2,2,60.49,0,87.1,115.6,109.46,4.27,Boreal,van,private,26149
41,13,176672.08,107.45,2,55.08,1,65.24,113.31,97.44,4.28,Aster,suv,dealer,19263
41,7,80341.56,99.72,3,56.08,1,71.45,109.52,95.68,4.42,Ember,sedan,dealer,18858
41,6,111663.92,152.13,2,72.4,0,99.13,115.53,101.62,4.53,Fjord,compact,fleet,27456
41,8,127869.74,78.39,3,56.78,0,75.13,112.75,105.06,3.98,Cobalt,compact,fleet,7054
41,12,166794.89,97.74,4,67.61,2,69.96,107.49,107.15,4.08,Dune,compact,private,9837
41,7,102632.15,163.17,3,58.56,0,76.74,113.6,100.7,3.95,Cobalt,suv,private,61876
41,3,41189.28,110.29,1,69.03,2,100,109.76,108.25,4.14,Boreal,suv,private,33777
41,12,164530.75,80.02,4,57.77,0,67.19,111.33,108.93,4.15,Boreal,sedan,fleet,1200
41,11,119597.88,106.29,4,72.09,0,73.1,112.72,103.16,4.45,Boreal,van,dealer,17544
41,9,83728.25,100.24,3,66.7,1,66.39,112.02,106,4.36,Boreal,sedan,fleet,16743
41,14,198482.27,73.77,4,22.55,1,61.25,108.93,99.34,4.1,Aster,compact,fleet,1200
41,13,170942.39,187.23,4,60.66,0,62.51,112.48,102.45,4.64,Cobalt,suv,dealer,35324
41,3,67438.92,153.93,2,68.19,0,82.16,108.38,106,3.88,Aster,wagon,fleet,36927
41,7,105204.44,171.59,2,66.41,2,75.8,111.91,104.25,3.94,Ember,compact,fleet,19448
41,18,228604.84,169.13,5,23.18,0,64.66,108.19,105.2,4.08,Ember,sedan,private,9637
41,5,101809.85,100.54,1,57.49,0,86.04,110.21,102.86,4.48,Ember,sedan,private,26307
41,7,112111.4,158.22,4,82.07,1,76.86,113.83,109.63,4.25,Boreal,suv,dealer,35780
41,9,129611.36,146.7,3,65.99,0,75.09,116.8,96.73,4.05,Aster,sedan,dealer,30635
41,12,161897.53,108.87,4,63.52,0,56.16,110.96,111.07,4.07,Cobalt,compact,dealer,28407
41,11,126055.46,144.24,4,57.93,0,75.01,114.07,104.05,4.24,Aster,wagon,fleet,30510
41,11,176507.98,59.71,4,61.04,0,66.44,118.19,106.9,3.96,Dune,compact,dealer,24721
41,5,57515.78,105.11,3,36.03,0,81.07,109.9,105,4.29,Aster,sedan,dealer,23126
41,11,142152.62,133.02,4,72.39,2,62.86,118.61,100.29,4.43,Fjord,suv,private,20015
41,10,170518.18,102.54,2,59.91,0,78.28,119.36,97.24,4.02,Boreal,sedan,private,27854
41,15,198362.65,154.48,5,33.41,0,62.43,110.01,104.81,3.85,Ember,suv,dealer,24861
41,8,148271.21,155.25,2,65.76,0,84.09,114.87,107.23,4.16,Ember,van,fleet,24489
41,3,68987.19,119.1,3,72.03,0,91.26,114.28,105.45,4.31,Aster,van,fleet,27410
41,10,131877.02,115.38,4,49.7,1,75.7,112.72,99.92,4.03,Aster,suv,fleet,20412
41,4,58529.72,110.01,1,79.21,1,89.64,118.11,108.58,4.26,Fjord,van,private,31813
41,12,180538.58,73.71,3,41.37,1,67.74,109.26,106.82,3.86,Fjord,sedan,dealer,12732
41,6,112772.74,97.84,2,58.15,0,83.99,112.45,102.44,4.27,Boreal,compact,dealer,17529
41,3,45570.35,104.63,1,87.05,0,90.87,115.02,105.45,3.92,Cobalt,compact,dealer,43268
41,15,246986.32,121.89,4,33.41,1,66.76,111.26,108.08,3.83,Cobalt,wagon,dealer,13319
41,6,68504.55,147.56,2,59.03,1,88.81,113.16,105.55,4.27,Aster,suv,fleet,37396
41,6,51011.71,45,2,63.1,0,80.59,109.52,98.69,4.3,Aster,sedan,private,36768
41,13,204411.61,95.9,3,47.67,0,60.56,116.45,108.94,4.18,Cobalt,compact,private,8484
41,2,40453.16,112.37,2,70.56,0,93.46,109.03,105.92,3.71,Boreal,sedan,fleet,33708
41,6,109455.9,110.91,3,69.98,0,87.87,117.25,103.26,4.12,Boreal,compact,fleet,23787
41,10,173356.37,134.12,3,57.12,0,67.3,114.26,107.2,3.97,Cobalt,suv,fleet,22990
41,5,95403.07,150.66,2,68.32,0,83.86,112.59,102.65,4.22,Aster,suv,dealer,43451
41,6,56032.13,154.65,3,67.28,0,86.38,111.09,106.6,3.95,Ember,suv,fleet,32556
41,6,126397.21,106.96,2,65.93,0,85.5,110.55,109.13,4.11,Ember,van,dealer,13959
41,4,63654.82,143.85,1,61.43,0,90.69,116.12,104.69,3.71,Aster,compact,fleet,25039
41,11,145954.93,125.19,3,73.39,0,69.21,112.02,103.12,4.32,Boreal,suv,dealer,1200
41,2,90350.77,45,2,77.91,0,85.23,113.79,106.53,3.84,Boreal,sedan,fleet,31124
41,10,131833.89,98.6,4,68.69,0,74.12,115.15,99.93,4.3,Fjord,compact,private,14873
41,5,72550.04,104.6,3,100,0,90.17,112.38,107.93,4.31,Ember,wagon,fleet,34133
41,10,136828.19,54.92,3,47.95,0,73.08,112.64,102.83,3.88,Dune,sedan,private,22794
41,6,72869.61,52.33,1,84.31,0,88,111.04,108.31,3.98,Boreal,wagon,private,30808
41,5,90559.71,103.11,2,83.34,0,79.66,112.13,101.81,4.08,Aster,suv,fleet,37847
41,8,115323.52,108.41,3,54.96,0,77.79,112.56,101.45,3.77,Cobalt,suv,private,23582
41,9,100643.89,78.26,3,53.45,2,77.77,111.71,107.3,4.03,Fjord,compact,private,14464
41,0,50038.53,141.8,1,85.86,0,98.83,112.96,104.91,4.19,Boreal,sedan,fleet,56569
41,8,179942.75,139.84,3,70.71,0,67.79,111.34,104.77,4.13,Boreal,suv,dealer,21180
41,2,12723.37,154.11,1,79.49,0,90.06,112.11,109.12,4.14,Dune,van,private,47623
41,10,145787.32,88.58,3,70.91,0,77.91,116.4,105.73,4.24,Aster,sedan,private,23425
41,7,97465.14,82.53,2,63.2,0,90.01,116.87,105.31,4.35,Boreal,compact,dealer,12628
41,12,150990.76,141.65,3,31.25,1,64.64,111.81,102.9,4.17,Fjord,suv,fleet,22336
41,17,250422.22,64.33,4,23.71,0,50.22,115.14,106.84,4.56,Boreal,wagon,dealer,9068
41,7,64380.87,81.58,2,44.86,2,75.82,110.77,105.89,3.72,Fjord,compact,private,20888
41,11,150066.18,88.33,3,54.03,0,58.64,118.63,104.93,4.36,Boreal,suv,fleet,27781
41,6,109292.07,91.97,2,60.97,0,84.09,115.92,106.38,4.6,Dune,sedan,private,26380
41,4,31697.72,130.73,2,79.82,0,86.11,115.14,104.95,4.29,Dune,suv,fleet,58537
41,12,191138.7,45,3,26.66,1,64.69,114.53,102.65,3.83,Cobalt,compact,dealer,2846
41,9,85494.38,155.61,2,71.96,1,85.67,117,104.46,4.1,Aster,suv,fleet,6112
41,4,62019.08,75.51,3,69.48,0,80.32,114.64,110.61,4.01,Aster,wagon,fleet,21969
41,6,150878.02,108.41,2,56.89,1,88.3,119.41,109.83,3.97,Cobalt,sedan,fleet,19227
41,13,196514.07,93.39,3,69.68,1,80.6,117.62,105.16,4.51,Ember,compact,private,2935
41,8,104172.03,81.95,3,61.05,0,87.29,109.95,111.33,4,Aster,compact,private,9208
41,11,135139.96,108.39,3,78.74,0,71.01,113.63,101.14,4.22,Aster,wagon,fleet,26015
41,4,34604.12,195.7,1,57.04,0,85.2,108.71,104.34,3.87,Boreal,suv,dealer,48224
41,15,195022.48,66.51,5,38.36,1,52.07,113.02,104.84,3.86,Aster,suv,private,1200
41,8,105212.25,115.82,2,83.63,0,73.94,116.11,107.6,4.07,Cobalt,suv,dealer,33920
41,7,97645.33,142.87,3,58.29,0,82.12,113.63,103.45,4.02,Ember,suv,dealer,42914
41,7,137410.8,127.8,3,64.57,1,74.6,112.46,110.1,4.37,Fjord,suv,fleet,33567
41,8,75365.49,60.98,2,76.24,0,71.61,115.58,102.42,4.1,Cobalt,compact,private,17073
41,5,116789.76,69.53,2,43.84,1,81.69,110.27,103.64,4.08,Ember,sedan,dealer,15036
41,5,84849.53,182.42,2,60.18,1,83.62,111.6,101.24,4.18,Boreal,suv,fleet,47247
41,9,120332.76,75.19,3,64.47,0,81.61,113.3,105.54,3.82,Aster,compact,dealer,9398
41,5,52242.25,107.5,2,79.78,1,81.23,111.85,102.9,4.39,Cobalt,suv,fleet,39862
41,9,173971.27,119.65,3,58.97,0,62.02,116.93,97.07,4.47,Cobalt,sedan,private,22283
41,7,107603.18,132.4,3,73.69,0,81.6,112.77,104.29,4,Boreal,suv,private,33518
41,15,208895.69,87.65,4,20,0,67.41,116.25,101.35,4.1,Cobalt,sedan,dealer,2978
41,0,17489.78,118.94,1,64.62,0,100,113.75,101.65,4.36,Aster,compact,fleet,44000
41,7,154847.62,105.34,2,47.04,0,93.99,107.81,104.51,3.76,Aster,compact,fleet,9058
41,4,87256.39,90.85,1,67.36,0,85.13,112.44,102.32,3.81,Dune,van,private,52123
41,0,500,117.77,1,86.42,0,100,107.95,111.6,4.12,Cobalt,compact,dealer,64130
41,2,89509.47,123.17,1,79.3,1,87.03,111.21,103.29,4.29,Cobalt,sedan,private,45432
41,13,193464.84,95.29,4,39.73,0,55.77,111.77,109.78,4.11,Aster,sedan,fleet,1200
41,6,73917.51,109.41,2,64.57,0,79.51,112.24,106.74,3.73,Fjord,sedan,private,23036
41,12,132911.43,131.97,2,62.49,1,70.45,115.42,104.79,4.14,Boreal,suv,fleet,21450
41,4,46229.14,106.56,2,53.34,0,89.4,114.15,103.29,3.96,Aster,compact,fleet,20419
41,14,194954.43,90.73,4,43.3,1,64.03,114.1,103.15,4.18,Dune,wagon,fleet,23182
41,7,87292.09,95.2,1,61.72,0,84.04,116.31,113.3,4.23,Ember,compact,private,24506
41,8,103089.04,48.23,2,27.45,0,71.87,113.71,104.44,4.23,Boreal,van,dealer,10551
41,4,92132.1,73.31,3,77.07,0,84.03,115.28,107.24,4.4,Fjord,compact,private,31117
41,6,88487.03,52.44,2,54.76,0,96.13,118.51,108.71,4.37,Cobalt,sedan,private,35460
41,1,500,156.64,2,71.29,0,98.48,113.71,107.25,4.27,Aster,compact,private,43181
41,10,116034.61,127.82,3,94.61,0,71.27,111.94,107.89,3.96,Aster,sedan,dealer,36247
41,10,125912.75,164.12,2,32.41,0,71.35,116.98,105.53,4.37,Boreal,van,private,29171
41,15,223728.13,121.01,4,62.57,1,57.3,115.52,106.37,3.77,Dune,compact,dealer,1200
41,8,133994.29,123.61,2,57.53,0,73.94,113.18,104.23,4.09,Aster,sedan,dealer,11076
41,15,193793.69,185.66,3,64.04,0,59.06,117.31,102.47,4.3,Boreal,suv,fleet,19818
41,10,128907.28,138.1,3,60.32,0,61.26,111.26,107.04,4.18,Boreal,wagon,dealer,3508
42,10,170659.95,105.09,3,73.23,0,60.31,113.29,106.37,3.98,Cobalt,sedan,private,31172
42,4,82239.75,108.12,1,57.62,0,83.61,115.5,105.35,4.24,Cobalt,suv,private,40227
42,11,193588.37,71.42,4,63.38,0,70.48,115.02,104.05,4.08,Boreal,sedan,private,11513
42,6,102048.93,91.18,3,71.28,0,76.42,118.64,102.71,4.51,Boreal,wagon,private,21267
42,4,71207.48,130.8,1,77.34,0,91.34,115.67,102.01,4.11,Fjord,van,dealer,42592
42,0,10575.53,141.49,1,74.38,2,100,113.89,107.01,4.16,Dune,sedan,private,54766
42,12,162354.52,114.81,3,28.18,2,55.48,111.17,108.67,4.28,Dune,van,private,1200
42,10,212131.44,72.25,2,82.47,2,72.54,113.86,101.15,3.85,Cobalt,wagon,fleet,20510
42,6,48022.35,80.37,2,68.46,1,95.9,116.07,104.16,4.1,Boreal,sedan,private,28442
42,6,55722.16,100.89,2,56.64,0,93.67,107.97,95.87,4.47,Ember,sedan,dealer,19893
42,8,75583.44,171.01,2,51.25,0,72.15,111.59,102.7,4.17,Boreal,suv,fleet,31506
42,10,155688.46,220.97,3,56.64,0,68.61,110.42,99.47,4,Fjord,suv,fleet,46634
42,9,183457.3,187.34,3,62.73,0,75.3,115.81,96.67,4.2,Ember,suv,private,43282
42,0,41101.56,64.01,1,66.88,1,100,116,109.92,4.16,Aster,wagon,fleet,19593
42,4,88949.58,155.53,1,74.05,1,92.46,115.88,96.28,4.51,Cobalt,compact,fleet,30591
42,16,235739.3,99.21,5,26.77,0,52.42,116.13,101.71,4.05,Ember,van,fleet,1200
42,5,88633.02,154.01,3,74.03,0,88.79,115.46,100.07,3.88,Boreal,sedan,fleet,21311
42,7,109334.48,86.48,2,56.84,1,69.71,108.45,96.52,4.25,Fjord,suv,dealer,27520
42,6,113575.28,60.05,1,69.64,0,82,112.13,105.59,4.13,Boreal,wagon,private,23725
42,19,309476,157.06,4,28.34,0,43.3,114.49,94.5,4.16,Ember,suv,private,6020
42,13,162047.86,125.63,4,62.7,0,60.64,116.03,99.08,4.31,Aster,compact,dealer,16645
42,10,123660.28,77.24,2,57.94,0,81.06,113.46,101.2,4.1,Cobalt,compact,private,15474
42,0,31204.87,45,1,63.3,1,100,113.37,102.96,4.17,Aster,compact,private,18858
42,9,155349.73,102.69,3,46.64,0,76.23,106.26,105.54,4.09,Ember,compact,private,28228
42,4,21482.28,151.32,1,46.67,1,81.35,114.13,111.79,4.22,Boreal,compact,dealer,29063
42,8,109106.01,126.8,2,63.79,1,70.4,112.15,96.18,3.83,Boreal,wagon,dealer,25835
42,8,92588.32,140.21,3,51.69,0,78.72,111.9,100.47,4.06,Dune,suv,dealer,46684
42,15,186278.61,143.61,4,46.9,0,53.59,119.03,99.67,3.66,Dune,compact,dealer,17819
42,0,14759.98,124.25,1,80.78,1,100,115.25,108.42,4.22,Fjord,suv,private,52953
42,9,120681.82,95.54,3,78.58,1,87.45,115.06,103.74,4.25,Fjord,sedan,dealer,22660
42,7,54529,97.26,2,71.69,0,82.52,115.38,105.66,3.66,Cobalt,sedan,private,45000
42,9,99786.52,106.86,2,66.36,0,89.92,116.1,103.7,4.2,Ember,wagon,private,34204
42,11,167268.85,119.93,3,57.01,1,73.33,115.86,99.85,3.9,Ember,compact,dealer,12189
42,2,40671.7,128.36,1,58.52,0,88.11,113.57,102.02,4.35,Boreal,van,private,42768
42,13,175920.92,97.27,4,47.23,1,65.01,118.3,107.16,3.96,Ember,compact,fleet,1200
42,10,183235.18,147.61,2,60.85,1,64.92,111.83,98.25,4.41,Ember,suv,private,24727
42,11,144164.34,75.74,3,48.74,0,73.51,112.77,110.82,4.72,Cobalt,wagon,private,16602
42,8,66122.71,81.72,3,41.76,0,73.63,113.07,99.6,4.15,Aster,compact,dealer,17795
42,9,103107.52,116.4,3,49.05,0,82.51,113.69,98.11,4.29,Boreal,compact,private,18936
42,11,162522.22,153.07,2,67.73,0,65.15,115.54,103.57,4.25,Aster,compact,private,16031
42,5,91592.56,141.27,1,52.77,0,74.53,111.13,107.1,4.49,Ember,sedan,private,22064
42,6,79313.42,118.52,3,68.77,0,84.99,111.21,100.44,4.31,Boreal,suv,dealer,37791
42,7,135076.32,98.98,3,65.8,1,83.88,113.25,98.49,4.46,Ember,sedan,fleet,22301
42,3,45514.94,172.94,1,65.77,1,90.83,112.54,105.58,3.94,Boreal,wagon,dealer,36503
42,3,70470.95,162.94,2,76.53,0,95.61,115.9,100.91,4.35,Ember,wagon,fleet,37048
42,9,147774.88,129.59,3,56.34,1,67.44,109.29,109.25,3.91,Aster,compact,fleet,21567
42,9,94681.05,71.3,3,74.07,1,87.35,109.39,106.67,4.07,Aster,van,fleet,6592
42,13,200213.47,155.85,3,63.85,1,60.46,112.87,104.32,4.02,Fjord,suv,private,18114
42,4,48084.12,116.22,2,63.81,1,84.56,119.26,106.46,4.18,Aster,sedan,fleet,24663
42,6,91891.69,88.85,3,72.81,1,74.74,116.14,110.83,4.05,Aster,suv,fleet,17153
42,6,108409.06,111.5,2,68.3,0,80.45,116.64,108.61,3.69,Boreal,sedan,dealer,42673
42,11,143239.94,129.94,3,65.04,1,69.04,115.32,108.65,4,Aster,compact,private,9947
42,14,202327.57,143.7,5,56.74,0,70.02,113.75,104.1,3.97,Dune,suv,private,35320
42,10,148454.01,153.15,3,56.38,1,72.64,114.42,101.67,4.45,Fjord,wagon,fleet,14852
42,17,233764.54,86.01,3,60.57,0,50.16,114.55,98.01,3.37,Fjord,suv,dealer,7108
42,10,114979.62,99.08,2,75.26,0,69.69,118.75,95.91,4.13,Aster,van,private,11692
42,7,107272.16,103.97,4,75.4,0,76.37,111.3,105.57,4.3,Aster,compact,fleet,21561
42,14,165695.77,166.86,4,64.5,1,52.15,117.83,102.85,4.31,Aster,wagon,dealer,1200
42,4,113533.55,45,2,78.24,0,87.64,115.46,104.41,3.95,Fjord,sedan,dealer,37357
42,6,82463.32,135.83,1,62.36,0,79.94,112.83,99.94,4.23,Aster,sedan,private,27141
42,0,500,132.72,2,90.7,0,100,107.68,108.24,4.22,Boreal,suv,fleet,47477
42,1,15276.65,111.98,2,51.89,0,100,113.75,110.2,4.16,Fjord,suv,private,53274
42,17,231108.79,200.3,5,41.48,1,51.63,115.2,108.8,4.19,Cobalt,suv,private,28447
42,7,85431.02,126.57,2,75.15,1,81.94,111.33,103.29,4.09,Fjord,van,private,37271
42,9,110275.51,151.41,4,68.8,1,82.83,118.66,102.73,4.19,Ember,suv,private,34107
42,3,500,116.44,2,68.3,0,86.44,112.47,101.16,4.02,Aster,van,fleet,37871
42,9,141043.13,187.06,3,56.52,0,71.09,109.58,106.99,3.95,Cobalt,suv,fleet,37138
42,4,50633.79,166.07,2,71.85,0,87.28,115.07,100.98,4.13,Ember,compact,private,45524
42,12,130543.7,115.07,3,41.76,1,68.76,114.1,108.96,4.31,Cobalt,wagon,private,18547
42,9,102708.1,146.05,2,51.15,1,69.52,116.8,103.07,4.24,Fjord,suv,private,27614
42,9,178530.67,150.57,3,47.09,1,75.73,112.48,96.89,4.18,Boreal,suv,private,29165
42,1,8417.54,128.23,3,73.03,0,99.13,113.28,107.48,4.1,Aster,sedan,fleet,47266
42,12,199015.73,95.3,4,52.3,0,67.51,109.55,100.99,4.17,Boreal,sedan,fleet,1200
42,5,112848.3,140.14,2,58.21,0,85.92,116,102.91,4.31,Boreal,suv,fleet,51499
42,4,94641.7,97.16,2,75.15,2,88.18,114.93,104.41,3.82,Boreal,suv,fleet,26288
42,7,74957.09,47.23,3,55.27,0,82.77,112.3,98.81,4.25,Boreal,sedan,private,18809
42,8,135801.25,104.05,3,60.37,0,88.83,115,106.2,4.16,Boreal,compact,private,20251
42,11,182848.76,166.17,4,46.44,1,66.44,109.67,98.04,3.98,Dune,sedan,private,46852
42,10,156136.9,150.67,2,73.95,0,59.36,111.14,101.88,4.31,Ember,compact,dealer,10064
42,3,32144.7,173.37,1,69.41,0,100,108.46,108.01,3.94,Boreal,suv,dealer,59776
42,7,133609.53,140.07,3,67.52,0,80.98,112.09,105.31,4.02,Boreal,compact,dealer,28293
42,3,29700.83,73.07,2,64.56,0,78.77,113.71,96.6,4.02,Ember,compact,dealer,44950
42,12,158401.64,66.59,3,53.85,0,64.75,113.22,102.23,4.3,Aster,compact,fleet,9535
42,12,162702.69,174.65,3,61.58,0,62.99,111.64,100.61,4.08,Boreal,suv,fleet,21576
42,17,239608.04,106.75,4,49.16,0,51.54,113.35,106.21,3.99,Aster,sedan,private,4667
42,10,192144.81,93.4,3,62.67,1,70.12,114.46,105.1,4.15,Boreal,sedan,fleet,1200
42,12,171300.75,65.49,4,55.55,0,68.56,115.9,101.39,4.25,Cobalt,wagon,private,17646
42,10,149591.62,90.42,2,68.58,1,81.42,114.33,102.18,3.98,Cobalt,sedan,fleet,40882
42,11,175176.65,144.71,4,74.21,0,69.3,116.49,101.68,4.22,Cobalt,van,fleet,30342
42,11,152205.72,45,4,70.69,0,67.43,107.83,105.93,3.84,Boreal,van,fleet,14210
42,13,188660.32,120.26,5,33.68,0,57.44,114.21,101.44,4.09,Cobalt,suv,fleet,34189
42,3,75983.92,157.53,1,61.8,0,96.72,113.57,102.44,4.19,Cobalt,suv,private,40970
42,14,204597.28,82.64,4,38.06,0,67.31,110.02,102.05,4.56,Cobalt,compact,private,11033
42,10,166857.49,119.34,3,61.42,0,84.01,108.77,107.52,3.77,Fjord,suv,dealer,25739
42,10,145866.77,117.94,3,62.31,0,73.25,115.78,102.48,3.71,Fjord,van,fleet,27419
42,12,138288.97,120.62,4,37.85,0,70.55,114.23,109.1,4.39,Ember,compact,dealer,23602
42,6,115781.92,99.71,2,63.63,0,78.86,108.64,103.07,3.8,Aster,van,private,18212
42,10,165748.27,79.08,3,57.59,0,71.87,111.95,105.9,4.12,Boreal,van,fleet,12875
42,6,125431.26,85.69,2,47.37,0,82.67,115.48,105.93,3.9,Aster,sedan,private,18159
42,7,135944.85,135.32,2,63.03,0,86.74,118.34,108.39,4.17,Dune,suv,fleet,61940
42,12,182587.38,127.56,3,56.98,0,71.73,114.53,119.78,4.15,Dune,suv,private,23864
42,15,219616.36,148.7,4,50.89,0,66.16,115.71,100.52,3.77,Dune,compact,dealer,11546
42,5,88976.35,112.57,2,73.03,0,96.27,109.22,97.77,4.22,Aster,wagon,fleet,11240
42,11,164468.18,94.24,3,43.13,0,80.1,112.24,98.07,4.03,Boreal,wagon,fleet,13711
42,8,107184.37,167.65,2,45.73,0,85.3,111.49,106.06,4.28,Aster,wagon,fleet,13679
42,8,134706.05,119.02,3,83.79,0,93.07,110.54,103.16,4.34,Ember,compact,fleet,20357
42,0,500,147.33,1,68.23,0,100,114.77,105.22,3.86,Cobalt,compact,dealer,51483
42,9,144350.61,111.97,2,70.17,0,76.36,112.3,104.26,4.07,Boreal,sedan,private,13509
42,16,198867.47,166.78,5,24.42,0,56.92,108.52,101.6,3.91,Boreal,suv,fleet,23656
42,1,17684.72,112,1,67.67,0,100,111.07,99.88,4.2,Cobalt,suv,fleet,56710
42,9,113738.49,130.32,3,77.19,0,74.99,111.21,107.27,4.39,Ember,sedan,fleet,25315
42,4,98118.45,65.22,2,70.6,1,78.44,115.21,91.62,4,Aster,van,fleet,28749
42,7,131526.88,82.32,1,53.9,1,79.92,113.26,111.11,3.73,Aster,compact,fleet,1200
42,4,31107.57,162.09,2,52.61,0,83.3,114.56,105.84,3.89,Dune,wagon,dealer,62744
42,12,174978.66,48.4,4,38.58,0,66.56,111.27,108.61,4.28,Ember,wagon,dealer,13095
42,12,217048.66,127.45,2,54.01,0,65.41,115.22,95.53,4.14,Dune,sedan,private,27292
42,10,119340.55,120.75,4,63.81,1,63.88,113.13,107.51,4.12,Cobalt,compact,fleet,14633
42,3,39378.05,115.29,2,73.34,0,92.28,112.83,106.57,4,Ember,suv,private,52409
42,5,106649.02,99.81,1,57.78,1,70.81,110.32,101.49,3.74,Cobalt,wagon,fleet,24413
42,9,123259.21,59.3,3,78.15,0,83.03,114.85,102.28,4.3,Boreal,sedan,private,30472
42,9,99900.38,128.98,3,86.67,2,73,110.76,108.68,4.56,Cobalt,sedan,dealer,9167
42,6,83704.97,165.63,3,59.44,0,85.01,107.88,98.53,4.18,Boreal,suv,fleet,48862
42,12,166305.44,165.54,4,52.68,1,68.87,113.72,103.67,4.14,Boreal,compact,fleet,17332
42,14,174296.29,113.18,4,47.88,0,55.53,113.48,106.09,4.15,Boreal,wagon,dealer,16531
42,7,114868.63,117.7,4,46.11,0,74.44,116.93,103.24,4.01,Dune,compact,dealer,30591
43,8,90825.49,177.04,4,54.8,0,80.21,110.31,98.09,4.16,Dune,suv,fleet,52369
43,4,63093.11,210.18,1,59.05,1,89.81,115.09,109.02,4.34,Boreal,compact,private,43191
43,9,158968.45,197.16,2,57.06,0,77.89,113.24,101.6,4.32,Cobalt,suv,private,46760
43,10,126244.56,123.28,4,68.14,0,83.55,116.48,104.24,3.92,Cobalt,sedan,fleet,15691
43,1,47447.18,103.69,1,67.34,0,98.49,115.23,102.93,4.26,Dune,suv,fleet,59998
43,11,162522.68,55.17,3,48.24,1,67.33,116.79,98.46,4.28,Cobalt,wagon,dealer,11433
43,6,79221.45,75.76,3,66.05,0,92.18,116.04,98.81,4.02,Aster,suv,fleet,37060
43,1,23879.68,110.18,1,53.08,1,97.41,113.72,107.93,4.25,Aster,suv,dealer,33929
43,11,161798.07,48.38,2,72.15,2,70.7,114.53,103.61,3.99,Boreal,compact,dealer,1200
43,10,121658.53,144.14,4,70.09,0,79.17,116.34,95.81,4.09,Aster,wagon,dealer,11414
43,6,136363.89,81.1,1,47.29,0,76.85,111.32,104.86,4.23,Cobalt,wagon,private,32507
43,7,55708.89,81.23,2,68.02,1,78.7,113.23,98.92,4.22,Cobalt,sedan,fleet,12752
43,12,172312.24,77.46,4,47,0,72.14,116.24,103.62,4.51,Fjord,compact,private,25176
43,4,45717.1,126.02,1,68.81,0,90.14,112.21,106.52,4.03,Cobalt,sedan,dealer,64373
43,10,147390.07,144.46,3,62.41,1,65.48,111.77,100.72,4.16,Aster,suv,fleet,29866
43,1,55904.05,45.59,2,57.4,1,100,111,107.56,4.62,Boreal,van,private,34435
43,1,28342.5,84.4,3,66.44,0,96.01,114.03,105.72,4.16,Dune,wagon,private,45235
43,9,153200.64,62.42,3,57.7,1,83.41,110.76,107.03,4.46,Dune,compact,private,8148
43,8,97615.3,91.89,2,65.26,0,70.79,114.22,104.43,4.49,Boreal,suv,fleet,33681
43,11,149503.45,45,3,67.17,0,74.58,116.22,99.88,4.37,Ember,wagon,fleet,1200
43,10,92269.53,76.65,4,76.21,0,66.1,111.91,99.8,4.14,Dune,van,dealer,29238
43,13,173628.64,156.6,3,66.89,0,59.89,110.67,110.96,4.28,Aster,wagon,private,12941
43,12,226471.43,45,3,51.57,1,73.48,106.3,98.21,4.46,Dune,van,fleet,19703
43,6,106644.89,120.79,2,46.22,0,82.92,116.15,107.85,4.61,Aster,sedan,dealer,26682
43,8,135300.19,118.07,3,70.62,2,74.98,111.92,102.09,4.56,Fjord,suv,fleet,21065
43,16,224904.9,139.39,4,48.7,0,63.27,114.69,106.24,4.2,Cobalt,suv,fleet,8953
43,10,141865.69,65.89,2,42.43,0,66.23,114.05,102.89,3.94,Aster,wagon,fleet,9479
43,13,159683.94,70.25,3,47.6,0,68.3,115.93,96.42,4.27,Cobalt,sedan,private,35317
43,11,128607,153.83,3,30.56,2,64.68,110.93,106.44,3.77,Ember,suv,fleet,16082
43,13,194920.03,131.3,4,55.26,0,70.55,113.9,100.59,4.17,Cobalt,wagon,fleet,29263
43,7,83357.01,116.25,2,61.87,0,86.21,111.13,108.24,3.98,Boreal,suv,fleet,30738
43,9,103692.44,110.96,3,62.78,1,87.99,117.62,106.16,4.14,Dune,suv,dealer,22514
43,10,161047.03,80.27,3,57.81,1,82.98,115.3,102,3.88,Cobalt,compact,private,3788
43,11,106099.63,124.83,4,73.76,1,71.26,113.98,106.13,4.17,Cobalt,sedan,dealer,24398
43,6,110745.78,56.26,1,47.31,1,76.33,112.43,105.8,3.88,Ember,sedan,fleet,13706
43,5,57708.84,194.95,1,72.63,0,91.34,114.73,104.23,3.68,Fjord,suv,private,51713
43,12,154242.46,135.77,3,48.27,1,68.22,119.16,103.1,4.03,Aster,sedan,fleet,1200
43,9,118836.01,135.11,2,55.07,1,70.88,112.63,102.94,4.3,Cobalt,compact,private,32625
43,3,54615.2,164.16,3,52.02,0,86.65,117.6,98.6,3.88,Boreal,suv,dealer,48022
43,11,151917.24,49.75,3,41.83,0,74.54,107.75,106.54,4.29,Cobalt,van,fleet,15607
43,5,82678.04,175.46,2,53.63,1,89.21,114.86,103.63,4.31,Boreal,suv,fleet,37605
43,4,104218.45,117.88,2,61.72,0,89.31,114.89,104.93,3.96,Boreal,sedan,fleet,35297
43,4,49156.44,131.88,1,57.36,1,85.43,117.91,106.93,4.12,Ember,suv,fleet,44001
43,8,128736.54,45,3,48.12,0,83.52,114.12,99.67,3.98,Cobalt,sedan,fleet,37257
43,16,196641.12,110.42,4,25.36,0,62.69,116.04,95.5,4.1,Aster,wagon,dealer,7098
43,10,140043.79,88.64,4,86.37,0,66.13,112.88,100.07,4.46,Aster,compact,fleet,1200
43,2,25024.08,108.94,1,67.85,1,93.44,113.87,104.83,4.21,Dune,compact,dealer,47716
43,4,28304.84,171.19,1,68.37,0,98.27,116.05,112.64,4.25,Fjord,suv,fleet,49950
43,14,193375.47,76.45,3,53.53,1,53.35,117.79,100.7,4.26,Boreal,compact,fleet,1200
43,12,137617.23,110.04,3,66.1,0,66.24,117.7,98.62,4.17,Aster,wagon,fleet,5638
43,8,125064.36,144.44,3,57.2,0,75.11,116.63,101.79,4.28,Ember,compact,fleet,14601
43,9,196008.13,104.06,2,74.55,0,76.34,110.97,97.78,4.18,Boreal,compact,fleet,1200
43,5,76893.99,154.9,2,84.68,0,77.18,116.8,105.54,3.93,Cobalt,compact,fleet,41207
43,13,204873.05,58.9,5,44.54,2,65.64,113.08,103.27,4.49,Dune,suv,fleet,5959
43,9,134181.91,64.58,2,67.82,0,80.71,113.36,101.02,3.89,Ember,compact,dealer,20237
43,3,66733,90.22,1,54.65,0,87.8,120.08,104.12,3.79,Boreal,compact,private,20709
43,5,106755.88,145.39,2,70.28,0,81.75,114.43,99.92,4.11,Fjord,compact,private,41509
43,8,138863.2,102.16,3,61.06,0,76.31,111.59,102.95,4.32,Boreal,compact,dealer,8944
43,5,101810.35,119.33,1,71.04,0,88.5,115.44,107.55,4,Ember,suv,dealer,41553
43,12,153883.22,209.04,3,74.86,1,66.76,117.29,108.04,3.82,Aster,suv,dealer,29734
43,10,120206.3,45,3,58.11,0,66.04,112.69,101.68,4.4,Ember,sedan,private,12878
43,6,88780.05,165.65,3,81.42,1,74.83,114.17,113.15,4.11,Boreal,suv,fleet,43589
43,5,66307.03,65.06,2,66.44,0,96.7,113.81,99.34,4.16,Ember,wagon,private,28451
43,7,98570.45,89.47,2,64.54,1,85.19,110.46,104.75,4.08,Aster,sedan,fleet,24432
43,3,72416.29,188.82,3,72.51,0,87.69,110.24,99.73,4.03,Aster,suv,dealer,51387
43,6,121822.93,132.66,2,85.17,0,72.64,116.97,97.79,4.15,Boreal,suv,fleet,38491
43,6,86432.64,115.48,2,62.46,0,74.81,118.08,98.61,4.22,Fjord,sedan,fleet,20469
43,5,68531.04,135.84,2,66.92,0,93.77,113.51,100.58,4.34,Ember,sedan,dealer,33871
43,12,159379.46,69.32,4,80.87,0,59.11,111,100.6,4.86,Cobalt,suv,private,1200
43,2,39085.56,151.99,2,69.24,0,100,110.57,97.17,4.32,Aster,van,fleet,45530
43,10,154722.6,46.98,2,51.88,0,70.24,117.33,102.54,4.32,Ember,compact,fleet,20563
43,12,132763.31,135.83,3,50.21,0,64.09,114.5,104.61,4.05,Dune,wagon,private,23635
43,2,500,100.6,1,67.72,0,80.89,118.07,106.5,4.11,Boreal,compact,dealer,33999
43,11,199880.42,97.97,4,70.06,1,68.5,117.11,99.36,3.93,Aster,sedan,dealer,20827
43,3,63019.98,102.64,2,61.11,0,89.53,118.53,109.26,4.47,Ember,suv,private,42902
43,7,88462.62,99.72,2,52.78,0,87.41,116.96,101.61,4.42,Ember,compact,dealer,10844
43,7,103437.39,174.4,1,64.81,0,89.64,114.13,95.68,4.03,Aster,sedan,dealer,32483
43,14,208259.48,69.3,3,30.18,1,62.07,115.71,98.95,3.85,Cobalt,compact,fleet,1200
43,13,186514.32,157.13,2,48.86,0,73.15,118.22,103.91,4.25,Boreal,compact,dealer,20298
43,9,82682.92,152.97,3,65.51,0,74.96,115.64,102.93,4.1,Cobalt,compact,private,17596
43,11,205029.98,142.12,3,55.2,1,61.09,111.14,101.78,3.65,Boreal,sedan,fleet,10733
43,3,19809.08,157.46,1,61.66,0,86.77,115.14,105.58,3.86,Ember,sedan,dealer,43222
43,12,137156.6,87.46,3,51.51,0,63.59,115.69,106.39,4.09,Ember,van,fleet,5568
43,9,140893.97,77.53,3,61.61,1,81.36,110.59,107.24,4.27,Boreal,wagon,private,17459
43,6,140620.95,102.38,2,71.07,1,86.47,111.24,99.43,4.43,Fjord,van,private,21005
43,6,36829.04,99.26,2,58.25,0,67.54,112.72,102.58,4.6,Ember,wagon,fleet,28486
43,5,72376.19,53.38,1,69.59,0,79.51,110.31,108.7,4.22,Dune,compact,fleet,24944
43,15,240919.45,158.21,4,41.5,1,56.51,114.43,106.59,4.12,Aster,suv,fleet,16353
43,10,161952.97,55.66,2,41.23,0,76.69,108.1,99.71,4.15,Ember,compact,fleet,4650
43,6,123345.47,159.87,1,72.35,1,84.9,111.13,102.75,3.95,Aster,suv,fleet,33415
43,19,220012.66,192.44,5,63.45,1,55.54,118.46,102.44,4.3,Cobalt,suv,dealer,5284
43,6,113575.23,161.55,1,57.58,1,81.97,113.74,101.91,4.58,Boreal,suv,private,25633
43,3,59755.44,117.65,1,68.92,0,85.76,116.09,101.31,4.48,Fjord,van,fleet,42276
43,6,79394.76,69.24,3,75.1,0,76.53,112.41,104.93,4.78,Dune,sedan,private,25088
43,3,89577.91,119.23,2,38.02,0,93.01,118.33,105.71,4.33,Fjord,suv,fleet,38787
43,9,130993.37,137.41,2,57.69,0,73.74,116.6,102.14,4.22,Boreal,wagon,private,32154
43,2,14300.49,132.72,1,85.19,1,94.59,112.93,108.72,4.39,Cobalt,sedan,private,49719
43,9,149714.11,111.62,4,66.47,0,54.2,114.35,104.45,4.1,Dune,compact,fleet,36091
43,5,63442.46,101.19,2,52.74,1,90.52,111.56,101.85,3.64,Cobalt,sedan,fleet,31021
43,13,173736.25,105.74,4,58.84,1,63.74,113.26,108.32,4.32,Boreal,sedan,fleet,1200
43,4,77284.63,149.8,3,77.68,0,90.55,115.55,107.77,4.25,Boreal,wagon,fleet,50990
43,15,221913.52,146.66,5,54.73,0,50.44,114.6,109.25,4.08,Ember,suv,private,19623
43,13,229987.57,45,4,38.75,0,67.67,112.86,101.8,3.87,Dune,compact,fleet,22384
43,8,112081.45,184.66,3,52.65,0,70.52,112.84,106.58,4.11,Fjord,compact,private,34233
43,10,170179.11,105.58,2,56.22,1,70.44,109.16,114.47,4.19,Boreal,sedan,dealer,12830
43,12,196022.17,89.11,4,59.03,0,59.83,113.48,104.87,4.03,Aster,van,dealer,23472
43,12,159491.77,132.45,3,60.79,1,67.62,112.58,103.86,4.02,Boreal,sedan,dealer,1200
43,12,177839.73,135.44,3,69.38,0,59.35,113.16,107.72,4.03,Ember,suv,private,25640
43,5,84494.46,73.61,1,81.42,1,85.65,115.23,98.04,3.81,Fjord,sedan,dealer,48922
43,4,38539.42,114.43,2,72.74,1,88.29,115.11,103.6,4.1,Cobalt,compact,private,31300
43,9,131972.57,132.91,3,51.04,1,81.45,114.2,103.38,4.04,Dune,suv,private,27851
43,4,60299.32,124.15,3,44.65,0,96.47,112.96,101.21,4.6,Aster,sedan,private,29017
43,9,101145.72,82.84,3,67.98,0,72.67,115.22,110.5,4.34,Boreal,wagon,private,28071
43,11,121385.64,55.88,3,59.12,1,76.36,115.77,103.76,4.22,Boreal,compact,dealer,1200
43,7,122626.96,147.68,2,79.53,0,76.85,112.73,103.29,4.42,Fjord,compact,private,31439
43,3,31309.85,45,2,67.74,0,96.16,111.63,98.39,4.01,Boreal,sedan,fleet,37437
43,6,84823.94,56.76,2,61.43,0,79.62,112.28,102.73,4.09,Cobalt,compact,private,21468
43,12,186843.96,108.6,3,81.01,0,63.61,115.16,98.86,4.13,Fjord,compact,private,12130
43,9,93299.96,135.64,3,66.28,0,79.11,112.4,102.84,3.75,Ember,suv,fleet,27631
43,10,136753.52,66.79,3,49.55,0,74.12,108.94,105.59,4.4,Fjord,compact,dealer,18091
43,1,29260,121.17,1,81,0,100,114.62,107.28,3.95,Cobalt,wagon,fleet,44062
43,4,56341.71,45.57,3,58.43,1,86.94,118.72,102.29,3.9,Cobalt,sedan,fleet,25316
43,6,66665.2,88.84,2,61.27,0,79.66,117.1,106.84,4.1,Dune,compact,fleet,34440
43,8,130401.02,93.47,2,52.82,1,78.48,113.99,103.48,4.3,Cobalt,compact,private,23148
43,8,123583.39,72.77,3,65.16,1,78.87,114.25,107.96,3.98,Boreal,van,fleet,17252
44,20,272281.04,93.68,4,42.67,1,42,116.98,98.36,4.21,Fjord,sedan,dealer,1200
44,7,104644.8,76.54,3,63.75,0,85.08,108.92,105.4,4.15,Aster,sedan,private,24374
44,7,115844.47,146.86,3,50.3,1,83.05,113.1,99.98,4.08,Cobalt,sedan,fleet,26578
44,11,172601.86,92.56,4,36.6,1,60.7,114.06,101.48,4.5,Aster,compact,dealer,22046
44,12,177953.46,91.19,3,42.28,1,67.79,118.05,103.61,4.55,Ember,suv,dealer,11269
44,8,182978.12,119.43,3,72.93,0,70,114.42,103.48,4.42,Ember,compact,private,35773
44,0,12954.33,114.39,1,59.62,1,97.1,115.99,95.67,4.64,Cobalt,sedan,private,53050
44,11,174006.7,89.66,3,61.71,0,71.46,120.88,104.66,4.4,Boreal,suv,dealer,6091
44,8,121984.73,45.01,2,75.77,0,78.73,110.81,104.01,4.26,Ember,wagon,fleet,15685
44,5,32441.37,55.65,2,63.04,0,83.87,112.1,102.4,4.36,Ember,sedan,fleet,21052
44,9,115234.39,134.61,2,68.96,1,66.53,120.9,105.74,3.96,Cobalt,sedan,fleet,16439
44,1,56096.17,98.92,1,73.28,0,93.19,111.98,96.48,4.17,Aster,sedan,private,37281
44,9,129723.29,123.91,3,65.35,0,67.67,117.55,104.87,4.19,Boreal,compact,private,9528
44,7,112068.57,84.53,4,42.66,0,79.42,118.32,108.29,3.76,Cobalt,wagon,dealer,32398
44,15,213344.85,80.67,3,48.56,0,49.14,114.28,109.71,4.19,Boreal,sedan,private,10345
44,12,171946.36,59.02,4,58.02,0,65.71,110.74,105.26,4.04,Cobalt,sedan,fleet,14375
44,10,113054.34,111.48,3,56.44,1,64.23,113.57,112.41,4.46,Aster,suv,dealer,39332
44,9,135888.45,127.59,3,68.96,0,73.72,110.53,92.93,3.97,Cobalt,suv,fleet,31267
44,12,163772.26,85.29,4,49.64,1,80.35,114.71,107.63,4.32,Ember,sedan,dealer,20296
44,15,203171.3,176.6,4,67.45,1,51.42,109.11,109.25,4.75,Aster,suv,fleet,4768
44,12,136804.18,121.79,4,62.48,0,67.84,113.54,102.63,4.09,Fjord,van,private,24528
44,11,112861.72,154.21,4,73.91,1,73.85,112.72,108.57,4.47,Boreal,suv,dealer,40657
44,4,83763.1,85.26,3,80.93,0,88.98,111.75,104.27,4.39,Cobalt,suv,fleet,34118
44,5,66354.04,106.64,2,72.62,1,75.14,113.72,97.04,4,Fjord,wagon,dealer,52473
44,4,17062.78,97.59,2,57.86,0,78.94,118.86,109.34,4.37,Boreal,van,private,29225
44,9,152357.09,95.14,4,67.54,0,78.44,112.48,106.62,3.79,Aster,suv,dealer,25568
44,8,158010.61,188.38,3,87.5,0,79.46,111.35,102.18,4.14,Cobalt,suv,dealer,49585
44,7,142408.32,97.1,2,63.7,2,89.95,118.42,105.89,4.36,Boreal,sedan,fleet,11107
44,5,36315.11,86.04,2,56.46,0,85.73,115.69,100.58,4.26,Fjord,compact,private,25923
44,7,102146.65,89.08,3,36.87,0,63.93,121.48,100.79,4.09,Boreal,compact,private,4480
44,2,41309.85,123.08,1,69.4,2,98.42,114.39,98.94,4.04,Ember,compact,fleet,22941
44,7,90064.62,96,2,60.61,0,86.99,112.94,99.8,3.72,Cobalt,sedan,private,31284
44,4,102262.38,96.31,1,85.01,1,91.72,116.16,106.43,4.04,Aster,van,dealer,30703
44,13,150163.94,150.82,3,61.68,1,64.82,120.59,102.06,3.98,Aster,van,fleet,1890
44,15,184866.3,112.21,4,50.16,1,58.07,113.28,104.65,4.37,Ember,van,dealer,1200
44,6,50911.8,152.27,1,59.06,0,84.24,113.54,100.38,4.19,Aster,compact,dealer,43730
44,8,124350.77,88.15,4,54.64,1,81.66,115.57,98.8,4,Fjord,wagon,dealer,28421
44,4,51224.01,193.17,3,85.06,0,79.11,116.59,109.26,4.31,Fjord,suv,dealer,63457
44,8,94596.03,155.72,3,69.3,0,82.51,112.5,104.97,4.11,Ember,suv,private,40941
44,8,144438.82,179.25,4,52.31,0,77.04,114.47,104.44,4.37,Aster,compact,dealer,20889
44,12,178189.69,54.5,3,36.95,2,67.26,113.12,104.18,4.58,Aster,sedan,dealer,1200
44,10,91528.25,131.04,4,74.39,0,68.95,113.69,106.68,4.09,Fjord,suv,private,34823
44,18,200824.28,85.96,3,68.94,1,55.32,115.94,102.54,4.39,Boreal,suv,private,9098
44,7,83702.16,91.4,4,95.85,1,85.65,114.75,105.43,4.04,Dune,compact,private,16766
44,2,6594.33,119.6,1,62.14,0,94.06,114.41,98.31,4.39,Fjord,compact,dealer,34535
44,0,2177.98,141.92,1,76.48,0,100,110.24,102.82,4.6,Cobalt,van,private,52609
44,17,167421.51,147.22,3,38.96,0,45.2,119.77,102.33,4.05,Aster,suv,fleet,13477
44,5,122027.38,100.56,3,43.92,2,74.74,114.84,110,4.28,Dune,wagon,private,31928
44,12,192073.84,135.09,3,52.35,1,64.76,114.37,95.95,3.88,Ember,wagon,private,9530
44,10,154415.12,133.27,4,44.93,0,64.99,116.38,96.36,4.35,Cobalt,suv,dealer,36315
44,2,12996.98,45,1,78.5,0,98.64,115.26,104.78,4.26,Boreal,sedan,fleet,32867
44,5,62937.8,109.45,1,52.83,0,77.23,113.6,99.25,4.45,Boreal,sedan,private,24308
44,10,144878.94,106.1,4,71.45,1,66.26,111.1,105.68,4.43,Cobalt,van,fleet,30466
44,6,111235.33,106.46,2,71,0,91.99,116.49,101.48,4.5,Boreal,wagon,fleet,26376
44,10,160082.62,137.35,3,61.36,0,75.52,114.81,104,3.79,Dune,suv,private,50528
44,7,120272.04,74.18,2,59.36,0,82.09,119.37,95.47,4.17,Ember,wagon,private,19205
44,6,111527.14,107.82,1,88,0,81.23,116.29,101.41,4.33,Ember,wagon,fleet,27305
44,1,19760.39,78.9,1,84.07,0,99.16,118.15,96.74,4.11,Aster,sedan,dealer,37382
44,14,185449.19,127.65,4,41.96,0,61.4,117.78,101.44,3.98,Fjord,sedan,dealer,7350
44,9,156078.35,149.98,1,67.29,1,83.42,113.39,103.7,3.92,Aster,suv,fleet,16901
44,13,147317.35,119.33,3,58.91,0,47.47,113.17,106.12,4.29,Boreal,wagon,private,19377
44,5,101382.11,117.34,2,78.6,1,88.58,112.88,102.37,4.44,Cobalt,sedan,fleet,10213
44,12,113626.42,48.73,3,62.9,0,58.84,118.12,105.53,3.99,Ember,compact,dealer,1200
44,7,142812,155.77,3,56.21,0,82.85,117.54,97.16,3.67,Boreal,van,private,14038
44,10,128234.27,101.92,4,74.78,0,61.07,114.84,101.05,4.29,Dune,sedan,private,28132
44,8,108637.24,62.55,1,77.01,1,84.14,115.23,106.43,4.21,Aster,sedan,dealer,23210
44,9,143339.66,139.12,2,63.36,1,78.52,119.42,105.9,4.35,Boreal,sedan,dealer,20372
44,0,19008.04,73.04,1,61.85,0,98.33,115.12,100.32,4.21,Ember,compact,fleet,32547
44,11,201182.66,142.17,4,70.98,1,64.29,117.5,101.14,4.03,Ember,van,dealer,6956
44,5,34618.88,104.89,1,52.91,1,82.21,115.99,101.47,4.17,Fjord,compact,private,25027
44,8,78699.87,182.92,3,81.99,0,84.23,117.09,104.81,4.71,Cobalt,suv,dealer,49626
44,11,149313.42,152.9,3,61.84,0,66.05,113.37,100.29,4.44,Cobalt,sedan,private,32841
44,15,210672.98,45,3,46.34,0,49.6,119.4,101.06,4.17,Boreal,compact,fleet,1200
44,12,171836.33,162.47,3,75.09,1,65.23,114.15,105.12,4.48,Boreal,wagon,dealer,24577
44,15,202707.84,143.08,5,50.42,1,52.91,113.96,104.78,4.61,Cobalt,suv,fleet,10712
44,5,108221.11,53.52,2,61.1,0,89.39,113.64,104.43,3.98,Aster,wagon,private,27009
44,8,115414.82,99.45,2,82.63,0,74.54,113.17,101.74,4.44,Boreal,compact,dealer,29214
44,6,58025.23,76.78,2,39.21,1,80.54,114.95,98.36,4.47,Fjord,suv,private,41391
44,13,162318.46,173.16,3,87.41,0,53.36,114.4,99.14,4.09,Dune,suv,private,22031
44,16,273563.51,100.29,5,48.67,0,51.64,112.86,109.7,4.01,Fjord,sedan,dealer,2643
44,7,120373.82,95.73,2,50.27,0,84.2,116.22,98.58,4.17,Boreal,suv,fleet,52348
44,5,88772.51,146.42,3,73.63,1,79.22,118.06,105.03,4.06,Aster,suv,fleet,37234
44,6,65700.69,72.04,3,57.41,0,90.58,108.96,103.64,4.04,Boreal,compact,dealer,28089
44,8,77892.44,106.4,3,60.38,2,85.7,117.47,102.78,4.19,Aster,compact,private,11685
44,10,133283.55,102.8,3,67.95,1,67.1,113.96,104.17,4.1,Ember,compact,private,1200
44,12,126930.76,71.77,4,45.38,0,67.46,115.41,116.34,4.15,Aster,compact,private,3032
44,9,127495.96,76.22,2,83.04,1,77.26,115.44,109.33,3.95,Ember,compact,fleet,12417
44,7,101499.93,90.26,2,83.6,0,88.17,114.77,100.55,4.62,Fjord,sedan,dealer,40165
44,11,167334.05,112.25,4,65.15,0,68.36,108.53,97.86,3.93,Boreal,suv,fleet,23878
44,9,120174.16,79.28,3,62.81,0,75.31,112.84,98.84,4.17,Ember,compact,fleet,11839
44,11,125214.07,71.25,3,75.02,0,71.13,115.53,100.24,4.1,Aster,compact,dealer,8448
44,17,245826.95,129.44,5,39.56,1,44.4,117.75,102.5,4.39,Ember,compact,private,6234
44,5,122018.78,152.7,2,70.37,0,85,113.09,109.17,4.08,Cobalt,van,fleet,34785
44,15,204791.82,78.04,3,67.35,0,65.37,114.28,100.25,3.82,Fjord,compact,private,7624
44,0,500,96.13,1,69.55,1,100,117.05,105.37,4.23,Cobalt,compact,fleet,41885
44,12,220064.97,90.89,2,47.22,0,71.31,113.71,106.22,4.5,Fjord,compact,dealer,21950
44,6,109583.8,91.15,3,68.65,0,86.7,113.67,100.46,4.02,Ember,van,fleet,20340
44,10,190040.43,130.18,3,80.13,2,65.75,115.45,100.56,3.86,Boreal,sedan,fleet,13677
44,10,109462.7,149.97,2,69.72,1,75.1,112.34,101.09,4.25,Cobalt,compact,dealer,26739
44,6,102048.84,94.98,2,58.91,0,79.92,111.55,104.3,4.15,Fjord,compact,dealer,24200
44,7,107158.45,105.27,2,76.8,0,72.13,112.26,108.17,4.02,Boreal,sedan,private,26966
44,16,191920.65,151.87,3,64.89,1,51.26,117.81,102.36,3.49,Cobalt,sedan,private,6778
44,6,102688.04,96.09,3,59.93,0,83.44,116.25,101.85,4,Aster,sedan,dealer,14381
44,11,145773.86,80.35,4,47.49,0,81.74,110.22,93.08,4.23,Cobalt,sedan,fleet,20960
44,5,104155.66,112.79,1,70.56,1,87.36,115.05,101.06,4.58,Fjord,compact,private,40164
44,5,41252.06,45,3,76.27,0,77.07,107.53,105.36,4.06,Ember,compact,private,19969
44,10,104333.09,114.08,3,51.4,0,82.14,118.29,105.82,3.96,Cobalt,sedan,fleet,12901
44,4,47162.64,111.6,1,77.99,1,82.03,114.14,105.3,4.3,Aster,sedan,dealer,32935
44,4,54862.75,146.66,1,55.48,1,93.98,112.33,105.23,4.03,Boreal,van,private,24826
44,9,122111.39,82.7,3,64.88,0,72.24,117.71,112.51,4.14,Boreal,compact,private,9312
44,5,114592.31,86.98,1,62.47,1,79.37,113.88,105.43,4.05,Boreal,compact,dealer,23478
44,10,115102.71,118.79,3,33.58,0,59.78,113.56,106.04,3.92,Cobalt,wagon,private,27899
44,10,83437.67,123.7,3,63.9,0,69.39,111.68,94.54,3.86,Aster,suv,private,29520
44,11,171593.02,110.4,5,61.16,1,73.27,108.64,94.1,4.28,Fjord,suv,dealer,29572
44,12,191880.32,77.1,3,51.42,0,58.79,114.53,104.85,4.45,Cobalt,wagon,private,11126
44,7,83088.49,48.71,1,68.11,1,73.47,115.36,101.93,4.41,Fjord,sedan,fleet,21167
44,17,218139.17,117.39,4,50.29,0,50.63,110.77,104.31,3.89,Cobalt,compact,private,12911
44,9,137792.57,121.21,3,41.96,2,73.48,114.23,97.28,4.27,Aster,sedan,private,2401
44,6,113602.95,101.62,2,84.56,0,87.72,116.21,104.56,4.03,Boreal,compact,fleet,24045
44,2,36961.32,113.44,3,100,0,96.9,113.57,104.62,4.2,Fjord,compact,fleet,37949
44,2,18936.99,60.39,1,66.6,1,91.1,118.52,106.17,4.41,Aster,compact,fleet,19081
44,6,89387.14,56.82,2,73.14,0,72.28,112.79,96.73,4.16,Boreal,van,dealer,22284
44,13,168812,72.72,3,62,0,69.83,116.94,104.45,4.15,Fjord,compact,fleet,5240
44,10,170271.07,63.8,3,52.06,0,65.09,110.05,105.88,4.24,Cobalt,compact,dealer,21034
44,10,116469.7,107.29,2,56.86,1,64.58,114.88,97.71,4.46,Boreal,compact,fleet,8100
45,4,52602.62,137.67,2,86,1,83.44,111.99,97.85,3.96,Dune,wagon,fleet,45188
45,12,190051.75,202.94,3,53.5,0,80.15,110.78,95.02,4.12,Cobalt,sedan,private,50145
45,14,207200.1,174.65,4,53.19,1,73.57,121.18,98.78,4.08,Aster,suv,private,16649
45,11,184018.54,136.27,3,69.01,1,68.4,114.48,97.52,4.54,Ember,compact,fleet,14134
45,17,221892.33,81.72,4,42.27,0,52.8,111.88,93.47,4.02,Ember,wagon,private,1200
45,9,110020.46,174.81,2,72.34,0,70.53,118.14,97.32,4.69,Dune,suv,fleet,39661
45,7,108103.68,113.52,2,58.93,1,70.64,112.96,98.44,3.92,Ember,compact,private,14113
45,10,111074.9,62.45,2,41.97,0,73.71,115.34,98.78,4.05,Fjord,van,private,10492
45,11,160874.75,95.31,3,73.24,1,66.12,113.42,102.96,4.24,Cobalt,compact,private,11528
45,19,250825,111.33,5,31.87,1,44.77,116.15,106.71,4.43,Cobalt,suv,private,15072
45,4,64496.22,102.05,1,86.7,0,100,115.29,104.15,4.45,Cobalt,suv,fleet,54257
45,9,106964.8,146.69,3,66.05,0,64.97,113.03,102.39,4.38,Dune,wagon,dealer,53819
45,5,68104.96,76.52,1,59.94,0,79.96,111.75,100.86,4.22,Boreal,sedan,fleet,31073
45,16,175818.03,104.59,4,49.34,1,42,114.68,99.64,4.27,Aster,sedan,fleet,1200
45,8,157176.04,45,2,57.71,0,73.89,117.69,103.77,4.38,Ember,van,dealer,14248
45,6,60590.54,70.06,2,56.49,1,72.65,115.44,105.07,4.09,Aster,compact,fleet,5279
45,0,10195.52,90.55,2,71.29,1,100,112.08,97.17,4.01,Boreal,suv,dealer,48664
45,10,142934.14,175.83,3,78.02,0,66.8,113.77,105.57,4.37,Boreal,suv,dealer,28912
45,10,105080.18,101.44,3,54.17,0,56.79,119.37,104.32,4.36,Boreal,suv,fleet,15608
45,6,82269.73,127.49,2,83.08,0,84.07,115.13,96.34,4.2,Fjord,van,dealer,34902
45,4,85214.15,82.24,1,51.41,1,82.61,120.17,97.01,4.39,Aster,compact,dealer,9082
45,10,137458.79,100.8,4,53.63,1,65.99,116.9,100.73,4.19,Aster,compact,dealer,9191
45,8,121637.64,101.66,2,61.86,1,81.9,108.36,98.53,3.7,Cobalt,suv,fleet,30120
45,5,76704.48,84.87,2,62.91,0,74.1,107.82,105.35,4.07,Aster,van,private,28231
45,3,97113.96,109.28,2,50.57,0,96.03,117.54,102.29,4.45,Boreal,compact,dealer,13181
45,2,74225.94,78.16,1,77.65,0,94.32,114.21,104.2,4.07,Cobalt,sedan,private,44862
45,5,81445.45,144.42,2,42.28,0,89.51,113.21,94.51,4.11,Ember,compact,private,38082
45,8,64190,94.2,3,63.13,1,77.68,111.4,104.34,3.85,Cobalt,suv,fleet,22177
45,12,204921.42,88.34,3,93.37,0,65.07,112.96,98.6,4.44,Ember,wagon,fleet,12952
45,9,150107.65,145.36,4,66.46,0,76.94,112.02,104.88,4,Ember,van,fleet,12163
45,6,68685.09,109.42,3,61.04,1,79.39,118.31,99.16,4.1,Dune,wagon,fleet,43032
45,8,136195.39,98.56,2,94.31,0,74.61,117.02,106.99,4.45,Cobalt,sedan,dealer,16513
45,9,177683.52,107.15,3,66.26,0,76.9,117.38,101.8,4.37,Cobalt,compact,fleet,24147
45,9,133631.77,105.07,3,82.93,1,79.18,114.79,103.76,4.56,Boreal,suv,fleet,26748
45,11,161395.64,128.28,4,42.48,1,67.89,112.77,104.18,4.54,Fjord,suv,fleet,16124
45,11,155897.04,56.42,3,63.52,0,71.87,114.85,104.86,4.49,Ember,compact,fleet,1200
45,5,71157.02,85.71,2,58.98,0,88.42,112.06,102.67,4.15,Aster,sedan,private,22872
45,15,218869.99,176.09,4,51.92,0,45.27,109.95,103.59,4.02,Aster,suv,dealer,24559
45,10,148831.17,168.63,3,66.6,0,76.41,118.58,107.94,4.08,Boreal,suv,fleet,22727
45,11,162582.45,149.36,2,64.51,2,74.69,111.9,107.31,4.44,Ember,compact,dealer,18246
45,8,98806.52,150.1,2,69.47,0,79.24,118.4,103.59,4.49,Fjord,sedan,fleet,19745
45,12,164270.11,66.37,3,37.91,1,61.2,110.27,102.18,4.42,Boreal,sedan,dealer,1200
45,12,180686.01,85.05,3,67.39,1,62.31,118.7,97.71,4.09,Boreal,wagon,private,4722
45,3,67172.01,144.92,1,86.54,0,98.5,115.56,110.6,4.4,Aster,suv,private,43297
45,9,106350.75,165.79,4,88.79,0,77.58,115.84,98.4,4.06,Dune,wagon,private,27374
45,10,167920.46,145.61,3,75.92,1,79.29,110.3,95.92,4.29,Cobalt,wagon,dealer,13339
45,9,129242.89,112,2,75.54,0,71.21,114.25,101.9,4.32,Fjord,compact,fleet,24084
45,10,116595.85,111.53,2,79.36,0,75.94,119.5,103.69,4.09,Cobalt,wagon,dealer,24202
45,7,98164.16,45,3,75.53,0,78.02,112.25,106.6,4.34,Ember,wagon,private,25756
45,7,46626.73,118.99,2,75.39,0,78.28,114.59,102.98,4.03,Fjord,compact,fleet,18641
45,7,141762.8,99.58,2,84.56,0,84.69,114.32,101.98,4.59,Cobalt,sedan,dealer,30699
45,9,121689.96,127.36,3,64.19,1,69.23,119.5,99.6,4.33,Dune,suv,fleet,26507
45,10,166539.87,142.72,3,56.56,1,67.44,118.78,100.55,3.97,Dune,wagon,dealer,31784
45,3,23304.81,120.27,2,49.14,0,98.3,116.45,98.61,4.17,Ember,suv,private,35097
45,9,120882.29,149.81,2,69,0,70.9,114.94,103.36,4.08,Boreal,suv,dealer,40659
45,9,118041.34,162.92,3,68.61,0,61.29,111.04,96.79,4.02,Fjord,compact,private,39881
45,17,190329.58,121.29,5,53.82,0,42.26,115.92,101.42,4.09,Ember,compact,private,1200
45,12,176626.99,73.92,3,40.14,0,66.04,110.9,97.51,3.95,Ember,suv,private,12559
45,8,105975.71,117.53,3,67.59,2,78.23,116.47,100.22,4.34,Aster,suv,dealer,9794
45,6,110937.64,137.05,2,71.72,1,79.15,112.84,100.87,4.3,Cobalt,sedan,fleet,21805
45,5,82412.17,52.69,2,85.87,0,94.57,116.28,98.8,4.08,Boreal,compact,dealer,29661
45,7,104906.92,108.64,3,68.48,0,78.78,112.62,100.79,4.35,Ember,suv,fleet,37543
45,1,39683.41,57.79,1,84.66,0,94.39,111.64,98.43,4.77,Cobalt,sedan,fleet,43331
45,10,144599.32,93.47,3,44.83,1,77.51,113.89,96.96,4.29,Aster,sedan,private,1200
45,7,124181.14,115.1,2,50.67,0,80.87,115.21,103.22,3.79,Aster,suv,dealer,39552
45,13,196106.54,108.93,4,44.68,0,61.54,113.05,93.8,4.4,Dune,compact,private,25905
45,12,146601.68,89.1,5,56.3,0,72.36,111.48,101.31,4.3,Boreal,compact,fleet,1200
45,11,173487.63,110.21,2,71.78,0,76.2,115.36,100.87,4.49,Fjord,wagon,fleet,20402
45,13,166934.42,88.29,3,59,1,55.71,115.87,99.56,4.79,Cobalt,suv,private,1200
45,8,125627.18,73.21,3,61.84,2,85.45,114.53,96.37,4.09,Fjord,sedan,dealer,22486
45,7,127355.57,161.56,3,53.43,0,83,113.33,106.97,4,Boreal,suv,dealer,39584
45,7,107445.58,95.22,3,65.51,0,82.66,111.56,98.21,4.2,Boreal,compact,fleet,14878
45,7,82940.7,109.55,3,67.7,0,86.74,114.28,105.36,4.71,Fjord,sedan,dealer,30280
45,4,63308.89,127.83,2,50.05,0,82.56,107.62,98.84,4.91,Cobalt,sedan,private,50874
45,9,113117.99,92.2,2,46.01,0,72.1,117.1,101.04,4.61,Boreal,wagon,private,20118
45,10,162556.03,98.95,3,51.01,0,82.71,117.1,109.13,4.08,Boreal,suv,private,24827
45,10,165545.54,152.03,3,51.92,0,65.35,116.13,102.5,4.39,Boreal,wagon,fleet,12243
45,5,96091.36,103.5,2,81.12,0,92.61,114.06,101.59,4.15,Boreal,compact,private,33092
45,12,136836.98,79.99,3,53.5,1,58.83,114.28,105.69,4.06,Fjord,sedan,dealer,8653
45,1,38364.72,71.64,2,77.17,1,100,111.44,100.18,3.86,Boreal,suv,fleet,47864
45,14,242897.54,138.02,4,38.65,0,65.13,115.34,104.02,4.34,Boreal,wagon,fleet,3369
45,12,206398.02,92.96,3,60.86,0,58.47,115.38,101.41,4.08,Ember,wagon,dealer,10225
45,8,87915.16,132.28,3,62.45,0,77.81,113.82,103.62,4.13,Dune,sedan,private,39910
45,8,117606.26,78.62,3,47.4,0,80.41,114.19,101.52,4,Cobalt,compact,dealer,17929
45,9,81604.55,105.05,1,43.35,1,71.57,111.63,99.8,4.48,Aster,compact,dealer,1200
45,12,197142.51,169.74,3,42.56,0,65.27,112.33,99.67,4.29,Cobalt,suv,private,12781
45,7,89605.02,107.61,2,80.35,0,85.22,112.49,101.34,4.24,Ember,van,dealer,29924
45,18,261367.07,45,5,29.49,1,51.62,113.84,105.88,4.12,Ember,wagon,dealer,1200
45,8,124422.83,155,3,71.41,1,73.77,116.52,94.74,4.37,Ember,compact,dealer,28234
45,13,189527.08,146.45,4,47.82,1,51.62,119.43,103.84,4.68,Dune,suv,fleet,45168
45,10,175893.57,155.92,3,67.82,0,68.15,115.93,99.75,4.65,Boreal,suv,private,32880
45,11,166297,81.57,3,40.4,0,66.19,115.73,103.64,4.52,Aster,compact,fleet,1200
45,6,68200.73,164.83,1,48.34,0,78.6,113.01,101.88,3.89,Aster,compact,fleet,27212
45,6,61635.91,72.6,2,67.11,0,92.71,109.67,103.24,4.45,Cobalt,suv,private,40917
45,10,115129.71,156.3,2,54.07,0,71.34,113.15,98.62,4.47,Aster,suv,dealer,37075
45,12,205030.83,79.76,4,26.92,0,65.1,113.75,102.07,4.22,Cobalt,wagon,fleet,18198
45,14,246958.01,102.22,4,59.27,1,60.48,114.78,101.62,4.14,Boreal,van,private,1200
45,5,84515.87,72.1,2,88.5,2,85.52,112.32,103.13,4.2,Ember,sedan,dealer,40987
45,10,142282.04,58.33,2,60.9,0,69.54,113.28,99.53,4.38,Cobalt,wagon,fleet,2681
45,6,86169.92,106.47,2,45.43,0,68.07,113.74,106.09,4.54,Boreal,wagon,fleet,17421
45,8,134408.78,117.96,3,63.01,0,83.58,112.42,104.31,4.3,Aster,suv,fleet,34990
45,9,158415.05,108.27,3,61.33,1,69.31,115.1,97.97,4.33,Boreal,wagon,private,24595
45,11,130132.1,129.73,3,67.29,0,80.82,112.58,98.82,4.46,Boreal,sedan,fleet,13374
45,2,69956.76,45,2,79.89,0,94.5,119.43,99.09,4.22,Fjord,compact,fleet,33684
45,11,129160.37,133.44,3,34.15,1,63.4,117.22,97.26,4.04,Cobalt,van,dealer,30738
45,0,28142.51,167.25,1,71.18,1,100,113.9,102.1,4.4,Fjord,suv,dealer,49398
45,4,57365.15,75.63,1,77.72,1,92.95,115.56,102.72,4.14,Cobalt,compact,fleet,31479
45,9,90991.39,75.18,1,76.96,0,82.56,114,99.57,4.17,Ember,wagon,dealer,23254
45,14,193640.36,222.93,3,76.76,0,51.85,114.32,100.38,4.32,Ember,van,dealer,6172
45,6,93166.19,117.87,3,65.19,0,84.08,116.32,98.26,4.13,Boreal,suv,fleet,37796
45,9,97370.95,89.03,3,67.14,1,65.8,112.11,101.99,4.43,Ember,van,dealer,28880
45,15,211590.05,107.91,3,38.97,0,61.39,114.65,101.81,4.24,Fjord,compact,fleet,2650
45,10,182078.96,110.19,4,36.08,0,73.67,114.1,99.04,4.3,Dune,suv,private,41352
45,12,192522.58,127.17,2,45.82,2,59.5,114.55,103.89,3.97,Cobalt,van,dealer,1200
45,14,163028.69,176.2,4,66.72,0,66.05,108.48,99.63,3.8,Boreal,suv,private,23947
45,7,104929.09,105.24,3,53.47,1,85.17,109.93,100.97,4.31,Aster,compact,dealer,8673
45,9,141300.27,175.11,3,55.19,2,72.86,117.14,103.12,3.68,Ember,suv,dealer,18460
45,8,111216.76,126.03,2,73.3,1,72.54,115.43,106.67,4.44,Dune,compact,private,23165
45,9,110757.99,123.24,2,62.3,0,80.81,111.64,104.84,4.07,Aster,suv,private,21244
45,15,228112.59,78.55,4,60.03,0,56.55,108.83,101.75,4.32,Aster,compact,private,1200
45,16,215386.81,105.31,5,42.83,0,51.21,113.81,99.51,3.94,Boreal,suv,dealer,2094
45,11,151169.67,125.31,3,62.2,0,79.59,115.83,110.66,4.39,Cobalt,suv,private,39874
45,15,200248.61,137.13,4,36.86,0,62.18,109.27,101.74,4.18,Aster,suv,dealer,4320
45,8,134726.47,135,3,62.23,0,75.96,116.54,102.25,3.74,Boreal,sedan,private,31803
45,7,116794.51,80.82,3,63.33,0,79.14,116.94,102.76,3.84,Dune,compact,fleet,34540
46,12,169926.69,128.69,4,49.16,0,60.65,118.06,105.87,4.31,Aster,van,dealer,10521
46,6,103851.24,117.7,3,81.35,1,89.08,117.61,97.89,3.81,Fjord,compact,private,37753
46,8,87238.12,141.2,2,51.75,1,73.65,113.84,97.52,4,Cobalt,compact,dealer,31385
46,16,194967.89,57.61,5,46.27,0,53.27,114.05,94.96,4.08,Fjord,compact,dealer,20316
46,1,36729.78,95.58,1,76.61,0,100,114.81,96.24,4.68,Aster,compact,private,32120
46,10,124175.28,107.72,2,60.41,1,68.51,111.74,104.34,4.18,Ember,suv,fleet,26780
46,5,20335.08,66.8,4,48.81,2,75.98,112.77,101.44,4.07,Aster,sedan,private,18809
46,7,127806.08,124.75,3,54.6,1,82.49,118.21,98.4,4.54,Aster,suv,fleet,14605
46,8,97936.68,161.73,2,92.15,0,75.73,113.96,95.71,4.49,Ember,suv,dealer,33459
46,9,129943.72,99.23,3,74.01,1,67.73,111.74,101.16,4.47,Aster,sedan,private,1200
46,13,195945.46,108.86,4,34.9,2,61.34,115.3,95.59,4.42,Cobalt,compact,dealer,3052
46,10,181867.71,155.64,4,48.74,0,70.28,116.85,103.95,4.57,Boreal,suv,fleet,20114
46,6,119109.47,71.26,2,66.73,2,82.22,115.43,106.04,4.08,Boreal,compact,fleet,28202
46,7,93857.21,140.37,2,65.93,0,82.73,119.23,100.82,4.41,Fjord,sedan,private,34636
46,11,153568.05,127.72,3,52.12,0,67.49,120.57,97.63,4.41,Boreal,suv,fleet,24685
46,2,30480.33,91.88,1,73.94,1,100,111.24,98.41,3.77,Cobalt,compact,fleet,32317
46,6,99370.23,108.65,2,80.96,0,75.51,111.85,100.4,4.27,Boreal,wagon,private,30351
46,4,85184.28,104.48,1,50.51,1,90.14,113.51,95.82,4.35,Boreal,sedan,private,30289
46,10,135360.89,64.82,3,60.15,2,70.1,115.13,107.39,4.63,Aster,wagon,fleet,5358
46,11,125480.46,170.02,3,58.17,0,72.65,113.52,98.75,3.54,Boreal,van,fleet,22464
46,16,211358.95,126.06,4,72.05,0,57.38,110.65,107.48,4.23,Aster,suv,private,3700
46,3,48710.64,53.75,2,57.68,2,88.19,112.66,104.76,4.36,Fjord,compact,private,39300
46,13,179120.34,92.56,4,60.58,1,67.3,117.11,111.51,4.3,Fjord,compact,dealer,1200
46,15,169769.99,121.66,4,60.52,0,66.13,110.94,95.64,4.26,Boreal,sedan,fleet,4605
46,11,149977.87,156.17,4,51.13,0,68.97,114.3,108.19,4.23,Aster,suv,dealer,31446
46,13,214605.1,109.69,4,57.33,1,69.45,114.41,95.1,4.49,Dune,sedan,dealer,3202
46,10,137993.02,128.38,2,36.61,0,78.73,114.48,98.56,4.21,Dune,suv,private,44577
46,8,136806.63,136.05,4,48.96,0,81.56,114.19,101.8,3.67,Cobalt,wagon,private,36964
46,18,249567.2,166.82,3,71.56,0,55.93,117.15,92.91,4.62,Cobalt,compact,private,27816
46,6,34091.72,134.95,2,74.16,0,83.9,111.38,105.95,4.44,Boreal,wagon,private,39673
46,9,130919.14,156.47,3,56.61,0,81.16,116.37,101.41,4.13,Boreal,suv,private,34552
46,12,222279.76,142.26,3,36.07,0,62.72,115.88,102.01,4.1,Dune,suv,fleet,12766
46,9,105215.66,152.29,3,20,0,71.29,111.62,100.44,4.23,Boreal,suv,dealer,30920
46,6,65261.91,85.42,3,74.45,0,81.71,112.46,105.56,4.35,Cobalt,suv,fleet,32702
46,15,199237.3,132.03,5,43.2,0,57.3,118.71,99.26,3.98,Aster,suv,dealer,5915
46,3,8054.81,99.81,1,73.29,0,93.43,114.54,97.39,4.03,Cobalt,compact,private,31605
46,12,211073.36,197.82,4,54.82,1,69.05,110.47,102,4.04,Boreal,suv,dealer,21703
46,3,46600.97,99.39,2,51.36,0,85.47,107.97,92.38,4.54,Ember,suv,private,48839
46,13,190348.65,173.79,4,60.02,0,58.69,110.75,93.16,3.95,Fjord,compact,fleet,7039
46,9,103848.27,77.66,4,31.62,1,77.53,111.66,97.68,4.38,Ember,compact,fleet,10199
46,2,13729.94,121.28,1,90.71,0,90.22,113.53,99.78,4.29,Fjord,van,dealer,43270
46,4,24693.03,106.02,2,67.67,0,88.42,116.62,98.62,4.44,Boreal,van,dealer,43034
46,8,111329.89,51.36,3,89.82,0,85.15,117.46,96.4,4.29,Boreal,wagon,fleet,12965
46,4,105319.57,59.15,1,72.78,1,91.77,112.71,99.21,4.42,Aster,wagon,private,22268
46,6,51686.71,182.17,2,54.33,0,73.34,115.02,106.53,4.09,Boreal,compact,private,32780
46,13,200235.66,127.25,5,65.17,1,73.82,114.67,103.38,4.72,Aster,sedan,private,1200
46,5,56698.41,45,2,55.36,0,82.93,110.29,95.76,4.42,Ember,wagon,fleet,4521
46,9,124482.25,82.98,2,61.36,0,76.87,109,96.32,4.3,Ember,wagon,fleet,18528
46,5,107105.03,128.05,1,95.97,0,92.84,114.27,95.33,4.43,Cobalt,compact,dealer,33480
46,5,51121.67,109.24,2,64.47,0,78.59,116.13,100.15,4.36,Ember,van,private,25870
46,12,178840.15,145.78,3,48.72,0,72.42,117.68,103.92,4.24,Boreal,suv,fleet,24459
46,7,117536.41,68.27,1,51.15,0,77.03,115.11,100.55,4.49,Aster,van,fleet,4405
46,6,106425.23,100.21,2,47.1,0,85.68,117.05,94.24,4.86,Ember,compact,fleet,17832
46,0,34248.89,146.77,1,86.8,1,89.51,113.6,99.8,4.17,Cobalt,compact,dealer,39107
46,4,53527,113.03,2,67.08,1,91.15,114.03,100.99,4.17,Dune,van,dealer,50299
46,14,165720.91,180.56,2,41.24,0,66.02,115.01,100.25,4.48,Cobalt,compact,fleet,32450
46,6,84076.12,80.23,2,69.43,0,79.45,116.64,107.18,4.29,Ember,compact,fleet,26697
46,7,101595.48,126.82,4,61.98,0,84.02,115.76,98.93,4.06,Aster,sedan,fleet,19041
46,13,233443.47,100.07,4,60.25,0,64.49,115.62,98.95,4.05,Dune,van,dealer,12884
46,6,136119.12,124.24,2,66.36,0,98.74,114.19,101.02,4.14,Ember,sedan,dealer,25654
46,16,259623.9,100.35,5,61.06,0,50.07,121.82,100.78,4.1,Boreal,wagon,dealer,14824
46,5,68696.2,126.26,1,75.65,2,84,111.89,105.95,3.97,Cobalt,compact,private,15284
46,16,220746.25,124.5,5,82.34,1,54.57,115.07,100.61,4.04,Ember,sedan,private,1200
46,5,73895.49,78.63,1,64.13,1,96.9,111.53,101.36,4.09,Cobalt,wagon,fleet,46091
46,10,111224.69,110.97,3,68.61,0,64.57,110.85,95.57,4.15,Boreal,compact,dealer,19454
46,17,250097.01,61.17,4,32.9,2,53.41,115.92,103.54,3.77,Cobalt,compact,dealer,1200
46,11,156389.67,139.32,3,73.67,1,75.52,117.95,98.27,4.21,Ember,compact,dealer,12781
46,15,206719.77,76.53,4,50.2,1,72.82,112.69,101.52,4.5,Aster,compact,private,1200
46,14,171218.93,89.73,3,60.14,0,65.1,116.46,98.35,4.26,Boreal,sedan,fleet,12789
46,11,186860.22,139.19,3,26.63,0,67.64,113.08,99.72,4.73,Boreal,compact,fleet,13484
46,12,147310.68,94.02,3,45.26,1,67.84,113.95,95.84,4.29,Aster,compact,private,18910
46,15,223747.27,56.95,4,71.71,0,61.27,118.3,101.71,4.22,Ember,suv,fleet,1200
46,10,148806.13,151.84,3,69.2,2,73.75,111.25,93.73,4.1,Aster,compact,fleet,21397
46,8,62782.31,134.99,2,75.9,0,86.24,116.06,97.02,4.25,Cobalt,suv,dealer,48333
46,8,165249.48,76.38,4,80.6,0,75.99,119.77,101.88,4.21,Dune,sedan,private,34576
46,16,292895.26,108.63,5,43.11,1,55.04,111.95,99.31,4.36,Dune,suv,fleet,15980
46,4,31955.55,45,2,57.35,0,78.62,107.21,100.81,4.44,Dune,wagon,dealer,29208
46,14,171102.76,120.1,3,50.22,0,61.08,110.29,96.23,4.11,Ember,compact,private,1200
46,12,199772.57,117.54,3,48.43,1,60.69,113.19,100.46,4.08,Aster,suv,dealer,6451
46,9,120932.39,161.95,2,40.14,0,73.45,113.46,91.9,4.32,Aster,compact,fleet,11292
46,5,80721,57.77,2,63.55,0,93.7,118.83,96.3,4.24,Fjord,sedan,fleet,47161
46,10,113626.34,106.45,2,63.85,1,67.48,117.35,102.12,4.11,Ember,suv,dealer,20331
46,7,69777.61,104.4,1,67.58,0,75.41,116.58,104.26,4.24,Fjord,compact,dealer,29098
46,9,127405.69,80.78,4,72.91,0,75.01,117.04,102.26,3.81,Ember,wagon,fleet,15251
46,6,93410.63,128.71,3,61.43,0,73.07,113.42,104.08,3.82,Fjord,wagon,fleet,22812
46,15,263828.25,189.86,2,39.24,0,50.63,112.95,99,4.42,Aster,suv,fleet,30510
46,15,217141.35,78.04,5,57.33,1,57.13,114.52,102.49,4.59,Boreal,wagon,private,1200
46,4,73397.65,195.61,2,59.39,0,94.84,115.31,99.6,4.3,Cobalt,suv,dealer,49028
46,16,254935.44,158.89,4,52.95,0,55.99,110.8,99.69,4.46,Cobalt,suv,fleet,20999
46,14,210380.79,154.75,4,72.04,0,64.92,111.85,105.17,4.14,Aster,wagon,private,1200
46,8,130906.37,94.56,2,53.33,1,80.54,114.56,106.57,4.17,Boreal,compact,private,12854
46,11,111631.6,195.98,3,37.75,1,63.32,111.51,106.81,4.47,Cobalt,wagon,dealer,32498
46,18,216927.86,116.64,5,50.02,1,49.42,112.99,107.77,3.95,Aster,sedan,dealer,1200
46,8,124128.68,94.75,4,48.15,1,77.31,115.47,98.15,4.19,Boreal,suv,private,10820
46,10,183985.11,132.85,3,54.94,0,69.96,116.81,99.6,4.37,Fjord,sedan,dealer,10557
46,14,234162.06,71.7,5,56.26,0,63.82,113.12,100.49,4.14,Cobalt,suv,fleet,5328
46,0,29009.96,96.12,1,62.83,1,100,113.57,103.57,4.32,Aster,wagon,dealer,26773
46,10,115084.3,87.55,3,78.19,1,65.82,117.13,95.95,4.01,Fjord,compact,dealer,11001
46,1,39976.13,174.96,3,83.74,1,86.71,111.29,97.83,4.25,Aster,wagon,private,29231
46,3,45015.15,57.63,1,70.72,0,90.08,113.29,104.3,4.02,Boreal,sedan,dealer,34249
46,3,34915.96,139.1,2,74.81,0,100,115.65,103.4,4.33,Cobalt,sedan,private,40066
46,4,46915.44,85.2,1,80.25,0,92.88,112.45,96.72,4.03,Ember,suv,dealer,45477
46,4,99301.29,111.66,1,78.67,1,90.07,115.75,104.31,3.73,Aster,compact,dealer,26581
46,6,105125.36,141.01,1,59.89,0,95.3,114.46,98.18,4.13,Aster,suv,fleet,21469
46,0,24156.47,91.71,1,59.92,0,99.92,112.66,102.74,4.04,Fjord,wagon,fleet,44762
46,4,61635.46,144.1,1,63.63,0,82.27,117.28,97.46,3.95,Boreal,van,fleet,35480
46,16,165121.77,188.37,4,39.84,2,51.36,116.76,96.96,4.1,Aster,suv,dealer,8382
46,6,104087.23,45,2,62.5,2,81.97,117.8,100.69,4.3,Cobalt,van,dealer,23891
46,12,192973.21,163.55,4,51.79,0,76.29,112.12,102.31,4.48,Cobalt,suv,private,33013
46,14,173654.27,139.43,4,42.48,0,57.74,116.95,103.33,4.18,Cobalt,sedan,fleet,25862
46,9,102304.91,165.06,2,50.19,2,75.69,117.66,97.83,4.27,Fjord,wagon,fleet,11896
46,1,500,74.79,1,78.78,0,96.99,113.69,100.93,3.96,Dune,wagon,fleet,52767
46,5,43185.47,142.85,2,81.26,1,85.34,113.9,95.84,4.05,Aster,compact,dealer,29093
46,8,108378.31,188.87,3,66.03,1,86.08,111.38,102.81,4.4,Ember,suv,dealer,20180
46,14,176316.67,92.99,4,52.53,2,56.51,109.97,105.99,4.31,Aster,van,private,1967
46,13,191067.77,132.95,3,62.69,1,63.38,119.57,104.72,4.07,Ember,suv,private,19022
46,5,80258.1,140.36,3,76.01,2,93.94,113.87,103.13,4.63,Ember,compact,fleet,25066
46,5,17747.63,144.89,1,96.48,0,84.08,116.28,95.76,4.21,Boreal,suv,fleet,49069
46,9,153341.84,93.27,3,56.69,0,84.21,112.88,100.3,4.23,Fjord,sedan,fleet,23215
46,12,173017.77,99.12,3,22.92,0,60.56,116.79,97.76,4.11,Dune,wagon,dealer,12184
46,7,108813.06,51.86,2,53.27,1,72.61,116.74,100.46,4.44,Aster,wagon,private,6456
46,7,113432.03,93.25,3,79.49,0,79.28,114.04,99.51,4.15,Cobalt,suv,fleet,34355
46,1,47668.87,170.42,1,95.62,0,93.56,110.77,103.29,4.53,Boreal,suv,dealer,58391
46,8,94686.15,164.03,3,95.12,1,76.81,115.34,98.04,4.51,Fjord,suv,private,62164
46,6,109966.6,95.56,2,76.72,0,77.72,113.9,102,4.23,Aster,sedan,dealer,21943
47,9,125757.03,65.46,3,65.06,1,83.48,116.11,97.37,4.45,Aster,wagon,dealer,1200
47,10,140926.53,130.78,3,45.96,1,73.54,113.29,103.94,4.52,Fjord,suv,fleet,26213
47,8,134988.7,120.91,3,39.94,0,69.55,113.55,98.36,3.83,Cobalt,suv,private,27918
47,7,78433.46,141.57,4,66.99,0,92.46,117.83,108.99,4.15,Aster,compact,private,42103
47,12,175409.36,102.02,2,63.82,0,62.94,115.04,97.12,4.22,Boreal,suv,fleet,8115
47,8,101414.73,128.74,3,83.81,1,80.67,110.76,100.97,4.47,Fjord,sedan,private,19618
47,10,142541.33,85.67,3,73.79,2,63.44,115.75,100.04,4.17,Aster,compact,private,3406
47,15,218373.32,200.09,4,42.88,0,71.26,114.98,101.3,4.47,Aster,suv,private,18526
47,4,922.17,195.71,1,50.19,1,79.54,113.84,104.12,4.1,Fjord,suv,dealer,60891
47,4,49222.54,92.37,2,88.6,0,81.33,115.83,95.32,4.34,Boreal,wagon,dealer,28844
47,9,107452.48,144.32,2,59.05,0,86.93,116.97,94.25,4.1,Cobalt,wagon,fleet,25400
47,17,239327.95,104.06,4,49.47,1,52.26,113.29,106.6,4.29,Cobalt,suv,private,1366
47,8,115149.64,138.79,3,61.87,1,83.6,119.71,99.96,3.87,Aster,suv,private,18907
47,1,8934.6,135.91,1,65.98,2,97.35,116.3,98.68,4.33,Boreal,sedan,fleet,37043
47,9,136431.23,135.83,3,89.33,1,71.98,112.88,99.81,4.16,Cobalt,suv,private,42195
47,3,53691.54,134.75,1,69.63,0,100,113.95,94.67,4.54,Aster,suv,private,47124
47,15,200050.63,183.88,5,31.8,1,55.62,112.08,104.7,4.31,Cobalt,compact,dealer,6886
47,0,41848.2,194.08,1,89.8,0,100,117.17,96.04,3.85,Aster,suv,fleet,68269
47,2,14735.39,122.72,1,72.76,1,93.34,109.5,104.74,4.54,Cobalt,sedan,private,40754
47,8,114304.04,153.84,1,87.05,0,75.19,114.3,95,4.25,Aster,suv,private,15286
47,10,142908.01,88.78,4,69.76,0,68.28,113.01,97.97,4.24,Aster,compact,private,1200
47,11,133934.82,48.75,4,72.37,0,63.27,116.49,99.5,4.41,Boreal,sedan,private,45439
47,6,111708.25,150.79,3,67.87,0,88.06,118.88,102.69,4.68,Cobalt,suv,fleet,50269
47,10,165854.54,159.79,5,61.25,0,87.57,114.55,102.33,4.14,Cobalt,wagon,dealer,13953
47,15,184016.32,66.65,5,43.71,0,66.89,113.98,93.78,4.46,Dune,wagon,private,1200
47,7,69392.31,136.76,2,55.1,1,84.05,113.81,98.28,4.43,Ember,wagon,fleet,28777
47,15,248025.52,82.32,3,33.54,0,60.18,114.98,89.93,4.05,Ember,compact,dealer,5723
47,6,76570.5,92.13,2,82.51,1,95.35,116.75,102.15,4.16,Ember,van,dealer,28848
47,4,500,90.25,3,61.44,0,92.55,117.77,98.9,4.47,Ember,sedan,fleet,45703
47,5,97038.32,116.29,3,88.73,0,89.27,108.54,103.51,4.42,Aster,suv,dealer,45302
47,10,136427.38,134.17,3,79.02,0,71.65,120.6,98.84,4.45,Aster,compact,private,16919
47,7,116732.23,171.36,3,52.89,0,80.65,115.5,104.89,3.93,Aster,compact,dealer,24625
47,11,177502.33,70.61,4,60.65,0,67.39,113.52,103.52,4.53,Fjord,compact,private,7668
47,13,164789.41,163.54,5,65.73,0,55.2,109.7,95.16,4.46,Aster,suv,fleet,18803
47,8,100032.92,100.37,3,72.96,0,75.21,112.03,103.46,4.59,Aster,suv,fleet,22794
47,7,87010.25,84.64,2,67.93,0,92.23,115.59,110.57,4.28,Fjord,compact,fleet,26172
47,20,275816.75,130.27,6,42.47,0,43.36,117.78,100.47,4.28,Ember,suv,dealer,1200
47,12,208224.12,89.91,4,60.06,0,71.24,114.6,99.19,4.25,Boreal,compact,private,21169
47,13,221820.02,82.28,4,40.07,1,64.21,115.58,103.48,4.54,Cobalt,wagon,dealer,29580
47,18,235678.8,157.07,4,38.36,0,48.95,114.33,92.5,4.37,Boreal,sedan,private,10779
47,7,72406.23,157.63,2,76.05,1,81.59,114.99,98.02,4.84,Boreal,suv,dealer,32741
47,12,182627.34,92.95,3,57.1,0,57.84,117.49,104.8,4.15,Aster,compact,private,1200
47,17,245881.93,147.88,5,58.43,0,49.71,117.09,103.56,4.33,Dune,compact,dealer,3767
47,14,189504.36,75.2,3,52.33,1,55.95,111.47,93.48,4.31,Ember,compact,fleet,2564
47,2,76773.22,136.58,1,71.02,0,94.1,112.22,100.65,4.35,Boreal,suv,dealer,40834
47,9,142439.09,203.01,3,55.36,1,74.98,117.43,86.16,4.27,Boreal,suv,fleet,23452
47,10,115096.24,98.73,3,44.02,0,70.06,115.76,96.76,4.27,Aster,sedan,private,23475
47,10,192046.74,124.85,3,66.56,0,65.56,116.66,98.81,4.46,Aster,suv,dealer,14980
47,5,96182.25,102.31,2,56.81,2,81.32,114.84,102.63,4.44,Fjord,sedan,private,17641
47,4,37273.02,107.83,1,60.93,0,94.25,114.73,94.04,4.49,Aster,suv,fleet,34670
47,6,85030.65,122.35,2,63.77,0,83.88,113.66,94.85,4.47,Fjord,suv,fleet,35449
47,7,83667.69,122.61,2,81.08,0,85.2,109.98,107.23,4.23,Dune,compact,fleet,47382
47,12,168895.62,118.64,4,54.02,0,61.59,117.02,98.95,4.65,Aster,van,dealer,22398
47,15,213832.73,102.03,4,68.56,0,55.99,115.2,100.02,4.17,Aster,compact,fleet,1200
47,8,148012.95,119.93,2,25.03,0,78.98,108.29,98.69,4.31,Fjord,suv,dealer,41246
47,7,109073.12,95.89,3,55.97,1,87.64,116.55,97.86,4.31,Ember,sedan,fleet,15595
47,0,12471.61,123.85,1,73.04,0,100,110.93,96.2,4.22,Dune,sedan,dealer,70602
47,10,118348.76,135.62,3,45.61,0,76.49,118.36,102.19,4.6,Fjord,compact,fleet,24729
47,6,78943.59,104.95,3,46.93,0,82.22,116.99,98.67,4.23,Boreal,van,dealer,20093
47,7,65162.52,110.52,3,58.7,2,78.73,112.55,98.28,4.23,Cobalt,compact,dealer,27695
47,12,187496.87,97.21,4,36.27,0,74.8,112.36,101.35,4.14,Ember,compact,dealer,12151
47,0,500,142.01,1,81.53,0,100,116.43,100.36,4.17,Boreal,suv,fleet,55324
47,15,213563.87,135.87,3,44.52,1,53.9,114.73,96.9,4.57,Aster,suv,dealer,1200
47,11,171428.29,98.72,3,54.92,0,75.36,118.2,103.15,4.55,Fjord,compact,private,13326
47,1,26585.22,128.29,2,92.77,0,98.69,113.66,96.63,4,Boreal,compact,dealer,42698
47,7,101713.29,105.84,3,68.55,0,72.78,112.53,99.45,4.64,Dune,suv,private,47760
47,1,41892.96,184.85,1,74.37,0,87.33,116.39,96.86,4.12,Aster,suv,fleet,55959
47,0,33380.5,74.23,1,71.27,1,92.91,115.26,93.29,4.88,Aster,sedan,private,34683
47,5,38651.99,91.98,1,57.24,1,86.7,114.64,98.23,4.25,Aster,compact,fleet,13756
47,12,166684.63,108.71,3,58.97,0,67.31,110.07,104.8,4.29,Aster,compact,fleet,7711
47,9,162971.65,109.97,3,56.92,0,65.02,121.62,101.35,3.94,Dune,suv,private,32581
47,5,113076.12,98.25,3,55.42,1,81.51,116.13,94.46,4.09,Boreal,compact,dealer,22434
47,10,153817.57,79.04,4,52.26,1,69.51,113.64,96.13,4.08,Cobalt,compact,fleet,11315
47,8,121652.06,114.74,1,56.19,0,90.69,113.49,96.09,4.76,Cobalt,suv,dealer,33818
47,9,149222.14,145.71,2,68.03,0,70.63,112.54,108.33,4.17,Cobalt,sedan,dealer,38577
47,7,94182.92,132.19,3,63.25,1,77.69,114.97,99.37,4.33,Boreal,van,fleet,19061
47,15,156723.52,93.83,3,61.72,0,59.04,117.56,105.31,4.22,Boreal,wagon,private,1200
47,9,139864.31,79.29,2,58.74,0,68.21,116.1,98.8,4.1,Aster,sedan,fleet,12039
47,5,68693.86,109.83,2,52.44,0,86.93,114.1,101.56,4.39,Aster,sedan,dealer,22777
47,6,102169.55,80.74,3,52.84,1,86.02,116.95,94.59,4.19,Dune,sedan,fleet,14939
47,11,143216.71,105.48,3,47.25,0,70.36,117.53,93.74,4.17,Aster,suv,private,26485
47,13,208886.71,115.53,4,45.93,1,61.16,110.81,98.31,3.97,Aster,suv,fleet,1200
47,4,63047.34,94.91,3,65.42,0,96.62,114.93,101.59,4.16,Cobalt,compact,fleet,39672
47,3,38545.17,108.59,2,85.7,1,94.04,112.92,98.79,4.36,Aster,wagon,dealer,28941
47,18,251826.86,129.83,6,58.52,0,52.13,114.31,94.52,4.58,Ember,sedan,dealer,12479
47,5,52255.88,145.28,2,72.51,0,82.94,111.49,94.33,4.56,Aster,compact,fleet,25601
47,2,34439.8,87.74,1,60.15,0,93.34,113.22,102.11,4.37,Dune,sedan,private,51087
47,9,94321.93,56.85,3,77.87,0,81.26,112.44,97.05,4.04,Boreal,sedan,dealer,11962
47,2,26197.98,110.02,2,45.99,1,98.22,117.84,99.92,4.53,Boreal,compact,fleet,30752
47,2,54796.75,141.78,1,77.71,0,100,114.53,98.67,4.08,Dune,sedan,private,51580
47,4,98837.18,211.14,1,76.27,0,74.51,115.81,105.5,4.53,Aster,sedan,dealer,36605
47,12,158451.4,166.04,3,51.83,2,69.29,115.7,97.55,4.29,Dune,suv,fleet,29795
47,7,89450.75,131.78,4,89.81,2,76.36,115.56,91.76,4.48,Boreal,compact,private,22904
47,12,188511.86,123.44,4,63.5,1,57.31,113.8,101.76,4.5,Aster,compact,dealer,1200
47,9,115397.68,99.02,4,82.9,1,69.01,114.59,100.26,4.15,Aster,sedan,dealer,13992
47,7,125977.82,110.97,1,53.66,1,74.35,113.78,97.27,4.07,Cobalt,suv,dealer,27494
47,14,163621.59,83.73,4,74.1,0,64.1,115.3,96.91,4.41,Dune,sedan,private,13609
47,6,73609.53,69.51,3,57.01,0,83.21,111.53,98.56,4.66,Cobalt,sedan,dealer,27340
47,10,151178.93,105.25,3,51.84,1,67.74,118.13,101.21,4.19,Aster,van,dealer,8180
47,9,90332.09,78.36,2,62.25,2,72.73,116.6,104.94,4.41,Boreal,compact,fleet,1518
47,9,167735.08,107.17,3,68.3,0,76.37,113.86,96.05,4.29,Dune,sedan,fleet,39274
47,7,97709.15,149.34,3,79.17,1,83.45,115.06,95.08,4.13,Dune,suv,fleet,37211
47,2,11396.07,143.56,2,69.64,0,91.18,110.56,101.18,4.29,Fjord,compact,fleet,45395
47,7,113546.16,147.88,3,51.16,1,81.38,114.36,107.19,4.14,Boreal,suv,fleet,40932
47,5,86557.38,185.14,3,59.65,0,78.33,118.3,103.64,4.24,Cobalt,suv,dealer,52902
47,8,129058.44,103.15,2,49.95,0,84.4,113.9,96.21,4.33,Boreal,suv,fleet,23003
47,14,164557.22,78.81,4,57.56,0,50.91,114.78,100.06,4.27,Cobalt,suv,dealer,1200
47,6,79257.65,68.38,2,69.14,1,67.41,112.12,98.66,4.48,Aster,sedan,dealer,25512
47,10,95994.87,157.27,3,75,0,73.82,116.6,103.96,4.04,Ember,suv,fleet,24262
47,16,198085.24,149.47,4,27.21,0,64.47,113.83,101.68,4.18,Aster,sedan,private,3744
47,5,86603.42,52.53,2,70.97,0,79.15,113.19,97.66,3.65,Aster,compact,private,35440
47,7,138542.61,121.95,1,68.59,0,73.34,112.87,103.57,4.6,Ember,van,private,23406
47,7,111643.13,145.5,3,64.09,0,79.08,121.6,96.38,4.48,Boreal,suv,fleet,27000
47,7,117894.79,57.67,2,58.49,0,81.21,118.74,108.31,4.24,Dune,wagon,private,32023
47,6,75328.06,153.17,3,64.84,0,89.41,116.75,99.92,4.68,Boreal,sedan,dealer,40413
47,8,125035.37,109.63,2,48.2,0,72.97,119.22,101.54,4.63,Fjord,wagon,fleet,33145
47,11,140693.64,137.09,3,48.79,0,61.76,109.81,102.07,4.2,Dune,compact,dealer,35378
47,12,155552.57,121.88,3,39.14,1,61.2,119.63,102.61,4.1,Boreal,sedan,fleet,22207
47,5,115446.34,112.67,2,67.87,0,98.8,116.49,102.13,4.69,Fjord,sedan,fleet,25518
47,10,140398.79,105.23,3,55.56,1,71.01,112.39,96.82,4.17,Boreal,compact,private,22202
47,8,146229.87,63.43,3,58.1,0,88.46,113.42,102.79,4.27,Cobalt,sedan,dealer,43367
47,11,129035.88,56.64,3,71.82,0,68.48,110.55,105.69,4.43,Boreal,sedan,dealer,10814
47,15,187302.37,174.78,3,45.68,0,45.18,111.36,102.04,4.17,Aster,suv,fleet,1200
47,10,88148.96,199.62,4,60.06,1,65.67,117.87,98.51,4.31,Aster,compact,dealer,17725
47,6,47981.94,90.13,2,77.86,0,84.54,113.34,98.33,4.05,Dune,suv,fleet,41270
